0:00:00.008488008 [32m    7[00m 0x5bc84b47a3b0 [37mDEBUG  [00m [00;34m          GST_TRACER gsttracer.c:182:gst_tracer_register:<tracerfactory0>[00m new tracer factory for buffer_tracer
0:00:00.008502536 [32m    7[00m 0x5bc84b47a3b0 [37mDEBUG  [00m [00;34m          GST_TRACER gsttracer.c:189:gst_tracer_register:<buffer_tracer>[00m tracer factory for 1262985712:BufferTracer
0:00:00.008564343 [32m    7[00m 0x5bc84b47a3b0 [37mDEBUG  [00m [00;34m          GST_TRACER gsttracer.c:182:gst_tracer_register:<tracerfactory1>[00m new tracer factory for latency_tracer
0:00:00.008567723 [32m    7[00m 0x5bc84b47a3b0 [37mDEBUG  [00m [00;34m          GST_TRACER gsttracer.c:189:gst_tracer_register:<latency_tracer>[00m tracer factory for 1262969248:LatencyTracer
0:00:00.009521943 [32m    7[00m 0x5bc84b47a3b0 [37mDEBUG  [00m [00;34m          GST_TRACER gsttracer.c:182:gst_tracer_register:<tracerfactory2>[00m new tracer factory for gvaitttracer
0:00:00.009527631 [32m    7[00m 0x5bc84b47a3b0 [37mDEBUG  [00m [00;34m          GST_TRACER gsttracer.c:189:gst_tracer_register:<gvaitttracer>[00m tracer factory for 1263033376:GstGvaITTTracer
0:00:00.213537026 [32m    7[00m 0x5bc84b47a3b0 [37mDEBUG  [00m [00;34m          GST_TRACER gsttracer.c:182:gst_tracer_register:<tracerfactory3>[00m new tracer factory for dots
0:00:00.213545736 [32m    7[00m 0x5bc84b47a3b0 [37mDEBUG  [00m [00;34m          GST_TRACER gsttracer.c:189:gst_tracer_register:<dots>[00m tracer factory for 1270087584:GstDotsTracer
0:00:00.213590913 [32m    7[00m 0x5bc84b47a3b0 [37mDEBUG  [00m [00;34m          GST_TRACER gsttracer.c:182:gst_tracer_register:<tracerfactory4>[00m new tracer factory for latency
0:00:00.213593203 [32m    7[00m 0x5bc84b47a3b0 [37mDEBUG  [00m [00;34m          GST_TRACER gsttracer.c:189:gst_tracer_register:<latency>[00m tracer factory for 1270128096:GstLatencyTracer
0:00:00.213638758 [32m    7[00m 0x5bc84b47a3b0 [37mDEBUG  [00m [00;34m          GST_TRACER gsttracer.c:182:gst_tracer_register:<tracerfactory5>[00m new tracer factory for log
0:00:00.213640172 [32m    7[00m 0x5bc84b47a3b0 [37mDEBUG  [00m [00;34m          GST_TRACER gsttracer.c:189:gst_tracer_register:<log>[00m tracer factory for 1284383632:GstLogTracer
0:00:00.213646956 [32m    7[00m 0x5bc84b47a3b0 [37mDEBUG  [00m [00;34m          GST_TRACER gsttracer.c:182:gst_tracer_register:<tracerfactory6>[00m new tracer factory for rusage
0:00:00.213648248 [32m    7[00m 0x5bc84b47a3b0 [37mDEBUG  [00m [00;34m          GST_TRACER gsttracer.c:189:gst_tracer_register:<rusage>[00m tracer factory for 1287888016:GstRUsageTracer
0:00:00.213655782 [32m    7[00m 0x5bc84b47a3b0 [37mDEBUG  [00m [00;34m          GST_TRACER gsttracer.c:182:gst_tracer_register:<tracerfactory7>[00m new tracer factory for stats
0:00:00.213657025 [32m    7[00m 0x5bc84b47a3b0 [37mDEBUG  [00m [00;34m          GST_TRACER gsttracer.c:189:gst_tracer_register:<stats>[00m tracer factory for 1284167104:GstStatsTracer
0:00:00.213663278 [32m    7[00m 0x5bc84b47a3b0 [37mDEBUG  [00m [00;34m          GST_TRACER gsttracer.c:182:gst_tracer_register:<tracerfactory8>[00m new tracer factory for leaks
0:00:00.213664773 [32m    7[00m 0x5bc84b47a3b0 [37mDEBUG  [00m [00;34m          GST_TRACER gsttracer.c:189:gst_tracer_register:<leaks>[00m tracer factory for 1284164528:GstLeaksTracer
0:00:00.213667305 [32m    7[00m 0x5bc84b47a3b0 [37mDEBUG  [00m [00;34m          GST_TRACER gsttracer.c:182:gst_tracer_register:<tracerfactory9>[00m new tracer factory for factories
0:00:00.213668468 [32m    7[00m 0x5bc84b47a3b0 [37mDEBUG  [00m [00;34m          GST_TRACER gsttracer.c:189:gst_tracer_register:<factories>[00m tracer factory for 1284145232:GstFactoriesTracer

(gst-plugin-scanner:7): GStreamer-WARNING **: 21:40:27.868: Failed to load plugin '/opt/intel/dlstreamer/gstreamer/lib/python3/dist-packages/gi/overrides/_gi_gst.cpython-312-x86_64-linux-gnu.so': /opt/intel/dlstreamer/gstreamer/lib/python3/dist-packages/gi/overrides/_gi_gst.cpython-312-x86_64-linux-gnu.so: undefined symbol: PyExc_ValueError

(gst-plugin-scanner:7): GStreamer-WARNING **: 21:40:27.868: Failed to load plugin '/opt/intel/dlstreamer/gstreamer/lib/python3/dist-packages/gi/overrides/_gi_gst_analytics.cpython-312-x86_64-linux-gnu.so': /opt/intel/dlstreamer/gstreamer/lib/python3/dist-packages/gi/overrides/_gi_gst_analytics.cpython-312-x86_64-linux-gnu.so: undefined symbol: PyCapsule_Type
0:00:00.251772638 [32m    1[00m 0x62977db29200 [37mDEBUG  [00m [00;34m          GST_TRACER gsttracer.c:172:gst_tracer_register:<registry0>[00m update existing feature 0x62977d950be0 (latency_tracer)
0:00:00.251813733 [32m    1[00m 0x62977db29200 [37mTRACE  [00m [00;34m          GST_TRACER gsttracerrecord.c:111:gst_tracer_record_build_format:[00m latency_tracer_pipeline.class, frame_latency=(structure)"value\,\ type\=\(type\)gdouble\,\ description\=\(string\)\"current\\\ frame\\\ latency\\\ in\\\ ms\"\;", avg=(structure)"value\,\ type\=\(type\)gdouble\,\ description\=\(string\)\"Average\\\ frame\\\ latency\\\ in\\\ ms\"\;", min=(structure)"value\,\ type\=\(type\)gdouble\,\ description\=\(string\)\"Min\\\ Per\\\ frame\\\ latency\\\ in\\\ ms\"\;", max=(structure)"value\,\ type\=\(type\)gdouble\,\ description\=\(string\)\"Max\\\ Per\\\ frame\\\ latency\\\ in\\\ ms\"\;", latency=(structure)"value\,\ type\=\(type\)gdouble\,\ description\=\(string\)\"pipeline\\\ latency\\\ in\\\ ms\\\(if\\\ frames\\\ dropped\\\ this\\\ may\\\ result\\\ in\\\ invalid\\\ value\\\)\"\;", fps=(structure)"value\,\ type\=\(type\)gdouble\,\ description\=\(string\)\"pipeline\\\ fps\\\(if\\\ frames\\\ dropped\\\ this\\\ may\\\ result\\\ in\\\ invalid\\\ value\\\)\"\;", frame_num=(structure)"value\,\ type\=\(type\)guint\,\ description\=\(string\)\"NUmber\\\ of\\\ frame\\\ processed\"\;";
0:00:00.251819235 [32m    1[00m 0x62977db29200 [37mDEBUG  [00m [00;34m          GST_TRACER gsttracerrecord.c:125:gst_tracer_record_build_format:[00m new format string: latency_tracer_pipeline, frame_latency=(double)%lf, avg=(double)%lf, min=(double)%lf, max=(double)%lf, latency=(double)%lf, fps=(double)%lf, frame_num=(uint)%u;
0:00:00.251827186 [32m    1[00m 0x62977db29200 [37mTRACE  [00m [00;34m          GST_TRACER gsttracerrecord.c:111:gst_tracer_record_build_format:[00m latency_tracer_pipeline_interval.class, interval=(structure)"value\,\ type\=\(type\)gdouble\,\ description\=\(string\)\"interval\\\ in\\\ ms\"\;", avg=(structure)"value\,\ type\=\(type\)gdouble\,\ description\=\(string\)\"Average\\\ interval\\\ frame\\\ latency\\\ in\\\ ms\"\;", min=(structure)"value\,\ type\=\(type\)gdouble\,\ description\=\(string\)\"Min\\\ interval\\\ Per\\\ frame\\\ latency\\\ in\\\ ms\"\;", max=(structure)"value\,\ type\=\(type\)gdouble\,\ description\=\(string\)\"Max\\\ interval\\\ Per\\\ frame\\\ latency\\\ in\\\ ms\"\;", latency=(structure)"value\,\ type\=\(type\)gdouble\,\ description\=\(string\)\"pipeline\\\ latency\\\ within\\\ the\\\ interval\\\ in\\\ ms\\\(if\\\ frames\\\ dropped\\\ this\\\ may\\\ result\\\ in\\\ invalid\\\ value\\\)\"\;", fps=(structure)"value\,\ type\=\(type\)gdouble\,\ description\=\(string\)\"pipeline\\\ fps\\\ ithin\\\ the\\\ interval\\\(if\\\ frames\\\ dropped\\\ this\\\ may\\\ result\\\ in\\\ invalid\\\ value\\\)\"\;";
0:00:00.251829894 [32m    1[00m 0x62977db29200 [37mDEBUG  [00m [00;34m          GST_TRACER gsttracerrecord.c:125:gst_tracer_record_build_format:[00m new format string: latency_tracer_pipeline_interval, interval=(double)%lf, avg=(double)%lf, min=(double)%lf, max=(double)%lf, latency=(double)%lf, fps=(double)%lf;
0:00:00.251836507 [32m    1[00m 0x62977db29200 [37mTRACE  [00m [00;34m          GST_TRACER gsttracerrecord.c:111:gst_tracer_record_build_format:[00m latency_tracer_element.class, name=(structure)"value\,\ type\=\(type\)gchararray\,\ description\=\(string\)\"Element\\\ Name\"\;", frame_latency=(structure)"value\,\ type\=\(type\)gdouble\,\ description\=\(string\)\"current\\\ frame\\\ latency\\\ in\\\ ms\"\;", avg=(structure)"value\,\ type\=\(type\)gdouble\,\ description\=\(string\)\"Average\\\ frame\\\ latency\\\ in\\\ ms\"\;", min=(structure)"value\,\ type\=\(type\)gdouble\,\ description\=\(string\)\"Min\\\ Per\\\ frame\\\ latency\\\ in\\\ ms\"\;", max=(structure)"value\,\ type\=\(type\)gdouble\,\ description\=\(string\)\"Max\\\ Per\\\ frame\\\ latency\\\ in\\\ ms\"\;", frame_num=(structure)"value\,\ type\=\(type\)guint\,\ description\=\(string\)\"Number\\\ of\\\ frame\\\ processed\"\;", is_bin=(structure)"value\,\ type\=\(type\)gboolean\,\ description\=\(string\)\"is\\\ element\\\ bin\"\;";
0:00:00.251839719 [32m    1[00m 0x62977db29200 [37mDEBUG  [00m [00;34m          GST_TRACER gsttracerrecord.c:125:gst_tracer_record_build_format:[00m new format string: latency_tracer_element, name=(string)%s, frame_latency=(double)%lf, avg=(double)%lf, min=(double)%lf, max=(double)%lf, frame_num=(uint)%u, is_bin=(boolean)%i;
0:00:00.251844548 [32m    1[00m 0x62977db29200 [37mTRACE  [00m [00;34m          GST_TRACER gsttracerrecord.c:111:gst_tracer_record_build_format:[00m latency_tracer_element_interval.class, name=(structure)"value\,\ type\=\(type\)gchararray\,\ description\=\(string\)\"Element\\\ Name\"\;", interval=(structure)"value\,\ type\=\(type\)gdouble\,\ description\=\(string\)\"Interval\\\ ms\"\;", avg=(structure)"value\,\ type\=\(type\)gdouble\,\ description\=\(string\)\"Average\\\ interval\\\ latency\\\ in\\\ ms\"\;", min=(structure)"value\,\ type\=\(type\)gdouble\,\ description\=\(string\)\"Min\\\ interval\\\ frame\\\ latency\\\ in\\\ ms\"\;", max=(structure)"value\,\ type\=\(type\)gdouble\,\ description\=\(string\)\"Max\\\ interval\\\ frame\\\ latency\\\ in\\\ ms\"\;";
0:00:00.251847062 [32m    1[00m 0x62977db29200 [37mDEBUG  [00m [00;34m          GST_TRACER gsttracerrecord.c:125:gst_tracer_record_build_format:[00m new format string: latency_tracer_element_interval, name=(string)%s, interval=(double)%lf, avg=(double)%lf, min=(double)%lf, max=(double)%lf;
Setting pipeline to PAUSED ...
Pipeline is PREROLLING ...
Got context from element 'vapostproc7': gst.va.display.handle=context, gst-display=(GstObject)"\(GstVaDisplayDrm\)\ vadisplaydrm2", description=(string)"Intel\(R\)\ Gen\ Graphics", path=(string)/dev/dri/renderD128;
Redistribute latency...
Redistribute latency...
Redistribute latency...
Redistribute latency...
Redistribute latency...
Redistribute latency...
Redistribute latency...
Redistribute latency...
Redistribute latency...
Redistribute latency...
Redistribute latency...
Redistribute latency...
Redistribute latency...
Redistribute latency...
Redistribute latency...
Redistribute latency...

** (gst-launch-1.0:1): WARNING **: 21:40:28.112: Model quantization runtime (2023.3.0-13775-ceeafaf64f3-releases/2023/3) does not match current runtime (2025.2.0-19140-c01cd93e24d-releases/2025/2). Results may be inaccurate. Please re-quantize the model with the current runtime version.
Redistribute latency...
Redistribute latency...
Redistribute latency...
Redistribute latency...
Redistribute latency...
Redistribute latency...
Redistribute latency...
Pipeline is PREROLLED ...
Setting pipeline to PLAYING ...
Redistribute latency...
New clock: GstSystemClock
0:00:03.029878442 [32m    1[00m 0x7f9bf8000f70 [37mTRACE  [00m [00;34m          GST_TRACER :0::[00m latency_tracer_pipeline, frame_latency=(double)0.050145, avg=(double)0.050145, min=(double)0.050145, max=(double)0.050145, latency=(double)35.100796, fps=(double)28.489382, frame_num=(uint)1;
0:00:03.032040670 [32m    1[00m 0x7f9bf8000f70 [37mTRACE  [00m [00;34m          GST_TRACER :0::[00m latency_tracer_pipeline, frame_latency=(double)0.035593, avg=(double)0.042869, min=(double)0.035593, max=(double)0.050145, latency=(double)18.645383, fps=(double)53.632582, frame_num=(uint)2;
0:00:03.067521554 [32m    1[00m 0x7f9bf8000f70 [37mTRACE  [00m [00;34m          GST_TRACER :0::[00m latency_tracer_pipeline, frame_latency=(double)67.442781, avg=(double)22.509506, min=(double)0.035593, max=(double)67.442781, latency=(double)24.257624, fps=(double)41.224153, frame_num=(uint)3;
0:00:03.067552564 [32m    1[00m 0x7f9bf8000f70 [37mTRACE  [00m [00;34m          GST_TRACER :0::[00m latency_tracer_pipeline, frame_latency=(double)37.015701, avg=(double)26.136055, min=(double)0.035593, max=(double)67.442781, latency=(double)18.204027, fps=(double)54.932900, frame_num=(uint)4;
0:00:03.069568599 [32m    1[00m 0x7f9bf8000f70 [37mTRACE  [00m [00;34m          GST_TRACER :0::[00m latency_tracer_pipeline, frame_latency=(double)35.752322, avg=(double)28.059308, min=(double)0.035593, max=(double)67.442781, latency=(double)14.964528, fps=(double)66.824693, frame_num=(uint)5;
0:00:03.104428766 [32m    1[00m 0x7f9bf8000f70 [37mTRACE  [00m [00;34m          GST_TRACER :0::[00m latency_tracer_pipeline, frame_latency=(double)63.484056, avg=(double)33.963433, min=(double)0.035593, max=(double)67.442781, latency=(double)18.277580, fps=(double)54.711838, frame_num=(uint)6;
0:00:03.107286099 [32m    1[00m 0x7f9bf8000f70 [37mTRACE  [00m [00;34m          GST_TRACER :0::[00m latency_tracer_pipeline, frame_latency=(double)36.298410, avg=(double)34.297001, min=(double)0.035593, max=(double)67.442781, latency=(double)16.077660, fps=(double)62.198105, frame_num=(uint)7;
0:00:03.140698078 [32m    1[00m 0x7f9bf8000f70 [37mTRACE  [00m [00;34m          GST_TRACER :0::[00m latency_tracer_pipeline, frame_latency=(double)64.263100, avg=(double)38.042763, min=(double)0.035593, max=(double)67.442781, latency=(double)18.243959, fps=(double)54.812666, frame_num=(uint)8;
0:00:03.142961035 [32m    1[00m 0x7f9bf8000f70 [37mTRACE  [00m [00;34m          GST_TRACER :0::[00m latency_tracer_pipeline, frame_latency=(double)36.642574, avg=(double)37.887187, min=(double)0.035593, max=(double)67.442781, latency=(double)16.466846, fps=(double)60.728083, frame_num=(uint)9;
0:00:03.177199792 [32m    1[00m 0x7f9bf8000f70 [37mTRACE  [00m [00;34m          GST_TRACER :0::[00m latency_tracer_pipeline, frame_latency=(double)65.398564, avg=(double)40.638325, min=(double)0.035593, max=(double)67.442781, latency=(double)18.245394, fps=(double)54.808354, frame_num=(uint)10;
0:00:03.179859485 [32m    1[00m 0x7f9bf8000f70 [37mTRACE  [00m [00;34m          GST_TRACER :0::[00m latency_tracer_pipeline, frame_latency=(double)36.352655, avg=(double)40.248718, min=(double)0.035593, max=(double)67.442781, latency=(double)16.828480, fps=(double)59.423074, frame_num=(uint)11;
0:00:03.214764041 [32m    1[00m 0x7f9bf8000f70 [37mTRACE  [00m [00;34m          GST_TRACER :0::[00m latency_tracer_pipeline, frame_latency=(double)66.907978, avg=(double)42.470323, min=(double)0.035593, max=(double)67.442781, latency=(double)18.334675, fps=(double)54.541464, frame_num=(uint)12;
0:00:03.215901122 [32m    1[00m 0x7f9bf8000f70 [37mTRACE  [00m [00;34m          GST_TRACER :0::[00m latency_tracer_pipeline, frame_latency=(double)38.131856, avg=(double)42.136595, min=(double)0.035593, max=(double)67.442781, latency=(double)17.012189, fps=(double)58.781382, frame_num=(uint)13;
0:00:03.253020692 [32m    1[00m 0x7f9bf8000f70 [37mTRACE  [00m [00;34m          GST_TRACER :0::[00m latency_tracer_pipeline, frame_latency=(double)64.703739, avg=(double)43.748534, min=(double)0.035593, max=(double)67.442781, latency=(double)18.448174, fps=(double)54.205907, frame_num=(uint)14;
0:00:03.253914408 [32m    1[00m 0x7f9bf8000f70 [37mTRACE  [00m [00;34m          GST_TRACER :0::[00m latency_tracer_pipeline, frame_latency=(double)35.167393, avg=(double)43.176458, min=(double)0.035593, max=(double)67.442781, latency=(double)17.278173, fps=(double)57.876490, frame_num=(uint)15;
0:00:03.288916579 [32m    1[00m 0x7f9bf8000f70 [37mTRACE  [00m [00;34m          GST_TRACER :0::[00m latency_tracer_pipeline, frame_latency=(double)64.238742, avg=(double)44.492851, min=(double)0.035593, max=(double)67.442781, latency=(double)18.385044, fps=(double)54.392037, frame_num=(uint)16;
0:00:03.290167580 [32m    1[00m 0x7f9bf8000f70 [37mTRACE  [00m [00;34m          GST_TRACER :0::[00m latency_tracer_pipeline, frame_latency=(double)34.927165, avg=(double)43.930163, min=(double)0.035593, max=(double)67.442781, latency=(double)17.377969, fps=(double)57.544124, frame_num=(uint)17;
0:00:03.325502934 [32m    1[00m 0x7f9bf8000f70 [37mTRACE  [00m [00;34m          GST_TRACER :0::[00m latency_tracer_pipeline, frame_latency=(double)63.353825, avg=(double)45.009256, min=(double)0.035593, max=(double)67.442781, latency=(double)18.375272, fps=(double)54.420964, frame_num=(uint)18;
0:00:03.326188660 [32m    1[00m 0x7f9bf8000f70 [37mTRACE  [00m [00;34m          GST_TRACER :0::[00m latency_tracer_pipeline, frame_latency=(double)33.270110, avg=(double)44.391406, min=(double)0.035593, max=(double)67.442781, latency=(double)17.443846, fps=(double)57.326806, frame_num=(uint)19;
0:00:03.362548250 [32m    1[00m 0x7f9bf8000f70 [37mTRACE  [00m [00;34m          GST_TRACER :0::[00m latency_tracer_pipeline, frame_latency=(double)63.471510, avg=(double)45.345411, min=(double)0.035593, max=(double)67.442781, latency=(double)18.389700, fps=(double)54.378266, frame_num=(uint)20;
0:00:03.363407447 [32m    1[00m 0x7f9bf8000f70 [37mTRACE  [00m [00;34m          GST_TRACER :0::[00m latency_tracer_pipeline, frame_latency=(double)31.430423, avg=(double)44.682792, min=(double)0.035593, max=(double)67.442781, latency=(double)17.554886, fps=(double)56.964198, frame_num=(uint)21;
0:00:03.399371626 [32m    1[00m 0x7f9bf8000f70 [37mTRACE  [00m [00;34m          GST_TRACER :0::[00m latency_tracer_pipeline, frame_latency=(double)61.637533, avg=(double)45.453463, min=(double)0.035593, max=(double)67.442781, latency=(double)18.391391, fps=(double)54.373267, frame_num=(uint)22;
0:00:03.400083496 [32m    1[00m 0x7f9bf8000f70 [37mTRACE  [00m [00;34m          GST_TRACER :0::[00m latency_tracer_pipeline, frame_latency=(double)31.689311, avg=(double)44.855021, min=(double)0.035593, max=(double)67.442781, latency=(double)17.622992, fps=(double)56.744055, frame_num=(uint)23;
0:00:03.436050564 [32m    1[00m 0x7f9bf8000f70 [37mTRACE  [00m [00;34m          GST_TRACER :0::[00m latency_tracer_pipeline, frame_latency=(double)60.661958, avg=(double)45.513644, min=(double)0.035593, max=(double)67.442781, latency=(double)18.387169, fps=(double)54.385752, frame_num=(uint)24;
0:00:03.471984459 [32m    1[00m 0x7f9bf8000f70 [37mTRACE  [00m [00;34m          GST_TRACER :0::[00m latency_tracer_pipeline, frame_latency=(double)67.375193, avg=(double)46.388105, min=(double)0.035593, max=(double)67.442781, latency=(double)19.089034, fps=(double)52.386097, frame_num=(uint)25;
0:00:03.472878459 [32m    1[00m 0x7f9bf8000f70 [37mTRACE  [00m [00;34m          GST_TRACER :0::[00m latency_tracer_pipeline, frame_latency=(double)36.320917, avg=(double)46.000906, min=(double)0.035593, max=(double)67.442781, latency=(double)18.389885, fps=(double)54.377720, frame_num=(uint)26;
0:00:03.507884479 [32m    1[00m 0x7f9bf8000f70 [37mTRACE  [00m [00;34m          GST_TRACER :0::[00m latency_tracer_pipeline, frame_latency=(double)64.684259, avg=(double)46.692882, min=(double)0.035593, max=(double)67.442781, latency=(double)19.005062, fps=(double)52.617560, frame_num=(uint)27;
0:00:03.508771058 [32m    1[00m 0x7f9bf8000f70 [37mTRACE  [00m [00;34m          GST_TRACER :0::[00m latency_tracer_pipeline, frame_latency=(double)36.309763, avg=(double)46.322056, min=(double)0.035593, max=(double)67.442781, latency=(double)18.358185, fps=(double)54.471616, frame_num=(uint)28;
0:00:03.508801311 [32m    1[00m 0x7f9bf8000f70 [37mTRACE  [00m [00;34m          GST_TRACER :0::[00m latency_tracer_pipeline, frame_latency=(double)29.598400, avg=(double)45.745378, min=(double)0.035593, max=(double)67.442781, latency=(double)17.726352, fps=(double)56.413185, frame_num=(uint)29;
0:00:03.545045561 [32m    1[00m 0x7f9bf8000f70 [37mTRACE  [00m [00;34m          GST_TRACER :0::[00m latency_tracer_pipeline, frame_latency=(double)63.322642, avg=(double)46.331287, min=(double)0.035593, max=(double)67.442781, latency=(double)18.343237, fps=(double)54.516004, frame_num=(uint)30;
0:00:03.579670829 [32m    1[00m 0x7f9bf8000f70 [37mTRACE  [00m [00;34m          GST_TRACER :0::[00m latency_tracer_pipeline, frame_latency=(double)64.260874, avg=(double)46.909661, min=(double)0.035593, max=(double)67.442781, latency=(double)18.868498, fps=(double)52.998388, frame_num=(uint)31;
0:00:03.581198470 [32m    1[00m 0x7f9bf8000f70 [37mTRACE  [00m [00;34m          GST_TRACER :0::[00m latency_tracer_pipeline, frame_latency=(double)36.771526, avg=(double)46.592844, min=(double)0.035593, max=(double)67.442781, latency=(double)18.326728, fps=(double)54.565113, frame_num=(uint)32;
0:00:03.615655837 [32m    1[00m 0x7f9bf8000f70 [37mTRACE  [00m [00;34m          GST_TRACER :0::[00m latency_tracer_pipeline, frame_latency=(double)63.778191, avg=(double)47.113612, min=(double)0.035593, max=(double)67.442781, latency=(double)18.815380, fps=(double)53.148009, frame_num=(uint)33;
0:00:03.617090694 [32m    1[00m 0x7f9bf8000f70 [37mTRACE  [00m [00;34m          GST_TRACER :0::[00m latency_tracer_pipeline, frame_latency=(double)36.534984, avg=(double)46.802476, min=(double)0.035593, max=(double)67.442781, latency=(double)18.304410, fps=(double)54.631644, frame_num=(uint)34;
0:00:03.651423473 [32m    1[00m 0x7f9bf8000f70 [37mTRACE  [00m [00;34m          GST_TRACER :0::[00m latency_tracer_pipeline, frame_latency=(double)64.096385, avg=(double)47.296588, min=(double)0.035593, max=(double)67.442781, latency=(double)18.761939, fps=(double)53.299394, frame_num=(uint)35;
0:00:03.652729322 [32m    1[00m 0x7f9bf8000f70 [37mTRACE  [00m [00;34m          GST_TRACER :0::[00m latency_tracer_pipeline, frame_latency=(double)34.729992, avg=(double)46.947516, min=(double)0.035593, max=(double)67.442781, latency=(double)18.277427, fps=(double)54.712295, frame_num=(uint)36;
0:00:03.687563350 [32m    1[00m 0x7f9bf8000f70 [37mTRACE  [00m [00;34m          GST_TRACER :0::[00m latency_tracer_pipeline, frame_latency=(double)63.591398, avg=(double)47.397350, min=(double)0.035593, max=(double)67.442781, latency=(double)18.724707, fps=(double)53.405376, frame_num=(uint)37;
0:00:03.688234597 [32m    1[00m 0x7f9bf8000f70 [37mTRACE  [00m [00;34m          GST_TRACER :0::[00m latency_tracer_pipeline, frame_latency=(double)34.344221, avg=(double)47.053847, min=(double)0.035593, max=(double)67.442781, latency=(double)18.249798, fps=(double)54.795127, frame_num=(uint)38;
0:00:03.724333332 [32m    1[00m 0x7f9bf8000f70 [37mTRACE  [00m [00;34m          GST_TRACER :0::[00m latency_tracer_pipeline, frame_latency=(double)63.884554, avg=(double)47.485404, min=(double)0.035593, max=(double)67.442781, latency=(double)18.707352, fps=(double)53.454920, frame_num=(uint)39;
0:00:03.725066266 [32m    1[00m 0x7f9bf8000f70 [37mTRACE  [00m [00;34m          GST_TRACER :0::[00m latency_tracer_pipeline, frame_latency=(double)34.080633, avg=(double)47.150284, min=(double)0.035593, max=(double)67.442781, latency=(double)18.258103, fps=(double)54.770203, frame_num=(uint)40;
0:00:03.763485152 [32m    1[00m 0x7f9bf8000f70 [37mTRACE  [00m [00;34m          GST_TRACER :0::[00m latency_tracer_pipeline, frame_latency=(double)68.974850, avg=(double)47.682591, min=(double)0.035593, max=(double)68.974850, latency=(double)18.749687, fps=(double)53.334223, frame_num=(uint)41;
0:00:03.764290777 [32m    1[00m 0x7f9bf8000f70 [37mTRACE  [00m [00;34m          GST_TRACER :0::[00m latency_tracer_pipeline, frame_latency=(double)37.842151, avg=(double)47.448295, min=(double)0.035593, max=(double)68.974850, latency=(double)18.322667, fps=(double)54.577207, frame_num=(uint)42;
0:00:03.801302565 [32m    1[00m 0x7f9bf8000f70 [37mTRACE  [00m [00;34m          GST_TRACER :0::[00m latency_tracer_pipeline, frame_latency=(double)66.481075, avg=(double)47.890917, min=(double)0.035593, max=(double)68.974850, latency=(double)18.757087, fps=(double)53.313182, frame_num=(uint)43;
0:00:03.802129317 [32m    1[00m 0x7f9bf8000f70 [37mTRACE  [00m [00;34m          GST_TRACER :0::[00m latency_tracer_pipeline, frame_latency=(double)36.336814, avg=(double)47.628324, min=(double)0.035593, max=(double)68.974850, latency=(double)18.349765, fps=(double)54.496612, frame_num=(uint)44;
0:00:03.837568494 [32m    1[00m 0x7f9bf8000f70 [37mTRACE  [00m [00;34m          GST_TRACER :0::[00m latency_tracer_pipeline, frame_latency=(double)64.771068, avg=(double)48.009274, min=(double)0.035593, max=(double)68.974850, latency=(double)18.729384, fps=(double)53.392038, frame_num=(uint)45;
0:00:03.838421876 [32m    1[00m 0x7f9bf8000f70 [37mTRACE  [00m [00;34m          GST_TRACER :0::[00m latency_tracer_pipeline, frame_latency=(double)36.075587, avg=(double)47.749846, min=(double)0.035593, max=(double)68.974850, latency=(double)18.340632, fps=(double)54.523749, frame_num=(uint)46;
0:00:03.874436854 [32m    1[00m 0x7f9bf8000f70 [37mTRACE  [00m [00;34m          GST_TRACER :0::[00m latency_tracer_pipeline, frame_latency=(double)65.867293, avg=(double)48.135324, min=(double)0.035593, max=(double)68.974850, latency=(double)18.716308, fps=(double)53.429340, frame_num=(uint)47;
0:00:03.875621712 [32m    1[00m 0x7f9bf8000f70 [37mTRACE  [00m [00;34m          GST_TRACER :0::[00m latency_tracer_pipeline, frame_latency=(double)37.340500, avg=(double)47.910432, min=(double)0.035593, max=(double)68.974850, latency=(double)18.351402, fps=(double)54.491748, frame_num=(uint)48;
0:00:03.911811908 [32m    1[00m 0x7f9bf8000f70 [37mTRACE  [00m [00;34m          GST_TRACER :0::[00m latency_tracer_pipeline, frame_latency=(double)66.952116, avg=(double)48.299037, min=(double)0.035593, max=(double)68.974850, latency=(double)18.715601, fps=(double)53.431359, frame_num=(uint)49;
0:00:03.914145186 [32m    1[00m 0x7f9bf8000f70 [37mTRACE  [00m [00;34m          GST_TRACER :0::[00m latency_tracer_pipeline, frame_latency=(double)39.095836, avg=(double)48.114973, min=(double)0.035593, max=(double)68.974850, latency=(double)18.388025, fps=(double)54.383220, frame_num=(uint)50;
0:00:03.947725964 [32m    1[00m 0x7f9bf8000f70 [37mTRACE  [00m [00;34m          GST_TRACER :0::[00m latency_tracer_pipeline, frame_latency=(double)65.047158, avg=(double)48.446977, min=(double)0.035593, max=(double)68.974850, latency=(double)18.685856, fps=(double)53.516415, frame_num=(uint)51;
0:00:03.949995973 [32m    1[00m 0x7f9bf8000f70 [37mTRACE  [00m [00;34m          GST_TRACER :0::[00m latency_tracer_pipeline, frame_latency=(double)37.875730, avg=(double)48.243684, min=(double)0.035593, max=(double)68.974850, latency=(double)18.370222, fps=(double)54.435923, frame_num=(uint)52;
0:00:03.983697466 [32m    1[00m 0x7f9bf8000f70 [37mTRACE  [00m [00;34m          GST_TRACER :0::[00m latency_tracer_pipeline, frame_latency=(double)64.459829, avg=(double)48.549649, min=(double)0.035593, max=(double)68.974850, latency=(double)18.659306, fps=(double)53.592561, frame_num=(uint)53;
0:00:03.986505153 [32m    1[00m 0x7f9bf8000f70 [37mTRACE  [00m [00;34m          GST_TRACER :0::[00m latency_tracer_pipeline, frame_latency=(double)38.456352, avg=(double)48.362736, min=(double)0.035593, max=(double)68.974850, latency=(double)18.366003, fps=(double)54.448429, frame_num=(uint)54;
0:00:04.021805930 [32m    1[00m 0x7f9bf8000f70 [37mTRACE  [00m [00;34m          GST_TRACER :0::[00m latency_tracer_pipeline, frame_latency=(double)68.104354, avg=(double)48.721674, min=(double)0.035593, max=(double)68.974850, latency=(double)18.673879, fps=(double)53.550738, frame_num=(uint)55;
0:00:04.021814186 [32m    1[00m 0x7f9bf8000f70 [37mTRACE  [00m [00;34m          GST_TRACER :0::[00m latency_tracer_pipeline_interval, interval=(double)1027.063346, avg=(double)48.721674, min=(double)0.035593, max=(double)68.974850, latency=(double)18.673879, fps=(double)53.550738;
FpsCounter(last 1.03sec): total=435.89 fps, number-streams=8, per-stream=54.49 fps (54.37, 55.34, 53.39, 55.34, 54.37, 55.34, 53.39, 54.37)
latency: -545.71ms (-532.68, -559.09, -514.83, -566.93, -527.04, -577.98, -524.59, -560.40)
0:00:04.022515106 [32m    1[00m 0x7f9bf8000f70 [37mTRACE  [00m [00;34m          GST_TRACER :0::[00m latency_tracer_pipeline, frame_latency=(double)37.534313, avg=(double)48.521900, min=(double)0.035593, max=(double)68.974850, latency=(double)18.352934, fps=(double)54.487200, frame_num=(uint)56;
0:00:04.060087025 [32m    1[00m 0x7f9bf8000f70 [37mTRACE  [00m [00;34m          GST_TRACER :0::[00m latency_tracer_pipeline, frame_latency=(double)67.134257, avg=(double)48.848433, min=(double)0.035593, max=(double)68.974850, latency=(double)18.690009, fps=(double)53.504523, frame_num=(uint)57;
0:00:04.060798927 [32m    1[00m 0x7f9bf8000f70 [37mTRACE  [00m [00;34m          GST_TRACER :0::[00m latency_tracer_pipeline, frame_latency=(double)36.651715, avg=(double)48.638144, min=(double)0.035593, max=(double)68.974850, latency=(double)18.380301, fps=(double)54.406072, frame_num=(uint)58;
0:00:04.097171510 [32m    1[00m 0x7f9bf8000f70 [37mTRACE  [00m [00;34m          GST_TRACER :0::[00m latency_tracer_pipeline, frame_latency=(double)65.806210, avg=(double)48.929129, min=(double)0.035593, max=(double)68.974850, latency=(double)18.685054, fps=(double)53.518710, frame_num=(uint)59;
0:00:04.098380130 [32m    1[00m 0x7f9bf8000f70 [37mTRACE  [00m [00;34m          GST_TRACER :0::[00m latency_tracer_pipeline, frame_latency=(double)37.023475, avg=(double)48.730701, min=(double)0.035593, max=(double)68.974850, latency=(double)18.393813, fps=(double)54.366107, frame_num=(uint)60;
0:00:04.133280951 [32m    1[00m 0x7f9bf8000f70 [37mTRACE  [00m [00;34m          GST_TRACER :0::[00m latency_tracer_pipeline, frame_latency=(double)63.199203, avg=(double)48.967890, min=(double)0.035593, max=(double)68.974850, latency=(double)18.664341, fps=(double)53.578105, frame_num=(uint)61;
0:00:04.134102865 [32m    1[00m 0x7f9bf8000f70 [37mTRACE  [00m [00;34m          GST_TRACER :0::[00m latency_tracer_pipeline, frame_latency=(double)35.179136, avg=(double)48.745490, min=(double)0.035593, max=(double)68.974850, latency=(double)18.376600, fps=(double)54.417030, frame_num=(uint)62;
0:00:04.168635294 [32m    1[00m 0x7f9bf8000f70 [37mTRACE  [00m [00;34m          GST_TRACER :0::[00m latency_tracer_pipeline, frame_latency=(double)64.769117, avg=(double)48.999834, min=(double)0.035593, max=(double)68.974850, latency=(double)18.632984, fps=(double)53.668270, frame_num=(uint)63;
0:00:04.169497029 [32m    1[00m 0x7f9bf8000f70 [37mTRACE  [00m [00;34m          GST_TRACER :0::[00m latency_tracer_pipeline, frame_latency=(double)35.917035, avg=(double)48.795415, min=(double)0.035593, max=(double)68.974850, latency=(double)18.355132, fps=(double)54.480675, frame_num=(uint)64;
0:00:04.204766894 [32m    1[00m 0x7f9bf8000f70 [37mTRACE  [00m [00;34m          GST_TRACER :0::[00m latency_tracer_pipeline, frame_latency=(double)66.045374, avg=(double)49.060799, min=(double)0.035593, max=(double)68.974850, latency=(double)18.615591, fps=(double)53.718411, frame_num=(uint)65;
0:00:04.204806344 [32m    1[00m 0x7f9bf8000f70 [37mTRACE  [00m [00;34m          GST_TRACER :0::[00m latency_tracer_pipeline, frame_latency=(double)35.865943, avg=(double)48.860877, min=(double)0.035593, max=(double)68.974850, latency=(double)18.334346, fps=(double)54.542443, frame_num=(uint)66;
0:00:04.206013339 [32m    1[00m 0x7f9bf8000f70 [37mTRACE  [00m [00;34m          GST_TRACER :0::[00m latency_tracer_pipeline, frame_latency=(double)34.903051, avg=(double)48.652551, min=(double)0.035593, max=(double)68.974850, latency=(double)18.078469, fps=(double)55.314420, frame_num=(uint)67;
0:00:04.241827442 [32m    1[00m 0x7f9bf8000f70 [37mTRACE  [00m [00;34m          GST_TRACER :0::[00m latency_tracer_pipeline, frame_latency=(double)62.854853, avg=(double)48.861408, min=(double)0.035593, max=(double)68.974850, latency=(double)18.339324, fps=(double)54.527636, frame_num=(uint)68;
0:00:04.242999180 [32m    1[00m 0x7f9bf8000f70 [37mTRACE  [00m [00;34m          GST_TRACER :0::[00m latency_tracer_pipeline, frame_latency=(double)35.784497, avg=(double)48.671888, min=(double)0.035593, max=(double)68.974850, latency=(double)18.090505, fps=(double)55.277616, frame_num=(uint)69;
0:00:04.277622185 [32m    1[00m 0x7f9bf8000f70 [37mTRACE  [00m [00;34m          GST_TRACER :0::[00m latency_tracer_pipeline, frame_latency=(double)64.869942, avg=(double)48.903289, min=(double)0.035593, max=(double)68.974850, latency=(double)18.326623, fps=(double)54.565427, frame_num=(uint)70;
0:00:04.278564430 [32m    1[00m 0x7f9bf8000f70 [37mTRACE  [00m [00;34m          GST_TRACER :0::[00m latency_tracer_pipeline, frame_latency=(double)36.086747, avg=(double)48.722774, min=(double)0.035593, max=(double)68.974850, latency=(double)18.081846, fps=(double)55.304088, frame_num=(uint)71;
0:00:04.314134203 [32m    1[00m 0x7f9bf8000f70 [37mTRACE  [00m [00;34m          GST_TRACER :0::[00m latency_tracer_pipeline, frame_latency=(double)66.886276, avg=(double)48.975045, min=(double)0.035593, max=(double)68.974850, latency=(double)18.324689, fps=(double)54.571184, frame_num=(uint)72;
0:00:04.315344351 [32m    1[00m 0x7f9bf8000f70 [37mTRACE  [00m [00;34m          GST_TRACER :0::[00m latency_tracer_pipeline, frame_latency=(double)36.255453, avg=(double)48.800804, min=(double)0.035593, max=(double)68.974850, latency=(double)18.090328, fps=(double)55.278156, frame_num=(uint)73;
0:00:04.349927861 [32m    1[00m 0x7f9bf8000f70 [37mTRACE  [00m [00;34m          GST_TRACER :0::[00m latency_tracer_pipeline, frame_latency=(double)64.866289, avg=(double)49.017905, min=(double)0.035593, max=(double)68.974850, latency=(double)18.313165, fps=(double)54.605527, frame_num=(uint)74;
0:00:04.350738479 [32m    1[00m 0x7f9bf8000f70 [37mTRACE  [00m [00;34m          GST_TRACER :0::[00m latency_tracer_pipeline, frame_latency=(double)35.828763, avg=(double)48.842050, min=(double)0.035593, max=(double)68.974850, latency=(double)18.079797, fps=(double)55.310355, frame_num=(uint)75;
0:00:04.385661883 [32m    1[00m 0x7f9bf8000f70 [37mTRACE  [00m [00;34m          GST_TRACER :0::[00m latency_tracer_pipeline, frame_latency=(double)65.908717, avg=(double)49.066611, min=(double)0.035593, max=(double)68.974850, latency=(double)18.301330, fps=(double)54.640839, frame_num=(uint)76;
0:00:04.386413680 [32m    1[00m 0x7f9bf8000f70 [37mTRACE  [00m [00;34m          GST_TRACER :0::[00m latency_tracer_pipeline, frame_latency=(double)33.318831, avg=(double)48.862095, min=(double)0.035593, max=(double)68.974850, latency=(double)18.073516, fps=(double)55.329578, frame_num=(uint)77;
0:00:04.420965946 [32m    1[00m 0x7f9bf8000f70 [37mTRACE  [00m [00;34m          GST_TRACER :0::[00m latency_tracer_pipeline, frame_latency=(double)60.952635, avg=(double)49.017102, min=(double)0.035593, max=(double)68.974850, latency=(double)18.284788, fps=(double)54.690270, frame_num=(uint)78;
0:00:04.422115143 [32m    1[00m 0x7f9bf8000f70 [37mTRACE  [00m [00;34m          GST_TRACER :0::[00m latency_tracer_pipeline, frame_latency=(double)33.403296, avg=(double)48.819458, min=(double)0.035593, max=(double)68.974850, latency=(double)18.067995, fps=(double)55.346486, frame_num=(uint)79;
0:00:04.457045626 [32m    1[00m 0x7f9bf8000f70 [37mTRACE  [00m [00;34m          GST_TRACER :0::[00m latency_tracer_pipeline, frame_latency=(double)61.060424, avg=(double)48.972471, min=(double)0.035593, max=(double)68.974850, latency=(double)18.278713, fps=(double)54.708447, frame_num=(uint)80;
0:00:04.457690368 [32m    1[00m 0x7f9bf8000f70 [37mTRACE  [00m [00;34m          GST_TRACER :0::[00m latency_tracer_pipeline, frame_latency=(double)32.292679, avg=(double)48.766547, min=(double)0.035593, max=(double)68.974850, latency=(double)18.060979, fps=(double)55.367983, frame_num=(uint)81;
0:00:04.493264886 [32m    1[00m 0x7f9bf8000f70 [37mTRACE  [00m [00;34m          GST_TRACER :0::[00m latency_tracer_pipeline, frame_latency=(double)62.880478, avg=(double)48.938668, min=(double)0.035593, max=(double)68.974850, latency=(double)18.274417, fps=(double)54.721308, frame_num=(uint)82;
0:00:04.496094225 [32m    1[00m 0x7f9bf8000f70 [37mTRACE  [00m [00;34m          GST_TRACER :0::[00m latency_tracer_pipeline, frame_latency=(double)36.252689, avg=(double)48.785825, min=(double)0.035593, max=(double)68.974850, latency=(double)18.088533, fps=(double)55.283642, frame_num=(uint)83;
0:00:04.530907308 [32m    1[00m 0x7f9bf8000f70 [37mTRACE  [00m [00;34m          GST_TRACER :0::[00m latency_tracer_pipeline, frame_latency=(double)62.193004, avg=(double)48.945434, min=(double)0.035593, max=(double)68.974850, latency=(double)18.287615, fps=(double)54.681815, frame_num=(uint)84;
0:00:04.568528927 [32m    1[00m 0x7f9bf8000f70 [37mTRACE  [00m [00;34m          GST_TRACER :0::[00m latency_tracer_pipeline, frame_latency=(double)71.862377, avg=(double)49.215046, min=(double)0.035593, max=(double)71.862377, latency=(double)18.515069, fps=(double)54.010059, frame_num=(uint)85;
0:00:04.569638269 [32m    1[00m 0x7f9bf8000f70 [37mTRACE  [00m [00;34m          GST_TRACER :0::[00m latency_tracer_pipeline, frame_latency=(double)38.260084, avg=(double)49.087662, min=(double)0.035593, max=(double)71.862377, latency=(double)18.312780, fps=(double)54.606673, frame_num=(uint)86;
0:00:04.606317018 [32m    1[00m 0x7f9bf8000f70 [37mTRACE  [00m [00;34m          GST_TRACER :0::[00m latency_tracer_pipeline, frame_latency=(double)64.800638, avg=(double)49.268271, min=(double)0.035593, max=(double)71.862377, latency=(double)18.523684, fps=(double)53.984942, frame_num=(uint)87;
0:00:04.606830164 [32m    1[00m 0x7f9bf8000f70 [37mTRACE  [00m [00;34m          GST_TRACER :0::[00m latency_tracer_pipeline, frame_latency=(double)32.982577, avg=(double)49.083206, min=(double)0.035593, max=(double)71.862377, latency=(double)18.319115, fps=(double)54.587790, frame_num=(uint)88;
0:00:04.643165944 [32m    1[00m 0x7f9bf8000f70 [37mTRACE  [00m [00;34m          GST_TRACER :0::[00m latency_tracer_pipeline, frame_latency=(double)62.578589, avg=(double)49.234840, min=(double)0.035593, max=(double)71.862377, latency=(double)18.521446, fps=(double)53.991464, frame_num=(uint)89;
0:00:04.643906048 [32m    1[00m 0x7f9bf8000f70 [37mTRACE  [00m [00;34m          GST_TRACER :0::[00m latency_tracer_pipeline, frame_latency=(double)35.667589, avg=(double)49.084093, min=(double)0.035593, max=(double)71.862377, latency=(double)18.324081, fps=(double)54.572996, frame_num=(uint)90;
0:00:04.679519987 [32m    1[00m 0x7f9bf8000f70 [37mTRACE  [00m [00;34m          GST_TRACER :0::[00m latency_tracer_pipeline, frame_latency=(double)64.143818, avg=(double)49.249584, min=(double)0.035593, max=(double)71.862377, latency=(double)18.513891, fps=(double)54.013496, frame_num=(uint)91;
0:00:04.680898222 [32m    1[00m 0x7f9bf8000f70 [37mTRACE  [00m [00;34m          GST_TRACER :0::[00m latency_tracer_pipeline, frame_latency=(double)36.250223, avg=(double)49.108287, min=(double)0.035593, max=(double)71.862377, latency=(double)18.327657, fps=(double)54.562347, frame_num=(uint)92;
0:00:04.717348600 [32m    1[00m 0x7f9bf8000f70 [37mTRACE  [00m [00;34m          GST_TRACER :0::[00m latency_tracer_pipeline, frame_latency=(double)66.351734, avg=(double)49.293700, min=(double)0.035593, max=(double)71.862377, latency=(double)18.522464, fps=(double)53.988498, frame_num=(uint)93;
0:00:04.718667973 [32m    1[00m 0x7f9bf8000f70 [37mTRACE  [00m [00;34m          GST_TRACER :0::[00m latency_tracer_pipeline, frame_latency=(double)38.099649, avg=(double)49.174615, min=(double)0.035593, max=(double)71.862377, latency=(double)18.339497, fps=(double)54.527122, frame_num=(uint)94;
0:00:04.718709601 [32m    1[00m 0x7f9bf8000f70 [37mTRACE  [00m [00;34m          GST_TRACER :0::[00m latency_tracer_pipeline, frame_latency=(double)29.764723, avg=(double)48.970300, min=(double)0.035593, max=(double)71.862377, latency=(double)18.147027, fps=(double)55.105446, frame_num=(uint)95;
0:00:04.755431090 [32m    1[00m 0x7f9bf8000f70 [37mTRACE  [00m [00;34m          GST_TRACER :0::[00m latency_tracer_pipeline, frame_latency=(double)63.849525, avg=(double)49.125292, min=(double)0.035593, max=(double)71.862377, latency=(double)18.340377, fps=(double)54.524508, frame_num=(uint)96;
0:00:04.755967476 [32m    1[00m 0x7f9bf8000f70 [37mTRACE  [00m [00;34m          GST_TRACER :0::[00m latency_tracer_pipeline, frame_latency=(double)33.253720, avg=(double)48.961667, min=(double)0.035593, max=(double)71.862377, latency=(double)18.156981, fps=(double)55.075234, frame_num=(uint)97;
0:00:04.792819653 [32m    1[00m 0x7f9bf8000f70 [37mTRACE  [00m [00;34m          GST_TRACER :0::[00m latency_tracer_pipeline, frame_latency=(double)61.901444, avg=(double)49.093706, min=(double)0.035593, max=(double)71.862377, latency=(double)18.347680, fps=(double)54.502804, frame_num=(uint)98;
0:00:04.829511172 [32m    1[00m 0x7f9bf8000f70 [37mTRACE  [00m [00;34m          GST_TRACER :0::[00m latency_tracer_pipeline, frame_latency=(double)69.727044, avg=(double)49.302123, min=(double)0.035593, max=(double)71.862377, latency=(double)18.532963, fps=(double)53.957912, frame_num=(uint)99;
0:00:04.830016668 [32m    1[00m 0x7f9bf8000f70 [37mTRACE  [00m [00;34m          GST_TRACER :0::[00m latency_tracer_pipeline, frame_latency=(double)36.561827, avg=(double)49.174721, min=(double)0.035593, max=(double)71.862377, latency=(double)18.352679, fps=(double)54.487958, frame_num=(uint)100;
0:00:04.866116934 [32m    1[00m 0x7f9bf8000f70 [37mTRACE  [00m [00;34m          GST_TRACER :0::[00m latency_tracer_pipeline, frame_latency=(double)66.402358, avg=(double)49.345291, min=(double)0.035593, max=(double)71.862377, latency=(double)18.528340, fps=(double)53.971377, frame_num=(uint)101;
0:00:04.867541252 [32m    1[00m 0x7f9bf8000f70 [37mTRACE  [00m [00;34m          GST_TRACER :0::[00m latency_tracer_pipeline, frame_latency=(double)35.588836, avg=(double)49.210424, min=(double)0.035593, max=(double)71.862377, latency=(double)18.360651, fps=(double)54.464299, frame_num=(uint)102;
0:00:04.902807279 [32m    1[00m 0x7f9bf8000f70 [37mTRACE  [00m [00;34m          GST_TRACER :0::[00m latency_tracer_pipeline, frame_latency=(double)64.835523, avg=(double)49.362124, min=(double)0.035593, max=(double)71.862377, latency=(double)18.524803, fps=(double)53.981682, frame_num=(uint)103;
0:00:04.904099345 [32m    1[00m 0x7f9bf8000f70 [37mTRACE  [00m [00;34m          GST_TRACER :0::[00m latency_tracer_pipeline, frame_latency=(double)36.118220, avg=(double)49.234779, min=(double)0.035593, max=(double)71.862377, latency=(double)18.359136, fps=(double)54.468793, frame_num=(uint)104;
0:00:04.938767758 [32m    1[00m 0x7f9bf8000f70 [37mTRACE  [00m [00;34m          GST_TRACER :0::[00m latency_tracer_pipeline, frame_latency=(double)63.715904, avg=(double)49.372694, min=(double)0.035593, max=(double)71.862377, latency=(double)18.514381, fps=(double)54.012068, frame_num=(uint)105;
0:00:04.939208896 [32m    1[00m 0x7f9bf8000f70 [37mTRACE  [00m [00;34m          GST_TRACER :0::[00m latency_tracer_pipeline, frame_latency=(double)34.924035, avg=(double)49.236386, min=(double)0.035593, max=(double)71.862377, latency=(double)18.344033, fps=(double)54.513640, frame_num=(uint)106;
0:00:04.975269573 [32m    1[00m 0x7f9bf8000f70 [37mTRACE  [00m [00;34m          GST_TRACER :0::[00m latency_tracer_pipeline, frame_latency=(double)66.579855, avg=(double)49.398475, min=(double)0.035593, max=(double)71.862377, latency=(double)18.509551, fps=(double)54.026161, frame_num=(uint)107;
0:00:04.976811654 [32m    1[00m 0x7f9bf8000f70 [37mTRACE  [00m [00;34m          GST_TRACER :0::[00m latency_tracer_pipeline, frame_latency=(double)37.059448, avg=(double)49.284224, min=(double)0.035593, max=(double)71.862377, latency=(double)18.352487, fps=(double)54.488528, frame_num=(uint)108;
0:00:05.013513237 [32m    1[00m 0x7f9bf8000f70 [37mTRACE  [00m [00;34m          GST_TRACER :0::[00m latency_tracer_pipeline, frame_latency=(double)64.598144, avg=(double)49.424719, min=(double)0.035593, max=(double)71.862377, latency=(double)18.520727, fps=(double)53.993562, frame_num=(uint)109;
0:00:05.014333382 [32m    1[00m 0x7f9bf8000f70 [37mTRACE  [00m [00;34m          GST_TRACER :0::[00m latency_tracer_pipeline, frame_latency=(double)33.436183, avg=(double)49.279369, min=(double)0.035593, max=(double)71.862377, latency=(double)18.359912, fps=(double)54.466492, frame_num=(uint)110;
0:00:05.050420219 [32m    1[00m 0x7f9bf8000f70 [37mTRACE  [00m [00;34m          GST_TRACER :0::[00m latency_tracer_pipeline, frame_latency=(double)63.313132, avg=(double)49.405799, min=(double)0.035593, max=(double)71.862377, latency=(double)18.519461, fps=(double)53.997251, frame_num=(uint)111;
0:00:05.050450303 [32m    1[00m 0x7f9bf8000f70 [37mTRACE  [00m [00;34m          GST_TRACER :0::[00m latency_tracer_pipeline_interval, interval=(double)1028.596843, avg=(double)50.077707, min=(double)29.764723, max=(double)71.862377, latency=(double)18.367801, fps=(double)54.443099;
FpsCounter(last 1.03sec): total=435.56 fps, number-streams=8, per-stream=54.44 fps (53.47, 54.44, 56.39, 53.47, 55.42, 52.50, 55.42, 54.44)
latency: -1760.21ms (-1735.45, -1802.01, -1745.15, -1778.26, -1785.40, -1758.29, -1727.52, -1750.11)
0:00:05.088422516 [32m    1[00m 0x7f9bf8000f70 [37mTRACE  [00m [00;34m          GST_TRACER :0::[00m latency_tracer_pipeline, frame_latency=(double)68.762481, avg=(double)49.578627, min=(double)0.035593, max=(double)71.862377, latency=(double)18.693477, fps=(double)53.494597, frame_num=(uint)112;
0:00:05.089296847 [32m    1[00m 0x7f9bf8000f70 [37mTRACE  [00m [00;34m          GST_TRACER :0::[00m latency_tracer_pipeline, frame_latency=(double)38.204094, avg=(double)49.477967, min=(double)0.035593, max=(double)71.862377, latency=(double)18.535750, fps=(double)53.949800, frame_num=(uint)113;
0:00:05.125634224 [32m    1[00m 0x7f9bf8000f70 [37mTRACE  [00m [00;34m          GST_TRACER :0::[00m latency_tracer_pipeline, frame_latency=(double)65.885026, avg=(double)49.621889, min=(double)0.035593, max=(double)71.862377, latency=(double)18.691890, fps=(double)53.499139, frame_num=(uint)114;
0:00:05.125970594 [32m    1[00m 0x7f9bf8000f70 [37mTRACE  [00m [00;34m          GST_TRACER :0::[00m latency_tracer_pipeline, frame_latency=(double)35.565250, avg=(double)49.499657, min=(double)0.035593, max=(double)71.862377, latency=(double)18.532470, fps=(double)53.959349, frame_num=(uint)115;
0:00:05.162836373 [32m    1[00m 0x7f9bf8000f70 [37mTRACE  [00m [00;34m          GST_TRACER :0::[00m latency_tracer_pipeline, frame_latency=(double)65.521856, avg=(double)49.637779, min=(double)0.035593, max=(double)71.862377, latency=(double)18.690372, fps=(double)53.503482, frame_num=(uint)116;
0:00:05.163620123 [32m    1[00m 0x7f9bf8000f70 [37mTRACE  [00m [00;34m          GST_TRACER :0::[00m latency_tracer_pipeline, frame_latency=(double)36.717198, avg=(double)49.527347, min=(double)0.035593, max=(double)71.862377, latency=(double)18.537361, fps=(double)53.945111, frame_num=(uint)117;
0:00:05.198970863 [32m    1[00m 0x7f9bf8000f70 [37mTRACE  [00m [00;34m          GST_TRACER :0::[00m latency_tracer_pipeline, frame_latency=(double)65.461102, avg=(double)49.662379, min=(double)0.035593, max=(double)71.862377, latency=(double)18.679673, fps=(double)53.534127, frame_num=(uint)118;
0:00:05.199876613 [32m    1[00m 0x7f9bf8000f70 [37mTRACE  [00m [00;34m          GST_TRACER :0::[00m latency_tracer_pipeline, frame_latency=(double)36.664455, avg=(double)49.553153, min=(double)0.035593, max=(double)71.862377, latency=(double)18.530436, fps=(double)53.965270, frame_num=(uint)119;
0:00:05.235358489 [32m    1[00m 0x7f9bf8000f70 [37mTRACE  [00m [00;34m          GST_TRACER :0::[00m latency_tracer_pipeline, frame_latency=(double)67.456539, avg=(double)49.702347, min=(double)0.035593, max=(double)71.862377, latency=(double)18.671722, fps=(double)53.556925, frame_num=(uint)120;
0:00:05.236649633 [32m    1[00m 0x7f9bf8000f70 [37mTRACE  [00m [00;34m          GST_TRACER :0::[00m latency_tracer_pipeline, frame_latency=(double)37.326048, avg=(double)49.600064, min=(double)0.035593, max=(double)71.862377, latency=(double)18.528094, fps=(double)53.972093, frame_num=(uint)121;
0:00:05.236684556 [32m    1[00m 0x7f9bf8000f70 [37mTRACE  [00m [00;34m          GST_TRACER :0::[00m latency_tracer_pipeline, frame_latency=(double)32.164785, avg=(double)49.457152, min=(double)0.035593, max=(double)71.862377, latency=(double)18.376596, fps=(double)54.417042, frame_num=(uint)122;
0:00:05.271264808 [32m    1[00m 0x7f9bf8000f70 [37mTRACE  [00m [00;34m          GST_TRACER :0::[00m latency_tracer_pipeline, frame_latency=(double)59.429176, avg=(double)49.538225, min=(double)0.035593, max=(double)71.862377, latency=(double)18.508215, fps=(double)54.030063, frame_num=(uint)123;
0:00:05.272193948 [32m    1[00m 0x7f9bf8000f70 [37mTRACE  [00m [00;34m          GST_TRACER :0::[00m latency_tracer_pipeline, frame_latency=(double)32.384411, avg=(double)49.399888, min=(double)0.035593, max=(double)71.862377, latency=(double)18.366559, fps=(double)54.446781, frame_num=(uint)124;
0:00:05.307351362 [32m    1[00m 0x7f9bf8000f70 [37mTRACE  [00m [00;34m          GST_TRACER :0::[00m latency_tracer_pipeline, frame_latency=(double)61.214687, avg=(double)49.494406, min=(double)0.035593, max=(double)71.862377, latency=(double)18.500791, fps=(double)54.051743, frame_num=(uint)125;
0:00:05.308533909 [32m    1[00m 0x7f9bf8000f70 [37mTRACE  [00m [00;34m          GST_TRACER :0::[00m latency_tracer_pipeline, frame_latency=(double)31.684712, avg=(double)49.353060, min=(double)0.035593, max=(double)71.862377, latency=(double)18.363324, fps=(double)54.456371, frame_num=(uint)126;
0:00:05.346423334 [32m    1[00m 0x7f9bf8000f70 [37mTRACE  [00m [00;34m          GST_TRACER :0::[00m latency_tracer_pipeline, frame_latency=(double)64.214214, avg=(double)49.470077, min=(double)0.035593, max=(double)71.862377, latency=(double)18.517048, fps=(double)54.004290, frame_num=(uint)127;
0:00:05.380100952 [32m    1[00m 0x7f9bf8000f70 [37mTRACE  [00m [00;34m          GST_TRACER :0::[00m latency_tracer_pipeline, frame_latency=(double)67.491743, avg=(double)49.610871, min=(double)0.035593, max=(double)71.862377, latency=(double)18.635510, fps=(double)53.660993, frame_num=(uint)128;
0:00:05.382144111 [32m    1[00m 0x7f9bf8000f70 [37mTRACE  [00m [00;34m          GST_TRACER :0::[00m latency_tracer_pipeline, frame_latency=(double)38.489253, avg=(double)49.524657, min=(double)0.035593, max=(double)71.862377, latency=(double)18.507024, fps=(double)54.033539, frame_num=(uint)129;
0:00:05.416059570 [32m    1[00m 0x7f9bf8000f70 [37mTRACE  [00m [00;34m          GST_TRACER :0::[00m latency_tracer_pipeline, frame_latency=(double)65.641867, avg=(double)49.648635, min=(double)0.035593, max=(double)71.862377, latency=(double)18.625397, fps=(double)53.690130, frame_num=(uint)130;
0:00:05.418138806 [32m    1[00m 0x7f9bf8000f70 [37mTRACE  [00m [00;34m          GST_TRACER :0::[00m latency_tracer_pipeline, frame_latency=(double)37.996533, avg=(double)49.559688, min=(double)0.035593, max=(double)71.862377, latency=(double)18.499217, fps=(double)54.056342, frame_num=(uint)131;
0:00:05.453140747 [32m    1[00m 0x7f9bf8000f70 [37mTRACE  [00m [00;34m          GST_TRACER :0::[00m latency_tracer_pipeline, frame_latency=(double)63.662251, avg=(double)49.666526, min=(double)0.035593, max=(double)71.862377, latency=(double)18.624120, fps=(double)53.693811, frame_num=(uint)132;
0:00:05.455143035 [32m    1[00m 0x7f9bf8000f70 [37mTRACE  [00m [00;34m          GST_TRACER :0::[00m latency_tracer_pipeline, frame_latency=(double)37.054121, avg=(double)49.571695, min=(double)0.035593, max=(double)71.862377, latency=(double)18.499173, fps=(double)54.056472, frame_num=(uint)133;
0:00:05.490965695 [32m    1[00m 0x7f9bf8000f70 [37mTRACE  [00m [00;34m          GST_TRACER :0::[00m latency_tracer_pipeline, frame_latency=(double)66.588112, avg=(double)49.698684, min=(double)0.035593, max=(double)71.862377, latency=(double)18.628314, fps=(double)53.681722, frame_num=(uint)134;
0:00:05.529471386 [32m    1[00m 0x7f9bf8000f70 [37mTRACE  [00m [00;34m          GST_TRACER :0::[00m latency_tracer_pipeline, frame_latency=(double)73.898687, avg=(double)49.877943, min=(double)0.035593, max=(double)73.898687, latency=(double)18.775759, fps=(double)53.260164, frame_num=(uint)135;
0:00:05.530320722 [32m    1[00m 0x7f9bf8000f70 [37mTRACE  [00m [00;34m          GST_TRACER :0::[00m latency_tracer_pipeline, frame_latency=(double)38.000692, avg=(double)49.790610, min=(double)0.035593, max=(double)73.898687, latency=(double)18.643974, fps=(double)53.636634, frame_num=(uint)136;
0:00:05.567504249 [32m    1[00m 0x7f9bf8000f70 [37mTRACE  [00m [00;34m          GST_TRACER :0::[00m latency_tracer_pipeline, frame_latency=(double)62.403128, avg=(double)49.882672, min=(double)0.035593, max=(double)73.898687, latency=(double)18.779072, fps=(double)53.250767, frame_num=(uint)137;
0:00:05.603924279 [32m    1[00m 0x7f9bf8000f70 [37mTRACE  [00m [00;34m          GST_TRACER :0::[00m latency_tracer_pipeline, frame_latency=(double)68.281016, avg=(double)50.015994, min=(double)0.035593, max=(double)73.898687, latency=(double)18.907024, fps=(double)52.890397, frame_num=(uint)138;
0:00:05.604734053 [32m    1[00m 0x7f9bf8000f70 [37mTRACE  [00m [00;34m          GST_TRACER :0::[00m latency_tracer_pipeline, frame_latency=(double)33.754395, avg=(double)49.899004, min=(double)0.035593, max=(double)73.898687, latency=(double)18.776904, fps=(double)53.256916, frame_num=(uint)139;
0:00:05.642480900 [32m    1[00m 0x7f9bf8000f70 [37mTRACE  [00m [00;34m          GST_TRACER :0::[00m latency_tracer_pipeline, frame_latency=(double)64.727558, avg=(double)50.004922, min=(double)0.035593, max=(double)73.898687, latency=(double)18.912290, fps=(double)52.875670, frame_num=(uint)140;
0:00:05.643626111 [32m    1[00m 0x7f9bf8000f70 [37mTRACE  [00m [00;34m          GST_TRACER :0::[00m latency_tracer_pipeline, frame_latency=(double)36.114658, avg=(double)49.906409, min=(double)0.035593, max=(double)73.898687, latency=(double)18.786388, fps=(double)53.230030, frame_num=(uint)141;
0:00:05.680342852 [32m    1[00m 0x7f9bf8000f70 [37mTRACE  [00m [00;34m          GST_TRACER :0::[00m latency_tracer_pipeline, frame_latency=(double)67.418987, avg=(double)50.029737, min=(double)0.035593, max=(double)73.898687, latency=(double)18.912590, fps=(double)52.874831, frame_num=(uint)142;
0:00:05.682651356 [32m    1[00m 0x7f9bf8000f70 [37mTRACE  [00m [00;34m          GST_TRACER :0::[00m latency_tracer_pipeline, frame_latency=(double)37.849346, avg=(double)49.944560, min=(double)0.035593, max=(double)73.898687, latency=(double)18.796464, fps=(double)53.201495, frame_num=(uint)143;
0:00:05.717973159 [32m    1[00m 0x7f9bf8000f70 [37mTRACE  [00m [00;34m          GST_TRACER :0::[00m latency_tracer_pipeline, frame_latency=(double)65.898156, avg=(double)50.055349, min=(double)0.035593, max=(double)73.898687, latency=(double)18.911120, fps=(double)52.878940, frame_num=(uint)144;
0:00:05.718814848 [32m    1[00m 0x7f9bf8000f70 [37mTRACE  [00m [00;34m          GST_TRACER :0::[00m latency_tracer_pipeline, frame_latency=(double)36.524941, avg=(double)49.962036, min=(double)0.035593, max=(double)73.898687, latency=(double)18.786635, fps=(double)53.229331, frame_num=(uint)145;
0:00:05.754791569 [32m    1[00m 0x7f9bf8000f70 [37mTRACE  [00m [00;34m          GST_TRACER :0::[00m latency_tracer_pipeline, frame_latency=(double)64.137079, avg=(double)50.059125, min=(double)0.035593, max=(double)73.898687, latency=(double)18.904358, fps=(double)52.897855, frame_num=(uint)146;
0:00:05.755771677 [32m    1[00m 0x7f9bf8000f70 [37mTRACE  [00m [00;34m          GST_TRACER :0::[00m latency_tracer_pipeline, frame_latency=(double)34.634069, avg=(double)49.954193, min=(double)0.035593, max=(double)73.898687, latency=(double)18.782469, fps=(double)53.241138, frame_num=(uint)147;
0:00:05.792351414 [32m    1[00m 0x7f9bf8000f70 [37mTRACE  [00m [00;34m          GST_TRACER :0::[00m latency_tracer_pipeline, frame_latency=(double)65.392231, avg=(double)50.058504, min=(double)0.035593, max=(double)73.898687, latency=(double)18.902653, fps=(double)52.902626, frame_num=(uint)148;
0:00:05.792701180 [32m    1[00m 0x7f9bf8000f70 [37mTRACE  [00m [00;34m          GST_TRACER :0::[00m latency_tracer_pipeline, frame_latency=(double)37.526320, avg=(double)49.974395, min=(double)0.035593, max=(double)73.898687, latency=(double)18.778197, fps=(double)53.253249, frame_num=(uint)149;
0:00:05.829711322 [32m    1[00m 0x7f9bf8000f70 [37mTRACE  [00m [00;34m          GST_TRACER :0::[00m latency_tracer_pipeline, frame_latency=(double)65.102590, avg=(double)50.075250, min=(double)0.035593, max=(double)73.898687, latency=(double)18.899711, fps=(double)52.910863, frame_num=(uint)150;
0:00:05.830590097 [32m    1[00m 0x7f9bf8000f70 [37mTRACE  [00m [00;34m          GST_TRACER :0::[00m latency_tracer_pipeline, frame_latency=(double)35.061636, avg=(double)49.975822, min=(double)0.035593, max=(double)73.898687, latency=(double)18.780363, fps=(double)53.247108, frame_num=(uint)151;
0:00:05.866082972 [32m    1[00m 0x7f9bf8000f70 [37mTRACE  [00m [00;34m          GST_TRACER :0::[00m latency_tracer_pipeline, frame_latency=(double)64.092474, avg=(double)50.068695, min=(double)0.035593, max=(double)73.898687, latency=(double)18.890369, fps=(double)52.937029, frame_num=(uint)152;
0:00:05.867174593 [32m    1[00m 0x7f9bf8000f70 [37mTRACE  [00m [00;34m          GST_TRACER :0::[00m latency_tracer_pipeline, frame_latency=(double)35.376364, avg=(double)49.972666, min=(double)0.035593, max=(double)73.898687, latency=(double)18.774059, fps=(double)53.264988, frame_num=(uint)153;
0:00:05.903189176 [32m    1[00m 0x7f9bf8000f70 [37mTRACE  [00m [00;34m          GST_TRACER :0::[00m latency_tracer_pipeline, frame_latency=(double)66.126179, avg=(double)50.077559, min=(double)0.035593, max=(double)73.898687, latency=(double)18.885915, fps=(double)52.949513, frame_num=(uint)154;
0:00:05.904297384 [32m    1[00m 0x7f9bf8000f70 [37mTRACE  [00m [00;34m          GST_TRACER :0::[00m latency_tracer_pipeline, frame_latency=(double)36.107196, avg=(double)49.987428, min=(double)0.035593, max=(double)73.898687, latency=(double)18.771325, fps=(double)53.272746, frame_num=(uint)155;
0:00:05.938675317 [32m    1[00m 0x7f9bf8000f70 [37mTRACE  [00m [00;34m          GST_TRACER :0::[00m latency_tracer_pipeline, frame_latency=(double)57.879613, avg=(double)50.038019, min=(double)0.035593, max=(double)73.898687, latency=(double)18.871277, fps=(double)52.990584, frame_num=(uint)156;
0:00:05.940749495 [32m    1[00m 0x7f9bf8000f70 [37mTRACE  [00m [00;34m          GST_TRACER :0::[00m latency_tracer_pipeline, frame_latency=(double)33.680122, avg=(double)49.933828, min=(double)0.035593, max=(double)73.898687, latency=(double)18.764346, fps=(double)53.292558, frame_num=(uint)157;
0:00:05.974565974 [32m    1[00m 0x7f9bf8000f70 [37mTRACE  [00m [00;34m          GST_TRACER :0::[00m latency_tracer_pipeline, frame_latency=(double)61.990021, avg=(double)50.010133, min=(double)0.035593, max=(double)73.898687, latency=(double)18.859556, fps=(double)53.023516, frame_num=(uint)158;
0:00:06.010527930 [32m    1[00m 0x7f9bf8000f70 [37mTRACE  [00m [00;34m          GST_TRACER :0::[00m latency_tracer_pipeline, frame_latency=(double)67.630074, avg=(double)50.120951, min=(double)0.035593, max=(double)73.898687, latency=(double)18.967163, fps=(double)52.722698, frame_num=(uint)159;
0:00:06.012983123 [32m    1[00m 0x7f9bf8000f70 [37mTRACE  [00m [00;34m          GST_TRACER :0::[00m latency_tracer_pipeline, frame_latency=(double)38.077403, avg=(double)50.045678, min=(double)0.035593, max=(double)73.898687, latency=(double)18.863997, fps=(double)53.011034, frame_num=(uint)160;
0:00:06.046778856 [32m    1[00m 0x7f9bf8000f70 [37mTRACE  [00m [00;34m          GST_TRACER :0::[00m latency_tracer_pipeline, frame_latency=(double)63.635280, avg=(double)50.130086, min=(double)0.035593, max=(double)73.898687, latency=(double)18.956728, fps=(double)52.751718, frame_num=(uint)161;
0:00:06.049514931 [32m    1[00m 0x7f9bf8000f70 [37mTRACE  [00m [00;34m          GST_TRACER :0::[00m latency_tracer_pipeline, frame_latency=(double)35.722766, avg=(double)50.041152, min=(double)0.035593, max=(double)73.898687, latency=(double)18.856558, fps=(double)53.031948, frame_num=(uint)162;
0:00:06.081458024 [32m    1[00m 0x7f9bf8000f70 [37mTRACE  [00m [00;34m          GST_TRACER :0::[00m latency_tracer_pipeline, frame_latency=(double)61.765352, avg=(double)50.113079, min=(double)0.035593, max=(double)73.898687, latency=(double)18.936904, fps=(double)52.806942, frame_num=(uint)163;
0:00:06.081467558 [32m    1[00m 0x7f9bf8000f70 [37mTRACE  [00m [00;34m          GST_TRACER :0::[00m latency_tracer_pipeline_interval, interval=(double)1031.055177, avg=(double)51.622851, min=(double)31.684712, max=(double)73.898687, latency=(double)19.827984, fps=(double)50.433770;
FpsCounter(last 1.03sec): total=434.49 fps, number-streams=8, per-stream=54.31 fps (50.43, 55.28, 57.22, 52.37, 56.25, 56.25, 54.31, 52.37)
latency: -2969.19ms (-2843.42, -3042.82, -3064.73, -2899.73, -3048.35, -2962.74, -2950.58, -2918.85)
0:00:06.083782087 [32m    1[00m 0x7f9bf8000f70 [37mTRACE  [00m [00;34m          GST_TRACER :0::[00m latency_tracer_pipeline, frame_latency=(double)34.841331, avg=(double)50.019959, min=(double)0.035593, max=(double)73.898687, latency=(double)18.835600, fps=(double)53.090954, frame_num=(uint)164;
0:00:06.117664810 [32m    1[00m 0x7f9bf8000f70 [37mTRACE  [00m [00;34m          GST_TRACER :0::[00m latency_tracer_pipeline, frame_latency=(double)64.790908, avg=(double)50.109480, min=(double)0.035593, max=(double)73.898687, latency=(double)18.926723, fps=(double)52.835348, frame_num=(uint)165;
0:00:06.118576248 [32m    1[00m 0x7f9bf8000f70 [37mTRACE  [00m [00;34m          GST_TRACER :0::[00m latency_tracer_pipeline, frame_latency=(double)35.469345, avg=(double)50.021286, min=(double)0.035593, max=(double)73.898687, latency=(double)18.818218, fps=(double)53.139993, frame_num=(uint)166;
0:00:06.154235430 [32m    1[00m 0x7f9bf8000f70 [37mTRACE  [00m [00;34m          GST_TRACER :0::[00m latency_tracer_pipeline, frame_latency=(double)65.444616, avg=(double)50.113642, min=(double)0.035593, max=(double)73.898687, latency=(double)18.919107, fps=(double)52.856618, frame_num=(uint)167;
0:00:06.191159223 [32m    1[00m 0x7f9bf8000f70 [37mTRACE  [00m [00;34m          GST_TRACER :0::[00m latency_tracer_pipeline, frame_latency=(double)71.503144, avg=(double)50.240960, min=(double)0.035593, max=(double)73.898687, latency=(double)19.026202, fps=(double)52.559097, frame_num=(uint)168;
0:00:06.192182725 [32m    1[00m 0x7f9bf8000f70 [37mTRACE  [00m [00;34m          GST_TRACER :0::[00m latency_tracer_pipeline, frame_latency=(double)37.669060, avg=(double)50.166570, min=(double)0.035593, max=(double)73.898687, latency=(double)18.919662, fps=(double)52.855067, frame_num=(uint)169;
0:00:06.192228426 [32m    1[00m 0x7f9bf8000f70 [37mTRACE  [00m [00;34m          GST_TRACER :0::[00m latency_tracer_pipeline, frame_latency=(double)30.277334, avg=(double)50.049575, min=(double)0.035593, max=(double)73.898687, latency=(double)18.808748, fps=(double)53.166750, frame_num=(uint)170;
0:00:06.228444040 [32m    1[00m 0x7f9bf8000f70 [37mTRACE  [00m [00;34m          GST_TRACER :0::[00m latency_tracer_pipeline, frame_latency=(double)63.691661, avg=(double)50.129353, min=(double)0.035593, max=(double)73.898687, latency=(double)18.910467, fps=(double)52.880767, frame_num=(uint)171;
0:00:06.229716217 [32m    1[00m 0x7f9bf8000f70 [37mTRACE  [00m [00;34m          GST_TRACER :0::[00m latency_tracer_pipeline, frame_latency=(double)31.658967, avg=(double)50.021967, min=(double)0.035593, max=(double)73.898687, latency=(double)18.807989, fps=(double)53.168894, frame_num=(uint)172;
0:00:06.264662350 [32m    1[00m 0x7f9bf8000f70 [37mTRACE  [00m [00;34m          GST_TRACER :0::[00m latency_tracer_pipeline, frame_latency=(double)58.560365, avg=(double)50.071322, min=(double)0.035593, max=(double)73.898687, latency=(double)18.901238, fps=(double)52.906587, frame_num=(uint)173;
0:00:06.300655928 [32m    1[00m 0x7f9bf8000f70 [37mTRACE  [00m [00;34m          GST_TRACER :0::[00m latency_tracer_pipeline, frame_latency=(double)67.359853, avg=(double)50.170681, min=(double)0.035593, max=(double)73.898687, latency=(double)18.999436, fps=(double)52.633141, frame_num=(uint)174;
0:00:06.302793649 [32m    1[00m 0x7f9bf8000f70 [37mTRACE  [00m [00;34m          GST_TRACER :0::[00m latency_tracer_pipeline, frame_latency=(double)37.717927, avg=(double)50.099523, min=(double)0.035593, max=(double)73.898687, latency=(double)18.903151, fps=(double)52.901232, frame_num=(uint)175;
FpsCounter(average 1.03sec): total=433.88 fps, number-streams=8, per-stream=54.23 fps (50.47, 53.39, 57.27, 52.41, 56.30, 57.27, 53.39, 53.39)
0:00:06.337516380 [32m    1[00m 0x7f9bf8000f70 [37mTRACE  [00m [00;34m          GST_TRACER :0::[00m latency_tracer_pipeline, frame_latency=(double)66.544789, avg=(double)50.192962, min=(double)0.035593, max=(double)73.898687, latency=(double)18.993033, fps=(double)52.650885, frame_num=(uint)176;
0:00:06.338539025 [32m    1[00m 0x7f9bf8000f70 [37mTRACE  [00m [00;34m          GST_TRACER :0::[00m latency_tracer_pipeline, frame_latency=(double)37.520734, avg=(double)50.121367, min=(double)0.035593, max=(double)73.898687, latency=(double)18.891504, fps=(double)52.933847, frame_num=(uint)177;
0:00:06.375089012 [32m    1[00m 0x7f9bf8000f70 [37mTRACE  [00m [00;34m          GST_TRACER :0::[00m latency_tracer_pipeline, frame_latency=(double)67.240541, avg=(double)50.217542, min=(double)0.035593, max=(double)73.898687, latency=(double)18.990689, fps=(double)52.657384, frame_num=(uint)178;
0:00:06.376143092 [32m    1[00m 0x7f9bf8000f70 [37mTRACE  [00m [00;34m          GST_TRACER :0::[00m latency_tracer_pipeline, frame_latency=(double)37.742060, avg=(double)50.147847, min=(double)0.035593, max=(double)73.898687, latency=(double)18.890521, fps=(double)52.936601, frame_num=(uint)179;
0:00:06.414698755 [32m    1[00m 0x7f9bf8000f70 [37mTRACE  [00m [00;34m          GST_TRACER :0::[00m latency_tracer_pipeline, frame_latency=(double)66.361842, avg=(double)50.237925, min=(double)0.035593, max=(double)73.898687, latency=(double)18.999721, fps=(double)52.632352, frame_num=(uint)180;
0:00:06.415432144 [32m    1[00m 0x7f9bf8000f70 [37mTRACE  [00m [00;34m          GST_TRACER :0::[00m latency_tracer_pipeline, frame_latency=(double)36.853372, avg=(double)50.163977, min=(double)0.035593, max=(double)73.898687, latency=(double)18.898842, fps=(double)52.913295, frame_num=(uint)181;
0:00:06.451983918 [32m    1[00m 0x7f9bf8000f70 [37mTRACE  [00m [00;34m          GST_TRACER :0::[00m latency_tracer_pipeline, frame_latency=(double)64.183330, avg=(double)50.241006, min=(double)0.035593, max=(double)73.898687, latency=(double)18.995812, fps=(double)52.643184, frame_num=(uint)182;
0:00:06.452983328 [32m    1[00m 0x7f9bf8000f70 [37mTRACE  [00m [00;34m          GST_TRACER :0::[00m latency_tracer_pipeline, frame_latency=(double)35.087775, avg=(double)50.158202, min=(double)0.035593, max=(double)73.898687, latency=(double)18.897491, fps=(double)52.917077, frame_num=(uint)183;
0:00:06.488952393 [32m    1[00m 0x7f9bf8000f70 [37mTRACE  [00m [00;34m          GST_TRACER :0::[00m latency_tracer_pipeline, frame_latency=(double)64.490419, avg=(double)50.236094, min=(double)0.035593, max=(double)73.898687, latency=(double)18.990116, fps=(double)52.658972, frame_num=(uint)184;
0:00:06.490209134 [32m    1[00m 0x7f9bf8000f70 [37mTRACE  [00m [00;34m          GST_TRACER :0::[00m latency_tracer_pipeline, frame_latency=(double)35.787880, avg=(double)50.157996, min=(double)0.035593, max=(double)73.898687, latency=(double)18.894406, fps=(double)52.925719, frame_num=(uint)185;
0:00:06.526828615 [32m    1[00m 0x7f9bf8000f70 [37mTRACE  [00m [00;34m          GST_TRACER :0::[00m latency_tracer_pipeline, frame_latency=(double)66.960845, avg=(double)50.248334, min=(double)0.035593, max=(double)73.898687, latency=(double)18.989687, fps=(double)52.660164, frame_num=(uint)186;
0:00:06.526853164 [32m    1[00m 0x7f9bf8000f70 [37mTRACE  [00m [00;34m          GST_TRACER :0::[00m latency_tracer_pipeline, frame_latency=(double)36.898747, avg=(double)50.176945, min=(double)0.035593, max=(double)73.898687, latency=(double)18.888323, fps=(double)52.942762, frame_num=(uint)187;
0:00:06.528469904 [32m    1[00m 0x7f9bf8000f70 [37mTRACE  [00m [00;34m          GST_TRACER :0::[00m latency_tracer_pipeline, frame_latency=(double)35.155921, avg=(double)50.097046, min=(double)0.035593, max=(double)73.898687, latency=(double)18.796340, fps=(double)53.201847, frame_num=(uint)188;
0:00:06.563145565 [32m    1[00m 0x7f9bf8000f70 [37mTRACE  [00m [00;34m          GST_TRACER :0::[00m latency_tracer_pipeline, frame_latency=(double)61.621066, avg=(double)50.158020, min=(double)0.035593, max=(double)73.898687, latency=(double)18.880379, fps=(double)52.965039, frame_num=(uint)189;
0:00:06.564404047 [32m    1[00m 0x7f9bf8000f70 [37mTRACE  [00m [00;34m          GST_TRACER :0::[00m latency_tracer_pipeline, frame_latency=(double)34.553896, avg=(double)50.075893, min=(double)0.035593, max=(double)73.898687, latency=(double)18.787629, fps=(double)53.226515, frame_num=(uint)190;
0:00:06.599514802 [32m    1[00m 0x7f9bf8000f70 [37mTRACE  [00m [00;34m          GST_TRACER :0::[00m latency_tracer_pipeline, frame_latency=(double)63.904963, avg=(double)50.148296, min=(double)0.035593, max=(double)73.898687, latency=(double)18.873086, fps=(double)52.985506, frame_num=(uint)191;
0:00:06.601090479 [32m    1[00m 0x7f9bf8000f70 [37mTRACE  [00m [00;34m          GST_TRACER :0::[00m latency_tracer_pipeline, frame_latency=(double)34.258453, avg=(double)50.065537, min=(double)0.035593, max=(double)73.898687, latency=(double)18.782990, fps=(double)53.239661, frame_num=(uint)192;
0:00:06.636755800 [32m    1[00m 0x7f9bf8000f70 [37mTRACE  [00m [00;34m          GST_TRACER :0::[00m latency_tracer_pipeline, frame_latency=(double)64.197538, avg=(double)50.138760, min=(double)0.035593, max=(double)73.898687, latency=(double)18.870466, fps=(double)52.992861, frame_num=(uint)193;
0:00:06.637596205 [32m    1[00m 0x7f9bf8000f70 [37mTRACE  [00m [00;34m          GST_TRACER :0::[00m latency_tracer_pipeline, frame_latency=(double)33.574512, avg=(double)50.053377, min=(double)0.035593, max=(double)73.898687, latency=(double)18.777559, fps=(double)53.255060, frame_num=(uint)194;
0:00:06.673969304 [32m    1[00m 0x7f9bf8000f70 [37mTRACE  [00m [00;34m          GST_TRACER :0::[00m latency_tracer_pipeline, frame_latency=(double)60.464436, avg=(double)50.106767, min=(double)0.035593, max=(double)73.898687, latency=(double)18.867698, fps=(double)53.000635, frame_num=(uint)195;
0:00:06.675202721 [32m    1[00m 0x7f9bf8000f70 [37mTRACE  [00m [00;34m          GST_TRACER :0::[00m latency_tracer_pipeline, frame_latency=(double)33.147810, avg=(double)50.020242, min=(double)0.035593, max=(double)73.898687, latency=(double)18.777825, fps=(double)53.254305, frame_num=(uint)196;
0:00:06.711432924 [32m    1[00m 0x7f9bf8000f70 [37mTRACE  [00m [00;34m          GST_TRACER :0::[00m latency_tracer_pipeline, frame_latency=(double)59.602872, avg=(double)50.068885, min=(double)0.035593, max=(double)73.898687, latency=(double)18.866431, fps=(double)53.004194, frame_num=(uint)197;
0:00:06.712635148 [32m    1[00m 0x7f9bf8000f70 [37mTRACE  [00m [00;34m          GST_TRACER :0::[00m latency_tracer_pipeline, frame_latency=(double)32.856114, avg=(double)49.981951, min=(double)0.035593, max=(double)73.898687, latency=(double)18.777239, fps=(double)53.255967, frame_num=(uint)198;
0:00:06.749691065 [32m    1[00m 0x7f9bf8000f70 [37mTRACE  [00m [00;34m          GST_TRACER :0::[00m latency_tracer_pipeline, frame_latency=(double)61.977504, avg=(double)50.042230, min=(double)0.035593, max=(double)73.898687, latency=(double)18.869061, fps=(double)52.996807, frame_num=(uint)199;
0:00:06.750645457 [32m    1[00m 0x7f9bf8000f70 [37mTRACE  [00m [00;34m          GST_TRACER :0::[00m latency_tracer_pipeline, frame_latency=(double)32.098763, avg=(double)49.952513, min=(double)0.035593, max=(double)73.898687, latency=(double)18.779516, fps=(double)53.249508, frame_num=(uint)200;
0:00:06.787656054 [32m    1[00m 0x7f9bf8000f70 [37mTRACE  [00m [00;34m          GST_TRACER :0::[00m latency_tracer_pipeline, frame_latency=(double)61.339494, avg=(double)50.009165, min=(double)0.035593, max=(double)73.898687, latency=(double)18.870135, fps=(double)52.993791, frame_num=(uint)201;
0:00:06.788683486 [32m    1[00m 0x7f9bf8000f70 [37mTRACE  [00m [00;34m          GST_TRACER :0::[00m latency_tracer_pipeline, frame_latency=(double)33.467028, avg=(double)49.927273, min=(double)0.035593, max=(double)73.898687, latency=(double)18.781889, fps=(double)53.242782, frame_num=(uint)202;
0:00:06.825267885 [32m    1[00m 0x7f9bf8000f70 [37mTRACE  [00m [00;34m          GST_TRACER :0::[00m latency_tracer_pipeline, frame_latency=(double)59.947084, avg=(double)49.976632, min=(double)0.035593, max=(double)73.898687, latency=(double)18.869554, fps=(double)52.995423, frame_num=(uint)203;
0:00:06.862592091 [32m    1[00m 0x7f9bf8000f70 [37mTRACE  [00m [00;34m          GST_TRACER :0::[00m latency_tracer_pipeline, frame_latency=(double)70.928992, avg=(double)50.079339, min=(double)0.035593, max=(double)73.898687, latency=(double)18.960016, fps=(double)52.742573, frame_num=(uint)204;
0:00:06.865189795 [32m    1[00m 0x7f9bf8000f70 [37mTRACE  [00m [00;34m          GST_TRACER :0::[00m latency_tracer_pipeline, frame_latency=(double)39.786801, avg=(double)50.029132, min=(double)0.035593, max=(double)73.898687, latency=(double)18.880229, fps=(double)52.965459, frame_num=(uint)205;
0:00:06.899337038 [32m    1[00m 0x7f9bf8000f70 [37mTRACE  [00m [00;34m          GST_TRACER :0::[00m latency_tracer_pipeline, frame_latency=(double)67.422729, avg=(double)50.113567, min=(double)0.035593, max=(double)73.898687, latency=(double)18.954320, fps=(double)52.758421, frame_num=(uint)206;
0:00:06.901585233 [32m    1[00m 0x7f9bf8000f70 [37mTRACE  [00m [00;34m          GST_TRACER :0::[00m latency_tracer_pipeline, frame_latency=(double)38.701765, avg=(double)50.058437, min=(double)0.035593, max=(double)73.898687, latency=(double)18.873623, fps=(double)52.983999, frame_num=(uint)207;
0:00:06.936781190 [32m    1[00m 0x7f9bf8000f70 [37mTRACE  [00m [00;34m          GST_TRACER :0::[00m latency_tracer_pipeline, frame_latency=(double)68.289594, avg=(double)50.146087, min=(double)0.035593, max=(double)73.898687, latency=(double)18.952081, fps=(double)52.764653, frame_num=(uint)208;
0:00:06.937459130 [32m    1[00m 0x7f9bf8000f70 [37mTRACE  [00m [00;34m          GST_TRACER :0::[00m latency_tracer_pipeline, frame_latency=(double)38.086860, avg=(double)50.088387, min=(double)0.035593, max=(double)73.898687, latency=(double)18.864638, fps=(double)53.009232, frame_num=(uint)209;
0:00:06.974429155 [32m    1[00m 0x7f9bf8000f70 [37mTRACE  [00m [00;34m          GST_TRACER :0::[00m latency_tracer_pipeline, frame_latency=(double)68.290781, avg=(double)50.175066, min=(double)0.035593, max=(double)73.898687, latency=(double)18.950776, fps=(double)52.768288, frame_num=(uint)210;
0:00:06.975691114 [32m    1[00m 0x7f9bf8000f70 [37mTRACE  [00m [00;34m          GST_TRACER :0::[00m latency_tracer_pipeline, frame_latency=(double)38.887337, avg=(double)50.121569, min=(double)0.035593, max=(double)73.898687, latency=(double)18.867004, fps=(double)53.002587, frame_num=(uint)211;
0:00:06.975728545 [32m    1[00m 0x7f9bf8000f70 [37mTRACE  [00m [00;34m          GST_TRACER :0::[00m latency_tracer_pipeline, frame_latency=(double)32.279170, avg=(double)50.037407, min=(double)0.035593, max=(double)73.898687, latency=(double)18.778253, fps=(double)53.253090, frame_num=(uint)212;
0:00:07.013489638 [32m    1[00m 0x7f9bf8000f70 [37mTRACE  [00m [00;34m          GST_TRACER :0::[00m latency_tracer_pipeline, frame_latency=(double)63.111318, avg=(double)50.098787, min=(double)0.035593, max=(double)73.898687, latency=(double)18.867323, fps=(double)53.001689, frame_num=(uint)213;
0:00:07.050482190 [32m    1[00m 0x7f9bf8000f70 [37mTRACE  [00m [00;34m          GST_TRACER :0::[00m latency_tracer_pipeline, frame_latency=(double)66.128375, avg=(double)50.173691, min=(double)0.035593, max=(double)73.898687, latency=(double)18.952036, fps=(double)52.764781, frame_num=(uint)214;
0:00:07.050915444 [32m    1[00m 0x7f9bf8000f70 [37mTRACE  [00m [00;34m          GST_TRACER :0::[00m latency_tracer_pipeline, frame_latency=(double)37.188797, avg=(double)50.113297, min=(double)0.035593, max=(double)73.898687, latency=(double)18.865926, fps=(double)53.005614, frame_num=(uint)215;
FpsCounter(last 1.01sec): total=428.91 fps, number-streams=8, per-stream=53.61 fps (52.62, 54.61, 51.63, 52.62, 54.61, 55.60, 51.63, 55.60)
latency: -4153.44ms (-3929.35, -4241.81, -4275.02, -4058.00, -4279.44, -4216.36, -4110.48, -4109.36)
0:00:07.088789398 [32m    1[00m 0x7f9bf8000f70 [37mTRACE  [00m [00;34m          GST_TRACER :0::[00m latency_tracer_pipeline, frame_latency=(double)65.355481, avg=(double)50.183862, min=(double)0.035593, max=(double)73.898687, latency=(double)18.953862, fps=(double)52.759696, frame_num=(uint)216;
0:00:07.088805342 [32m    1[00m 0x7f9bf8000f70 [37mTRACE  [00m [00;34m          GST_TRACER :0::[00m latency_tracer_pipeline_interval, interval=(double)1007.318861, avg=(double)50.401553, min=(double)30.277334, max=(double)71.503144, latency=(double)19.006016, fps=(double)52.614919;
0:00:07.089631903 [32m    1[00m 0x7f9bf8000f70 [37mTRACE  [00m [00;34m          GST_TRACER :0::[00m latency_tracer_pipeline, frame_latency=(double)35.652903, avg=(double)50.116899, min=(double)0.035593, max=(double)73.898687, latency=(double)18.870453, fps=(double)52.992897, frame_num=(uint)217;
0:00:07.125282750 [32m    1[00m 0x7f9bf8000f70 [37mTRACE  [00m [00;34m          GST_TRACER :0::[00m latency_tracer_pipeline, frame_latency=(double)62.811520, avg=(double)50.175131, min=(double)0.035593, max=(double)73.898687, latency=(double)18.947379, fps=(double)52.777749, frame_num=(uint)218;
0:00:07.126527076 [32m    1[00m 0x7f9bf8000f70 [37mTRACE  [00m [00;34m          GST_TRACER :0::[00m latency_tracer_pipeline, frame_latency=(double)33.766258, avg=(double)50.100205, min=(double)0.035593, max=(double)73.898687, latency=(double)18.866567, fps=(double)53.003812, frame_num=(uint)219;
0:00:07.162965994 [32m    1[00m 0x7f9bf8000f70 [37mTRACE  [00m [00;34m          GST_TRACER :0::[00m latency_tracer_pipeline, frame_latency=(double)63.967620, avg=(double)50.163239, min=(double)0.035593, max=(double)73.898687, latency=(double)18.946374, fps=(double)52.780548, frame_num=(uint)220;
0:00:07.163846454 [32m    1[00m 0x7f9bf8000f70 [37mTRACE  [00m [00;34m          GST_TRACER :0::[00m latency_tracer_pipeline, frame_latency=(double)34.877227, avg=(double)50.094071, min=(double)0.035593, max=(double)73.898687, latency=(double)18.864701, fps=(double)53.009057, frame_num=(uint)221;
0:00:07.200455749 [32m    1[00m 0x7f9bf8000f70 [37mTRACE  [00m [00;34m          GST_TRACER :0::[00m latency_tracer_pipeline, frame_latency=(double)64.063050, avg=(double)50.156995, min=(double)0.035593, max=(double)73.898687, latency=(double)18.944601, fps=(double)52.785488, frame_num=(uint)222;
0:00:07.201701308 [32m    1[00m 0x7f9bf8000f70 [37mTRACE  [00m [00;34m          GST_TRACER :0::[00m latency_tracer_pipeline, frame_latency=(double)33.506038, avg=(double)50.082327, min=(double)0.035593, max=(double)73.898687, latency=(double)18.865241, fps=(double)53.007540, frame_num=(uint)223;
0:00:07.237807058 [32m    1[00m 0x7f9bf8000f70 [37mTRACE  [00m [00;34m          GST_TRACER :0::[00m latency_tracer_pipeline, frame_latency=(double)61.496226, avg=(double)50.133282, min=(double)0.035593, max=(double)73.898687, latency=(double)18.942174, fps=(double)52.792250, frame_num=(uint)224;
0:00:07.238575623 [32m    1[00m 0x7f9bf8000f70 [37mTRACE  [00m [00;34m          GST_TRACER :0::[00m latency_tracer_pipeline, frame_latency=(double)33.146719, avg=(double)50.057786, min=(double)0.035593, max=(double)73.898687, latency=(double)18.861422, fps=(double)53.018272, frame_num=(uint)225;
0:00:07.276097926 [32m    1[00m 0x7f9bf8000f70 [37mTRACE  [00m [00;34m          GST_TRACER :0::[00m latency_tracer_pipeline, frame_latency=(double)63.675807, avg=(double)50.118042, min=(double)0.035593, max=(double)73.898687, latency=(double)18.943991, fps=(double)52.787186, frame_num=(uint)226;
0:00:07.277138845 [32m    1[00m 0x7f9bf8000f70 [37mTRACE  [00m [00;34m          GST_TRACER :0::[00m latency_tracer_pipeline, frame_latency=(double)33.364684, avg=(double)50.044239, min=(double)0.035593, max=(double)73.898687, latency=(double)18.865178, fps=(double)53.007716, frame_num=(uint)227;
0:00:07.314346405 [32m    1[00m 0x7f9bf8000f70 [37mTRACE  [00m [00;34m          GST_TRACER :0::[00m latency_tracer_pipeline, frame_latency=(double)62.744015, avg=(double)50.099940, min=(double)0.035593, max=(double)73.898687, latency=(double)18.945614, fps=(double)52.782666, frame_num=(uint)228;
FpsCounter(average 2.04sec): total=429.85 fps, number-streams=8, per-stream=53.73 fps (51.35, 53.30, 54.28, 51.84, 55.75, 56.24, 52.81, 54.28)
0:00:07.352189256 [32m    1[00m 0x7f9bf8000f70 [37mTRACE  [00m [00;34m          GST_TRACER :0::[00m latency_tracer_pipeline, frame_latency=(double)69.567276, avg=(double)50.184950, min=(double)0.035593, max=(double)73.898687, latency=(double)19.028149, fps=(double)52.553719, frame_num=(uint)229;
0:00:07.353375280 [32m    1[00m 0x7f9bf8000f70 [37mTRACE  [00m [00;34m          GST_TRACER :0::[00m latency_tracer_pipeline, frame_latency=(double)38.456425, avg=(double)50.133957, min=(double)0.035593, max=(double)73.898687, latency=(double)18.950547, fps=(double)52.768926, frame_num=(uint)230;
0:00:07.388620575 [32m    1[00m 0x7f9bf8000f70 [37mTRACE  [00m [00;34m          GST_TRACER :0::[00m latency_tracer_pipeline, frame_latency=(double)66.494663, avg=(double)50.204782, min=(double)0.035593, max=(double)73.898687, latency=(double)19.021075, fps=(double)52.573264, frame_num=(uint)231;
0:00:07.391084189 [32m    1[00m 0x7f9bf8000f70 [37mTRACE  [00m [00;34m          GST_TRACER :0::[00m latency_tracer_pipeline, frame_latency=(double)38.567455, avg=(double)50.154621, min=(double)0.035593, max=(double)73.898687, latency=(double)18.949697, fps=(double)52.771292, frame_num=(uint)232;
0:00:07.424772040 [32m    1[00m 0x7f9bf8000f70 [37mTRACE  [00m [00;34m          GST_TRACER :0::[00m latency_tracer_pipeline, frame_latency=(double)67.429645, avg=(double)50.228763, min=(double)0.035593, max=(double)73.898687, latency=(double)19.012961, fps=(double)52.595701, frame_num=(uint)233;
0:00:07.425595923 [32m    1[00m 0x7f9bf8000f70 [37mTRACE  [00m [00;34m          GST_TRACER :0::[00m latency_tracer_pipeline, frame_latency=(double)35.337154, avg=(double)50.165124, min=(double)0.035593, max=(double)73.898687, latency=(double)18.935236, fps=(double)52.811594, frame_num=(uint)234;
0:00:07.460192069 [32m    1[00m 0x7f9bf8000f70 [37mTRACE  [00m [00;34m          GST_TRACER :0::[00m latency_tracer_pipeline, frame_latency=(double)63.594547, avg=(double)50.222270, min=(double)0.035593, max=(double)73.898687, latency=(double)19.001866, fps=(double)52.626410, frame_num=(uint)235;
0:00:07.461258860 [32m    1[00m 0x7f9bf8000f70 [37mTRACE  [00m [00;34m          GST_TRACER :0::[00m latency_tracer_pipeline, frame_latency=(double)34.421563, avg=(double)50.155318, min=(double)0.035593, max=(double)73.898687, latency=(double)18.925868, fps=(double)52.837734, frame_num=(uint)236;
0:00:07.495901522 [32m    1[00m 0x7f9bf8000f70 [37mTRACE  [00m [00;34m          GST_TRACER :0::[00m latency_tracer_pipeline, frame_latency=(double)62.568227, avg=(double)50.207693, min=(double)0.035593, max=(double)73.898687, latency=(double)18.992174, fps=(double)52.653268, frame_num=(uint)237;
0:00:07.497121261 [32m    1[00m 0x7f9bf8000f70 [37mTRACE  [00m [00;34m          GST_TRACER :0::[00m latency_tracer_pipeline, frame_latency=(double)36.752480, avg=(double)50.151159, min=(double)0.035593, max=(double)73.898687, latency=(double)18.917509, fps=(double)52.861082, frame_num=(uint)238;
0:00:07.531366707 [32m    1[00m 0x7f9bf8000f70 [37mTRACE  [00m [00;34m          GST_TRACER :0::[00m latency_tracer_pipeline, frame_latency=(double)61.215426, avg=(double)50.197453, min=(double)0.035593, max=(double)73.898687, latency=(double)18.981632, fps=(double)52.682509, frame_num=(uint)239;
0:00:07.532602021 [32m    1[00m 0x7f9bf8000f70 [37mTRACE  [00m [00;34m          GST_TRACER :0::[00m latency_tracer_pipeline, frame_latency=(double)34.157748, avg=(double)50.130620, min=(double)0.035593, max=(double)73.898687, latency=(double)18.907704, fps=(double)52.888495, frame_num=(uint)240;
0:00:07.568701693 [32m    1[00m 0x7f9bf8000f70 [37mTRACE  [00m [00;34m          GST_TRACER :0::[00m latency_tracer_pipeline, frame_latency=(double)64.119857, avg=(double)50.188667, min=(double)0.035593, max=(double)73.898687, latency=(double)18.979035, fps=(double)52.689719, frame_num=(uint)241;
0:00:07.570013265 [32m    1[00m 0x7f9bf8000f70 [37mTRACE  [00m [00;34m          GST_TRACER :0::[00m latency_tracer_pipeline, frame_latency=(double)35.779350, avg=(double)50.129124, min=(double)0.035593, max=(double)73.898687, latency=(double)18.906083, fps=(double)52.893030, frame_num=(uint)242;
0:00:07.604584004 [32m    1[00m 0x7f9bf8000f70 [37mTRACE  [00m [00;34m          GST_TRACER :0::[00m latency_tracer_pipeline, frame_latency=(double)62.866757, avg=(double)50.181543, min=(double)0.035593, max=(double)73.898687, latency=(double)18.970527, fps=(double)52.713349, frame_num=(uint)243;
0:00:07.606201917 [32m    1[00m 0x7f9bf8000f70 [37mTRACE  [00m [00;34m          GST_TRACER :0::[00m latency_tracer_pipeline, frame_latency=(double)33.146034, avg=(double)50.111725, min=(double)0.035593, max=(double)73.898687, latency=(double)18.899419, fps=(double)52.911678, frame_num=(uint)244;
0:00:07.641390602 [32m    1[00m 0x7f9bf8000f70 [37mTRACE  [00m [00;34m          GST_TRACER :0::[00m latency_tracer_pipeline, frame_latency=(double)61.934126, avg=(double)50.159980, min=(double)0.035593, max=(double)73.898687, latency=(double)18.965888, fps=(double)52.726241, frame_num=(uint)245;
0:00:07.642615314 [32m    1[00m 0x7f9bf8000f70 [37mTRACE  [00m [00;34m          GST_TRACER :0::[00m latency_tracer_pipeline, frame_latency=(double)34.480122, avg=(double)50.096240, min=(double)0.035593, max=(double)73.898687, latency=(double)18.893802, fps=(double)52.927410, frame_num=(uint)246;
0:00:07.677377584 [32m    1[00m 0x7f9bf8000f70 [37mTRACE  [00m [00;34m          GST_TRACER :0::[00m latency_tracer_pipeline, frame_latency=(double)61.466914, avg=(double)50.142276, min=(double)0.035593, max=(double)73.898687, latency=(double)18.957997, fps=(double)52.748190, frame_num=(uint)247;
0:00:07.678963110 [32m    1[00m 0x7f9bf8000f70 [37mTRACE  [00m [00;34m          GST_TRACER :0::[00m latency_tracer_pipeline, frame_latency=(double)34.058920, avg=(double)50.077423, min=(double)0.035593, max=(double)73.898687, latency=(double)18.887994, fps=(double)52.943686, frame_num=(uint)248;
0:00:07.712809082 [32m    1[00m 0x7f9bf8000f70 [37mTRACE  [00m [00;34m          GST_TRACER :0::[00m latency_tracer_pipeline, frame_latency=(double)59.549523, avg=(double)50.115464, min=(double)0.035593, max=(double)73.898687, latency=(double)18.948032, fps=(double)52.775929, frame_num=(uint)249;
0:00:07.713981123 [32m    1[00m 0x7f9bf8000f70 [37mTRACE  [00m [00;34m          GST_TRACER :0::[00m latency_tracer_pipeline, frame_latency=(double)32.732924, avg=(double)50.045934, min=(double)0.035593, max=(double)73.898687, latency=(double)18.876963, fps=(double)52.974622, frame_num=(uint)250;
0:00:07.750022662 [32m    1[00m 0x7f9bf8000f70 [37mTRACE  [00m [00;34m          GST_TRACER :0::[00m latency_tracer_pipeline, frame_latency=(double)63.125672, avg=(double)50.098044, min=(double)0.035593, max=(double)73.898687, latency=(double)18.945316, fps=(double)52.783495, frame_num=(uint)251;
0:00:07.751464359 [32m    1[00m 0x7f9bf8000f70 [37mTRACE  [00m [00;34m          GST_TRACER :0::[00m latency_tracer_pipeline, frame_latency=(double)34.740222, avg=(double)50.037101, min=(double)0.035593, max=(double)73.898687, latency=(double)18.875877, fps=(double)52.977671, frame_num=(uint)252;
0:00:07.788525474 [32m    1[00m 0x7f9bf8000f70 [37mTRACE  [00m [00;34m          GST_TRACER :0::[00m latency_tracer_pipeline, frame_latency=(double)62.360205, avg=(double)50.085808, min=(double)0.035593, max=(double)73.898687, latency=(double)18.947737, fps=(double)52.776752, frame_num=(uint)253;
0:00:07.789559142 [32m    1[00m 0x7f9bf8000f70 [37mTRACE  [00m [00;34m          GST_TRACER :0::[00m latency_tracer_pipeline, frame_latency=(double)34.098718, avg=(double)50.022867, min=(double)0.035593, max=(double)73.898687, latency=(double)18.877239, fps=(double)52.973847, frame_num=(uint)254;
0:00:07.827528882 [32m    1[00m 0x7f9bf8000f70 [37mTRACE  [00m [00;34m          GST_TRACER :0::[00m latency_tracer_pipeline, frame_latency=(double)63.314106, avg=(double)50.074990, min=(double)0.035593, max=(double)73.898687, latency=(double)18.952089, fps=(double)52.764631, frame_num=(uint)255;
0:00:07.828458681 [32m    1[00m 0x7f9bf8000f70 [37mTRACE  [00m [00;34m          GST_TRACER :0::[00m latency_tracer_pipeline, frame_latency=(double)32.568349, avg=(double)50.006604, min=(double)0.035593, max=(double)73.898687, latency=(double)18.881715, fps=(double)52.961292, frame_num=(uint)256;
0:00:07.865215490 [32m    1[00m 0x7f9bf8000f70 [37mTRACE  [00m [00;34m          GST_TRACER :0::[00m latency_tracer_pipeline, frame_latency=(double)62.505867, avg=(double)50.055240, min=(double)0.035593, max=(double)73.898687, latency=(double)18.951241, fps=(double)52.766994, frame_num=(uint)257;
0:00:07.866180657 [32m    1[00m 0x7f9bf8000f70 [37mTRACE  [00m [00;34m          GST_TRACER :0::[00m latency_tracer_pipeline, frame_latency=(double)33.229160, avg=(double)49.990022, min=(double)0.035593, max=(double)73.898687, latency=(double)18.881550, fps=(double)52.961754, frame_num=(uint)258;
0:00:07.901858032 [32m    1[00m 0x7f9bf8000f70 [37mTRACE  [00m [00;34m          GST_TRACER :0::[00m latency_tracer_pipeline, frame_latency=(double)61.019661, avg=(double)50.032608, min=(double)0.035593, max=(double)73.898687, latency=(double)18.946359, fps=(double)52.780589, frame_num=(uint)259;
0:00:07.903030634 [32m    1[00m 0x7f9bf8000f70 [37mTRACE  [00m [00;34m          GST_TRACER :0::[00m latency_tracer_pipeline, frame_latency=(double)32.979915, avg=(double)49.967020, min=(double)0.035593, max=(double)73.898687, latency=(double)18.878038, fps=(double)52.971606, frame_num=(uint)260;
0:00:07.938880867 [32m    1[00m 0x7f9bf8000f70 [37mTRACE  [00m [00;34m          GST_TRACER :0::[00m latency_tracer_pipeline, frame_latency=(double)62.236691, avg=(double)50.014031, min=(double)0.035593, max=(double)73.898687, latency=(double)18.943040, fps=(double)52.789838, frame_num=(uint)261;
0:00:07.940118435 [32m    1[00m 0x7f9bf8000f70 [37mTRACE  [00m [00;34m          GST_TRACER :0::[00m latency_tracer_pipeline, frame_latency=(double)32.889651, avg=(double)49.948670, min=(double)0.035593, max=(double)73.898687, latency=(double)18.875469, fps=(double)52.978815, frame_num=(uint)262;
0:00:07.976564617 [32m    1[00m 0x7f9bf8000f70 [37mTRACE  [00m [00;34m          GST_TRACER :0::[00m latency_tracer_pipeline, frame_latency=(double)61.481362, avg=(double)49.992521, min=(double)0.035593, max=(double)73.898687, latency=(double)18.942249, fps=(double)52.792042, frame_num=(uint)263;
0:00:07.977255665 [32m    1[00m 0x7f9bf8000f70 [37mTRACE  [00m [00;34m          GST_TRACER :0::[00m latency_tracer_pipeline, frame_latency=(double)32.912978, avg=(double)49.927826, min=(double)0.035593, max=(double)73.898687, latency=(double)18.873132, fps=(double)52.985375, frame_num=(uint)264;
0:00:08.014687716 [32m    1[00m 0x7f9bf8000f70 [37mTRACE  [00m [00;34m          GST_TRACER :0::[00m latency_tracer_pipeline, frame_latency=(double)62.687593, avg=(double)49.975976, min=(double)0.035593, max=(double)73.898687, latency=(double)18.943148, fps=(double)52.789536, frame_num=(uint)265;
0:00:08.015394322 [32m    1[00m 0x7f9bf8000f70 [37mTRACE  [00m [00;34m          GST_TRACER :0::[00m latency_tracer_pipeline, frame_latency=(double)33.752026, avg=(double)49.914984, min=(double)0.035593, max=(double)73.898687, latency=(double)18.874601, fps=(double)52.981252, frame_num=(uint)266;
0:00:08.050972081 [32m    1[00m 0x7f9bf8000f70 [37mTRACE  [00m [00;34m          GST_TRACER :0::[00m latency_tracer_pipeline, frame_latency=(double)62.190587, avg=(double)49.960960, min=(double)0.035593, max=(double)73.898687, latency=(double)18.937147, fps=(double)52.806266, frame_num=(uint)267;
0:00:08.052398599 [32m    1[00m 0x7f9bf8000f70 [37mTRACE  [00m [00;34m          GST_TRACER :0::[00m latency_tracer_pipeline, frame_latency=(double)34.624901, avg=(double)49.903735, min=(double)0.035593, max=(double)73.898687, latency=(double)18.871825, fps=(double)52.989045, frame_num=(uint)268;
0:00:08.088427225 [32m    1[00m 0x7f9bf8000f70 [37mTRACE  [00m [00;34m          GST_TRACER :0::[00m latency_tracer_pipeline, frame_latency=(double)62.523611, avg=(double)49.950649, min=(double)0.035593, max=(double)73.898687, latency=(double)18.935587, fps=(double)52.810615, frame_num=(uint)269;
FpsCounter(last 1.00sec): total=439.64 fps, number-streams=8, per-stream=54.96 fps (53.96, 52.96, 54.96, 54.96, 56.95, 55.95, 53.96, 55.95)
latency: -5318.85ms (-5049.11, -5384.04, -5392.03, -5177.41, -5520.47, -5451.22, -5234.79, -5327.74)
0:00:08.089540821 [32m    1[00m 0x7f9bf8000f70 [37mTRACE  [00m [00;34m          GST_TRACER :0::[00m latency_tracer_pipeline, frame_latency=(double)35.168912, avg=(double)49.895902, min=(double)0.035593, max=(double)73.898687, latency=(double)18.869586, fps=(double)52.995333, frame_num=(uint)270;
0:00:08.089553251 [32m    1[00m 0x7f9bf8000f70 [37mTRACE  [00m [00;34m          GST_TRACER :0::[00m latency_tracer_pipeline_interval, interval=(double)1000.754028, avg=(double)48.744063, min=(double)32.568349, max=(double)69.567276, latency=(double)18.532482, fps=(double)53.959313;
0:00:08.126008220 [32m    1[00m 0x7f9bf8000f70 [37mTRACE  [00m [00;34m          GST_TRACER :0::[00m latency_tracer_pipeline, frame_latency=(double)63.824174, avg=(double)49.947298, min=(double)0.035593, max=(double)73.898687, latency=(double)18.934511, fps=(double)52.813617, frame_num=(uint)271;
0:00:08.127442654 [32m    1[00m 0x7f9bf8000f70 [37mTRACE  [00m [00;34m          GST_TRACER :0::[00m latency_tracer_pipeline, frame_latency=(double)35.278130, avg=(double)49.893367, min=(double)0.035593, max=(double)73.898687, latency=(double)18.870198, fps=(double)52.993615, frame_num=(uint)272;
0:00:08.163347272 [32m    1[00m 0x7f9bf8000f70 [37mTRACE  [00m [00;34m          GST_TRACER :0::[00m latency_tracer_pipeline, frame_latency=(double)62.930226, avg=(double)49.941121, min=(double)0.035593, max=(double)73.898687, latency=(double)18.932558, fps=(double)52.819064, frame_num=(uint)273;
0:00:08.164179334 [32m    1[00m 0x7f9bf8000f70 [37mTRACE  [00m [00;34m          GST_TRACER :0::[00m latency_tracer_pipeline, frame_latency=(double)35.015370, avg=(double)49.886648, min=(double)0.035593, max=(double)73.898687, latency=(double)18.866514, fps=(double)53.003962, frame_num=(uint)274;
0:00:08.201473701 [32m    1[00m 0x7f9bf8000f70 [37mTRACE  [00m [00;34m          GST_TRACER :0::[00m latency_tracer_pipeline, frame_latency=(double)64.690159, avg=(double)49.940479, min=(double)0.035593, max=(double)73.898687, latency=(double)18.933528, fps=(double)52.816358, frame_num=(uint)275;
0:00:08.202640849 [32m    1[00m 0x7f9bf8000f70 [37mTRACE  [00m [00;34m          GST_TRACER :0::[00m latency_tracer_pipeline, frame_latency=(double)35.605862, avg=(double)49.888542, min=(double)0.035593, max=(double)73.898687, latency=(double)18.869173, fps=(double)52.996494, frame_num=(uint)276;
0:00:08.239525566 [32m    1[00m 0x7f9bf8000f70 [37mTRACE  [00m [00;34m          GST_TRACER :0::[00m latency_tracer_pipeline, frame_latency=(double)65.709132, avg=(double)49.945656, min=(double)0.035593, max=(double)73.898687, latency=(double)18.934178, fps=(double)52.814546, frame_num=(uint)277;
0:00:08.240513017 [32m    1[00m 0x7f9bf8000f70 [37mTRACE  [00m [00;34m          GST_TRACER :0::[00m latency_tracer_pipeline, frame_latency=(double)36.317889, avg=(double)49.896635, min=(double)0.035593, max=(double)73.898687, latency=(double)18.869676, fps=(double)52.995081, frame_num=(uint)278;
0:00:08.276401184 [32m    1[00m 0x7f9bf8000f70 [37mTRACE  [00m [00;34m          GST_TRACER :0::[00m latency_tracer_pipeline, frame_latency=(double)62.706580, avg=(double)49.942549, min=(double)0.035593, max=(double)73.898687, latency=(double)18.930660, fps=(double)52.824360, frame_num=(uint)279;
0:00:08.277793812 [32m    1[00m 0x7f9bf8000f70 [37mTRACE  [00m [00;34m          GST_TRACER :0::[00m latency_tracer_pipeline, frame_latency=(double)35.821008, avg=(double)49.892115, min=(double)0.035593, max=(double)73.898687, latency=(double)18.868045, fps=(double)52.999663, frame_num=(uint)280;
0:00:08.314983666 [32m    1[00m 0x7f9bf8000f70 [37mTRACE  [00m [00;34m          GST_TRACER :0::[00m latency_tracer_pipeline, frame_latency=(double)66.362266, avg=(double)49.950727, min=(double)0.035593, max=(double)73.898687, latency=(double)18.933230, fps=(double)52.817189, frame_num=(uint)281;
0:00:08.316073441 [32m    1[00m 0x7f9bf8000f70 [37mTRACE  [00m [00;34m          GST_TRACER :0::[00m latency_tracer_pipeline, frame_latency=(double)37.190830, avg=(double)49.905480, min=(double)0.035593, max=(double)73.898687, latency=(double)18.869967, fps=(double)52.994263, frame_num=(uint)282;
0:00:08.352805271 [32m    1[00m 0x7f9bf8000f70 [37mTRACE  [00m [00;34m          GST_TRACER :0::[00m latency_tracer_pipeline, frame_latency=(double)64.609713, avg=(double)49.957438, min=(double)0.035593, max=(double)73.898687, latency=(double)18.933053, fps=(double)52.817682, frame_num=(uint)283;
FpsCounter(average 3.05sec): total=430.47 fps, number-streams=8, per-stream=53.81 fps (51.88, 53.19, 54.18, 53.19, 55.49, 55.82, 52.54, 54.18)
0:00:08.353967351 [32m    1[00m 0x7f9bf8000f70 [37mTRACE  [00m [00;34m          GST_TRACER :0::[00m latency_tracer_pipeline, frame_latency=(double)36.243263, avg=(double)49.909149, min=(double)0.035593, max=(double)73.898687, latency=(double)18.870508, fps=(double)52.992744, frame_num=(uint)284;
0:00:08.390433911 [32m    1[00m 0x7f9bf8000f70 [37mTRACE  [00m [00;34m          GST_TRACER :0::[00m latency_tracer_pipeline, frame_latency=(double)64.676763, avg=(double)49.960965, min=(double)0.035593, max=(double)73.898687, latency=(double)18.932234, fps=(double)52.819969, frame_num=(uint)285;
0:00:08.391439628 [32m    1[00m 0x7f9bf8000f70 [37mTRACE  [00m [00;34m          GST_TRACER :0::[00m latency_tracer_pipeline, frame_latency=(double)37.997135, avg=(double)49.919133, min=(double)0.035593, max=(double)73.898687, latency=(double)18.869577, fps=(double)52.995360, frame_num=(uint)286;
0:00:08.391456310 [32m    1[00m 0x7f9bf8000f70 [37mTRACE  [00m [00;34m          GST_TRACER :0::[00m latency_tracer_pipeline, frame_latency=(double)30.939351, avg=(double)49.853002, min=(double)0.035593, max=(double)73.898687, latency=(double)18.803902, fps=(double)53.180451, frame_num=(uint)287;
0:00:08.428075305 [32m    1[00m 0x7f9bf8000f70 [37mTRACE  [00m [00;34m          GST_TRACER :0::[00m latency_tracer_pipeline, frame_latency=(double)62.001735, avg=(double)49.895185, min=(double)0.035593, max=(double)73.898687, latency=(double)18.865727, fps=(double)53.006173, frame_num=(uint)288;
0:00:08.429338602 [32m    1[00m 0x7f9bf8000f70 [37mTRACE  [00m [00;34m          GST_TRACER :0::[00m latency_tracer_pipeline, frame_latency=(double)32.160629, avg=(double)49.833820, min=(double)0.035593, max=(double)73.898687, latency=(double)18.804837, fps=(double)53.177808, frame_num=(uint)289;
0:00:08.464468463 [32m    1[00m 0x7f9bf8000f70 [37mTRACE  [00m [00;34m          GST_TRACER :0::[00m latency_tracer_pipeline, frame_latency=(double)64.125751, avg=(double)49.883102, min=(double)0.035593, max=(double)73.898687, latency=(double)18.861115, fps=(double)53.019136, frame_num=(uint)290;
0:00:08.465458826 [32m    1[00m 0x7f9bf8000f70 [37mTRACE  [00m [00;34m          GST_TRACER :0::[00m latency_tracer_pipeline, frame_latency=(double)34.565176, avg=(double)49.830463, min=(double)0.035593, max=(double)73.898687, latency=(double)18.799709, fps=(double)53.192314, frame_num=(uint)291;
0:00:08.502473480 [32m    1[00m 0x7f9bf8000f70 [37mTRACE  [00m [00;34m          GST_TRACER :0::[00m latency_tracer_pipeline, frame_latency=(double)65.391099, avg=(double)49.883753, min=(double)0.035593, max=(double)73.898687, latency=(double)18.862069, fps=(double)53.016454, frame_num=(uint)292;
0:00:08.503534949 [32m    1[00m 0x7f9bf8000f70 [37mTRACE  [00m [00;34m          GST_TRACER :0::[00m latency_tracer_pipeline, frame_latency=(double)35.860274, avg=(double)49.835891, min=(double)0.035593, max=(double)73.898687, latency=(double)18.801338, fps=(double)53.187703, frame_num=(uint)293;
0:00:08.541166622 [32m    1[00m 0x7f9bf8000f70 [37mTRACE  [00m [00;34m          GST_TRACER :0::[00m latency_tracer_pipeline, frame_latency=(double)67.447054, avg=(double)49.895793, min=(double)0.035593, max=(double)73.898687, latency=(double)18.865374, fps=(double)53.007166, frame_num=(uint)294;
0:00:08.541193833 [32m    1[00m 0x7f9bf8000f70 [37mTRACE  [00m [00;34m          GST_TRACER :0::[00m latency_tracer_pipeline, frame_latency=(double)36.183111, avg=(double)49.849310, min=(double)0.035593, max=(double)73.898687, latency=(double)18.801549, fps=(double)53.187106, frame_num=(uint)295;
0:00:08.579192774 [32m    1[00m 0x7f9bf8000f70 [37mTRACE  [00m [00;34m          GST_TRACER :0::[00m latency_tracer_pipeline, frame_latency=(double)69.043689, avg=(double)49.914155, min=(double)0.035593, max=(double)73.898687, latency=(double)18.866342, fps=(double)53.004445, frame_num=(uint)296;
0:00:08.579903380 [32m    1[00m 0x7f9bf8000f70 [37mTRACE  [00m [00;34m          GST_TRACER :0::[00m latency_tracer_pipeline, frame_latency=(double)37.693911, avg=(double)49.873010, min=(double)0.035593, max=(double)73.898687, latency=(double)18.805272, fps=(double)53.176577, frame_num=(uint)297;
0:00:08.617775627 [32m    1[00m 0x7f9bf8000f70 [37mTRACE  [00m [00;34m          GST_TRACER :0::[00m latency_tracer_pipeline, frame_latency=(double)67.210796, avg=(double)49.931190, min=(double)0.035593, max=(double)73.898687, latency=(double)18.869193, fps=(double)52.996437, frame_num=(uint)298;
0:00:08.618901388 [32m    1[00m 0x7f9bf8000f70 [37mTRACE  [00m [00;34m          GST_TRACER :0::[00m latency_tracer_pipeline, frame_latency=(double)38.090071, avg=(double)49.891588, min=(double)0.035593, max=(double)73.898687, latency=(double)18.809892, fps=(double)53.163516, frame_num=(uint)299;
0:00:08.618925563 [32m    1[00m 0x7f9bf8000f70 [37mTRACE  [00m [00;34m          GST_TRACER :0::[00m latency_tracer_pipeline, frame_latency=(double)31.159845, avg=(double)49.829149, min=(double)0.035593, max=(double)73.898687, latency=(double)18.747286, fps=(double)53.341055, frame_num=(uint)300;
0:00:08.655743056 [32m    1[00m 0x7f9bf8000f70 [37mTRACE  [00m [00;34m          GST_TRACER :0::[00m latency_tracer_pipeline, frame_latency=(double)61.475686, avg=(double)49.867842, min=(double)0.035593, max=(double)73.898687, latency=(double)18.807270, fps=(double)53.170927, frame_num=(uint)301;
0:00:08.656551492 [32m    1[00m 0x7f9bf8000f70 [37mTRACE  [00m [00;34m          GST_TRACER :0::[00m latency_tracer_pipeline, frame_latency=(double)32.585916, avg=(double)49.810617, min=(double)0.035593, max=(double)73.898687, latency=(double)18.747721, fps=(double)53.339818, frame_num=(uint)302;
0:00:08.693979295 [32m    1[00m 0x7f9bf8000f70 [37mTRACE  [00m [00;34m          GST_TRACER :0::[00m latency_tracer_pipeline, frame_latency=(double)65.624663, avg=(double)49.862808, min=(double)0.035593, max=(double)73.898687, latency=(double)18.809349, fps=(double)53.165051, frame_num=(uint)303;
0:00:08.695279197 [32m    1[00m 0x7f9bf8000f70 [37mTRACE  [00m [00;34m          GST_TRACER :0::[00m latency_tracer_pipeline, frame_latency=(double)36.179831, avg=(double)49.817798, min=(double)0.035593, max=(double)73.898687, latency=(double)18.751770, fps=(double)53.328298, frame_num=(uint)304;
0:00:08.732220188 [32m    1[00m 0x7f9bf8000f70 [37mTRACE  [00m [00;34m          GST_TRACER :0::[00m latency_tracer_pipeline, frame_latency=(double)63.794889, avg=(double)49.863625, min=(double)0.035593, max=(double)73.898687, latency=(double)18.811376, fps=(double)53.159321, frame_num=(uint)305;
0:00:08.733552037 [32m    1[00m 0x7f9bf8000f70 [37mTRACE  [00m [00;34m          GST_TRACER :0::[00m latency_tracer_pipeline, frame_latency=(double)33.309348, avg=(double)49.809526, min=(double)0.035593, max=(double)73.898687, latency=(double)18.754245, fps=(double)53.321260, frame_num=(uint)306;
0:00:08.770058042 [32m    1[00m 0x7f9bf8000f70 [37mTRACE  [00m [00;34m          GST_TRACER :0::[00m latency_tracer_pipeline, frame_latency=(double)60.530809, avg=(double)49.844449, min=(double)0.035593, max=(double)73.898687, latency=(double)18.812069, fps=(double)53.157364, frame_num=(uint)307;
0:00:08.805878524 [32m    1[00m 0x7f9bf8000f70 [37mTRACE  [00m [00;34m          GST_TRACER :0::[00m latency_tracer_pipeline, frame_latency=(double)67.185948, avg=(double)49.900752, min=(double)0.035593, max=(double)73.898687, latency=(double)18.867277, fps=(double)53.001818, frame_num=(uint)308;
0:00:08.808251962 [32m    1[00m 0x7f9bf8000f70 [37mTRACE  [00m [00;34m          GST_TRACER :0::[00m latency_tracer_pipeline, frame_latency=(double)38.065614, avg=(double)49.862451, min=(double)0.035593, max=(double)73.898687, latency=(double)18.813905, fps=(double)53.152177, frame_num=(uint)309;
0:00:08.844152625 [32m    1[00m 0x7f9bf8000f70 [37mTRACE  [00m [00;34m          GST_TRACER :0::[00m latency_tracer_pipeline, frame_latency=(double)67.207591, avg=(double)49.918403, min=(double)0.035593, max=(double)73.898687, latency=(double)18.869023, fps=(double)52.996916, frame_num=(uint)310;
0:00:08.844750048 [32m    1[00m 0x7f9bf8000f70 [37mTRACE  [00m [00;34m          GST_TRACER :0::[00m latency_tracer_pipeline, frame_latency=(double)38.868845, avg=(double)49.882874, min=(double)0.035593, max=(double)73.898687, latency=(double)18.810323, fps=(double)53.162298, frame_num=(uint)311;
0:00:08.881587955 [32m    1[00m 0x7f9bf8000f70 [37mTRACE  [00m [00;34m          GST_TRACER :0::[00m latency_tracer_pipeline, frame_latency=(double)69.428926, avg=(double)49.945521, min=(double)0.035593, max=(double)73.898687, latency=(double)18.868065, fps=(double)52.999604, frame_num=(uint)312;
0:00:08.882809980 [32m    1[00m 0x7f9bf8000f70 [37mTRACE  [00m [00;34m          GST_TRACER :0::[00m latency_tracer_pipeline, frame_latency=(double)38.400856, avg=(double)49.908638, min=(double)0.035593, max=(double)73.898687, latency=(double)18.811711, fps=(double)53.158375, frame_num=(uint)313;
0:00:08.920544412 [32m    1[00m 0x7f9bf8000f70 [37mTRACE  [00m [00;34m          GST_TRACER :0::[00m latency_tracer_pipeline, frame_latency=(double)66.125140, avg=(double)49.960282, min=(double)0.035593, max=(double)73.898687, latency=(double)18.871956, fps=(double)52.988677, frame_num=(uint)314;
0:00:08.921431428 [32m    1[00m 0x7f9bf8000f70 [37mTRACE  [00m [00;34m          GST_TRACER :0::[00m latency_tracer_pipeline, frame_latency=(double)35.830701, avg=(double)49.915427, min=(double)0.035593, max=(double)73.898687, latency=(double)18.814883, fps=(double)53.149415, frame_num=(uint)315;
0:00:08.958611413 [32m    1[00m 0x7f9bf8000f70 [37mTRACE  [00m [00;34m          GST_TRACER :0::[00m latency_tracer_pipeline, frame_latency=(double)69.401836, avg=(double)49.977092, min=(double)0.035593, max=(double)73.898687, latency=(double)18.872985, fps=(double)52.985788, frame_num=(uint)316;
0:00:08.960211481 [32m    1[00m 0x7f9bf8000f70 [37mTRACE  [00m [00;34m          GST_TRACER :0::[00m latency_tracer_pipeline, frame_latency=(double)39.551823, avg=(double)49.944205, min=(double)0.035593, max=(double)73.898687, latency=(double)18.818482, fps=(double)53.139249, frame_num=(uint)317;
0:00:08.996795659 [32m    1[00m 0x7f9bf8000f70 [37mTRACE  [00m [00;34m          GST_TRACER :0::[00m latency_tracer_pipeline, frame_latency=(double)68.007454, avg=(double)50.001008, min=(double)0.035593, max=(double)73.898687, latency=(double)18.874346, fps=(double)52.981969, frame_num=(uint)318;
0:00:08.997958858 [32m    1[00m 0x7f9bf8000f70 [37mTRACE  [00m [00;34m          GST_TRACER :0::[00m latency_tracer_pipeline, frame_latency=(double)37.894809, avg=(double)49.963057, min=(double)0.035593, max=(double)73.898687, latency=(double)18.818780, fps=(double)53.138406, frame_num=(uint)319;
0:00:09.034078883 [32m    1[00m 0x7f9bf8000f70 [37mTRACE  [00m [00;34m          GST_TRACER :0::[00m latency_tracer_pipeline, frame_latency=(double)64.870763, avg=(double)50.009644, min=(double)0.035593, max=(double)73.898687, latency=(double)18.872868, fps=(double)52.986116, frame_num=(uint)320;
0:00:09.035004753 [32m    1[00m 0x7f9bf8000f70 [37mTRACE  [00m [00;34m          GST_TRACER :0::[00m latency_tracer_pipeline, frame_latency=(double)36.853567, avg=(double)49.968659, min=(double)0.035593, max=(double)73.898687, latency=(double)18.816988, fps=(double)53.143468, frame_num=(uint)321;
0:00:09.070654799 [32m    1[00m 0x7f9bf8000f70 [37mTRACE  [00m [00;34m          GST_TRACER :0::[00m latency_tracer_pipeline, frame_latency=(double)65.012562, avg=(double)50.015379, min=(double)0.035593, max=(double)73.898687, latency=(double)18.869264, fps=(double)52.996237, frame_num=(uint)322;
0:00:09.071984481 [32m    1[00m 0x7f9bf8000f70 [37mTRACE  [00m [00;34m          GST_TRACER :0::[00m latency_tracer_pipeline, frame_latency=(double)36.526208, avg=(double)49.973617, min=(double)0.035593, max=(double)73.898687, latency=(double)18.814947, fps=(double)53.149232, frame_num=(uint)323;
FpsCounter(last 1.02sec): total=417.08 fps, number-streams=8, per-stream=52.13 fps (53.12, 51.15, 52.13, 53.12, 52.13, 51.15, 51.15, 53.12)
latency: -6466.31ms (-6210.59, -6476.04, -6540.43, -6356.78, -6706.49, -6608.78, -6322.89, -6514.61)
0:00:09.106148897 [32m    1[00m 0x7f9bf8000f70 [37mTRACE  [00m [00;34m          GST_TRACER :0::[00m latency_tracer_pipeline, frame_latency=(double)62.803641, avg=(double)50.013216, min=(double)0.035593, max=(double)73.898687, latency=(double)18.862337, fps=(double)53.015701, frame_num=(uint)324;
0:00:09.106173591 [32m    1[00m 0x7f9bf8000f70 [37mTRACE  [00m [00;34m          GST_TRACER :0::[00m latency_tracer_pipeline_interval, interval=(double)1016.608876, avg=(double)50.599786, min=(double)30.939351, max=(double)69.428926, latency=(double)18.826090, fps=(double)53.117773;
0:00:09.108725393 [32m    1[00m 0x7f9bf8000f70 [37mTRACE  [00m [00;34m          GST_TRACER :0::[00m latency_tracer_pipeline, frame_latency=(double)35.650001, avg=(double)49.969022, min=(double)0.035593, max=(double)73.898687, latency=(double)18.812218, fps=(double)53.156943, frame_num=(uint)325;
0:00:09.142670568 [32m    1[00m 0x7f9bf8000f70 [37mTRACE  [00m [00;34m          GST_TRACER :0::[00m latency_tracer_pipeline, frame_latency=(double)63.457704, avg=(double)50.010398, min=(double)0.035593, max=(double)73.898687, latency=(double)18.858644, fps=(double)53.026081, frame_num=(uint)326;
0:00:09.145100844 [32m    1[00m 0x7f9bf8000f70 [37mTRACE  [00m [00;34m          GST_TRACER :0::[00m latency_tracer_pipeline, frame_latency=(double)35.551971, avg=(double)49.966183, min=(double)0.035593, max=(double)73.898687, latency=(double)18.808402, fps=(double)53.167729, frame_num=(uint)327;
0:00:09.179308362 [32m    1[00m 0x7f9bf8000f70 [37mTRACE  [00m [00;34m          GST_TRACER :0::[00m latency_tracer_pipeline, frame_latency=(double)63.783047, avg=(double)50.008307, min=(double)0.035593, max=(double)73.898687, latency=(double)18.855354, fps=(double)53.035335, frame_num=(uint)328;
0:00:09.181416822 [32m    1[00m 0x7f9bf8000f70 [37mTRACE  [00m [00;34m          GST_TRACER :0::[00m latency_tracer_pipeline, frame_latency=(double)36.294169, avg=(double)49.966623, min=(double)0.035593, max=(double)73.898687, latency=(double)18.804457, fps=(double)53.178881, frame_num=(uint)329;
0:00:09.215596404 [32m    1[00m 0x7f9bf8000f70 [37mTRACE  [00m [00;34m          GST_TRACER :0::[00m latency_tracer_pipeline, frame_latency=(double)63.491302, avg=(double)50.007607, min=(double)0.035593, max=(double)73.898687, latency=(double)18.851026, fps=(double)53.047511, frame_num=(uint)330;
0:00:09.217733059 [32m    1[00m 0x7f9bf8000f70 [37mTRACE  [00m [00;34m          GST_TRACER :0::[00m latency_tracer_pipeline, frame_latency=(double)35.582400, avg=(double)49.964026, min=(double)0.035593, max=(double)73.898687, latency=(double)18.800552, fps=(double)53.189926, frame_num=(uint)331;
0:00:09.251598998 [32m    1[00m 0x7f9bf8000f70 [37mTRACE  [00m [00;34m          GST_TRACER :0::[00m latency_tracer_pipeline, frame_latency=(double)64.219867, avg=(double)50.006965, min=(double)0.035593, max=(double)73.898687, latency=(double)18.845904, fps=(double)53.061927, frame_num=(uint)332;
0:00:09.251646593 [32m    1[00m 0x7f9bf8000f70 [37mTRACE  [00m [00;34m          GST_TRACER :0::[00m latency_tracer_pipeline, frame_latency=(double)34.624275, avg=(double)49.960771, min=(double)0.035593, max=(double)73.898687, latency=(double)18.789504, fps=(double)53.221202, frame_num=(uint)333;
0:00:09.255003478 [32m    1[00m 0x7f9bf8000f70 [37mTRACE  [00m [00;34m          GST_TRACER :0::[00m latency_tracer_pipeline, frame_latency=(double)35.208649, avg=(double)49.916603, min=(double)0.035593, max=(double)73.898687, latency=(double)18.743254, fps=(double)53.352528, frame_num=(uint)334;
0:00:09.288033379 [32m    1[00m 0x7f9bf8000f70 [37mTRACE  [00m [00;34m          GST_TRACER :0::[00m latency_tracer_pipeline, frame_latency=(double)62.017734, avg=(double)49.952726, min=(double)0.035593, max=(double)73.898687, latency=(double)18.785910, fps=(double)53.231385, frame_num=(uint)335;
0:00:09.290321984 [32m    1[00m 0x7f9bf8000f70 [37mTRACE  [00m [00;34m          GST_TRACER :0::[00m latency_tracer_pipeline, frame_latency=(double)35.483513, avg=(double)49.909663, min=(double)0.035593, max=(double)73.898687, latency=(double)18.736822, fps=(double)53.370844, frame_num=(uint)336;
0:00:09.326744187 [32m    1[00m 0x7f9bf8000f70 [37mTRACE  [00m [00;34m          GST_TRACER :0::[00m latency_tracer_pipeline, frame_latency=(double)64.837083, avg=(double)49.953958, min=(double)0.035593, max=(double)73.898687, latency=(double)18.789292, fps=(double)53.221804, frame_num=(uint)337;
FpsCounter(average 4.05sec): total=430.04 fps, number-streams=8, per-stream=53.75 fps (52.55, 53.05, 53.79, 53.54, 55.02, 55.02, 52.31, 54.77)
0:00:09.360567387 [32m    1[00m 0x7f9bf8000f70 [37mTRACE  [00m [00;34m          GST_TRACER :0::[00m latency_tracer_pipeline, frame_latency=(double)65.662249, avg=(double)50.000432, min=(double)0.035593, max=(double)73.898687, latency=(double)18.833774, fps=(double)53.096103, frame_num=(uint)338;
0:00:09.362880259 [32m    1[00m 0x7f9bf8000f70 [37mTRACE  [00m [00;34m          GST_TRACER :0::[00m latency_tracer_pipeline, frame_latency=(double)38.289328, avg=(double)49.965886, min=(double)0.035593, max=(double)73.898687, latency=(double)18.785031, fps=(double)53.233876, frame_num=(uint)339;
0:00:09.362926514 [32m    1[00m 0x7f9bf8000f70 [37mTRACE  [00m [00;34m          GST_TRACER :0::[00m latency_tracer_pipeline, frame_latency=(double)33.070345, avg=(double)49.916193, min=(double)0.035593, max=(double)73.898687, latency=(double)18.729956, fps=(double)53.390410, frame_num=(uint)340;
0:00:09.397102245 [32m    1[00m 0x7f9bf8000f70 [37mTRACE  [00m [00;34m          GST_TRACER :0::[00m latency_tracer_pipeline, frame_latency=(double)64.448422, avg=(double)49.958810, min=(double)0.035593, max=(double)73.898687, latency=(double)18.775219, fps=(double)53.261694, frame_num=(uint)341;
0:00:09.399466629 [32m    1[00m 0x7f9bf8000f70 [37mTRACE  [00m [00;34m          GST_TRACER :0::[00m latency_tracer_pipeline, frame_latency=(double)37.754567, avg=(double)49.923125, min=(double)0.035593, max=(double)73.898687, latency=(double)18.727232, fps=(double)53.398174, frame_num=(uint)342;
0:00:09.435443649 [32m    1[00m 0x7f9bf8000f70 [37mTRACE  [00m [00;34m          GST_TRACER :0::[00m latency_tracer_pipeline, frame_latency=(double)67.699639, avg=(double)49.974951, min=(double)0.035593, max=(double)73.898687, latency=(double)18.777524, fps=(double)53.255158, frame_num=(uint)343;
0:00:09.436472176 [32m    1[00m 0x7f9bf8000f70 [37mTRACE  [00m [00;34m          GST_TRACER :0::[00m latency_tracer_pipeline, frame_latency=(double)39.012668, avg=(double)49.943084, min=(double)0.035593, max=(double)73.898687, latency=(double)18.725929, fps=(double)53.401891, frame_num=(uint)344;
0:00:09.436514445 [32m    1[00m 0x7f9bf8000f70 [37mTRACE  [00m [00;34m          GST_TRACER :0::[00m latency_tracer_pipeline, frame_latency=(double)32.784597, avg=(double)49.893349, min=(double)0.035593, max=(double)73.898687, latency=(double)18.671807, fps=(double)53.556681, frame_num=(uint)345;
0:00:09.472404657 [32m    1[00m 0x7f9bf8000f70 [37mTRACE  [00m [00;34m          GST_TRACER :0::[00m latency_tracer_pipeline, frame_latency=(double)60.887607, avg=(double)49.925125, min=(double)0.035593, max=(double)73.898687, latency=(double)18.721543, fps=(double)53.414401, frame_num=(uint)346;
0:00:09.473287150 [32m    1[00m 0x7f9bf8000f70 [37mTRACE  [00m [00;34m          GST_TRACER :0::[00m latency_tracer_pipeline, frame_latency=(double)32.816542, avg=(double)49.875821, min=(double)0.035593, max=(double)73.898687, latency=(double)18.670163, fps=(double)53.561395, frame_num=(uint)347;
0:00:09.510171269 [32m    1[00m 0x7f9bf8000f70 [37mTRACE  [00m [00;34m          GST_TRACER :0::[00m latency_tracer_pipeline, frame_latency=(double)62.580029, avg=(double)49.912327, min=(double)0.035593, max=(double)73.898687, latency=(double)18.722454, fps=(double)53.411801, frame_num=(uint)348;
0:00:09.511325280 [32m    1[00m 0x7f9bf8000f70 [37mTRACE  [00m [00;34m          GST_TRACER :0::[00m latency_tracer_pipeline, frame_latency=(double)34.885919, avg=(double)49.869271, min=(double)0.035593, max=(double)73.898687, latency=(double)18.672156, fps=(double)53.555680, frame_num=(uint)349;
0:00:09.548750268 [32m    1[00m 0x7f9bf8000f70 [37mTRACE  [00m [00;34m          GST_TRACER :0::[00m latency_tracer_pipeline, frame_latency=(double)64.884337, avg=(double)49.912171, min=(double)0.035593, max=(double)73.898687, latency=(double)18.725693, fps=(double)53.402562, frame_num=(uint)350;
0:00:09.549534121 [32m    1[00m 0x7f9bf8000f70 [37mTRACE  [00m [00;34m          GST_TRACER :0::[00m latency_tracer_pipeline, frame_latency=(double)35.800595, avg=(double)49.871968, min=(double)0.035593, max=(double)73.898687, latency=(double)18.674631, fps=(double)53.548580, frame_num=(uint)351;
0:00:09.586078961 [32m    1[00m 0x7f9bf8000f70 [37mTRACE  [00m [00;34m          GST_TRACER :0::[00m latency_tracer_pipeline, frame_latency=(double)61.977672, avg=(double)49.906359, min=(double)0.035593, max=(double)73.898687, latency=(double)18.725370, fps=(double)53.403484, frame_num=(uint)352;
0:00:09.586945031 [32m    1[00m 0x7f9bf8000f70 [37mTRACE  [00m [00;34m          GST_TRACER :0::[00m latency_tracer_pipeline, frame_latency=(double)34.961073, avg=(double)49.864021, min=(double)0.035593, max=(double)73.898687, latency=(double)18.674786, fps=(double)53.548136, frame_num=(uint)353;
0:00:09.624362791 [32m    1[00m 0x7f9bf8000f70 [37mTRACE  [00m [00;34m          GST_TRACER :0::[00m latency_tracer_pipeline, frame_latency=(double)66.592312, avg=(double)49.911276, min=(double)0.035593, max=(double)73.898687, latency=(double)18.727700, fps=(double)53.396839, frame_num=(uint)354;
0:00:09.626783953 [32m    1[00m 0x7f9bf8000f70 [37mTRACE  [00m [00;34m          GST_TRACER :0::[00m latency_tracer_pipeline, frame_latency=(double)38.711242, avg=(double)49.879726, min=(double)0.035593, max=(double)73.898687, latency=(double)18.681802, fps=(double)53.528027, frame_num=(uint)355;
0:00:09.626824578 [32m    1[00m 0x7f9bf8000f70 [37mTRACE  [00m [00;34m          GST_TRACER :0::[00m latency_tracer_pipeline, frame_latency=(double)31.461373, avg=(double)49.827990, min=(double)0.035593, max=(double)73.898687, latency=(double)18.629425, fps=(double)53.678523, frame_num=(uint)356;
0:00:09.660783955 [32m    1[00m 0x7f9bf8000f70 [37mTRACE  [00m [00;34m          GST_TRACER :0::[00m latency_tracer_pipeline, frame_latency=(double)61.607128, avg=(double)49.860984, min=(double)0.035593, max=(double)73.898687, latency=(double)18.672348, fps=(double)53.555128, frame_num=(uint)357;
0:00:09.663131698 [32m    1[00m 0x7f9bf8000f70 [37mTRACE  [00m [00;34m          GST_TRACER :0::[00m latency_tracer_pipeline, frame_latency=(double)35.881810, avg=(double)49.821936, min=(double)0.035593, max=(double)73.898687, latency=(double)18.626777, fps=(double)53.686153, frame_num=(uint)358;
0:00:09.697131353 [32m    1[00m 0x7f9bf8000f70 [37mTRACE  [00m [00;34m          GST_TRACER :0::[00m latency_tracer_pipeline, frame_latency=(double)62.866230, avg=(double)49.858271, min=(double)0.035593, max=(double)73.898687, latency=(double)18.669598, fps=(double)53.563017, frame_num=(uint)359;
0:00:09.699436988 [32m    1[00m 0x7f9bf8000f70 [37mTRACE  [00m [00;34m          GST_TRACER :0::[00m latency_tracer_pipeline, frame_latency=(double)35.463845, avg=(double)49.818287, min=(double)0.035593, max=(double)73.898687, latency=(double)18.624149, fps=(double)53.693728, frame_num=(uint)360;
0:00:09.735619548 [32m    1[00m 0x7f9bf8000f70 [37mTRACE  [00m [00;34m          GST_TRACER :0::[00m latency_tracer_pipeline, frame_latency=(double)68.317390, avg=(double)49.869531, min=(double)0.035593, max=(double)73.898687, latency=(double)18.672744, fps=(double)53.553993, frame_num=(uint)361;
0:00:09.736159242 [32m    1[00m 0x7f9bf8000f70 [37mTRACE  [00m [00;34m          GST_TRACER :0::[00m latency_tracer_pipeline, frame_latency=(double)35.392710, avg=(double)49.829540, min=(double)0.035593, max=(double)73.898687, latency=(double)18.622706, fps=(double)53.697890, frame_num=(uint)362;
0:00:09.772990130 [32m    1[00m 0x7f9bf8000f70 [37mTRACE  [00m [00;34m          GST_TRACER :0::[00m latency_tracer_pipeline, frame_latency=(double)63.378503, avg=(double)49.866865, min=(double)0.035593, max=(double)73.898687, latency=(double)18.672843, fps=(double)53.553710, frame_num=(uint)363;
0:00:09.774122566 [32m    1[00m 0x7f9bf8000f70 [37mTRACE  [00m [00;34m          GST_TRACER :0::[00m latency_tracer_pipeline, frame_latency=(double)35.631773, avg=(double)49.827757, min=(double)0.035593, max=(double)73.898687, latency=(double)18.624677, fps=(double)53.692206, frame_num=(uint)364;
0:00:09.812420634 [32m    1[00m 0x7f9bf8000f70 [37mTRACE  [00m [00;34m          GST_TRACER :0::[00m latency_tracer_pipeline, frame_latency=(double)64.561301, avg=(double)49.868123, min=(double)0.035593, max=(double)73.898687, latency=(double)18.678553, fps=(double)53.537337, frame_num=(uint)365;
0:00:09.813609326 [32m    1[00m 0x7f9bf8000f70 [37mTRACE  [00m [00;34m          GST_TRACER :0::[00m latency_tracer_pipeline, frame_latency=(double)37.158417, avg=(double)49.833397, min=(double)0.035593, max=(double)73.898687, latency=(double)18.630793, fps=(double)53.674581, frame_num=(uint)366;
0:00:09.852796738 [32m    1[00m 0x7f9bf8000f70 [37mTRACE  [00m [00;34m          GST_TRACER :0::[00m latency_tracer_pipeline, frame_latency=(double)65.726538, avg=(double)49.876703, min=(double)0.035593, max=(double)73.898687, latency=(double)18.686789, fps=(double)53.513743, frame_num=(uint)367;
0:00:09.854149429 [32m    1[00m 0x7f9bf8000f70 [37mTRACE  [00m [00;34m          GST_TRACER :0::[00m latency_tracer_pipeline, frame_latency=(double)39.022068, avg=(double)49.847206, min=(double)0.035593, max=(double)73.898687, latency=(double)18.639692, fps=(double)53.648955, frame_num=(uint)368;
0:00:09.894096628 [32m    1[00m 0x7f9bf8000f70 [37mTRACE  [00m [00;34m          GST_TRACER :0::[00m latency_tracer_pipeline, frame_latency=(double)70.562171, avg=(double)49.903345, min=(double)0.035593, max=(double)73.898687, latency=(double)18.697420, fps=(double)53.483314, frame_num=(uint)369;
0:00:09.894836508 [32m    1[00m 0x7f9bf8000f70 [37mTRACE  [00m [00;34m          GST_TRACER :0::[00m latency_tracer_pipeline, frame_latency=(double)41.486261, avg=(double)49.880596, min=(double)0.035593, max=(double)73.898687, latency=(double)18.648906, fps=(double)53.622450, frame_num=(uint)370;
0:00:09.933781767 [32m    1[00m 0x7f9bf8000f70 [37mTRACE  [00m [00;34m          GST_TRACER :0::[00m latency_tracer_pipeline, frame_latency=(double)69.850673, avg=(double)49.934423, min=(double)0.035593, max=(double)73.898687, latency=(double)18.703598, fps=(double)53.465649, frame_num=(uint)371;
0:00:09.935045286 [32m    1[00m 0x7f9bf8000f70 [37mTRACE  [00m [00;34m          GST_TRACER :0::[00m latency_tracer_pipeline, frame_latency=(double)40.676236, avg=(double)49.909536, min=(double)0.035593, max=(double)73.898687, latency=(double)18.656732, fps=(double)53.599955, frame_num=(uint)372;
0:00:09.975076227 [32m    1[00m 0x7f9bf8000f70 [37mTRACE  [00m [00;34m          GST_TRACER :0::[00m latency_tracer_pipeline, frame_latency=(double)71.489616, avg=(double)49.967391, min=(double)0.035593, max=(double)73.898687, latency=(double)18.714011, fps=(double)53.435899, frame_num=(uint)373;
0:00:09.976164188 [32m    1[00m 0x7f9bf8000f70 [37mTRACE  [00m [00;34m          GST_TRACER :0::[00m latency_tracer_pipeline, frame_latency=(double)42.182848, avg=(double)49.946577, min=(double)0.035593, max=(double)73.898687, latency=(double)18.666908, fps=(double)53.570736, frame_num=(uint)374;
0:00:10.012005415 [32m    1[00m 0x7f9bf8000f70 [37mTRACE  [00m [00;34m          GST_TRACER :0::[00m latency_tracer_pipeline, frame_latency=(double)67.537420, avg=(double)49.993486, min=(double)0.035593, max=(double)73.898687, latency=(double)18.712682, fps=(double)53.439695, frame_num=(uint)375;
0:00:10.012558505 [32m    1[00m 0x7f9bf8000f70 [37mTRACE  [00m [00;34m          GST_TRACER :0::[00m latency_tracer_pipeline, frame_latency=(double)37.345259, avg=(double)49.959847, min=(double)0.035593, max=(double)73.898687, latency=(double)18.664405, fps=(double)53.577919, frame_num=(uint)376;
0:00:10.049932737 [32m    1[00m 0x7f9bf8000f70 [37mTRACE  [00m [00;34m          GST_TRACER :0::[00m latency_tracer_pipeline, frame_latency=(double)67.996337, avg=(double)50.007689, min=(double)0.035593, max=(double)73.898687, latency=(double)18.714015, fps=(double)53.435887, frame_num=(uint)377;
0:00:10.051128750 [32m    1[00m 0x7f9bf8000f70 [37mTRACE  [00m [00;34m          GST_TRACER :0::[00m latency_tracer_pipeline, frame_latency=(double)38.990338, avg=(double)49.978543, min=(double)0.035593, max=(double)73.898687, latency=(double)18.667678, fps=(double)53.568527, frame_num=(uint)378;
0:00:10.088641171 [32m    1[00m 0x7f9bf8000f70 [37mTRACE  [00m [00;34m          GST_TRACER :0::[00m latency_tracer_pipeline, frame_latency=(double)68.570535, avg=(double)50.027598, min=(double)0.035593, max=(double)73.898687, latency=(double)18.717397, fps=(double)53.426233, frame_num=(uint)379;
0:00:10.089793671 [32m    1[00m 0x7f9bf8000f70 [37mTRACE  [00m [00;34m          GST_TRACER :0::[00m latency_tracer_pipeline, frame_latency=(double)39.271389, avg=(double)49.999292, min=(double)0.035593, max=(double)73.898687, latency=(double)18.671188, fps=(double)53.558455, frame_num=(uint)380;
FpsCounter(last 1.02sec): total=422.48 fps, number-streams=8, per-stream=52.81 fps (56.72, 51.83, 51.83, 53.79, 51.83, 54.77, 48.90, 52.81)
latency: -7606.56ms (-7440.76, -7578.67, -7659.13, -7542.41, -7828.07, -7757.22, -7352.53, -7687.31)
0:00:10.128591609 [32m    1[00m 0x7f9bf8000f70 [37mTRACE  [00m [00;34m          GST_TRACER :0::[00m latency_tracer_pipeline, frame_latency=(double)69.860001, avg=(double)50.051420, min=(double)0.035593, max=(double)73.898687, latency=(double)18.724009, fps=(double)53.407367, frame_num=(uint)381;
0:00:10.128602889 [32m    1[00m 0x7f9bf8000f70 [37mTRACE  [00m [00;34m          GST_TRACER :0::[00m latency_tracer_pipeline_interval, interval=(double)1022.450173, avg=(double)50.268579, min=(double)31.461373, max=(double)71.489616, latency=(double)17.937722, fps=(double)55.748438;
0:00:10.130026207 [32m    1[00m 0x7f9bf8000f70 [37mTRACE  [00m [00;34m          GST_TRACER :0::[00m latency_tracer_pipeline, frame_latency=(double)40.673130, avg=(double)50.026870, min=(double)0.035593, max=(double)73.898687, latency=(double)18.678755, fps=(double)53.536758, frame_num=(uint)382;
0:00:10.166893728 [32m    1[00m 0x7f9bf8000f70 [37mTRACE  [00m [00;34m          GST_TRACER :0::[00m latency_tracer_pipeline, frame_latency=(double)68.292799, avg=(double)50.074561, min=(double)0.035593, max=(double)73.898687, latency=(double)18.726213, fps=(double)53.401080, frame_num=(uint)383;
0:00:10.166955225 [32m    1[00m 0x7f9bf8000f70 [37mTRACE  [00m [00;34m          GST_TRACER :0::[00m latency_tracer_pipeline, frame_latency=(double)35.735392, avg=(double)50.037220, min=(double)0.035593, max=(double)73.898687, latency=(double)18.677642, fps=(double)53.539948, frame_num=(uint)384;
0:00:10.169171134 [32m    1[00m 0x7f9bf8000f70 [37mTRACE  [00m [00;34m          GST_TRACER :0::[00m latency_tracer_pipeline, frame_latency=(double)35.038991, avg=(double)49.998263, min=(double)0.035593, max=(double)73.898687, latency=(double)18.634883, fps=(double)53.662799, frame_num=(uint)385;
0:00:10.204280864 [32m    1[00m 0x7f9bf8000f70 [37mTRACE  [00m [00;34m          GST_TRACER :0::[00m latency_tracer_pipeline, frame_latency=(double)62.469958, avg=(double)50.030573, min=(double)0.035593, max=(double)73.898687, latency=(double)18.677551, fps=(double)53.540210, frame_num=(uint)386;
0:00:10.206580034 [32m    1[00m 0x7f9bf8000f70 [37mTRACE  [00m [00;34m          GST_TRACER :0::[00m latency_tracer_pipeline, frame_latency=(double)34.050232, avg=(double)49.989281, min=(double)0.035593, max=(double)73.898687, latency=(double)18.635236, fps=(double)53.661782, frame_num=(uint)387;
0:00:10.241782062 [32m    1[00m 0x7f9bf8000f70 [37mTRACE  [00m [00;34m          GST_TRACER :0::[00m latency_tracer_pipeline, frame_latency=(double)65.872777, avg=(double)50.030217, min=(double)0.035593, max=(double)73.898687, latency=(double)18.677924, fps=(double)53.539141, frame_num=(uint)388;
0:00:10.243976306 [32m    1[00m 0x7f9bf8000f70 [37mTRACE  [00m [00;34m          GST_TRACER :0::[00m latency_tracer_pipeline, frame_latency=(double)39.389110, avg=(double)50.002862, min=(double)0.035593, max=(double)73.898687, latency=(double)18.635556, fps=(double)53.660863, frame_num=(uint)389;
0:00:10.279512152 [32m    1[00m 0x7f9bf8000f70 [37mTRACE  [00m [00;34m          GST_TRACER :0::[00m latency_tracer_pipeline, frame_latency=(double)68.049366, avg=(double)50.049135, min=(double)0.035593, max=(double)73.898687, latency=(double)18.678885, fps=(double)53.536387, frame_num=(uint)390;
0:00:10.282163822 [32m    1[00m 0x7f9bf8000f70 [37mTRACE  [00m [00;34m          GST_TRACER :0::[00m latency_tracer_pipeline, frame_latency=(double)40.160744, avg=(double)50.023845, min=(double)0.035593, max=(double)73.898687, latency=(double)18.637904, fps=(double)53.654101, frame_num=(uint)391;
0:00:10.318506172 [32m    1[00m 0x7f9bf8000f70 [37mTRACE  [00m [00;34m          GST_TRACER :0::[00m latency_tracer_pipeline, frame_latency=(double)68.354771, avg=(double)50.070608, min=(double)0.035593, max=(double)73.898687, latency=(double)18.683038, fps=(double)53.524485, frame_num=(uint)392;
0:00:10.320966891 [32m    1[00m 0x7f9bf8000f70 [37mTRACE  [00m [00;34m          GST_TRACER :0::[00m latency_tracer_pipeline, frame_latency=(double)40.885765, avg=(double)50.047237, min=(double)0.035593, max=(double)73.898687, latency=(double)18.641764, fps=(double)53.642992, frame_num=(uint)393;
0:00:10.321008149 [32m    1[00m 0x7f9bf8000f70 [37mTRACE  [00m [00;34m          GST_TRACER :0::[00m latency_tracer_pipeline, frame_latency=(double)33.289054, avg=(double)50.004703, min=(double)0.035593, max=(double)73.898687, latency=(double)18.594599, fps=(double)53.779058, frame_num=(uint)394;
0:00:10.354978850 [32m    1[00m 0x7f9bf8000f70 [37mTRACE  [00m [00;34m          GST_TRACER :0::[00m latency_tracer_pipeline, frame_latency=(double)61.306603, avg=(double)50.033316, min=(double)0.035593, max=(double)73.898687, latency=(double)18.633480, fps=(double)53.666841, frame_num=(uint)395;
0:00:10.357798827 [32m    1[00m 0x7f9bf8000f70 [37mTRACE  [00m [00;34m          GST_TRACER :0::[00m latency_tracer_pipeline, frame_latency=(double)33.973161, avg=(double)49.992760, min=(double)0.035593, max=(double)73.898687, latency=(double)18.593545, fps=(double)53.782104, frame_num=(uint)396;
0:00:10.392539046 [32m    1[00m 0x7f9bf8000f70 [37mTRACE  [00m [00;34m          GST_TRACER :0::[00m latency_tracer_pipeline, frame_latency=(double)60.657019, avg=(double)50.019622, min=(double)0.035593, max=(double)73.898687, latency=(double)18.634251, fps=(double)53.664621, frame_num=(uint)397;
FpsCounter(average 5.09sec): total=427.71 fps, number-streams=8, per-stream=53.46 fps (53.68, 52.70, 53.49, 53.49, 53.88, 54.86, 51.72, 53.88)
0:00:10.393303711 [32m    1[00m 0x7f9bf8000f70 [37mTRACE  [00m [00;34m          GST_TRACER :0::[00m latency_tracer_pipeline, frame_latency=(double)32.711851, avg=(double)49.976135, min=(double)0.035593, max=(double)73.898687, latency=(double)18.589355, fps=(double)53.794229, frame_num=(uint)398;
0:00:10.429524390 [32m    1[00m 0x7f9bf8000f70 [37mTRACE  [00m [00;34m          GST_TRACER :0::[00m latency_tracer_pipeline, frame_latency=(double)63.107226, avg=(double)50.009045, min=(double)0.035593, max=(double)73.898687, latency=(double)18.633518, fps=(double)53.666732, frame_num=(uint)399;
0:00:10.430517184 [32m    1[00m 0x7f9bf8000f70 [37mTRACE  [00m [00;34m          GST_TRACER :0::[00m latency_tracer_pipeline, frame_latency=(double)34.276057, avg=(double)49.969713, min=(double)0.035593, max=(double)73.898687, latency=(double)18.589441, fps=(double)53.793980, frame_num=(uint)400;
0:00:10.467376622 [32m    1[00m 0x7f9bf8000f70 [37mTRACE  [00m [00;34m          GST_TRACER :0::[00m latency_tracer_pipeline, frame_latency=(double)65.642219, avg=(double)50.008796, min=(double)0.035593, max=(double)73.898687, latency=(double)18.634982, fps=(double)53.662515, frame_num=(uint)401;
0:00:10.468317521 [32m    1[00m 0x7f9bf8000f70 [37mTRACE  [00m [00;34m          GST_TRACER :0::[00m latency_tracer_pipeline, frame_latency=(double)35.846434, avg=(double)49.973566, min=(double)0.035593, max=(double)73.898687, latency=(double)18.590966, fps=(double)53.789566, frame_num=(uint)402;
0:00:10.505905448 [32m    1[00m 0x7f9bf8000f70 [37mTRACE  [00m [00;34m          GST_TRACER :0::[00m latency_tracer_pipeline, frame_latency=(double)64.154291, avg=(double)50.008754, min=(double)0.035593, max=(double)73.898687, latency=(double)18.638074, fps=(double)53.653611, frame_num=(uint)403;
0:00:10.507271147 [32m    1[00m 0x7f9bf8000f70 [37mTRACE  [00m [00;34m          GST_TRACER :0::[00m latency_tracer_pipeline, frame_latency=(double)37.973214, avg=(double)49.978963, min=(double)0.035593, max=(double)73.898687, latency=(double)18.595338, fps=(double)53.776921, frame_num=(uint)404;
0:00:10.544709271 [32m    1[00m 0x7f9bf8000f70 [37mTRACE  [00m [00;34m          GST_TRACER :0::[00m latency_tracer_pipeline, frame_latency=(double)68.446005, avg=(double)50.024561, min=(double)0.035593, max=(double)73.898687, latency=(double)18.641884, fps=(double)53.642648, frame_num=(uint)405;
0:00:10.545536054 [32m    1[00m 0x7f9bf8000f70 [37mTRACE  [00m [00;34m          GST_TRACER :0::[00m latency_tracer_pipeline, frame_latency=(double)39.530562, avg=(double)49.998714, min=(double)0.035593, max=(double)73.898687, latency=(double)18.598017, fps=(double)53.769173, frame_num=(uint)406;
0:00:10.545552476 [32m    1[00m 0x7f9bf8000f70 [37mTRACE  [00m [00;34m          GST_TRACER :0::[00m latency_tracer_pipeline, frame_latency=(double)32.017448, avg=(double)49.954534, min=(double)0.035593, max=(double)73.898687, latency=(double)18.552374, fps=(double)53.901457, frame_num=(uint)407;
0:00:10.582749531 [32m    1[00m 0x7f9bf8000f70 [37mTRACE  [00m [00;34m          GST_TRACER :0::[00m latency_tracer_pipeline, frame_latency=(double)61.421230, avg=(double)49.982638, min=(double)0.035593, max=(double)73.898687, latency=(double)18.598022, fps=(double)53.769160, frame_num=(uint)408;
0:00:10.583929115 [32m    1[00m 0x7f9bf8000f70 [37mTRACE  [00m [00;34m          GST_TRACER :0::[00m latency_tracer_pipeline, frame_latency=(double)33.045029, avg=(double)49.941226, min=(double)0.035593, max=(double)73.898687, latency=(double)18.555461, fps=(double)53.892490, frame_num=(uint)409;
0:00:10.620776926 [32m    1[00m 0x7f9bf8000f70 [37mTRACE  [00m [00;34m          GST_TRACER :0::[00m latency_tracer_pipeline, frame_latency=(double)61.625268, avg=(double)49.969724, min=(double)0.035593, max=(double)73.898687, latency=(double)18.600044, fps=(double)53.763314, frame_num=(uint)410;
0:00:10.658669911 [32m    1[00m 0x7f9bf8000f70 [37mTRACE  [00m [00;34m          GST_TRACER :0::[00m latency_tracer_pipeline, frame_latency=(double)69.345178, avg=(double)50.016866, min=(double)0.035593, max=(double)73.898687, latency=(double)18.647001, fps=(double)53.627926, frame_num=(uint)411;
0:00:10.659978904 [32m    1[00m 0x7f9bf8000f70 [37mTRACE  [00m [00;34m          GST_TRACER :0::[00m latency_tracer_pipeline, frame_latency=(double)38.835145, avg=(double)49.989726, min=(double)0.035593, max=(double)73.898687, latency=(double)18.604910, fps=(double)53.749253, frame_num=(uint)412;
0:00:10.698051316 [32m    1[00m 0x7f9bf8000f70 [37mTRACE  [00m [00;34m          GST_TRACER :0::[00m latency_tracer_pipeline, frame_latency=(double)68.593090, avg=(double)50.034770, min=(double)0.035593, max=(double)73.898687, latency=(double)18.652045, fps=(double)53.613424, frame_num=(uint)413;
0:00:10.699201319 [32m    1[00m 0x7f9bf8000f70 [37mTRACE  [00m [00;34m          GST_TRACER :0::[00m latency_tracer_pipeline, frame_latency=(double)37.451012, avg=(double)50.004375, min=(double)0.035593, max=(double)73.898687, latency=(double)18.609782, fps=(double)53.735181, frame_num=(uint)414;
0:00:10.736687795 [32m    1[00m 0x7f9bf8000f70 [37mTRACE  [00m [00;34m          GST_TRACER :0::[00m latency_tracer_pipeline, frame_latency=(double)65.314408, avg=(double)50.041267, min=(double)0.035593, max=(double)73.898687, latency=(double)18.655241, fps=(double)53.604238, frame_num=(uint)415;
0:00:10.737602296 [32m    1[00m 0x7f9bf8000f70 [37mTRACE  [00m [00;34m          GST_TRACER :0::[00m latency_tracer_pipeline, frame_latency=(double)37.236279, avg=(double)50.010485, min=(double)0.035593, max=(double)73.898687, latency=(double)18.612644, fps=(double)53.726918, frame_num=(uint)416;
0:00:10.773115122 [32m    1[00m 0x7f9bf8000f70 [37mTRACE  [00m [00;34m          GST_TRACER :0::[00m latency_tracer_pipeline, frame_latency=(double)63.992246, avg=(double)50.044015, min=(double)0.035593, max=(double)73.898687, latency=(double)18.653151, fps=(double)53.610246, frame_num=(uint)417;
0:00:10.774415883 [32m    1[00m 0x7f9bf8000f70 [37mTRACE  [00m [00;34m          GST_TRACER :0::[00m latency_tracer_pipeline, frame_latency=(double)36.174734, avg=(double)50.010835, min=(double)0.035593, max=(double)73.898687, latency=(double)18.611664, fps=(double)53.729748, frame_num=(uint)418;
0:00:10.811232726 [32m    1[00m 0x7f9bf8000f70 [37mTRACE  [00m [00;34m          GST_TRACER :0::[00m latency_tracer_pipeline, frame_latency=(double)65.668574, avg=(double)50.048204, min=(double)0.035593, max=(double)73.898687, latency=(double)18.655068, fps=(double)53.604735, frame_num=(uint)419;
0:00:10.812182724 [32m    1[00m 0x7f9bf8000f70 [37mTRACE  [00m [00;34m          GST_TRACER :0::[00m latency_tracer_pipeline, frame_latency=(double)36.482459, avg=(double)50.015905, min=(double)0.035593, max=(double)73.898687, latency=(double)18.612943, fps=(double)53.726056, frame_num=(uint)420;
0:00:10.849873108 [32m    1[00m 0x7f9bf8000f70 [37mTRACE  [00m [00;34m          GST_TRACER :0::[00m latency_tracer_pipeline, frame_latency=(double)64.942643, avg=(double)50.051360, min=(double)0.035593, max=(double)73.898687, latency=(double)18.658237, fps=(double)53.595633, frame_num=(uint)421;
0:00:10.850805359 [32m    1[00m 0x7f9bf8000f70 [37mTRACE  [00m [00;34m          GST_TRACER :0::[00m latency_tracer_pipeline, frame_latency=(double)34.424067, avg=(double)50.014328, min=(double)0.035593, max=(double)73.898687, latency=(double)18.616272, fps=(double)53.716449, frame_num=(uint)422;
0:00:10.889257004 [32m    1[00m 0x7f9bf8000f70 [37mTRACE  [00m [00;34m          GST_TRACER :0::[00m latency_tracer_pipeline, frame_latency=(double)65.359004, avg=(double)50.050604, min=(double)0.035593, max=(double)73.898687, latency=(double)18.663122, fps=(double)53.581603, frame_num=(uint)423;
0:00:10.890373043 [32m    1[00m 0x7f9bf8000f70 [37mTRACE  [00m [00;34m          GST_TRACER :0::[00m latency_tracer_pipeline, frame_latency=(double)37.519208, avg=(double)50.021049, min=(double)0.035593, max=(double)73.898687, latency=(double)18.621772, fps=(double)53.700582, frame_num=(uint)424;
0:00:10.928327908 [32m    1[00m 0x7f9bf8000f70 [37mTRACE  [00m [00;34m          GST_TRACER :0::[00m latency_tracer_pipeline, frame_latency=(double)67.167315, avg=(double)50.061393, min=(double)0.035593, max=(double)73.898687, latency=(double)18.667224, fps=(double)53.569830, frame_num=(uint)425;
0:00:10.929455748 [32m    1[00m 0x7f9bf8000f70 [37mTRACE  [00m [00;34m          GST_TRACER :0::[00m latency_tracer_pipeline, frame_latency=(double)37.265169, avg=(double)50.031355, min=(double)0.035593, max=(double)73.898687, latency=(double)18.626063, fps=(double)53.688211, frame_num=(uint)426;
0:00:10.967411675 [32m    1[00m 0x7f9bf8000f70 [37mTRACE  [00m [00;34m          GST_TRACER :0::[00m latency_tracer_pipeline, frame_latency=(double)67.053130, avg=(double)50.071219, min=(double)0.035593, max=(double)73.898687, latency=(double)18.671321, fps=(double)53.558076, frame_num=(uint)427;
0:00:10.968601360 [32m    1[00m 0x7f9bf8000f70 [37mTRACE  [00m [00;34m          GST_TRACER :0::[00m latency_tracer_pipeline, frame_latency=(double)38.661244, avg=(double)50.044560, min=(double)0.035593, max=(double)73.898687, latency=(double)18.630494, fps=(double)53.675443, frame_num=(uint)428;
0:00:11.005195789 [32m    1[00m 0x7f9bf8000f70 [37mTRACE  [00m [00;34m          GST_TRACER :0::[00m latency_tracer_pipeline, frame_latency=(double)66.452381, avg=(double)50.082807, min=(double)0.035593, max=(double)73.898687, latency=(double)18.672371, fps=(double)53.555063, frame_num=(uint)429;
0:00:11.005227670 [32m    1[00m 0x7f9bf8000f70 [37mTRACE  [00m [00;34m          GST_TRACER :0::[00m latency_tracer_pipeline, frame_latency=(double)37.507920, avg=(double)50.053563, min=(double)0.035593, max=(double)73.898687, latency=(double)18.629036, fps=(double)53.679644, frame_num=(uint)430;
0:00:11.005234774 [32m    1[00m 0x7f9bf8000f70 [37mTRACE  [00m [00;34m          GST_TRACER :0::[00m latency_tracer_pipeline, frame_latency=(double)35.442034, avg=(double)50.019661, min=(double)0.035593, max=(double)73.898687, latency=(double)18.585845, fps=(double)53.804388, frame_num=(uint)431;
0:00:11.006030766 [32m    1[00m 0x7f9bf8000f70 [37mTRACE  [00m [00;34m          GST_TRACER :0::[00m latency_tracer_pipeline, frame_latency=(double)34.155646, avg=(double)49.982939, min=(double)0.035593, max=(double)73.898687, latency=(double)18.544648, fps=(double)53.923914, frame_num=(uint)432;
0:00:11.043450125 [32m    1[00m 0x7f9bf8000f70 [37mTRACE  [00m [00;34m          GST_TRACER :0::[00m latency_tracer_pipeline, frame_latency=(double)63.081682, avg=(double)50.013190, min=(double)0.035593, max=(double)73.898687, latency=(double)18.588205, fps=(double)53.797556, frame_num=(uint)433;
0:00:11.044548349 [32m    1[00m 0x7f9bf8000f70 [37mTRACE  [00m [00;34m          GST_TRACER :0::[00m latency_tracer_pipeline, frame_latency=(double)35.321061, avg=(double)49.979337, min=(double)0.035593, max=(double)73.898687, latency=(double)18.547942, fps=(double)53.914338, frame_num=(uint)434;
0:00:11.081515081 [32m    1[00m 0x7f9bf8000f70 [37mTRACE  [00m [00;34m          GST_TRACER :0::[00m latency_tracer_pipeline, frame_latency=(double)65.261017, avg=(double)50.014468, min=(double)0.035593, max=(double)73.898687, latency=(double)18.590251, fps=(double)53.791636, frame_num=(uint)435;
0:00:11.118325106 [32m    1[00m 0x7f9bf8000f70 [37mTRACE  [00m [00;34m          GST_TRACER :0::[00m latency_tracer_pipeline, frame_latency=(double)70.947620, avg=(double)50.062479, min=(double)0.035593, max=(double)73.898687, latency=(double)18.632036, fps=(double)53.671001, frame_num=(uint)436;
0:00:11.119378367 [32m    1[00m 0x7f9bf8000f70 [37mTRACE  [00m [00;34m          GST_TRACER :0::[00m latency_tracer_pipeline, frame_latency=(double)37.237122, avg=(double)50.033131, min=(double)0.035593, max=(double)73.898687, latency=(double)18.591830, fps=(double)53.787067, frame_num=(uint)437;
FpsCounter(last 1.03sec): total=420.26 fps, number-streams=8, per-stream=52.53 fps (54.48, 55.45, 53.51, 51.56, 48.64, 51.56, 53.51, 51.56)
latency: -8731.50ms (-8691.32, -8744.09, -8787.23, -8664.36, -8833.38, -8902.28, -8437.42, -8808.05)
0:00:11.156777631 [32m    1[00m 0x7f9bf8000f70 [37mTRACE  [00m [00;34m          GST_TRACER :0::[00m latency_tracer_pipeline, frame_latency=(double)66.658642, avg=(double)50.071089, min=(double)0.035593, max=(double)73.898687, latency=(double)18.634763, fps=(double)53.663146, frame_num=(uint)438;
0:00:11.156804745 [32m    1[00m 0x7f9bf8000f70 [37mTRACE  [00m [00;34m          GST_TRACER :0::[00m latency_tracer_pipeline_interval, interval=(double)1028.178865, avg=(double)50.202557, min=(double)32.017448, max=(double)70.947620, latency=(double)18.038226, fps=(double)55.437825;
0:00:11.157650013 [32m    1[00m 0x7f9bf8000f70 [37mTRACE  [00m [00;34m          GST_TRACER :0::[00m latency_tracer_pipeline, frame_latency=(double)37.514893, avg=(double)50.042487, min=(double)0.035593, max=(double)73.898687, latency=(double)18.594299, fps=(double)53.779924, frame_num=(uint)439;
0:00:11.193972927 [32m    1[00m 0x7f9bf8000f70 [37mTRACE  [00m [00;34m          GST_TRACER :0::[00m latency_tracer_pipeline, frame_latency=(double)65.447900, avg=(double)50.077499, min=(double)0.035593, max=(double)73.898687, latency=(double)18.634602, fps=(double)53.663609, frame_num=(uint)440;
0:00:11.194597918 [32m    1[00m 0x7f9bf8000f70 [37mTRACE  [00m [00;34m          GST_TRACER :0::[00m latency_tracer_pipeline, frame_latency=(double)36.279784, avg=(double)50.046212, min=(double)0.035593, max=(double)73.898687, latency=(double)18.593785, fps=(double)53.781412, frame_num=(uint)441;
0:00:11.230715850 [32m    1[00m 0x7f9bf8000f70 [37mTRACE  [00m [00;34m          GST_TRACER :0::[00m latency_tracer_pipeline, frame_latency=(double)61.582579, avg=(double)50.072312, min=(double)0.035593, max=(double)73.898687, latency=(double)18.633386, fps=(double)53.667113, frame_num=(uint)442;
0:00:11.231643617 [32m    1[00m 0x7f9bf8000f70 [37mTRACE  [00m [00;34m          GST_TRACER :0::[00m latency_tracer_pipeline, frame_latency=(double)33.097211, avg=(double)50.033994, min=(double)0.035593, max=(double)73.898687, latency=(double)18.593450, fps=(double)53.782381, frame_num=(uint)443;
0:00:11.269358288 [32m    1[00m 0x7f9bf8000f70 [37mTRACE  [00m [00;34m          GST_TRACER :0::[00m latency_tracer_pipeline, frame_latency=(double)61.549679, avg=(double)50.059930, min=(double)0.035593, max=(double)73.898687, latency=(double)18.636513, fps=(double)53.658106, frame_num=(uint)444;
0:00:11.270664720 [32m    1[00m 0x7f9bf8000f70 [37mTRACE  [00m [00;34m          GST_TRACER :0::[00m latency_tracer_pipeline, frame_latency=(double)33.455610, avg=(double)50.022617, min=(double)0.035593, max=(double)73.898687, latency=(double)18.597580, fps=(double)53.770436, frame_num=(uint)445;
0:00:11.307535565 [32m    1[00m 0x7f9bf8000f70 [37mTRACE  [00m [00;34m          GST_TRACER :0::[00m latency_tracer_pipeline, frame_latency=(double)60.562632, avg=(double)50.046249, min=(double)0.035593, max=(double)73.898687, latency=(double)18.638540, fps=(double)53.652270, frame_num=(uint)446;
0:00:11.308242037 [32m    1[00m 0x7f9bf8000f70 [37mTRACE  [00m [00;34m          GST_TRACER :0::[00m latency_tracer_pipeline, frame_latency=(double)32.956252, avg=(double)50.008016, min=(double)0.035593, max=(double)73.898687, latency=(double)18.598437, fps=(double)53.767960, frame_num=(uint)447;
0:00:11.346912447 [32m    1[00m 0x7f9bf8000f70 [37mTRACE  [00m [00;34m          GST_TRACER :0::[00m latency_tracer_pipeline, frame_latency=(double)62.887106, avg=(double)50.036764, min=(double)0.035593, max=(double)73.898687, latency=(double)18.643208, fps=(double)53.638839, frame_num=(uint)448;
0:00:11.347827014 [32m    1[00m 0x7f9bf8000f70 [37mTRACE  [00m [00;34m          GST_TRACER :0::[00m latency_tracer_pipeline, frame_latency=(double)34.190710, avg=(double)50.001473, min=(double)0.035593, max=(double)73.898687, latency=(double)18.603755, fps=(double)53.752590, frame_num=(uint)449;
0:00:11.384525248 [32m    1[00m 0x7f9bf8000f70 [37mTRACE  [00m [00;34m          GST_TRACER :0::[00m latency_tracer_pipeline, frame_latency=(double)61.680536, avg=(double)50.027426, min=(double)0.035593, max=(double)73.898687, latency=(double)18.643949, fps=(double)53.636706, frame_num=(uint)450;
0:00:11.384546575 [32m    1[00m 0x7f9bf8000f70 [37mTRACE  [00m [00;34m          GST_TRACER :0::[00m latency_tracer_pipeline, frame_latency=(double)31.963699, avg=(double)49.987373, min=(double)0.035593, max=(double)73.898687, latency=(double)18.602684, fps=(double)53.755685, frame_num=(uint)451;
FpsCounter(average 6.11sec): total=426.39 fps, number-streams=8, per-stream=53.30 fps (53.48, 53.16, 53.48, 53.16, 52.99, 54.30, 52.17, 53.65)
0:00:11.421432803 [32m    1[00m 0x7f9bf8000f70 [37mTRACE  [00m [00;34m          GST_TRACER :0::[00m latency_tracer_pipeline, frame_latency=(double)65.421641, avg=(double)50.021520, min=(double)0.035593, max=(double)73.898687, latency=(double)18.643097, fps=(double)53.639156, frame_num=(uint)452;
0:00:11.422761022 [32m    1[00m 0x7f9bf8000f70 [37mTRACE  [00m [00;34m          GST_TRACER :0::[00m latency_tracer_pipeline, frame_latency=(double)36.859941, avg=(double)49.992466, min=(double)0.035593, max=(double)73.898687, latency=(double)18.604896, fps=(double)53.749294, frame_num=(uint)453;
0:00:11.461745451 [32m    1[00m 0x7f9bf8000f70 [37mTRACE  [00m [00;34m          GST_TRACER :0::[00m latency_tracer_pipeline, frame_latency=(double)65.958511, avg=(double)50.027633, min=(double)0.035593, max=(double)73.898687, latency=(double)18.649776, fps=(double)53.619947, frame_num=(uint)454;
0:00:11.462321830 [32m    1[00m 0x7f9bf8000f70 [37mTRACE  [00m [00;34m          GST_TRACER :0::[00m latency_tracer_pipeline, frame_latency=(double)37.282513, avg=(double)49.999622, min=(double)0.035593, max=(double)73.898687, latency=(double)18.610074, fps=(double)53.734339, frame_num=(uint)455;
0:00:11.498038394 [32m    1[00m 0x7f9bf8000f70 [37mTRACE  [00m [00;34m          GST_TRACER :0::[00m latency_tracer_pipeline, frame_latency=(double)63.943333, avg=(double)50.030200, min=(double)0.035593, max=(double)73.898687, latency=(double)18.647555, fps=(double)53.626334, frame_num=(uint)456;
0:00:11.498956106 [32m    1[00m 0x7f9bf8000f70 [37mTRACE  [00m [00;34m          GST_TRACER :0::[00m latency_tracer_pipeline, frame_latency=(double)34.201968, avg=(double)49.995565, min=(double)0.035593, max=(double)73.898687, latency=(double)18.608719, fps=(double)53.738251, frame_num=(uint)457;
0:00:11.534621642 [32m    1[00m 0x7f9bf8000f70 [37mTRACE  [00m [00;34m          GST_TRACER :0::[00m latency_tracer_pipeline, frame_latency=(double)62.838958, avg=(double)50.023608, min=(double)0.035593, max=(double)73.898687, latency=(double)18.646001, fps=(double)53.630802, frame_num=(uint)458;
0:00:11.535710628 [32m    1[00m 0x7f9bf8000f70 [37mTRACE  [00m [00;34m          GST_TRACER :0::[00m latency_tracer_pipeline, frame_latency=(double)34.325771, avg=(double)49.989407, min=(double)0.035593, max=(double)73.898687, latency=(double)18.607742, fps=(double)53.741073, frame_num=(uint)459;
0:00:11.571427459 [32m    1[00m 0x7f9bf8000f70 [37mTRACE  [00m [00;34m          GST_TRACER :0::[00m latency_tracer_pipeline, frame_latency=(double)63.508494, avg=(double)50.018797, min=(double)0.035593, max=(double)73.898687, latency=(double)18.644944, fps=(double)53.633842, frame_num=(uint)460;
0:00:11.572605261 [32m    1[00m 0x7f9bf8000f70 [37mTRACE  [00m [00;34m          GST_TRACER :0::[00m latency_tracer_pipeline, frame_latency=(double)34.946779, avg=(double)49.986103, min=(double)0.035593, max=(double)73.898687, latency=(double)18.607049, fps=(double)53.743072, frame_num=(uint)461;
0:00:11.606997790 [32m    1[00m 0x7f9bf8000f70 [37mTRACE  [00m [00;34m          GST_TRACER :0::[00m latency_tracer_pipeline, frame_latency=(double)63.814215, avg=(double)50.016034, min=(double)0.035593, max=(double)73.898687, latency=(double)18.641218, fps=(double)53.644564, frame_num=(uint)462;
0:00:11.608469092 [32m    1[00m 0x7f9bf8000f70 [37mTRACE  [00m [00;34m          GST_TRACER :0::[00m latency_tracer_pipeline, frame_latency=(double)35.142125, avg=(double)49.983909, min=(double)0.035593, max=(double)73.898687, latency=(double)18.604131, fps=(double)53.751504, frame_num=(uint)463;
0:00:11.644437310 [32m    1[00m 0x7f9bf8000f70 [37mTRACE  [00m [00;34m          GST_TRACER :0::[00m latency_tracer_pipeline, frame_latency=(double)65.229541, avg=(double)50.016765, min=(double)0.035593, max=(double)73.898687, latency=(double)18.641551, fps=(double)53.643604, frame_num=(uint)464;
0:00:11.645709013 [32m    1[00m 0x7f9bf8000f70 [37mTRACE  [00m [00;34m          GST_TRACER :0::[00m latency_tracer_pipeline, frame_latency=(double)36.135834, avg=(double)49.986914, min=(double)0.035593, max=(double)73.898687, latency=(double)18.604227, fps=(double)53.751225, frame_num=(uint)465;
0:00:11.682451409 [32m    1[00m 0x7f9bf8000f70 [37mTRACE  [00m [00;34m          GST_TRACER :0::[00m latency_tracer_pipeline, frame_latency=(double)64.742271, avg=(double)50.018578, min=(double)0.035593, max=(double)73.898687, latency=(double)18.643126, fps=(double)53.639073, frame_num=(uint)466;
0:00:11.683487711 [32m    1[00m 0x7f9bf8000f70 [37mTRACE  [00m [00;34m          GST_TRACER :0::[00m latency_tracer_pipeline, frame_latency=(double)35.058662, avg=(double)49.986544, min=(double)0.035593, max=(double)73.898687, latency=(double)18.605453, fps=(double)53.747684, frame_num=(uint)467;
0:00:11.720774851 [32m    1[00m 0x7f9bf8000f70 [37mTRACE  [00m [00;34m          GST_TRACER :0::[00m latency_tracer_pipeline, frame_latency=(double)62.393495, avg=(double)50.013054, min=(double)0.035593, max=(double)73.898687, latency=(double)18.645360, fps=(double)53.632647, frame_num=(uint)468;
0:00:11.722056717 [32m    1[00m 0x7f9bf8000f70 [37mTRACE  [00m [00;34m          GST_TRACER :0::[00m latency_tracer_pipeline, frame_latency=(double)34.149511, avg=(double)49.979230, min=(double)0.035593, max=(double)73.898687, latency=(double)18.608343, fps=(double)53.739337, frame_num=(uint)469;
0:00:11.759556026 [32m    1[00m 0x7f9bf8000f70 [37mTRACE  [00m [00;34m          GST_TRACER :0::[00m latency_tracer_pipeline, frame_latency=(double)62.570756, avg=(double)50.006021, min=(double)0.035593, max=(double)73.898687, latency=(double)18.648527, fps=(double)53.623538, frame_num=(uint)470;
0:00:11.760909375 [32m    1[00m 0x7f9bf8000f70 [37mTRACE  [00m [00;34m          GST_TRACER :0::[00m latency_tracer_pipeline, frame_latency=(double)34.526951, avg=(double)49.973156, min=(double)0.035593, max=(double)73.898687, latency=(double)18.611817, fps=(double)53.729307, frame_num=(uint)471;
0:00:11.797661064 [32m    1[00m 0x7f9bf8000f70 [37mTRACE  [00m [00;34m          GST_TRACER :0::[00m latency_tracer_pipeline, frame_latency=(double)61.999458, avg=(double)49.998636, min=(double)0.035593, max=(double)73.898687, latency=(double)18.650238, fps=(double)53.618620, frame_num=(uint)472;
0:00:11.798543527 [32m    1[00m 0x7f9bf8000f70 [37mTRACE  [00m [00;34m          GST_TRACER :0::[00m latency_tracer_pipeline, frame_latency=(double)37.347231, avg=(double)49.971889, min=(double)0.035593, max=(double)73.898687, latency=(double)18.612685, fps=(double)53.726801, frame_num=(uint)473;
0:00:11.837454328 [32m    1[00m 0x7f9bf8000f70 [37mTRACE  [00m [00;34m          GST_TRACER :0::[00m latency_tracer_pipeline, frame_latency=(double)67.267263, avg=(double)50.008377, min=(double)0.035593, max=(double)73.898687, latency=(double)18.655502, fps=(double)53.603490, frame_num=(uint)474;
0:00:11.838668398 [32m    1[00m 0x7f9bf8000f70 [37mTRACE  [00m [00;34m          GST_TRACER :0::[00m latency_tracer_pipeline, frame_latency=(double)39.573922, avg=(double)49.986410, min=(double)0.035593, max=(double)73.898687, latency=(double)18.618793, fps=(double)53.709174, frame_num=(uint)475;
0:00:11.876443623 [32m    1[00m 0x7f9bf8000f70 [37mTRACE  [00m [00;34m          GST_TRACER :0::[00m latency_tracer_pipeline, frame_latency=(double)68.787551, avg=(double)50.025908, min=(double)0.035593, max=(double)73.898687, latency=(double)18.659027, fps=(double)53.593363, frame_num=(uint)476;
0:00:11.877109732 [32m    1[00m 0x7f9bf8000f70 [37mTRACE  [00m [00;34m          GST_TRACER :0::[00m latency_tracer_pipeline, frame_latency=(double)38.773568, avg=(double)50.002318, min=(double)0.035593, max=(double)73.898687, latency=(double)18.621318, fps=(double)53.701892, frame_num=(uint)477;
0:00:11.913108818 [32m    1[00m 0x7f9bf8000f70 [37mTRACE  [00m [00;34m          GST_TRACER :0::[00m latency_tracer_pipeline, frame_latency=(double)67.736248, avg=(double)50.039418, min=(double)0.035593, max=(double)73.898687, latency=(double)18.657660, fps=(double)53.597290, frame_num=(uint)478;
0:00:11.913143321 [32m    1[00m 0x7f9bf8000f70 [37mTRACE  [00m [00;34m          GST_TRACER :0::[00m latency_tracer_pipeline, frame_latency=(double)35.863482, avg=(double)50.009823, min=(double)0.035593, max=(double)73.898687, latency=(double)18.618802, fps=(double)53.709149, frame_num=(uint)479;
0:00:11.913151985 [32m    1[00m 0x7f9bf8000f70 [37mTRACE  [00m [00;34m          GST_TRACER :0::[00m latency_tracer_pipeline, frame_latency=(double)33.308598, avg=(double)49.975029, min=(double)0.035593, max=(double)73.898687, latency=(double)18.580033, fps=(double)53.821218, frame_num=(uint)480;
0:00:11.914137916 [32m    1[00m 0x7f9bf8000f70 [37mTRACE  [00m [00;34m          GST_TRACER :0::[00m latency_tracer_pipeline, frame_latency=(double)32.533936, avg=(double)49.938769, min=(double)0.035593, max=(double)73.898687, latency=(double)18.543428, fps=(double)53.927461, frame_num=(uint)481;
0:00:11.950792967 [32m    1[00m 0x7f9bf8000f70 [37mTRACE  [00m [00;34m          GST_TRACER :0::[00m latency_tracer_pipeline, frame_latency=(double)62.179972, avg=(double)49.964166, min=(double)0.035593, max=(double)73.898687, latency=(double)18.580980, fps=(double)53.818475, frame_num=(uint)482;
0:00:11.952166590 [32m    1[00m 0x7f9bf8000f70 [37mTRACE  [00m [00;34m          GST_TRACER :0::[00m latency_tracer_pipeline, frame_latency=(double)33.280742, avg=(double)49.929625, min=(double)0.035593, max=(double)73.898687, latency=(double)18.545365, fps=(double)53.921829, frame_num=(uint)483;
0:00:11.988175422 [32m    1[00m 0x7f9bf8000f70 [37mTRACE  [00m [00;34m          GST_TRACER :0::[00m latency_tracer_pipeline, frame_latency=(double)62.586417, avg=(double)49.955775, min=(double)0.035593, max=(double)73.898687, latency=(double)18.581443, fps=(double)53.817135, frame_num=(uint)484;
0:00:11.988868282 [32m    1[00m 0x7f9bf8000f70 [37mTRACE  [00m [00;34m          GST_TRACER :0::[00m latency_tracer_pipeline, frame_latency=(double)37.931988, avg=(double)49.930984, min=(double)0.035593, max=(double)73.898687, latency=(double)18.544585, fps=(double)53.924098, frame_num=(uint)485;
0:00:12.025517401 [32m    1[00m 0x7f9bf8000f70 [37mTRACE  [00m [00;34m          GST_TRACER :0::[00m latency_tracer_pipeline, frame_latency=(double)68.097912, avg=(double)49.968364, min=(double)0.035593, max=(double)73.898687, latency=(double)18.581816, fps=(double)53.816054, frame_num=(uint)486;
0:00:12.026767564 [32m    1[00m 0x7f9bf8000f70 [37mTRACE  [00m [00;34m          GST_TRACER :0::[00m latency_tracer_pipeline, frame_latency=(double)38.371101, avg=(double)49.944550, min=(double)0.035593, max=(double)73.898687, latency=(double)18.546231, fps=(double)53.919311, frame_num=(uint)487;
0:00:12.026806198 [32m    1[00m 0x7f9bf8000f70 [37mTRACE  [00m [00;34m          GST_TRACER :0::[00m latency_tracer_pipeline, frame_latency=(double)32.061762, avg=(double)49.907905, min=(double)0.035593, max=(double)73.898687, latency=(double)18.508334, fps=(double)54.029713, frame_num=(uint)488;
0:00:12.063087162 [32m    1[00m 0x7f9bf8000f70 [37mTRACE  [00m [00;34m          GST_TRACER :0::[00m latency_tracer_pipeline, frame_latency=(double)62.714630, avg=(double)49.934095, min=(double)0.035593, max=(double)73.898687, latency=(double)18.544651, fps=(double)53.923905, frame_num=(uint)489;
0:00:12.064127381 [32m    1[00m 0x7f9bf8000f70 [37mTRACE  [00m [00;34m          GST_TRACER :0::[00m latency_tracer_pipeline, frame_latency=(double)32.606429, avg=(double)49.898732, min=(double)0.035593, max=(double)73.898687, latency=(double)18.508941, fps=(double)54.027943, frame_num=(uint)490;
0:00:12.102033653 [32m    1[00m 0x7f9bf8000f70 [37mTRACE  [00m [00;34m          GST_TRACER :0::[00m latency_tracer_pipeline, frame_latency=(double)60.824643, avg=(double)49.920985, min=(double)0.035593, max=(double)73.898687, latency=(double)18.548430, fps=(double)53.912919, frame_num=(uint)491;
0:00:12.103068507 [32m    1[00m 0x7f9bf8000f70 [37mTRACE  [00m [00;34m          GST_TRACER :0::[00m latency_tracer_pipeline, frame_latency=(double)32.516695, avg=(double)49.885610, min=(double)0.035593, max=(double)73.898687, latency=(double)18.512833, fps=(double)54.016584, frame_num=(uint)492;
0:00:12.140441277 [32m    1[00m 0x7f9bf8000f70 [37mTRACE  [00m [00;34m          GST_TRACER :0::[00m latency_tracer_pipeline, frame_latency=(double)60.049198, avg=(double)49.906226, min=(double)0.035593, max=(double)73.898687, latency=(double)18.551094, fps=(double)53.905176, frame_num=(uint)493;
FpsCounter(last 1.02sec): total=423.61 fps, number-streams=8, per-stream=52.95 fps (54.91, 53.93, 51.97, 51.97, 50.99, 51.97, 54.91, 52.95)
latency: -9867.52ms (-9898.05, -9962.08, -9924.05, -9755.62, -9851.86, -10000.89, -9634.60, -9919.59)
0:00:12.176591733 [32m    1[00m 0x7f9bf8000f70 [37mTRACE  [00m [00;34m          GST_TRACER :0::[00m latency_tracer_pipeline, frame_latency=(double)67.238426, avg=(double)49.941311, min=(double)0.035593, max=(double)73.898687, latency=(double)18.586722, fps=(double)53.801849, frame_num=(uint)494;
0:00:12.176616320 [32m    1[00m 0x7f9bf8000f70 [37mTRACE  [00m [00;34m          GST_TRACER :0::[00m latency_tracer_pipeline_interval, interval=(double)1019.814418, avg=(double)48.926268, min=(double)31.963699, max=(double)68.787551, latency=(double)18.210972, fps=(double)54.911952;
0:00:12.177831886 [32m    1[00m 0x7f9bf8000f70 [37mTRACE  [00m [00;34m          GST_TRACER :0::[00m latency_tracer_pipeline, frame_latency=(double)37.167431, avg=(double)49.915506, min=(double)0.035593, max=(double)73.898687, latency=(double)18.551674, fps=(double)53.903492, frame_num=(uint)495;
0:00:12.213277673 [32m    1[00m 0x7f9bf8000f70 [37mTRACE  [00m [00;34m          GST_TRACER :0::[00m latency_tracer_pipeline, frame_latency=(double)67.120367, avg=(double)49.950193, min=(double)0.035593, max=(double)73.898687, latency=(double)18.585735, fps=(double)53.804707, frame_num=(uint)496;
0:00:12.214218759 [32m    1[00m 0x7f9bf8000f70 [37mTRACE  [00m [00;34m          GST_TRACER :0::[00m latency_tracer_pipeline, frame_latency=(double)36.272705, avg=(double)49.922673, min=(double)0.035593, max=(double)73.898687, latency=(double)18.550234, fps=(double)53.907677, frame_num=(uint)497;
0:00:12.249380803 [32m    1[00m 0x7f9bf8000f70 [37mTRACE  [00m [00;34m          GST_TRACER :0::[00m latency_tracer_pipeline, frame_latency=(double)65.398005, avg=(double)49.953748, min=(double)0.035593, max=(double)73.898687, latency=(double)18.583594, fps=(double)53.810906, frame_num=(uint)498;
0:00:12.250675961 [32m    1[00m 0x7f9bf8000f70 [37mTRACE  [00m [00;34m          GST_TRACER :0::[00m latency_tracer_pipeline, frame_latency=(double)35.995628, avg=(double)49.925776, min=(double)0.035593, max=(double)73.898687, latency=(double)18.548945, fps=(double)53.911421, frame_num=(uint)499;
0:00:12.285573739 [32m    1[00m 0x7f9bf8000f70 [37mTRACE  [00m [00;34m          GST_TRACER :0::[00m latency_tracer_pipeline, frame_latency=(double)64.498955, avg=(double)49.954922, min=(double)0.035593, max=(double)73.898687, latency=(double)18.581638, fps=(double)53.816568, frame_num=(uint)500;
0:00:12.286874142 [32m    1[00m 0x7f9bf8000f70 [37mTRACE  [00m [00;34m          GST_TRACER :0::[00m latency_tracer_pipeline, frame_latency=(double)35.184363, avg=(double)49.925440, min=(double)0.035593, max=(double)73.898687, latency=(double)18.547177, fps=(double)53.916561, frame_num=(uint)501;
0:00:12.321646156 [32m    1[00m 0x7f9bf8000f70 [37mTRACE  [00m [00;34m          GST_TRACER :0::[00m latency_tracer_pipeline, frame_latency=(double)63.615888, avg=(double)49.952712, min=(double)0.035593, max=(double)73.898687, latency=(double)18.579462, fps=(double)53.822871, frame_num=(uint)502;
0:00:12.322615500 [32m    1[00m 0x7f9bf8000f70 [37mTRACE  [00m [00;34m          GST_TRACER :0::[00m latency_tracer_pipeline, frame_latency=(double)34.525223, avg=(double)49.922041, min=(double)0.035593, max=(double)73.898687, latency=(double)18.544471, fps=(double)53.924428, frame_num=(uint)503;
0:00:12.358794081 [32m    1[00m 0x7f9bf8000f70 [37mTRACE  [00m [00;34m          GST_TRACER :0::[00m latency_tracer_pipeline, frame_latency=(double)65.461565, avg=(double)49.952873, min=(double)0.035593, max=(double)73.898687, latency=(double)18.579455, fps=(double)53.822891, frame_num=(uint)504;
0:00:12.360208118 [32m    1[00m 0x7f9bf8000f70 [37mTRACE  [00m [00;34m          GST_TRACER :0::[00m latency_tracer_pipeline, frame_latency=(double)34.402153, avg=(double)49.922079, min=(double)0.035593, max=(double)73.898687, latency=(double)18.545478, fps=(double)53.921501, frame_num=(uint)505;
0:00:12.397254740 [32m    1[00m 0x7f9bf8000f70 [37mTRACE  [00m [00;34m          GST_TRACER :0::[00m latency_tracer_pipeline, frame_latency=(double)63.991732, avg=(double)49.949885, min=(double)0.035593, max=(double)73.898687, latency=(double)18.582031, fps=(double)53.815431, frame_num=(uint)506;
0:00:12.435134419 [32m    1[00m 0x7f9bf8000f70 [37mTRACE  [00m [00;34m          GST_TRACER :0::[00m latency_tracer_pipeline, frame_latency=(double)67.442711, avg=(double)49.984388, min=(double)0.035593, max=(double)73.898687, latency=(double)18.620098, fps=(double)53.705410, frame_num=(uint)507;
FpsCounter(average 7.13sec): total=426.36 fps, number-streams=8, per-stream=53.29 fps (53.73, 53.45, 53.17, 52.89, 53.17, 53.87, 52.61, 53.45)
0:00:12.436592914 [32m    1[00m 0x7f9bf8000f70 [37mTRACE  [00m [00;34m          GST_TRACER :0::[00m latency_tracer_pipeline, frame_latency=(double)38.861421, avg=(double)49.962492, min=(double)0.035593, max=(double)73.898687, latency=(double)18.586325, fps=(double)53.802998, frame_num=(uint)508;
0:00:12.473195579 [32m    1[00m 0x7f9bf8000f70 [37mTRACE  [00m [00;34m          GST_TRACER :0::[00m latency_tracer_pipeline, frame_latency=(double)66.623314, avg=(double)49.995225, min=(double)0.035593, max=(double)73.898687, latency=(double)18.621702, fps=(double)53.700785, frame_num=(uint)509;
0:00:12.512098203 [32m    1[00m 0x7f9bf8000f70 [37mTRACE  [00m [00;34m          GST_TRACER :0::[00m latency_tracer_pipeline, frame_latency=(double)75.255331, avg=(double)50.044754, min=(double)0.035593, max=(double)75.255331, latency=(double)18.661468, fps=(double)53.586354, frame_num=(uint)510;
0:00:12.513293667 [32m    1[00m 0x7f9bf8000f70 [37mTRACE  [00m [00;34m          GST_TRACER :0::[00m latency_tracer_pipeline, frame_latency=(double)39.834068, avg=(double)50.024772, min=(double)0.035593, max=(double)75.255331, latency=(double)18.627306, fps=(double)53.684629, frame_num=(uint)511;
0:00:12.550091704 [32m    1[00m 0x7f9bf8000f70 [37mTRACE  [00m [00;34m          GST_TRACER :0::[00m latency_tracer_pipeline, frame_latency=(double)64.524699, avg=(double)50.053093, min=(double)0.035593, max=(double)75.255331, latency=(double)18.662783, fps=(double)53.582577, frame_num=(uint)512;
0:00:12.551171788 [32m    1[00m 0x7f9bf8000f70 [37mTRACE  [00m [00;34m          GST_TRACER :0::[00m latency_tracer_pipeline, frame_latency=(double)34.330943, avg=(double)50.022445, min=(double)0.035593, max=(double)75.255331, latency=(double)18.628519, fps=(double)53.681133, frame_num=(uint)513;
0:00:12.588461552 [32m    1[00m 0x7f9bf8000f70 [37mTRACE  [00m [00;34m          GST_TRACER :0::[00m latency_tracer_pipeline, frame_latency=(double)62.359863, avg=(double)50.046448, min=(double)0.035593, max=(double)75.255331, latency=(double)18.664815, fps=(double)53.576742, frame_num=(uint)514;
0:00:12.589438721 [32m    1[00m 0x7f9bf8000f70 [37mTRACE  [00m [00;34m          GST_TRACER :0::[00m latency_tracer_pipeline, frame_latency=(double)34.721659, avg=(double)50.016691, min=(double)0.035593, max=(double)75.255331, latency=(double)18.630484, fps=(double)53.675470, frame_num=(uint)515;
0:00:12.626284947 [32m    1[00m 0x7f9bf8000f70 [37mTRACE  [00m [00;34m          GST_TRACER :0::[00m latency_tracer_pipeline, frame_latency=(double)64.346504, avg=(double)50.044462, min=(double)0.035593, max=(double)75.255331, latency=(double)18.665747, fps=(double)53.574067, frame_num=(uint)516;
0:00:12.627345064 [32m    1[00m 0x7f9bf8000f70 [37mTRACE  [00m [00;34m          GST_TRACER :0::[00m latency_tracer_pipeline, frame_latency=(double)34.808924, avg=(double)50.014993, min=(double)0.035593, max=(double)75.255331, latency=(double)18.631723, fps=(double)53.671901, frame_num=(uint)517;
0:00:12.664317833 [32m    1[00m 0x7f9bf8000f70 [37mTRACE  [00m [00;34m          GST_TRACER :0::[00m latency_tracer_pipeline, frame_latency=(double)63.414419, avg=(double)50.040860, min=(double)0.035593, max=(double)75.255331, latency=(double)18.667113, fps=(double)53.570147, frame_num=(uint)518;
0:00:12.700890745 [32m    1[00m 0x7f9bf8000f70 [37mTRACE  [00m [00;34m          GST_TRACER :0::[00m latency_tracer_pipeline, frame_latency=(double)67.129742, avg=(double)50.073787, min=(double)0.035593, max=(double)75.255331, latency=(double)18.701613, fps=(double)53.471325, frame_num=(uint)519;
0:00:12.701862649 [32m    1[00m 0x7f9bf8000f70 [37mTRACE  [00m [00;34m          GST_TRACER :0::[00m latency_tracer_pipeline, frame_latency=(double)35.896068, avg=(double)50.046522, min=(double)0.035593, max=(double)75.255331, latency=(double)18.667534, fps=(double)53.568939, frame_num=(uint)520;
0:00:12.737950544 [32m    1[00m 0x7f9bf8000f70 [37mTRACE  [00m [00;34m          GST_TRACER :0::[00m latency_tracer_pipeline, frame_latency=(double)64.903322, avg=(double)50.075038, min=(double)0.035593, max=(double)75.255331, latency=(double)18.700950, fps=(double)53.473220, frame_num=(uint)521;
0:00:12.739352616 [32m    1[00m 0x7f9bf8000f70 [37mTRACE  [00m [00;34m          GST_TRACER :0::[00m latency_tracer_pipeline, frame_latency=(double)37.359228, avg=(double)50.050678, min=(double)0.035593, max=(double)75.255331, latency=(double)18.667815, fps=(double)53.568135, frame_num=(uint)522;
0:00:12.778486459 [32m    1[00m 0x7f9bf8000f70 [37mTRACE  [00m [00;34m          GST_TRACER :0::[00m latency_tracer_pipeline, frame_latency=(double)70.157671, avg=(double)50.089124, min=(double)0.035593, max=(double)75.255331, latency=(double)18.706949, fps=(double)53.456070, frame_num=(uint)523;
0:00:12.779221372 [32m    1[00m 0x7f9bf8000f70 [37mTRACE  [00m [00;34m          GST_TRACER :0::[00m latency_tracer_pipeline, frame_latency=(double)40.166391, avg=(double)50.070187, min=(double)0.035593, max=(double)75.255331, latency=(double)18.672680, fps=(double)53.554177, frame_num=(uint)524;
0:00:12.817138909 [32m    1[00m 0x7f9bf8000f70 [37mTRACE  [00m [00;34m          GST_TRACER :0::[00m latency_tracer_pipeline, frame_latency=(double)67.514721, avg=(double)50.103415, min=(double)0.035593, max=(double)75.255331, latency=(double)18.709301, fps=(double)53.449351, frame_num=(uint)525;
0:00:12.817928448 [32m    1[00m 0x7f9bf8000f70 [37mTRACE  [00m [00;34m          GST_TRACER :0::[00m latency_tracer_pipeline, frame_latency=(double)38.937862, avg=(double)50.082188, min=(double)0.035593, max=(double)75.255331, latency=(double)18.675239, fps=(double)53.546837, frame_num=(uint)526;
0:00:12.854077794 [32m    1[00m 0x7f9bf8000f70 [37mTRACE  [00m [00;34m          GST_TRACER :0::[00m latency_tracer_pipeline, frame_latency=(double)67.006203, avg=(double)50.114302, min=(double)0.035593, max=(double)75.255331, latency=(double)18.708388, fps=(double)53.451958, frame_num=(uint)527;
0:00:12.854131442 [32m    1[00m 0x7f9bf8000f70 [37mTRACE  [00m [00;34m          GST_TRACER :0::[00m latency_tracer_pipeline, frame_latency=(double)36.434018, avg=(double)50.088392, min=(double)0.035593, max=(double)75.255331, latency=(double)18.673087, fps=(double)53.553011, frame_num=(uint)528;
0:00:12.855439751 [32m    1[00m 0x7f9bf8000f70 [37mTRACE  [00m [00;34m          GST_TRACER :0::[00m latency_tracer_pipeline, frame_latency=(double)35.566175, avg=(double)50.060940, min=(double)0.035593, max=(double)75.255331, latency=(double)18.640233, fps=(double)53.647398, frame_num=(uint)529;
0:00:12.893381575 [32m    1[00m 0x7f9bf8000f70 [37mTRACE  [00m [00;34m          GST_TRACER :0::[00m latency_tracer_pipeline, frame_latency=(double)63.160120, avg=(double)50.085655, min=(double)0.035593, max=(double)75.255331, latency=(double)18.676645, fps=(double)53.542808, frame_num=(uint)530;
0:00:12.894719999 [32m    1[00m 0x7f9bf8000f70 [37mTRACE  [00m [00;34m          GST_TRACER :0::[00m latency_tracer_pipeline, frame_latency=(double)36.012997, avg=(double)50.059153, min=(double)0.035593, max=(double)75.255331, latency=(double)18.644004, fps=(double)53.636547, frame_num=(uint)531;
0:00:12.935112728 [32m    1[00m 0x7f9bf8000f70 [37mTRACE  [00m [00;34m          GST_TRACER :0::[00m latency_tracer_pipeline, frame_latency=(double)67.670038, avg=(double)50.092256, min=(double)0.035593, max=(double)75.255331, latency=(double)18.684875, fps=(double)53.519222, frame_num=(uint)532;
0:00:12.936482669 [32m    1[00m 0x7f9bf8000f70 [37mTRACE  [00m [00;34m          GST_TRACER :0::[00m latency_tracer_pipeline, frame_latency=(double)38.124330, avg=(double)50.069802, min=(double)0.035593, max=(double)75.255331, latency=(double)18.652402, fps=(double)53.612399, frame_num=(uint)533;
0:00:12.974556412 [32m    1[00m 0x7f9bf8000f70 [37mTRACE  [00m [00;34m          GST_TRACER :0::[00m latency_tracer_pipeline, frame_latency=(double)64.924732, avg=(double)50.097620, min=(double)0.035593, max=(double)75.255331, latency=(double)18.688762, fps=(double)53.508092, frame_num=(uint)534;
0:00:12.975493816 [32m    1[00m 0x7f9bf8000f70 [37mTRACE  [00m [00;34m          GST_TRACER :0::[00m latency_tracer_pipeline, frame_latency=(double)37.312753, avg=(double)50.073724, min=(double)0.035593, max=(double)75.255331, latency=(double)18.655591, fps=(double)53.603232, frame_num=(uint)535;
0:00:13.014402061 [32m    1[00m 0x7f9bf8000f70 [37mTRACE  [00m [00;34m          GST_TRACER :0::[00m latency_tracer_pipeline, frame_latency=(double)65.364195, avg=(double)50.102251, min=(double)0.035593, max=(double)75.255331, latency=(double)18.693369, fps=(double)53.494906, frame_num=(uint)536;
0:00:13.015266230 [32m    1[00m 0x7f9bf8000f70 [37mTRACE  [00m [00;34m          GST_TRACER :0::[00m latency_tracer_pipeline, frame_latency=(double)36.364479, avg=(double)50.076668, min=(double)0.035593, max=(double)75.255331, latency=(double)18.660161, fps=(double)53.590107, frame_num=(uint)537;
0:00:13.050623117 [32m    1[00m 0x7f9bf8000f70 [37mTRACE  [00m [00;34m          GST_TRACER :0::[00m latency_tracer_pipeline, frame_latency=(double)63.417746, avg=(double)50.101466, min=(double)0.035593, max=(double)75.255331, latency=(double)18.691208, fps=(double)53.501090, frame_num=(uint)538;
0:00:13.051598211 [32m    1[00m 0x7f9bf8000f70 [37mTRACE  [00m [00;34m          GST_TRACER :0::[00m latency_tracer_pipeline, frame_latency=(double)35.729428, avg=(double)50.074801, min=(double)0.035593, max=(double)75.255331, latency=(double)18.658328, fps=(double)53.595370, frame_num=(uint)539;
0:00:13.087912547 [32m    1[00m 0x7f9bf8000f70 [37mTRACE  [00m [00;34m          GST_TRACER :0::[00m latency_tracer_pipeline, frame_latency=(double)64.032685, avg=(double)50.100649, min=(double)0.035593, max=(double)75.255331, latency=(double)18.691036, fps=(double)53.501583, frame_num=(uint)540;
0:00:13.089007397 [32m    1[00m 0x7f9bf8000f70 [37mTRACE  [00m [00;34m          GST_TRACER :0::[00m latency_tracer_pipeline, frame_latency=(double)35.966788, avg=(double)50.074524, min=(double)0.035593, max=(double)75.255331, latency=(double)18.658508, fps=(double)53.594854, frame_num=(uint)541;
0:00:13.123964685 [32m    1[00m 0x7f9bf8000f70 [37mTRACE  [00m [00;34m          GST_TRACER :0::[00m latency_tracer_pipeline, frame_latency=(double)63.127602, avg=(double)50.098607, min=(double)0.035593, max=(double)75.255331, latency=(double)18.688545, fps=(double)53.508714, frame_num=(uint)542;
0:00:13.124884953 [32m    1[00m 0x7f9bf8000f70 [37mTRACE  [00m [00;34m          GST_TRACER :0::[00m latency_tracer_pipeline, frame_latency=(double)34.307034, avg=(double)50.069525, min=(double)0.035593, max=(double)75.255331, latency=(double)18.655856, fps=(double)53.602471, frame_num=(uint)543;
0:00:13.160789736 [32m    1[00m 0x7f9bf8000f70 [37mTRACE  [00m [00;34m          GST_TRACER :0::[00m latency_tracer_pipeline, frame_latency=(double)64.738887, avg=(double)50.096491, min=(double)0.035593, max=(double)75.255331, latency=(double)18.687565, fps=(double)53.511518, frame_num=(uint)544;
0:00:13.162086934 [32m    1[00m 0x7f9bf8000f70 [37mTRACE  [00m [00;34m          GST_TRACER :0::[00m latency_tracer_pipeline, frame_latency=(double)37.193539, avg=(double)50.072816, min=(double)0.035593, max=(double)75.255331, latency=(double)18.655649, fps=(double)53.603068, frame_num=(uint)545;
FpsCounter(last 1.02sec): total=423.15 fps, number-streams=8, per-stream=52.89 fps (50.93, 53.87, 53.87, 52.89, 54.85, 51.91, 52.89, 51.91)
latency: -11010.03ms (-11034.50, -11153.50, -11059.46, -10865.30, -11013.47, -11101.74, -10823.40, -11028.07)
0:00:13.197500397 [32m    1[00m 0x7f9bf8000f70 [37mTRACE  [00m [00;34m          GST_TRACER :0::[00m latency_tracer_pipeline, frame_latency=(double)66.647562, avg=(double)50.103172, min=(double)0.035593, max=(double)75.255331, latency=(double)18.686339, fps=(double)53.515030, frame_num=(uint)546;
0:00:13.197535023 [32m    1[00m 0x7f9bf8000f70 [37mTRACE  [00m [00;34m          GST_TRACER :0::[00m latency_tracer_pipeline_interval, interval=(double)1020.900506, avg=(double)51.640850, min=(double)34.307034, max=(double)75.255331, latency=(double)19.632702, fps=(double)50.935424;
0:00:13.198877836 [32m    1[00m 0x7f9bf8000f70 [37mTRACE  [00m [00;34m          GST_TRACER :0::[00m latency_tracer_pipeline, frame_latency=(double)37.672347, avg=(double)50.080447, min=(double)0.035593, max=(double)75.255331, latency=(double)18.654705, fps=(double)53.605779, frame_num=(uint)547;
0:00:13.236067940 [32m    1[00m 0x7f9bf8000f70 [37mTRACE  [00m [00;34m          GST_TRACER :0::[00m latency_tracer_pipeline, frame_latency=(double)68.887618, avg=(double)50.114766, min=(double)0.035593, max=(double)75.255331, latency=(double)18.688527, fps=(double)53.508764, frame_num=(uint)548;
0:00:13.237265449 [32m    1[00m 0x7f9bf8000f70 [37mTRACE  [00m [00;34m          GST_TRACER :0::[00m latency_tracer_pipeline, frame_latency=(double)39.634537, avg=(double)50.095677, min=(double)0.035593, max=(double)75.255331, latency=(double)18.656671, fps=(double)53.600131, frame_num=(uint)549;
0:00:13.273757165 [32m    1[00m 0x7f9bf8000f70 [37mTRACE  [00m [00;34m          GST_TRACER :0::[00m latency_tracer_pipeline, frame_latency=(double)68.408965, avg=(double)50.128974, min=(double)0.035593, max=(double)75.255331, latency=(double)18.689090, fps=(double)53.507153, frame_num=(uint)550;
0:00:13.274688046 [32m    1[00m 0x7f9bf8000f70 [37mTRACE  [00m [00;34m          GST_TRACER :0::[00m latency_tracer_pipeline, frame_latency=(double)34.957926, avg=(double)50.101440, min=(double)0.035593, max=(double)75.255331, latency=(double)18.656869, fps=(double)53.599561, frame_num=(uint)551;
0:00:13.312479705 [32m    1[00m 0x7f9bf8000f70 [37mTRACE  [00m [00;34m          GST_TRACER :0::[00m latency_tracer_pipeline, frame_latency=(double)64.846319, avg=(double)50.128152, min=(double)0.035593, max=(double)75.255331, latency=(double)18.691534, fps=(double)53.500157, frame_num=(uint)552;
0:00:13.313588065 [32m    1[00m 0x7f9bf8000f70 [37mTRACE  [00m [00;34m          GST_TRACER :0::[00m latency_tracer_pipeline, frame_latency=(double)36.263890, avg=(double)50.103081, min=(double)0.035593, max=(double)75.255331, latency=(double)18.659742, fps=(double)53.591309, frame_num=(uint)553;
0:00:13.351345630 [32m    1[00m 0x7f9bf8000f70 [37mTRACE  [00m [00;34m          GST_TRACER :0::[00m latency_tracer_pipeline, frame_latency=(double)62.792025, avg=(double)50.125985, min=(double)0.035593, max=(double)75.255331, latency=(double)18.694207, fps=(double)53.492508, frame_num=(uint)554;
0:00:13.351802540 [32m    1[00m 0x7f9bf8000f70 [37mTRACE  [00m [00;34m          GST_TRACER :0::[00m latency_tracer_pipeline, frame_latency=(double)39.156372, avg=(double)50.106220, min=(double)0.035593, max=(double)75.255331, latency=(double)18.661373, fps=(double)53.586626, frame_num=(uint)555;
0:00:13.390576688 [32m    1[00m 0x7f9bf8000f70 [37mTRACE  [00m [00;34m          GST_TRACER :0::[00m latency_tracer_pipeline, frame_latency=(double)70.041180, avg=(double)50.142074, min=(double)0.035593, max=(double)75.255331, latency=(double)18.697518, fps=(double)53.483034, frame_num=(uint)556;
0:00:13.391595429 [32m    1[00m 0x7f9bf8000f70 [37mTRACE  [00m [00;34m          GST_TRACER :0::[00m latency_tracer_pipeline, frame_latency=(double)40.662691, avg=(double)50.125055, min=(double)0.035593, max=(double)75.255331, latency=(double)18.665786, fps=(double)53.573955, frame_num=(uint)557;
0:00:13.429748260 [32m    1[00m 0x7f9bf8000f70 [37mTRACE  [00m [00;34m          GST_TRACER :0::[00m latency_tracer_pipeline, frame_latency=(double)69.929448, avg=(double)50.160547, min=(double)0.035593, max=(double)75.255331, latency=(double)18.700702, fps=(double)53.473928, frame_num=(uint)558;
0:00:13.430800341 [32m    1[00m 0x7f9bf8000f70 [37mTRACE  [00m [00;34m          GST_TRACER :0::[00m latency_tracer_pipeline, frame_latency=(double)40.078392, avg=(double)50.142511, min=(double)0.035593, max=(double)75.255331, latency=(double)18.669137, fps=(double)53.564341, frame_num=(uint)559;
FpsCounter(average 8.16sec): total=425.31 fps, number-streams=8, per-stream=53.16 fps (53.30, 53.18, 53.30, 53.06, 53.18, 53.55, 52.32, 53.42)
0:00:13.468641615 [32m    1[00m 0x7f9bf8000f70 [37mTRACE  [00m [00;34m          GST_TRACER :0::[00m latency_tracer_pipeline, frame_latency=(double)70.011173, avg=(double)50.177991, min=(double)0.035593, max=(double)75.255331, latency=(double)18.703362, fps=(double)53.466323, frame_num=(uint)560;
0:00:13.469868848 [32m    1[00m 0x7f9bf8000f70 [37mTRACE  [00m [00;34m          GST_TRACER :0::[00m latency_tracer_pipeline, frame_latency=(double)39.915661, avg=(double)50.159698, min=(double)0.035593, max=(double)75.255331, latency=(double)18.672220, fps=(double)53.555495, frame_num=(uint)561;
0:00:13.508851083 [32m    1[00m 0x7f9bf8000f70 [37mTRACE  [00m [00;34m          GST_TRACER :0::[00m latency_tracer_pipeline, frame_latency=(double)70.637610, avg=(double)50.196136, min=(double)0.035593, max=(double)75.255331, latency=(double)18.708342, fps=(double)53.452091, frame_num=(uint)562;
0:00:13.509668491 [32m    1[00m 0x7f9bf8000f70 [37mTRACE  [00m [00;34m          GST_TRACER :0::[00m latency_tracer_pipeline, frame_latency=(double)40.799379, avg=(double)50.179445, min=(double)0.035593, max=(double)75.255331, latency=(double)18.676580, fps=(double)53.542993, frame_num=(uint)563;
0:00:13.547651829 [32m    1[00m 0x7f9bf8000f70 [37mTRACE  [00m [00;34m          GST_TRACER :0::[00m latency_tracer_pipeline, frame_latency=(double)66.417576, avg=(double)50.208236, min=(double)0.035593, max=(double)75.255331, latency=(double)18.710806, fps=(double)53.445052, frame_num=(uint)564;
0:00:13.548457043 [32m    1[00m 0x7f9bf8000f70 [37mTRACE  [00m [00;34m          GST_TRACER :0::[00m latency_tracer_pipeline, frame_latency=(double)34.369841, avg=(double)50.180204, min=(double)0.035593, max=(double)75.255331, latency=(double)18.679127, fps=(double)53.535692, frame_num=(uint)565;
0:00:13.586679262 [32m    1[00m 0x7f9bf8000f70 [37mTRACE  [00m [00;34m          GST_TRACER :0::[00m latency_tracer_pipeline, frame_latency=(double)63.986057, avg=(double)50.204595, min=(double)0.035593, max=(double)75.255331, latency=(double)18.713651, fps=(double)53.436927, frame_num=(uint)566;
0:00:13.586718830 [32m    1[00m 0x7f9bf8000f70 [37mTRACE  [00m [00;34m          GST_TRACER :0::[00m latency_tracer_pipeline, frame_latency=(double)34.481548, avg=(double)50.176865, min=(double)0.035593, max=(double)75.255331, latency=(double)18.680739, fps=(double)53.531072, frame_num=(uint)567;
0:00:13.622745865 [32m    1[00m 0x7f9bf8000f70 [37mTRACE  [00m [00;34m          GST_TRACER :0::[00m latency_tracer_pipeline, frame_latency=(double)67.330219, avg=(double)50.207065, min=(double)0.035593, max=(double)75.255331, latency=(double)18.711249, fps=(double)53.443787, frame_num=(uint)568;
0:00:13.623367125 [32m    1[00m 0x7f9bf8000f70 [37mTRACE  [00m [00;34m          GST_TRACER :0::[00m latency_tracer_pipeline, frame_latency=(double)36.378679, avg=(double)50.182762, min=(double)0.035593, max=(double)75.255331, latency=(double)18.679464, fps=(double)53.534727, frame_num=(uint)569;
0:00:13.659572902 [32m    1[00m 0x7f9bf8000f70 [37mTRACE  [00m [00;34m          GST_TRACER :0::[00m latency_tracer_pipeline, frame_latency=(double)67.042718, avg=(double)50.212341, min=(double)0.035593, max=(double)75.255331, latency=(double)18.710213, fps=(double)53.446746, frame_num=(uint)570;
0:00:13.660372442 [32m    1[00m 0x7f9bf8000f70 [37mTRACE  [00m [00;34m          GST_TRACER :0::[00m latency_tracer_pipeline, frame_latency=(double)37.729067, avg=(double)50.190479, min=(double)0.035593, max=(double)75.255331, latency=(double)18.678850, fps=(double)53.536486, frame_num=(uint)571;
0:00:13.660405382 [32m    1[00m 0x7f9bf8000f70 [37mTRACE  [00m [00;34m          GST_TRACER :0::[00m latency_tracer_pipeline, frame_latency=(double)30.911311, avg=(double)50.156774, min=(double)0.035593, max=(double)75.255331, latency=(double)18.646268, fps=(double)53.630035, frame_num=(uint)572;
0:00:13.696419193 [32m    1[00m 0x7f9bf8000f70 [37mTRACE  [00m [00;34m          GST_TRACER :0::[00m latency_tracer_pipeline, frame_latency=(double)60.013539, avg=(double)50.173976, min=(double)0.035593, max=(double)75.255331, latency=(double)18.676551, fps=(double)53.543078, frame_num=(uint)573;
0:00:13.697510862 [32m    1[00m 0x7f9bf8000f70 [37mTRACE  [00m [00;34m          GST_TRACER :0::[00m latency_tracer_pipeline, frame_latency=(double)32.287444, avg=(double)50.142815, min=(double)0.035593, max=(double)75.255331, latency=(double)18.645936, fps=(double)53.630990, frame_num=(uint)574;
0:00:13.733009800 [32m    1[00m 0x7f9bf8000f70 [37mTRACE  [00m [00;34m          GST_TRACER :0::[00m latency_tracer_pipeline, frame_latency=(double)61.088654, avg=(double)50.161851, min=(double)0.035593, max=(double)75.255331, latency=(double)18.675221, fps=(double)53.546890, frame_num=(uint)575;
0:00:13.733851640 [32m    1[00m 0x7f9bf8000f70 [37mTRACE  [00m [00;34m          GST_TRACER :0::[00m latency_tracer_pipeline, frame_latency=(double)31.530169, avg=(double)50.129504, min=(double)0.035593, max=(double)75.255331, latency=(double)18.644276, fps=(double)53.635765, frame_num=(uint)576;
0:00:13.770264139 [32m    1[00m 0x7f9bf8000f70 [37mTRACE  [00m [00;34m          GST_TRACER :0::[00m latency_tracer_pipeline, frame_latency=(double)61.518690, avg=(double)50.149243, min=(double)0.035593, max=(double)75.255331, latency=(double)18.675061, fps=(double)53.547349, frame_num=(uint)577;
0:00:13.771351783 [32m    1[00m 0x7f9bf8000f70 [37mTRACE  [00m [00;34m          GST_TRACER :0::[00m latency_tracer_pipeline, frame_latency=(double)32.390607, avg=(double)50.118518, min=(double)0.035593, max=(double)75.255331, latency=(double)18.644658, fps=(double)53.634666, frame_num=(uint)578;
0:00:13.806345784 [32m    1[00m 0x7f9bf8000f70 [37mTRACE  [00m [00;34m          GST_TRACER :0::[00m latency_tracer_pipeline, frame_latency=(double)62.827327, avg=(double)50.140468, min=(double)0.035593, max=(double)75.255331, latency=(double)18.672876, fps=(double)53.553614, frame_num=(uint)579;
0:00:13.807259726 [32m    1[00m 0x7f9bf8000f70 [37mTRACE  [00m [00;34m          GST_TRACER :0::[00m latency_tracer_pipeline, frame_latency=(double)32.782622, avg=(double)50.110541, min=(double)0.035593, max=(double)75.255331, latency=(double)18.642272, fps=(double)53.641529, frame_num=(uint)580;
0:00:13.843174119 [32m    1[00m 0x7f9bf8000f70 [37mTRACE  [00m [00;34m          GST_TRACER :0::[00m latency_tracer_pipeline, frame_latency=(double)62.339184, avg=(double)50.131588, min=(double)0.035593, max=(double)75.255331, latency=(double)18.671990, fps=(double)53.556154, frame_num=(uint)581;
0:00:13.844289589 [32m    1[00m 0x7f9bf8000f70 [37mTRACE  [00m [00;34m          GST_TRACER :0::[00m latency_tracer_pipeline, frame_latency=(double)34.007178, avg=(double)50.103883, min=(double)0.035593, max=(double)75.255331, latency=(double)18.641838, fps=(double)53.642779, frame_num=(uint)582;
0:00:13.879782695 [32m    1[00m 0x7f9bf8000f70 [37mTRACE  [00m [00;34m          GST_TRACER :0::[00m latency_tracer_pipeline, frame_latency=(double)62.634900, avg=(double)50.125377, min=(double)0.035593, max=(double)75.255331, latency=(double)18.670728, fps=(double)53.559775, frame_num=(uint)583;
0:00:13.881036844 [32m    1[00m 0x7f9bf8000f70 [37mTRACE  [00m [00;34m          GST_TRACER :0::[00m latency_tracer_pipeline, frame_latency=(double)37.666676, avg=(double)50.104044, min=(double)0.035593, max=(double)75.255331, latency=(double)18.640916, fps=(double)53.645433, frame_num=(uint)584;
0:00:13.919009409 [32m    1[00m 0x7f9bf8000f70 [37mTRACE  [00m [00;34m          GST_TRACER :0::[00m latency_tracer_pipeline, frame_latency=(double)68.108533, avg=(double)50.134821, min=(double)0.035593, max=(double)75.255331, latency=(double)18.673952, fps=(double)53.550529, frame_num=(uint)585;
0:00:13.919997340 [32m    1[00m 0x7f9bf8000f70 [37mTRACE  [00m [00;34m          GST_TRACER :0::[00m latency_tracer_pipeline, frame_latency=(double)38.490758, avg=(double)50.114950, min=(double)0.035593, max=(double)75.255331, latency=(double)18.643785, fps=(double)53.637178, frame_num=(uint)586;
0:00:13.958359592 [32m    1[00m 0x7f9bf8000f70 [37mTRACE  [00m [00;34m          GST_TRACER :0::[00m latency_tracer_pipeline, frame_latency=(double)67.423297, avg=(double)50.144436, min=(double)0.035593, max=(double)75.255331, latency=(double)18.677347, fps=(double)53.540795, frame_num=(uint)587;
0:00:13.959489226 [32m    1[00m 0x7f9bf8000f70 [37mTRACE  [00m [00;34m          GST_TRACER :0::[00m latency_tracer_pipeline, frame_latency=(double)37.237801, avg=(double)50.122486, min=(double)0.035593, max=(double)75.255331, latency=(double)18.647535, fps=(double)53.626392, frame_num=(uint)588;
0:00:13.997377925 [32m    1[00m 0x7f9bf8000f70 [37mTRACE  [00m [00;34m          GST_TRACER :0::[00m latency_tracer_pipeline, frame_latency=(double)65.637226, avg=(double)50.148827, min=(double)0.035593, max=(double)75.255331, latency=(double)18.680194, fps=(double)53.532635, frame_num=(uint)589;
0:00:13.998458843 [32m    1[00m 0x7f9bf8000f70 [37mTRACE  [00m [00;34m          GST_TRACER :0::[00m latency_tracer_pipeline, frame_latency=(double)37.505797, avg=(double)50.127398, min=(double)0.035593, max=(double)75.255331, latency=(double)18.650350, fps=(double)53.618298, frame_num=(uint)590;
0:00:14.035928070 [32m    1[00m 0x7f9bf8000f70 [37mTRACE  [00m [00;34m          GST_TRACER :0::[00m latency_tracer_pipeline, frame_latency=(double)65.580874, avg=(double)50.153546, min=(double)0.035593, max=(double)75.255331, latency=(double)18.682182, fps=(double)53.526939, frame_num=(uint)591;
0:00:14.036649901 [32m    1[00m 0x7f9bf8000f70 [37mTRACE  [00m [00;34m          GST_TRACER :0::[00m latency_tracer_pipeline, frame_latency=(double)36.192720, avg=(double)50.129964, min=(double)0.035593, max=(double)75.255331, latency=(double)18.651872, fps=(double)53.613920, frame_num=(uint)592;
0:00:14.072518210 [32m    1[00m 0x7f9bf8000f70 [37mTRACE  [00m [00;34m          GST_TRACER :0::[00m latency_tracer_pipeline, frame_latency=(double)63.571858, avg=(double)50.152631, min=(double)0.035593, max=(double)75.255331, latency=(double)18.680894, fps=(double)53.530627, frame_num=(uint)593;
0:00:14.073637320 [32m    1[00m 0x7f9bf8000f70 [37mTRACE  [00m [00;34m          GST_TRACER :0::[00m latency_tracer_pipeline, frame_latency=(double)35.073482, avg=(double)50.127246, min=(double)0.035593, max=(double)75.255331, latency=(double)18.651342, fps=(double)53.615445, frame_num=(uint)594;
0:00:14.108849966 [32m    1[00m 0x7f9bf8000f70 [37mTRACE  [00m [00;34m          GST_TRACER :0::[00m latency_tracer_pipeline, frame_latency=(double)63.943122, avg=(double)50.150466, min=(double)0.035593, max=(double)75.255331, latency=(double)18.679139, fps=(double)53.535658, frame_num=(uint)595;
0:00:14.110060790 [32m    1[00m 0x7f9bf8000f70 [37mTRACE  [00m [00;34m          GST_TRACER :0::[00m latency_tracer_pipeline, frame_latency=(double)35.478695, avg=(double)50.125849, min=(double)0.035593, max=(double)75.255331, latency=(double)18.649857, fps=(double)53.619714, frame_num=(uint)596;
0:00:14.147430437 [32m    1[00m 0x7f9bf8000f70 [37mTRACE  [00m [00;34m          GST_TRACER :0::[00m latency_tracer_pipeline, frame_latency=(double)64.659765, avg=(double)50.150193, min=(double)0.035593, max=(double)75.255331, latency=(double)18.681209, fps=(double)53.529726, frame_num=(uint)597;
0:00:14.148584464 [32m    1[00m 0x7f9bf8000f70 [37mTRACE  [00m [00;34m          GST_TRACER :0::[00m latency_tracer_pipeline, frame_latency=(double)35.948658, avg=(double)50.126445, min=(double)0.035593, max=(double)75.255331, latency=(double)18.651908, fps=(double)53.613819, frame_num=(uint)598;
0:00:14.186090213 [32m    1[00m 0x7f9bf8000f70 [37mTRACE  [00m [00;34m          GST_TRACER :0::[00m latency_tracer_pipeline, frame_latency=(double)62.071088, avg=(double)50.146386, min=(double)0.035593, max=(double)75.255331, latency=(double)18.683362, fps=(double)53.523556, frame_num=(uint)599;
0:00:14.186895366 [32m    1[00m 0x7f9bf8000f70 [37mTRACE  [00m [00;34m          GST_TRACER :0::[00m latency_tracer_pipeline, frame_latency=(double)33.398015, avg=(double)50.118472, min=(double)0.035593, max=(double)75.255331, latency=(double)18.653579, fps=(double)53.609016, frame_num=(uint)600;
FpsCounter(last 1.03sec): total=420.79 fps, number-streams=8, per-stream=52.60 fps (53.57, 51.62, 54.55, 53.57, 52.60, 52.60, 51.62, 50.65)
latency: -12142.74ms (-12159.69, -12266.31, -12254.82, -12035.06, -12172.37, -12213.75, -11927.65, -12106.76)
0:00:14.224081805 [32m    1[00m 0x7f9bf8000f70 [37mTRACE  [00m [00;34m          GST_TRACER :0::[00m latency_tracer_pipeline, frame_latency=(double)63.069359, avg=(double)50.140021, min=(double)0.035593, max=(double)75.255331, latency=(double)18.684420, fps=(double)53.520527, frame_num=(uint)601;
0:00:14.224094590 [32m    1[00m 0x7f9bf8000f70 [37mTRACE  [00m [00;34m          GST_TRACER :0::[00m latency_tracer_pipeline_interval, interval=(double)1026.595356, avg=(double)50.505829, min=(double)30.911311, max=(double)70.637610, latency=(double)18.665370, fps=(double)53.575150;
0:00:14.262773621 [32m    1[00m 0x7f9bf8000f70 [37mTRACE  [00m [00;34m          GST_TRACER :0::[00m latency_tracer_pipeline, frame_latency=(double)70.545704, avg=(double)50.173917, min=(double)0.035593, max=(double)75.255331, latency=(double)18.717650, fps=(double)53.425511, frame_num=(uint)602;
0:00:14.264012107 [32m    1[00m 0x7f9bf8000f70 [37mTRACE  [00m [00;34m          GST_TRACER :0::[00m latency_tracer_pipeline, frame_latency=(double)38.949803, avg=(double)50.155304, min=(double)0.035593, max=(double)75.255331, latency=(double)18.688673, fps=(double)53.508348, frame_num=(uint)603;
0:00:14.301928239 [32m    1[00m 0x7f9bf8000f70 [37mTRACE  [00m [00;34m          GST_TRACER :0::[00m latency_tracer_pipeline, frame_latency=(double)67.566669, avg=(double)50.184130, min=(double)0.035593, max=(double)75.255331, latency=(double)18.720498, fps=(double)53.417384, frame_num=(uint)604;
0:00:14.302966164 [32m    1[00m 0x7f9bf8000f70 [37mTRACE  [00m [00;34m          GST_TRACER :0::[00m latency_tracer_pipeline, frame_latency=(double)37.738173, avg=(double)50.163559, min=(double)0.035593, max=(double)75.255331, latency=(double)18.691280, fps=(double)53.500883, frame_num=(uint)605;
0:00:14.340126269 [32m    1[00m 0x7f9bf8000f70 [37mTRACE  [00m [00;34m          GST_TRACER :0::[00m latency_tracer_pipeline, frame_latency=(double)64.790092, avg=(double)50.187695, min=(double)0.035593, max=(double)75.255331, latency=(double)18.721733, fps=(double)53.413857, frame_num=(uint)606;
0:00:14.341281602 [32m    1[00m 0x7f9bf8000f70 [37mTRACE  [00m [00;34m          GST_TRACER :0::[00m latency_tracer_pipeline, frame_latency=(double)36.006974, avg=(double)50.164333, min=(double)0.035593, max=(double)75.255331, latency=(double)18.692821, fps=(double)53.496474, frame_num=(uint)607;
0:00:14.377391991 [32m    1[00m 0x7f9bf8000f70 [37mTRACE  [00m [00;34m          GST_TRACER :0::[00m latency_tracer_pipeline, frame_latency=(double)62.984625, avg=(double)50.185419, min=(double)0.035593, max=(double)75.255331, latency=(double)18.721454, fps=(double)53.414656, frame_num=(uint)608;
0:00:14.377986429 [32m    1[00m 0x7f9bf8000f70 [37mTRACE  [00m [00;34m          GST_TRACER :0::[00m latency_tracer_pipeline, frame_latency=(double)33.874815, avg=(double)50.158636, min=(double)0.035593, max=(double)75.255331, latency=(double)18.691692, fps=(double)53.499705, frame_num=(uint)609;
0:00:14.412968326 [32m    1[00m 0x7f9bf8000f70 [37mTRACE  [00m [00;34m          GST_TRACER :0::[00m latency_tracer_pipeline, frame_latency=(double)64.525326, avg=(double)50.182188, min=(double)0.035593, max=(double)75.255331, latency=(double)18.718333, fps=(double)53.423559, frame_num=(uint)610;
0:00:14.414117554 [32m    1[00m 0x7f9bf8000f70 [37mTRACE  [00m [00;34m          GST_TRACER :0::[00m latency_tracer_pipeline, frame_latency=(double)35.910310, avg=(double)50.158830, min=(double)0.035593, max=(double)75.255331, latency=(double)18.689649, fps=(double)53.505552, frame_num=(uint)611;
0:00:14.449733753 [32m    1[00m 0x7f9bf8000f70 [37mTRACE  [00m [00;34m          GST_TRACER :0::[00m latency_tracer_pipeline, frame_latency=(double)65.012882, avg=(double)50.183101, min=(double)0.035593, max=(double)75.255331, latency=(double)18.717296, fps=(double)53.426522, frame_num=(uint)612;
0:00:14.449766483 [32m    1[00m 0x7f9bf8000f70 [37mTRACE  [00m [00;34m          GST_TRACER :0::[00m latency_tracer_pipeline, frame_latency=(double)35.878994, avg=(double)50.159767, min=(double)0.035593, max=(double)75.255331, latency=(double)18.686823, fps=(double)53.513644, frame_num=(uint)613;
0:00:14.450562818 [32m    1[00m 0x7f9bf8000f70 [37mTRACE  [00m [00;34m          GST_TRACER :0::[00m latency_tracer_pipeline, frame_latency=(double)33.967100, avg=(double)50.133394, min=(double)0.035593, max=(double)75.255331, latency=(double)18.657675, fps=(double)53.597248, frame_num=(uint)614;
FpsCounter(average 9.18sec): total=425.24 fps, number-streams=8, per-stream=53.15 fps (53.39, 53.06, 53.50, 53.06, 53.17, 53.60, 52.51, 52.95)
0:00:14.485675395 [32m    1[00m 0x7f9bf8000f70 [37mTRACE  [00m [00;34m          GST_TRACER :0::[00m latency_tracer_pipeline, frame_latency=(double)63.133995, avg=(double)50.154533, min=(double)0.035593, max=(double)75.255331, latency=(double)18.684426, fps=(double)53.520509, frame_num=(uint)615;
0:00:14.486919429 [32m    1[00m 0x7f9bf8000f70 [37mTRACE  [00m [00;34m          GST_TRACER :0::[00m latency_tracer_pipeline, frame_latency=(double)34.421485, avg=(double)50.128993, min=(double)0.035593, max=(double)75.255331, latency=(double)18.656133, fps=(double)53.601675, frame_num=(uint)616;
0:00:14.521830902 [32m    1[00m 0x7f9bf8000f70 [37mTRACE  [00m [00;34m          GST_TRACER :0::[00m latency_tracer_pipeline, frame_latency=(double)63.365955, avg=(double)50.150447, min=(double)0.035593, max=(double)75.255331, latency=(double)18.682471, fps=(double)53.526111, frame_num=(uint)617;
0:00:14.523001311 [32m    1[00m 0x7f9bf8000f70 [37mTRACE  [00m [00;34m          GST_TRACER :0::[00m latency_tracer_pipeline, frame_latency=(double)34.619530, avg=(double)50.125316, min=(double)0.035593, max=(double)75.255331, latency=(double)18.654142, fps=(double)53.607397, frame_num=(uint)618;
0:00:14.560229268 [32m    1[00m 0x7f9bf8000f70 [37mTRACE  [00m [00;34m          GST_TRACER :0::[00m latency_tracer_pipeline, frame_latency=(double)65.975004, avg=(double)50.150921, min=(double)0.035593, max=(double)75.255331, latency=(double)18.684123, fps=(double)53.521378, frame_num=(uint)619;
0:00:14.560817991 [32m    1[00m 0x7f9bf8000f70 [37mTRACE  [00m [00;34m          GST_TRACER :0::[00m latency_tracer_pipeline, frame_latency=(double)36.108706, avg=(double)50.128272, min=(double)0.035593, max=(double)75.255331, latency=(double)18.654965, fps=(double)53.605032, frame_num=(uint)620;
0:00:14.597858083 [32m    1[00m 0x7f9bf8000f70 [37mTRACE  [00m [00;34m          GST_TRACER :0::[00m latency_tracer_pipeline, frame_latency=(double)62.919624, avg=(double)50.148870, min=(double)0.035593, max=(double)75.255331, latency=(double)18.684542, fps=(double)53.520177, frame_num=(uint)621;
0:00:14.598139778 [32m    1[00m 0x7f9bf8000f70 [37mTRACE  [00m [00;34m          GST_TRACER :0::[00m latency_tracer_pipeline, frame_latency=(double)34.055878, avg=(double)50.122997, min=(double)0.035593, max=(double)75.255331, latency=(double)18.654981, fps=(double)53.604986, frame_num=(uint)622;
0:00:14.635733016 [32m    1[00m 0x7f9bf8000f70 [37mTRACE  [00m [00;34m          GST_TRACER :0::[00m latency_tracer_pipeline, frame_latency=(double)61.324915, avg=(double)50.140978, min=(double)0.035593, max=(double)75.255331, latency=(double)18.685373, fps=(double)53.517797, frame_num=(uint)623;
0:00:14.636749674 [32m    1[00m 0x7f9bf8000f70 [37mTRACE  [00m [00;34m          GST_TRACER :0::[00m latency_tracer_pipeline, frame_latency=(double)33.848253, avg=(double)50.114868, min=(double)0.035593, max=(double)75.255331, latency=(double)18.657065, fps=(double)53.598998, frame_num=(uint)624;
0:00:14.674482823 [32m    1[00m 0x7f9bf8000f70 [37mTRACE  [00m [00;34m          GST_TRACER :0::[00m latency_tracer_pipeline, frame_latency=(double)67.976523, avg=(double)50.143446, min=(double)0.035593, max=(double)75.255331, latency=(double)18.687566, fps=(double)53.511518, frame_num=(uint)625;
0:00:14.675508050 [32m    1[00m 0x7f9bf8000f70 [37mTRACE  [00m [00;34m          GST_TRACER :0::[00m latency_tracer_pipeline, frame_latency=(double)38.686149, avg=(double)50.125144, min=(double)0.035593, max=(double)75.255331, latency=(double)18.659368, fps=(double)53.592384, frame_num=(uint)626;
0:00:14.713003255 [32m    1[00m 0x7f9bf8000f70 [37mTRACE  [00m [00;34m          GST_TRACER :0::[00m latency_tracer_pipeline, frame_latency=(double)67.764360, avg=(double)50.153277, min=(double)0.035593, max=(double)75.255331, latency=(double)18.689387, fps=(double)53.506303, frame_num=(uint)627;
0:00:14.713890189 [32m    1[00m 0x7f9bf8000f70 [37mTRACE  [00m [00;34m          GST_TRACER :0::[00m latency_tracer_pipeline, frame_latency=(double)37.916041, avg=(double)50.133791, min=(double)0.035593, max=(double)75.255331, latency=(double)18.661061, fps=(double)53.587522, frame_num=(uint)628;
0:00:14.750715742 [32m    1[00m 0x7f9bf8000f70 [37mTRACE  [00m [00;34m          GST_TRACER :0::[00m latency_tracer_pipeline, frame_latency=(double)66.817284, avg=(double)50.160314, min=(double)0.035593, max=(double)75.255331, latency=(double)18.689919, fps=(double)53.504779, frame_num=(uint)629;
0:00:14.750769824 [32m    1[00m 0x7f9bf8000f70 [37mTRACE  [00m [00;34m          GST_TRACER :0::[00m latency_tracer_pipeline, frame_latency=(double)35.960838, avg=(double)50.137776, min=(double)0.035593, max=(double)75.255331, latency=(double)18.660363, fps=(double)53.589527, frame_num=(uint)630;
0:00:14.752072805 [32m    1[00m 0x7f9bf8000f70 [37mTRACE  [00m [00;34m          GST_TRACER :0::[00m latency_tracer_pipeline, frame_latency=(double)35.350505, avg=(double)50.114341, min=(double)0.035593, max=(double)75.255331, latency=(double)18.632845, fps=(double)53.668669, frame_num=(uint)631;
0:00:14.788102468 [32m    1[00m 0x7f9bf8000f70 [37mTRACE  [00m [00;34m          GST_TRACER :0::[00m latency_tracer_pipeline, frame_latency=(double)63.381595, avg=(double)50.135333, min=(double)0.035593, max=(double)75.255331, latency=(double)18.660359, fps=(double)53.589536, frame_num=(uint)632;
0:00:14.789228009 [32m    1[00m 0x7f9bf8000f70 [37mTRACE  [00m [00;34m          GST_TRACER :0::[00m latency_tracer_pipeline, frame_latency=(double)35.252944, avg=(double)50.111823, min=(double)0.035593, max=(double)75.255331, latency=(double)18.632678, fps=(double)53.669149, frame_num=(uint)633;
0:00:14.824698688 [32m    1[00m 0x7f9bf8000f70 [37mTRACE  [00m [00;34m          GST_TRACER :0::[00m latency_tracer_pipeline, frame_latency=(double)62.150037, avg=(double)50.130810, min=(double)0.035593, max=(double)75.255331, latency=(double)18.659218, fps=(double)53.592814, frame_num=(uint)634;
0:00:14.825641995 [32m    1[00m 0x7f9bf8000f70 [37mTRACE  [00m [00;34m          GST_TRACER :0::[00m latency_tracer_pipeline, frame_latency=(double)33.559251, avg=(double)50.104713, min=(double)0.035593, max=(double)75.255331, latency=(double)18.631343, fps=(double)53.672997, frame_num=(uint)635;
0:00:14.861440242 [32m    1[00m 0x7f9bf8000f70 [37mTRACE  [00m [00;34m          GST_TRACER :0::[00m latency_tracer_pipeline, frame_latency=(double)62.138257, avg=(double)50.123634, min=(double)0.035593, max=(double)75.255331, latency=(double)18.658323, fps=(double)53.595385, frame_num=(uint)636;
0:00:14.861930419 [32m    1[00m 0x7f9bf8000f70 [37mTRACE  [00m [00;34m          GST_TRACER :0::[00m latency_tracer_pipeline, frame_latency=(double)32.834098, avg=(double)50.096492, min=(double)0.035593, max=(double)75.255331, latency=(double)18.629802, fps=(double)53.677435, frame_num=(uint)637;
0:00:14.897913026 [32m    1[00m 0x7f9bf8000f70 [37mTRACE  [00m [00;34m          GST_TRACER :0::[00m latency_tracer_pipeline, frame_latency=(double)62.465673, avg=(double)50.115879, min=(double)0.035593, max=(double)75.255331, latency=(double)18.656999, fps=(double)53.599188, frame_num=(uint)638;
0:00:14.898744489 [32m    1[00m 0x7f9bf8000f70 [37mTRACE  [00m [00;34m          GST_TRACER :0::[00m latency_tracer_pipeline, frame_latency=(double)33.907684, avg=(double)50.090514, min=(double)0.035593, max=(double)75.255331, latency=(double)18.629116, fps=(double)53.679411, frame_num=(uint)639;
0:00:14.898759562 [32m    1[00m 0x7f9bf8000f70 [37mTRACE  [00m [00;34m          GST_TRACER :0::[00m latency_tracer_pipeline, frame_latency=(double)27.421262, avg=(double)50.055094, min=(double)0.035593, max=(double)75.255331, latency=(double)18.600036, fps=(double)53.763336, frame_num=(uint)640;
0:00:14.935491986 [32m    1[00m 0x7f9bf8000f70 [37mTRACE  [00m [00;34m          GST_TRACER :0::[00m latency_tracer_pipeline, frame_latency=(double)60.894047, avg=(double)50.072003, min=(double)0.035593, max=(double)75.255331, latency=(double)18.628291, fps=(double)53.681790, frame_num=(uint)641;
0:00:14.936257949 [32m    1[00m 0x7f9bf8000f70 [37mTRACE  [00m [00;34m          GST_TRACER :0::[00m latency_tracer_pipeline, frame_latency=(double)32.384625, avg=(double)50.044453, min=(double)0.035593, max=(double)75.255331, latency=(double)18.600480, fps=(double)53.762054, frame_num=(uint)642;
0:00:14.974104529 [32m    1[00m 0x7f9bf8000f70 [37mTRACE  [00m [00;34m          GST_TRACER :0::[00m latency_tracer_pipeline, frame_latency=(double)63.203599, avg=(double)50.064918, min=(double)0.035593, max=(double)75.255331, latency=(double)18.630396, fps=(double)53.675723, frame_num=(uint)643;
0:00:14.974707277 [32m    1[00m 0x7f9bf8000f70 [37mTRACE  [00m [00;34m          GST_TRACER :0::[00m latency_tracer_pipeline, frame_latency=(double)31.674582, avg=(double)50.036361, min=(double)0.035593, max=(double)75.255331, latency=(double)18.602409, fps=(double)53.756478, frame_num=(uint)644;
0:00:15.013907882 [32m    1[00m 0x7f9bf8000f70 [37mTRACE  [00m [00;34m          GST_TRACER :0::[00m latency_tracer_pipeline, frame_latency=(double)61.247691, avg=(double)50.053743, min=(double)0.035593, max=(double)75.255331, latency=(double)18.634347, fps=(double)53.664345, frame_num=(uint)645;
0:00:15.015264053 [32m    1[00m 0x7f9bf8000f70 [37mTRACE  [00m [00;34m          GST_TRACER :0::[00m latency_tracer_pipeline, frame_latency=(double)32.188590, avg=(double)50.026088, min=(double)0.035593, max=(double)75.255331, latency=(double)18.607602, fps=(double)53.741476, frame_num=(uint)646;
0:00:15.050606607 [32m    1[00m 0x7f9bf8000f70 [37mTRACE  [00m [00;34m          GST_TRACER :0::[00m latency_tracer_pipeline, frame_latency=(double)59.521158, avg=(double)50.040764, min=(double)0.035593, max=(double)75.255331, latency=(double)18.633467, fps=(double)53.666878, frame_num=(uint)647;
0:00:15.051768529 [32m    1[00m 0x7f9bf8000f70 [37mTRACE  [00m [00;34m          GST_TRACER :0::[00m latency_tracer_pipeline, frame_latency=(double)32.305680, avg=(double)50.013395, min=(double)0.035593, max=(double)75.255331, latency=(double)18.606512, fps=(double)53.744624, frame_num=(uint)648;
0:00:15.088314439 [32m    1[00m 0x7f9bf8000f70 [37mTRACE  [00m [00;34m          GST_TRACER :0::[00m latency_tracer_pipeline, frame_latency=(double)61.633455, avg=(double)50.031299, min=(double)0.035593, max=(double)75.255331, latency=(double)18.634142, fps=(double)53.664934, frame_num=(uint)649;
0:00:15.126219567 [32m    1[00m 0x7f9bf8000f70 [37mTRACE  [00m [00;34m          GST_TRACER :0::[00m latency_tracer_pipeline, frame_latency=(double)69.475189, avg=(double)50.061213, min=(double)0.035593, max=(double)75.255331, latency=(double)18.663769, fps=(double)53.579747, frame_num=(uint)650;
0:00:15.126817327 [32m    1[00m 0x7f9bf8000f70 [37mTRACE  [00m [00;34m          GST_TRACER :0::[00m latency_tracer_pipeline, frame_latency=(double)38.300729, avg=(double)50.043148, min=(double)0.035593, max=(double)75.255331, latency=(double)18.636044, fps=(double)53.659458, frame_num=(uint)651;
0:00:15.126857336 [32m    1[00m 0x7f9bf8000f70 [37mTRACE  [00m [00;34m          GST_TRACER :0::[00m latency_tracer_pipeline, frame_latency=(double)31.667203, avg=(double)50.014964, min=(double)0.035593, max=(double)75.255331, latency=(double)18.607540, fps=(double)53.741657, frame_num=(uint)652;
0:00:15.163253549 [32m    1[00m 0x7f9bf8000f70 [37mTRACE  [00m [00;34m          GST_TRACER :0::[00m latency_tracer_pipeline, frame_latency=(double)65.705247, avg=(double)50.038992, min=(double)0.035593, max=(double)75.255331, latency=(double)18.634758, fps=(double)53.663160, frame_num=(uint)653;
0:00:15.164217343 [32m    1[00m 0x7f9bf8000f70 [37mTRACE  [00m [00;34m          GST_TRACER :0::[00m latency_tracer_pipeline, frame_latency=(double)35.994147, avg=(double)50.017517, min=(double)0.035593, max=(double)75.255331, latency=(double)18.607743, fps=(double)53.741068, frame_num=(uint)654;
0:00:15.202911665 [32m    1[00m 0x7f9bf8000f70 [37mTRACE  [00m [00;34m          GST_TRACER :0::[00m latency_tracer_pipeline, frame_latency=(double)67.940315, avg=(double)50.044880, min=(double)0.035593, max=(double)75.255331, latency=(double)18.638410, fps=(double)53.652644, frame_num=(uint)655;
0:00:15.204201768 [32m    1[00m 0x7f9bf8000f70 [37mTRACE  [00m [00;34m          GST_TRACER :0::[00m latency_tracer_pipeline, frame_latency=(double)38.859814, avg=(double)50.027829, min=(double)0.035593, max=(double)75.255331, latency=(double)18.611967, fps=(double)53.728872, frame_num=(uint)656;
FpsCounter(last 1.02sec): total=423.82 fps, number-streams=8, per-stream=52.98 fps (54.94, 50.03, 50.03, 52.98, 55.92, 53.96, 53.96, 52.00)
latency: -13283.64ms (-13352.03, -13333.39, -13390.29, -13198.88, -13367.84, -13378.31, -13069.89, -13180.26)
0:00:15.243411186 [32m    1[00m 0x7f9bf8000f70 [37mTRACE  [00m [00;34m          GST_TRACER :0::[00m latency_tracer_pipeline, frame_latency=(double)68.768717, avg=(double)50.056354, min=(double)0.035593, max=(double)75.255331, latency=(double)18.643308, fps=(double)53.638548, frame_num=(uint)657;
0:00:15.243447391 [32m    1[00m 0x7f9bf8000f70 [37mTRACE  [00m [00;34m          GST_TRACER :0::[00m latency_tracer_pipeline_interval, interval=(double)1019.317209, avg=(double)49.158430, min=(double)27.421262, max=(double)70.545704, latency=(double)18.202093, fps=(double)54.938737;
0:00:15.243473013 [32m    1[00m 0x7f9bf8000f70 [37mTRACE  [00m [00;34m          GST_TRACER :0::[00m latency_tracer_pipeline, frame_latency=(double)36.531323, avg=(double)50.035799, min=(double)0.035593, max=(double)75.255331, latency=(double)18.615095, fps=(double)53.719844, frame_num=(uint)658;
0:00:15.244641544 [32m    1[00m 0x7f9bf8000f70 [37mTRACE  [00m [00;34m          GST_TRACER :0::[00m latency_tracer_pipeline, frame_latency=(double)34.071758, avg=(double)50.011575, min=(double)0.035593, max=(double)75.255331, latency=(double)18.588607, fps=(double)53.796391, frame_num=(uint)659;
0:00:15.284118088 [32m    1[00m 0x7f9bf8000f70 [37mTRACE  [00m [00;34m          GST_TRACER :0::[00m latency_tracer_pipeline, frame_latency=(double)60.250325, avg=(double)50.027088, min=(double)0.035593, max=(double)75.255331, latency=(double)18.620244, fps=(double)53.704990, frame_num=(uint)660;
0:00:15.285220535 [32m    1[00m 0x7f9bf8000f70 [37mTRACE  [00m [00;34m          GST_TRACER :0::[00m latency_tracer_pipeline, frame_latency=(double)34.471514, avg=(double)50.003555, min=(double)0.035593, max=(double)75.255331, latency=(double)18.593749, fps=(double)53.781516, frame_num=(uint)661;
0:00:15.324488544 [32m    1[00m 0x7f9bf8000f70 [37mTRACE  [00m [00;34m          GST_TRACER :0::[00m latency_tracer_pipeline, frame_latency=(double)64.728052, avg=(double)50.025797, min=(double)0.035593, max=(double)75.255331, latency=(double)18.624974, fps=(double)53.691351, frame_num=(uint)662;
0:00:15.325316754 [32m    1[00m 0x7f9bf8000f70 [37mTRACE  [00m [00;34m          GST_TRACER :0::[00m latency_tracer_pipeline, frame_latency=(double)35.831055, avg=(double)50.004387, min=(double)0.035593, max=(double)75.255331, latency=(double)18.598154, fps=(double)53.768777, frame_num=(uint)663;
0:00:15.364299062 [32m    1[00m 0x7f9bf8000f70 [37mTRACE  [00m [00;34m          GST_TRACER :0::[00m latency_tracer_pipeline, frame_latency=(double)62.545165, avg=(double)50.023274, min=(double)0.035593, max=(double)75.255331, latency=(double)18.628830, fps=(double)53.680235, frame_num=(uint)664;
0:00:15.365065846 [32m    1[00m 0x7f9bf8000f70 [37mTRACE  [00m [00;34m          GST_TRACER :0::[00m latency_tracer_pipeline, frame_latency=(double)35.077056, avg=(double)50.000798, min=(double)0.035593, max=(double)75.255331, latency=(double)18.601993, fps=(double)53.757681, frame_num=(uint)665;
0:00:15.406307544 [32m    1[00m 0x7f9bf8000f70 [37mTRACE  [00m [00;34m          GST_TRACER :0::[00m latency_tracer_pipeline, frame_latency=(double)62.136423, avg=(double)50.019020, min=(double)0.035593, max=(double)75.255331, latency=(double)18.635979, fps=(double)53.659644, frame_num=(uint)666;
0:00:15.407188887 [32m    1[00m 0x7f9bf8000f70 [37mTRACE  [00m [00;34m          GST_TRACER :0::[00m latency_tracer_pipeline, frame_latency=(double)34.899691, avg=(double)49.996352, min=(double)0.035593, max=(double)75.255331, latency=(double)18.609373, fps=(double)53.736361, frame_num=(uint)667;
0:00:15.449062776 [32m    1[00m 0x7f9bf8000f70 [37mTRACE  [00m [00;34m          GST_TRACER :0::[00m latency_tracer_pipeline, frame_latency=(double)68.546316, avg=(double)50.024122, min=(double)0.035593, max=(double)75.255331, latency=(double)18.644186, fps=(double)53.636023, frame_num=(uint)668;
0:00:15.450182132 [32m    1[00m 0x7f9bf8000f70 [37mTRACE  [00m [00;34m          GST_TRACER :0::[00m latency_tracer_pipeline, frame_latency=(double)37.929253, avg=(double)50.006043, min=(double)0.035593, max=(double)75.255331, latency=(double)18.617999, fps=(double)53.711464, frame_num=(uint)669;
0:00:15.493115673 [32m    1[00m 0x7f9bf8000f70 [37mTRACE  [00m [00;34m          GST_TRACER :0::[00m latency_tracer_pipeline, frame_latency=(double)74.802513, avg=(double)50.043052, min=(double)0.035593, max=(double)75.255331, latency=(double)18.654272, fps=(double)53.607025, frame_num=(uint)670;
FpsCounter(average 10.19sec): total=424.03 fps, number-streams=8, per-stream=53.00 fps (53.51, 52.82, 53.21, 52.82, 53.11, 53.41, 52.52, 52.62)
0:00:15.494014560 [32m    1[00m 0x7f9bf8000f70 [37mTRACE  [00m [00;34m          GST_TRACER :0::[00m latency_tracer_pipeline, frame_latency=(double)42.593765, avg=(double)50.031951, min=(double)0.035593, max=(double)75.255331, latency=(double)18.627827, fps=(double)53.683126, frame_num=(uint)671;
0:00:15.532956039 [32m    1[00m 0x7f9bf8000f70 [37mTRACE  [00m [00;34m          GST_TRACER :0::[00m latency_tracer_pipeline, frame_latency=(double)69.179422, avg=(double)50.060444, min=(double)0.035593, max=(double)75.255331, latency=(double)18.658039, fps=(double)53.596200, frame_num=(uint)672;
0:00:15.534203165 [32m    1[00m 0x7f9bf8000f70 [37mTRACE  [00m [00;34m          GST_TRACER :0::[00m latency_tracer_pipeline, frame_latency=(double)40.525510, avg=(double)50.046276, min=(double)0.035593, max=(double)75.255331, latency=(double)18.632188, fps=(double)53.670561, frame_num=(uint)673;
0:00:15.574606908 [32m    1[00m 0x7f9bf8000f70 [37mTRACE  [00m [00;34m          GST_TRACER :0::[00m latency_tracer_pipeline, frame_latency=(double)68.275700, avg=(double)50.073323, min=(double)0.035593, max=(double)75.255331, latency=(double)18.664465, fps=(double)53.577746, frame_num=(uint)674;
0:00:15.574667485 [32m    1[00m 0x7f9bf8000f70 [37mTRACE  [00m [00;34m          GST_TRACER :0::[00m latency_tracer_pipeline, frame_latency=(double)41.001478, avg=(double)50.059883, min=(double)0.035593, max=(double)75.255331, latency=(double)18.636926, fps=(double)53.656917, frame_num=(uint)675;
0:00:15.576096358 [32m    1[00m 0x7f9bf8000f70 [37mTRACE  [00m [00;34m          GST_TRACER :0::[00m latency_tracer_pipeline, frame_latency=(double)40.033915, avg=(double)50.045052, min=(double)0.035593, max=(double)75.255331, latency=(double)18.611475, fps=(double)53.730294, frame_num=(uint)676;
0:00:15.616059732 [32m    1[00m 0x7f9bf8000f70 [37mTRACE  [00m [00;34m          GST_TRACER :0::[00m latency_tracer_pipeline, frame_latency=(double)67.022053, avg=(double)50.070129, min=(double)0.035593, max=(double)75.255331, latency=(double)18.642989, fps=(double)53.639467, frame_num=(uint)677;
0:00:15.617469146 [32m    1[00m 0x7f9bf8000f70 [37mTRACE  [00m [00;34m          GST_TRACER :0::[00m latency_tracer_pipeline, frame_latency=(double)42.040442, avg=(double)50.058285, min=(double)0.035593, max=(double)75.255331, latency=(double)18.617587, fps=(double)53.712653, frame_num=(uint)678;
0:00:15.617496672 [32m    1[00m 0x7f9bf8000f70 [37mTRACE  [00m [00;34m          GST_TRACER :0::[00m latency_tracer_pipeline, frame_latency=(double)30.997584, avg=(double)50.030214, min=(double)0.035593, max=(double)75.255331, latency=(double)18.590217, fps=(double)53.791734, frame_num=(uint)679;
0:00:15.657755895 [32m    1[00m 0x7f9bf8000f70 [37mTRACE  [00m [00;34m          GST_TRACER :0::[00m latency_tracer_pipeline, frame_latency=(double)62.968939, avg=(double)50.049241, min=(double)0.035593, max=(double)75.255331, latency=(double)18.622040, fps=(double)53.699809, frame_num=(uint)680;
0:00:15.659140069 [32m    1[00m 0x7f9bf8000f70 [37mTRACE  [00m [00;34m          GST_TRACER :0::[00m latency_tracer_pipeline, frame_latency=(double)33.523523, avg=(double)50.024974, min=(double)0.035593, max=(double)75.255331, latency=(double)18.596758, fps=(double)53.772813, frame_num=(uint)681;
0:00:15.700014467 [32m    1[00m 0x7f9bf8000f70 [37mTRACE  [00m [00;34m          GST_TRACER :0::[00m latency_tracer_pipeline, frame_latency=(double)59.753164, avg=(double)50.039238, min=(double)0.035593, max=(double)75.255331, latency=(double)18.629422, fps=(double)53.678531, frame_num=(uint)682;
0:00:15.701005619 [32m    1[00m 0x7f9bf8000f70 [37mTRACE  [00m [00;34m          GST_TRACER :0::[00m latency_tracer_pipeline, frame_latency=(double)33.933211, avg=(double)50.015657, min=(double)0.035593, max=(double)75.255331, latency=(double)18.603598, fps=(double)53.753044, frame_num=(uint)683;
0:00:15.741833474 [32m    1[00m 0x7f9bf8000f70 [37mTRACE  [00m [00;34m          GST_TRACER :0::[00m latency_tracer_pipeline, frame_latency=(double)61.462482, avg=(double)50.032392, min=(double)0.035593, max=(double)75.255331, latency=(double)18.636089, fps=(double)53.659326, frame_num=(uint)684;
0:00:15.743003706 [32m    1[00m 0x7f9bf8000f70 [37mTRACE  [00m [00;34m          GST_TRACER :0::[00m latency_tracer_pipeline, frame_latency=(double)33.864916, avg=(double)50.008790, min=(double)0.035593, max=(double)75.255331, latency=(double)18.610606, fps=(double)53.732801, frame_num=(uint)685;
0:00:15.784007857 [32m    1[00m 0x7f9bf8000f70 [37mTRACE  [00m [00;34m          GST_TRACER :0::[00m latency_tracer_pipeline, frame_latency=(double)71.190927, avg=(double)50.039668, min=(double)0.035593, max=(double)75.255331, latency=(double)18.643234, fps=(double)53.638762, frame_num=(uint)686;
0:00:15.785251417 [32m    1[00m 0x7f9bf8000f70 [37mTRACE  [00m [00;34m          GST_TRACER :0::[00m latency_tracer_pipeline, frame_latency=(double)37.305903, avg=(double)50.021133, min=(double)0.035593, max=(double)75.255331, latency=(double)18.617907, fps=(double)53.711730, frame_num=(uint)687;
0:00:15.826368500 [32m    1[00m 0x7f9bf8000f70 [37mTRACE  [00m [00;34m          GST_TRACER :0::[00m latency_tracer_pipeline, frame_latency=(double)67.388950, avg=(double)50.046377, min=(double)0.035593, max=(double)75.255331, latency=(double)18.650608, fps=(double)53.617555, frame_num=(uint)688;
0:00:15.827113265 [32m    1[00m 0x7f9bf8000f70 [37mTRACE  [00m [00;34m          GST_TRACER :0::[00m latency_tracer_pipeline, frame_latency=(double)38.812768, avg=(double)50.030072, min=(double)0.035593, max=(double)75.255331, latency=(double)18.624619, fps=(double)53.692373, frame_num=(uint)689;
0:00:15.865237854 [32m    1[00m 0x7f9bf8000f70 [37mTRACE  [00m [00;34m          GST_TRACER :0::[00m latency_tracer_pipeline, frame_latency=(double)63.980723, avg=(double)50.050291, min=(double)0.035593, max=(double)75.255331, latency=(double)18.652881, fps=(double)53.611021, frame_num=(uint)690;
0:00:15.866652715 [32m    1[00m 0x7f9bf8000f70 [37mTRACE  [00m [00;34m          GST_TRACER :0::[00m latency_tracer_pipeline, frame_latency=(double)36.658816, avg=(double)50.030911, min=(double)0.035593, max=(double)75.255331, latency=(double)18.627947, fps=(double)53.682782, frame_num=(uint)691;
0:00:15.904974473 [32m    1[00m 0x7f9bf8000f70 [37mTRACE  [00m [00;34m          GST_TRACER :0::[00m latency_tracer_pipeline, frame_latency=(double)64.032384, avg=(double)50.051144, min=(double)0.035593, max=(double)75.255331, latency=(double)18.656384, fps=(double)53.600954, frame_num=(uint)692;
0:00:15.905924976 [32m    1[00m 0x7f9bf8000f70 [37mTRACE  [00m [00;34m          GST_TRACER :0::[00m latency_tracer_pipeline, frame_latency=(double)35.805552, avg=(double)50.030588, min=(double)0.035593, max=(double)75.255331, latency=(double)18.630859, fps=(double)53.674390, frame_num=(uint)693;
0:00:15.943732575 [32m    1[00m 0x7f9bf8000f70 [37mTRACE  [00m [00;34m          GST_TRACER :0::[00m latency_tracer_pipeline, frame_latency=(double)62.698233, avg=(double)50.048841, min=(double)0.035593, max=(double)75.255331, latency=(double)18.658467, fps=(double)53.594972, frame_num=(uint)694;
0:00:15.944792196 [32m    1[00m 0x7f9bf8000f70 [37mTRACE  [00m [00;34m          GST_TRACER :0::[00m latency_tracer_pipeline, frame_latency=(double)35.995895, avg=(double)50.028621, min=(double)0.035593, max=(double)75.255331, latency=(double)18.633168, fps=(double)53.667739, frame_num=(uint)695;
0:00:15.982464789 [32m    1[00m 0x7f9bf8000f70 [37mTRACE  [00m [00;34m          GST_TRACER :0::[00m latency_tracer_pipeline, frame_latency=(double)61.464956, avg=(double)50.045052, min=(double)0.035593, max=(double)75.255331, latency=(double)18.660512, fps=(double)53.589098, frame_num=(uint)696;
0:00:15.983575794 [32m    1[00m 0x7f9bf8000f70 [37mTRACE  [00m [00;34m          GST_TRACER :0::[00m latency_tracer_pipeline, frame_latency=(double)33.957665, avg=(double)50.021971, min=(double)0.035593, max=(double)75.255331, latency=(double)18.635326, fps=(double)53.661524, frame_num=(uint)697;
0:00:16.021032390 [32m    1[00m 0x7f9bf8000f70 [37mTRACE  [00m [00;34m          GST_TRACER :0::[00m latency_tracer_pipeline, frame_latency=(double)60.661867, avg=(double)50.037215, min=(double)0.035593, max=(double)75.255331, latency=(double)18.662281, fps=(double)53.584017, frame_num=(uint)698;
0:00:16.022295046 [32m    1[00m 0x7f9bf8000f70 [37mTRACE  [00m [00;34m          GST_TRACER :0::[00m latency_tracer_pipeline, frame_latency=(double)33.848985, avg=(double)50.014056, min=(double)0.035593, max=(double)75.255331, latency=(double)18.637399, fps=(double)53.655555, frame_num=(uint)699;
0:00:16.059257114 [32m    1[00m 0x7f9bf8000f70 [37mTRACE  [00m [00;34m          GST_TRACER :0::[00m latency_tracer_pipeline, frame_latency=(double)61.963112, avg=(double)50.031126, min=(double)0.035593, max=(double)75.255331, latency=(double)18.663576, fps=(double)53.580300, frame_num=(uint)700;
0:00:16.060220530 [32m    1[00m 0x7f9bf8000f70 [37mTRACE  [00m [00;34m          GST_TRACER :0::[00m latency_tracer_pipeline, frame_latency=(double)36.273723, avg=(double)50.011500, min=(double)0.035593, max=(double)75.255331, latency=(double)18.638334, fps=(double)53.652864, frame_num=(uint)701;
0:00:16.098739919 [32m    1[00m 0x7f9bf8000f70 [37mTRACE  [00m [00;34m          GST_TRACER :0::[00m latency_tracer_pipeline, frame_latency=(double)64.823530, avg=(double)50.032600, min=(double)0.035593, max=(double)75.255331, latency=(double)18.666641, fps=(double)53.571503, frame_num=(uint)702;
0:00:16.099451422 [32m    1[00m 0x7f9bf8000f70 [37mTRACE  [00m [00;34m          GST_TRACER :0::[00m latency_tracer_pipeline, frame_latency=(double)36.943785, avg=(double)50.013982, min=(double)0.035593, max=(double)75.255331, latency=(double)18.641108, fps=(double)53.644879, frame_num=(uint)703;
0:00:16.137978118 [32m    1[00m 0x7f9bf8000f70 [37mTRACE  [00m [00;34m          GST_TRACER :0::[00m latency_tracer_pipeline, frame_latency=(double)62.840210, avg=(double)50.032201, min=(double)0.035593, max=(double)75.255331, latency=(double)18.669345, fps=(double)53.563742, frame_num=(uint)704;
0:00:16.138580885 [32m    1[00m 0x7f9bf8000f70 [37mTRACE  [00m [00;34m          GST_TRACER :0::[00m latency_tracer_pipeline, frame_latency=(double)36.300110, avg=(double)50.012722, min=(double)0.035593, max=(double)75.255331, latency=(double)18.643744, fps=(double)53.637295, frame_num=(uint)705;
0:00:16.177017256 [32m    1[00m 0x7f9bf8000f70 [37mTRACE  [00m [00;34m          GST_TRACER :0::[00m latency_tracer_pipeline, frame_latency=(double)63.364960, avg=(double)50.031635, min=(double)0.035593, max=(double)75.255331, latency=(double)18.671770, fps=(double)53.556786, frame_num=(uint)706;
0:00:16.177281038 [32m    1[00m 0x7f9bf8000f70 [37mTRACE  [00m [00;34m          GST_TRACER :0::[00m latency_tracer_pipeline, frame_latency=(double)35.410963, avg=(double)50.010955, min=(double)0.035593, max=(double)75.255331, latency=(double)18.645745, fps=(double)53.631538, frame_num=(uint)707;
0:00:16.216975746 [32m    1[00m 0x7f9bf8000f70 [37mTRACE  [00m [00;34m          GST_TRACER :0::[00m latency_tracer_pipeline, frame_latency=(double)64.300038, avg=(double)50.031137, min=(double)0.035593, max=(double)75.255331, latency=(double)18.675449, fps=(double)53.546237, frame_num=(uint)708;
0:00:16.218010477 [32m    1[00m 0x7f9bf8000f70 [37mTRACE  [00m [00;34m          GST_TRACER :0::[00m latency_tracer_pipeline, frame_latency=(double)36.316892, avg=(double)50.011794, min=(double)0.035593, max=(double)75.255331, latency=(double)18.650593, fps=(double)53.617597, frame_num=(uint)709;
FpsCounter(last 1.01sec): total=394.96 fps, number-streams=8, per-stream=49.37 fps (52.33, 53.32, 49.37, 46.41, 47.40, 48.38, 48.38, 49.37)
latency: -14342.52ms (-14531.45, -14404.14, -14400.95, -14186.96, -14446.72, -14424.70, -14116.08, -14204.82)
0:00:16.255978480 [32m    1[00m 0x7f9bf8000f70 [37mTRACE  [00m [00;34m          GST_TRACER :0::[00m latency_tracer_pipeline, frame_latency=(double)64.033406, avg=(double)50.031543, min=(double)0.035593, max=(double)75.255331, latency=(double)18.677785, fps=(double)53.539538, frame_num=(uint)710;
0:00:16.256006561 [32m    1[00m 0x7f9bf8000f70 [37mTRACE  [00m [00;34m          GST_TRACER :0::[00m latency_tracer_pipeline_interval, interval=(double)1012.573841, avg=(double)49.723979, min=(double)30.997584, max=(double)74.802513, latency=(double)19.105167, fps=(double)52.341862;
0:00:16.257332875 [32m    1[00m 0x7f9bf8000f70 [37mTRACE  [00m [00;34m          GST_TRACER :0::[00m latency_tracer_pipeline, frame_latency=(double)35.288770, avg=(double)50.010808, min=(double)0.035593, max=(double)75.255331, latency=(double)18.653433, fps=(double)53.609435, frame_num=(uint)711;
0:00:16.297892964 [32m    1[00m 0x7f9bf8000f70 [37mTRACE  [00m [00;34m          GST_TRACER :0::[00m latency_tracer_pipeline, frame_latency=(double)65.671870, avg=(double)50.032804, min=(double)0.035593, max=(double)75.255331, latency=(double)18.684182, fps=(double)53.521209, frame_num=(uint)712;
0:00:16.298836810 [32m    1[00m 0x7f9bf8000f70 [37mTRACE  [00m [00;34m          GST_TRACER :0::[00m latency_tracer_pipeline, frame_latency=(double)37.143795, avg=(double)50.014727, min=(double)0.035593, max=(double)75.255331, latency=(double)18.659309, fps=(double)53.592553, frame_num=(uint)713;
0:00:16.337991905 [32m    1[00m 0x7f9bf8000f70 [37mTRACE  [00m [00;34m          GST_TRACER :0::[00m latency_tracer_pipeline, frame_latency=(double)63.564464, avg=(double)50.033704, min=(double)0.035593, max=(double)75.255331, latency=(double)18.688004, fps=(double)53.510262, frame_num=(uint)714;
0:00:16.339215821 [32m    1[00m 0x7f9bf8000f70 [37mTRACE  [00m [00;34m          GST_TRACER :0::[00m latency_tracer_pipeline, frame_latency=(double)36.132257, avg=(double)50.014261, min=(double)0.035593, max=(double)75.255331, latency=(double)18.663587, fps=(double)53.580269, frame_num=(uint)715;
0:00:16.378806334 [32m    1[00m 0x7f9bf8000f70 [37mTRACE  [00m [00;34m          GST_TRACER :0::[00m latency_tracer_pipeline, frame_latency=(double)65.478581, avg=(double)50.035859, min=(double)0.035593, max=(double)75.255331, latency=(double)18.692806, fps=(double)53.496517, frame_num=(uint)716;
0:00:16.379796027 [32m    1[00m 0x7f9bf8000f70 [37mTRACE  [00m [00;34m          GST_TRACER :0::[00m latency_tracer_pipeline, frame_latency=(double)34.374250, avg=(double)50.014016, min=(double)0.035593, max=(double)75.255331, latency=(double)18.668121, fps=(double)53.567256, frame_num=(uint)717;
0:00:16.419859860 [32m    1[00m 0x7f9bf8000f70 [37mTRACE  [00m [00;34m          GST_TRACER :0::[00m latency_tracer_pipeline, frame_latency=(double)64.096415, avg=(double)50.033630, min=(double)0.035593, max=(double)75.255331, latency=(double)18.697909, fps=(double)53.481917, frame_num=(uint)718;
0:00:16.420534213 [32m    1[00m 0x7f9bf8000f70 [37mTRACE  [00m [00;34m          GST_TRACER :0::[00m latency_tracer_pipeline, frame_latency=(double)33.169597, avg=(double)50.010175, min=(double)0.035593, max=(double)75.255331, latency=(double)18.672857, fps=(double)53.553668, frame_num=(uint)719;
0:00:16.456100284 [32m    1[00m 0x7f9bf8000f70 [37mTRACE  [00m [00;34m          GST_TRACER :0::[00m latency_tracer_pipeline, frame_latency=(double)62.602005, avg=(double)50.027663, min=(double)0.035593, max=(double)75.255331, latency=(double)18.696311, fps=(double)53.486487, frame_num=(uint)720;
0:00:16.457466023 [32m    1[00m 0x7f9bf8000f70 [37mTRACE  [00m [00;34m          GST_TRACER :0::[00m latency_tracer_pipeline, frame_latency=(double)37.856147, avg=(double)50.010782, min=(double)0.035593, max=(double)75.255331, latency=(double)18.672283, fps=(double)53.555315, frame_num=(uint)721;
FpsCounter(average 11.19sec): total=421.88 fps, number-streams=8, per-stream=52.73 fps (53.37, 52.75, 52.84, 52.30, 52.84, 53.01, 52.21, 52.57)
0:00:16.493269400 [32m    1[00m 0x7f9bf8000f70 [37mTRACE  [00m [00;34m          GST_TRACER :0::[00m latency_tracer_pipeline, frame_latency=(double)65.912938, avg=(double)50.032807, min=(double)0.035593, max=(double)75.255331, latency=(double)18.696001, fps=(double)53.487374, frame_num=(uint)722;
0:00:16.493846302 [32m    1[00m 0x7f9bf8000f70 [37mTRACE  [00m [00;34m          GST_TRACER :0::[00m latency_tracer_pipeline, frame_latency=(double)37.434016, avg=(double)50.015381, min=(double)0.035593, max=(double)75.255331, latency=(double)18.670939, fps=(double)53.559172, frame_num=(uint)723;
0:00:16.529638435 [32m    1[00m 0x7f9bf8000f70 [37mTRACE  [00m [00;34m          GST_TRACER :0::[00m latency_tracer_pipeline, frame_latency=(double)65.864485, avg=(double)50.037272, min=(double)0.035593, max=(double)75.255331, latency=(double)18.694592, fps=(double)53.491405, frame_num=(uint)724;
0:00:16.530579063 [32m    1[00m 0x7f9bf8000f70 [37mTRACE  [00m [00;34m          GST_TRACER :0::[00m latency_tracer_pipeline, frame_latency=(double)37.289998, avg=(double)50.019690, min=(double)0.035593, max=(double)75.255331, latency=(double)18.670126, fps=(double)53.561503, frame_num=(uint)725;
0:00:16.568390320 [32m    1[00m 0x7f9bf8000f70 [37mTRACE  [00m [00;34m          GST_TRACER :0::[00m latency_tracer_pipeline, frame_latency=(double)68.550154, avg=(double)50.045214, min=(double)0.035593, max=(double)75.255331, latency=(double)18.696464, fps=(double)53.486050, frame_num=(uint)726;
0:00:16.568435520 [32m    1[00m 0x7f9bf8000f70 [37mTRACE  [00m [00;34m          GST_TRACER :0::[00m latency_tracer_pipeline, frame_latency=(double)38.501906, avg=(double)50.029336, min=(double)0.035593, max=(double)75.255331, latency=(double)18.670831, fps=(double)53.559481, frame_num=(uint)727;
0:00:16.569278369 [32m    1[00m 0x7f9bf8000f70 [37mTRACE  [00m [00;34m          GST_TRACER :0::[00m latency_tracer_pipeline, frame_latency=(double)37.526259, avg=(double)50.012161, min=(double)0.035593, max=(double)75.255331, latency=(double)18.646344, fps=(double)53.629817, frame_num=(uint)728;
0:00:16.604989009 [32m    1[00m 0x7f9bf8000f70 [37mTRACE  [00m [00;34m          GST_TRACER :0::[00m latency_tracer_pipeline, frame_latency=(double)65.850000, avg=(double)50.033887, min=(double)0.035593, max=(double)75.255331, latency=(double)18.669733, fps=(double)53.562629, frame_num=(uint)729;
0:00:16.606243226 [32m    1[00m 0x7f9bf8000f70 [37mTRACE  [00m [00;34m          GST_TRACER :0::[00m latency_tracer_pipeline, frame_latency=(double)36.330613, avg=(double)50.015115, min=(double)0.035593, max=(double)75.255331, latency=(double)18.645886, fps=(double)53.631134, frame_num=(uint)730;
0:00:16.642720937 [32m    1[00m 0x7f9bf8000f70 [37mTRACE  [00m [00;34m          GST_TRACER :0::[00m latency_tracer_pipeline, frame_latency=(double)66.245080, avg=(double)50.037318, min=(double)0.035593, max=(double)75.255331, latency=(double)18.670278, fps=(double)53.561068, frame_num=(uint)731;
0:00:16.642740225 [32m    1[00m 0x7f9bf8000f70 [37mTRACE  [00m [00;34m          GST_TRACER :0::[00m latency_tracer_pipeline, frame_latency=(double)37.301641, avg=(double)50.019919, min=(double)0.035593, max=(double)75.255331, latency=(double)18.644814, fps=(double)53.634218, frame_num=(uint)732;
0:00:16.643896863 [32m    1[00m 0x7f9bf8000f70 [37mTRACE  [00m [00;34m          GST_TRACER :0::[00m latency_tracer_pipeline, frame_latency=(double)35.756102, avg=(double)50.000460, min=(double)0.035593, max=(double)75.255331, latency=(double)18.620947, fps=(double)53.702961, frame_num=(uint)733;
0:00:16.679578004 [32m    1[00m 0x7f9bf8000f70 [37mTRACE  [00m [00;34m          GST_TRACER :0::[00m latency_tracer_pipeline, frame_latency=(double)64.111678, avg=(double)50.019685, min=(double)0.035593, max=(double)75.255331, latency=(double)18.644171, fps=(double)53.636067, frame_num=(uint)734;
0:00:16.680929163 [32m    1[00m 0x7f9bf8000f70 [37mTRACE  [00m [00;34m          GST_TRACER :0::[00m latency_tracer_pipeline, frame_latency=(double)34.970013, avg=(double)49.999209, min=(double)0.035593, max=(double)75.255331, latency=(double)18.620660, fps=(double)53.703788, frame_num=(uint)735;
0:00:16.716172649 [32m    1[00m 0x7f9bf8000f70 [37mTRACE  [00m [00;34m          GST_TRACER :0::[00m latency_tracer_pipeline, frame_latency=(double)61.793101, avg=(double)50.015233, min=(double)0.035593, max=(double)75.255331, latency=(double)18.643232, fps=(double)53.638767, frame_num=(uint)736;
0:00:16.717378474 [32m    1[00m 0x7f9bf8000f70 [37mTRACE  [00m [00;34m          GST_TRACER :0::[00m latency_tracer_pipeline, frame_latency=(double)35.336467, avg=(double)49.995316, min=(double)0.035593, max=(double)75.255331, latency=(double)18.619595, fps=(double)53.706860, frame_num=(uint)737;
0:00:16.753164464 [32m    1[00m 0x7f9bf8000f70 [37mTRACE  [00m [00;34m          GST_TRACER :0::[00m latency_tracer_pipeline, frame_latency=(double)66.927420, avg=(double)50.018260, min=(double)0.035593, max=(double)75.255331, latency=(double)18.642832, fps=(double)53.639919, frame_num=(uint)738;
0:00:16.754124377 [32m    1[00m 0x7f9bf8000f70 [37mTRACE  [00m [00;34m          GST_TRACER :0::[00m latency_tracer_pipeline, frame_latency=(double)37.752696, avg=(double)50.001662, min=(double)0.035593, max=(double)75.255331, latency=(double)18.618922, fps=(double)53.708801, frame_num=(uint)739;
0:00:16.791913674 [32m    1[00m 0x7f9bf8000f70 [37mTRACE  [00m [00;34m          GST_TRACER :0::[00m latency_tracer_pipeline, frame_latency=(double)68.653344, avg=(double)50.026867, min=(double)0.035593, max=(double)75.255331, latency=(double)18.644815, fps=(double)53.634215, frame_num=(uint)740;
0:00:16.792991077 [32m    1[00m 0x7f9bf8000f70 [37mTRACE  [00m [00;34m          GST_TRACER :0::[00m latency_tracer_pipeline, frame_latency=(double)39.602209, avg=(double)50.012799, min=(double)0.035593, max=(double)75.255331, latency=(double)18.621119, fps=(double)53.702465, frame_num=(uint)741;
0:00:16.831779762 [32m    1[00m 0x7f9bf8000f70 [37mTRACE  [00m [00;34m          GST_TRACER :0::[00m latency_tracer_pipeline, frame_latency=(double)69.902823, avg=(double)50.039605, min=(double)0.035593, max=(double)75.255331, latency=(double)18.648287, fps=(double)53.624228, frame_num=(uint)742;
0:00:16.833049125 [32m    1[00m 0x7f9bf8000f70 [37mTRACE  [00m [00;34m          GST_TRACER :0::[00m latency_tracer_pipeline, frame_latency=(double)37.303953, avg=(double)50.022464, min=(double)0.035593, max=(double)75.255331, latency=(double)18.624911, fps=(double)53.691530, frame_num=(uint)743;
0:00:16.833064046 [32m    1[00m 0x7f9bf8000f70 [37mTRACE  [00m [00;34m          GST_TRACER :0::[00m latency_tracer_pipeline, frame_latency=(double)26.602771, avg=(double)49.990986, min=(double)0.035593, max=(double)75.255331, latency=(double)18.599903, fps=(double)53.763722, frame_num=(uint)744;
0:00:16.871864918 [32m    1[00m 0x7f9bf8000f70 [37mTRACE  [00m [00;34m          GST_TRACER :0::[00m latency_tracer_pipeline, frame_latency=(double)61.414313, avg=(double)50.006319, min=(double)0.035593, max=(double)75.255331, latency=(double)18.627002, fps=(double)53.685504, frame_num=(uint)745;
0:00:16.872770257 [32m    1[00m 0x7f9bf8000f70 [37mTRACE  [00m [00;34m          GST_TRACER :0::[00m latency_tracer_pipeline, frame_latency=(double)34.034267, avg=(double)49.984909, min=(double)0.035593, max=(double)75.255331, latency=(double)18.603259, fps=(double)53.754023, frame_num=(uint)746;
0:00:16.910736452 [32m    1[00m 0x7f9bf8000f70 [37mTRACE  [00m [00;34m          GST_TRACER :0::[00m latency_tracer_pipeline, frame_latency=(double)60.182108, avg=(double)49.998560, min=(double)0.035593, max=(double)75.255331, latency=(double)18.629157, fps=(double)53.679295, frame_num=(uint)747;
0:00:16.912154623 [32m    1[00m 0x7f9bf8000f70 [37mTRACE  [00m [00;34m          GST_TRACER :0::[00m latency_tracer_pipeline, frame_latency=(double)34.029707, avg=(double)49.977211, min=(double)0.035593, max=(double)75.255331, latency=(double)18.606151, fps=(double)53.745669, frame_num=(uint)748;
0:00:16.950315343 [32m    1[00m 0x7f9bf8000f70 [37mTRACE  [00m [00;34m          GST_TRACER :0::[00m latency_tracer_pipeline, frame_latency=(double)61.973046, avg=(double)49.993227, min=(double)0.035593, max=(double)75.255331, latency=(double)18.632252, fps=(double)53.670377, frame_num=(uint)749;
0:00:16.950365036 [32m    1[00m 0x7f9bf8000f70 [37mTRACE  [00m [00;34m          GST_TRACER :0::[00m latency_tracer_pipeline, frame_latency=(double)35.685380, avg=(double)49.974150, min=(double)0.035593, max=(double)75.255331, latency=(double)18.607497, fps=(double)53.741779, frame_num=(uint)750;
0:00:16.951333325 [32m    1[00m 0x7f9bf8000f70 [37mTRACE  [00m [00;34m          GST_TRACER :0::[00m latency_tracer_pipeline, frame_latency=(double)32.983595, avg=(double)49.951526, min=(double)0.035593, max=(double)75.255331, latency=(double)18.583996, fps=(double)53.809741, frame_num=(uint)751;
0:00:16.992725425 [32m    1[00m 0x7f9bf8000f70 [37mTRACE  [00m [00;34m          GST_TRACER :0::[00m latency_tracer_pipeline, frame_latency=(double)64.221365, avg=(double)49.970502, min=(double)0.035593, max=(double)75.255331, latency=(double)18.614318, fps=(double)53.722086, frame_num=(uint)752;
0:00:16.993445398 [32m    1[00m 0x7f9bf8000f70 [37mTRACE  [00m [00;34m          GST_TRACER :0::[00m latency_tracer_pipeline, frame_latency=(double)34.649085, avg=(double)49.950154, min=(double)0.035593, max=(double)75.255331, latency=(double)18.590577, fps=(double)53.790691, frame_num=(uint)753;
0:00:17.032867849 [32m    1[00m 0x7f9bf8000f70 [37mTRACE  [00m [00;34m          GST_TRACER :0::[00m latency_tracer_pipeline, frame_latency=(double)60.742675, avg=(double)49.964468, min=(double)0.035593, max=(double)75.255331, latency=(double)18.618191, fps=(double)53.710910, frame_num=(uint)754;
0:00:17.034076951 [32m    1[00m 0x7f9bf8000f70 [37mTRACE  [00m [00;34m          GST_TRACER :0::[00m latency_tracer_pipeline, frame_latency=(double)34.036847, avg=(double)49.943372, min=(double)0.035593, max=(double)75.255331, latency=(double)18.595143, fps=(double)53.777483, frame_num=(uint)755;
0:00:17.072804609 [32m    1[00m 0x7f9bf8000f70 [37mTRACE  [00m [00;34m          GST_TRACER :0::[00m latency_tracer_pipeline, frame_latency=(double)60.527639, avg=(double)49.957372, min=(double)0.035593, max=(double)75.255331, latency=(double)18.621759, fps=(double)53.700621, frame_num=(uint)756;
0:00:17.075242928 [32m    1[00m 0x7f9bf8000f70 [37mTRACE  [00m [00;34m          GST_TRACER :0::[00m latency_tracer_pipeline, frame_latency=(double)33.877264, avg=(double)49.936130, min=(double)0.035593, max=(double)75.255331, latency=(double)18.600381, fps=(double)53.762339, frame_num=(uint)757;
0:00:17.112357974 [32m    1[00m 0x7f9bf8000f70 [37mTRACE  [00m [00;34m          GST_TRACER :0::[00m latency_tracer_pipeline, frame_latency=(double)59.852859, avg=(double)49.949213, min=(double)0.035593, max=(double)75.255331, latency=(double)18.624804, fps=(double)53.691841, frame_num=(uint)758;
0:00:17.113661165 [32m    1[00m 0x7f9bf8000f70 [37mTRACE  [00m [00;34m          GST_TRACER :0::[00m latency_tracer_pipeline, frame_latency=(double)32.757703, avg=(double)49.926563, min=(double)0.035593, max=(double)75.255331, latency=(double)18.601991, fps=(double)53.757685, frame_num=(uint)759;
0:00:17.152342017 [32m    1[00m 0x7f9bf8000f70 [37mTRACE  [00m [00;34m          GST_TRACER :0::[00m latency_tracer_pipeline, frame_latency=(double)62.668773, avg=(double)49.943329, min=(double)0.035593, max=(double)75.255331, latency=(double)18.628407, fps=(double)53.681455, frame_num=(uint)760;
0:00:17.153463009 [32m    1[00m 0x7f9bf8000f70 [37mTRACE  [00m [00;34m          GST_TRACER :0::[00m latency_tracer_pipeline, frame_latency=(double)34.107678, avg=(double)49.922520, min=(double)0.035593, max=(double)75.255331, latency=(double)18.605417, fps=(double)53.747789, frame_num=(uint)761;
0:00:17.192074383 [32m    1[00m 0x7f9bf8000f70 [37mTRACE  [00m [00;34m          GST_TRACER :0::[00m latency_tracer_pipeline, frame_latency=(double)60.743138, avg=(double)49.936720, min=(double)0.035593, max=(double)75.255331, latency=(double)18.631662, fps=(double)53.672076, frame_num=(uint)762;
0:00:17.232121078 [32m    1[00m 0x7f9bf8000f70 [37mTRACE  [00m [00;34m          GST_TRACER :0::[00m latency_tracer_pipeline, frame_latency=(double)71.693431, avg=(double)49.965235, min=(double)0.035593, max=(double)75.255331, latency=(double)18.659728, fps=(double)53.591348, frame_num=(uint)763;
0:00:17.232841437 [32m    1[00m 0x7f9bf8000f70 [37mTRACE  [00m [00;34m          GST_TRACER :0::[00m latency_tracer_pipeline, frame_latency=(double)40.756463, avg=(double)49.953182, min=(double)0.035593, max=(double)75.255331, latency=(double)18.636256, fps=(double)53.658846, frame_num=(uint)764;
0:00:17.271712154 [32m    1[00m 0x7f9bf8000f70 [37mTRACE  [00m [00;34m          GST_TRACER :0::[00m latency_tracer_pipeline, frame_latency=(double)69.922163, avg=(double)49.979285, min=(double)0.035593, max=(double)75.255331, latency=(double)18.662687, fps=(double)53.582851, frame_num=(uint)765;
0:00:17.271738289 [32m    1[00m 0x7f9bf8000f70 [37mTRACE  [00m [00;34m          GST_TRACER :0::[00m latency_tracer_pipeline_interval, interval=(double)1015.728258, avg=(double)49.304678, min=(double)26.602771, max=(double)71.693431, latency=(double)18.467787, fps=(double)54.148341;
FpsCounter(last 1.02sec): total=409.55 fps, number-streams=8, per-stream=51.19 fps (54.15, 49.22, 49.22, 51.19, 50.21, 51.19, 51.19, 53.16)
latency: -15375.50ms (-15679.25, -15477.50, -15381.39, -15160.21, -15425.46, -15437.86, -15141.52, -15291.61)
0:00:17.311464087 [32m    1[00m 0x7f9bf8000f70 [37mTRACE  [00m [00;34m          GST_TRACER :0::[00m latency_tracer_pipeline, frame_latency=(double)71.426674, avg=(double)50.007284, min=(double)0.035593, max=(double)75.255331, latency=(double)18.690215, fps=(double)53.503932, frame_num=(uint)766;
0:00:17.312741211 [32m    1[00m 0x7f9bf8000f70 [37mTRACE  [00m [00;34m          GST_TRACER :0::[00m latency_tracer_pipeline, frame_latency=(double)37.459456, avg=(double)49.990924, min=(double)0.035593, max=(double)75.255331, latency=(double)18.667536, fps=(double)53.568933, frame_num=(uint)767;
0:00:17.349796142 [32m    1[00m 0x7f9bf8000f70 [37mTRACE  [00m [00;34m          GST_TRACER :0::[00m latency_tracer_pipeline, frame_latency=(double)65.808778, avg=(double)50.011521, min=(double)0.035593, max=(double)75.255331, latency=(double)18.691469, fps=(double)53.500343, frame_num=(uint)768;
0:00:17.349841239 [32m    1[00m 0x7f9bf8000f70 [37mTRACE  [00m [00;34m          GST_TRACER :0::[00m latency_tracer_pipeline, frame_latency=(double)34.983376, avg=(double)49.991978, min=(double)0.035593, max=(double)75.255331, latency=(double)18.667230, fps=(double)53.569811, frame_num=(uint)769;
0:00:17.350588686 [32m    1[00m 0x7f9bf8000f70 [37mTRACE  [00m [00;34m          GST_TRACER :0::[00m latency_tracer_pipeline, frame_latency=(double)32.751471, avg=(double)49.969588, min=(double)0.035593, max=(double)75.255331, latency=(double)18.643963, fps=(double)53.636665, frame_num=(uint)770;
0:00:17.389889912 [32m    1[00m 0x7f9bf8000f70 [37mTRACE  [00m [00;34m          GST_TRACER :0::[00m latency_tracer_pipeline, frame_latency=(double)61.307089, avg=(double)49.984293, min=(double)0.035593, max=(double)75.255331, latency=(double)18.670743, fps=(double)53.559733, frame_num=(uint)771;
0:00:17.390673772 [32m    1[00m 0x7f9bf8000f70 [37mTRACE  [00m [00;34m          GST_TRACER :0::[00m latency_tracer_pipeline, frame_latency=(double)33.745016, avg=(double)49.963258, min=(double)0.035593, max=(double)75.255331, latency=(double)18.647568, fps=(double)53.626296, frame_num=(uint)772;
0:00:17.429356186 [32m    1[00m 0x7f9bf8000f70 [37mTRACE  [00m [00;34m          GST_TRACER :0::[00m latency_tracer_pipeline, frame_latency=(double)63.434707, avg=(double)49.980685, min=(double)0.035593, max=(double)75.255331, latency=(double)18.673483, fps=(double)53.551873, frame_num=(uint)773;
0:00:17.430615287 [32m    1[00m 0x7f9bf8000f70 [37mTRACE  [00m [00;34m          GST_TRACER :0::[00m latency_tracer_pipeline, frame_latency=(double)33.978064, avg=(double)49.960010, min=(double)0.035593, max=(double)75.255331, latency=(double)18.650978, fps=(double)53.616492, frame_num=(uint)774;
0:00:17.470144725 [32m    1[00m 0x7f9bf8000f70 [37mTRACE  [00m [00;34m          GST_TRACER :0::[00m latency_tracer_pipeline, frame_latency=(double)63.928222, avg=(double)49.978033, min=(double)0.035593, max=(double)75.255331, latency=(double)18.677923, fps=(double)53.539143, frame_num=(uint)775;
0:00:17.510371217 [32m    1[00m 0x7f9bf8000f70 [37mTRACE  [00m [00;34m          GST_TRACER :0::[00m latency_tracer_pipeline, frame_latency=(double)74.460671, avg=(double)50.009583, min=(double)0.035593, max=(double)75.255331, latency=(double)18.705694, fps=(double)53.459659, frame_num=(uint)776;
FpsCounter(average 12.20sec): total=420.80 fps, number-streams=8, per-stream=52.60 fps (53.35, 52.61, 52.45, 52.36, 52.53, 52.94, 52.04, 52.53)
0:00:17.511255725 [32m    1[00m 0x7f9bf8000f70 [37mTRACE  [00m [00;34m          GST_TRACER :0::[00m latency_tracer_pipeline, frame_latency=(double)38.042387, avg=(double)49.994181, min=(double)0.035593, max=(double)75.255331, latency=(double)18.682753, fps=(double)53.525303, frame_num=(uint)777;
0:00:17.549861871 [32m    1[00m 0x7f9bf8000f70 [37mTRACE  [00m [00;34m          GST_TRACER :0::[00m latency_tracer_pipeline, frame_latency=(double)66.709224, avg=(double)50.015666, min=(double)0.035593, max=(double)75.255331, latency=(double)18.708363, fps=(double)53.452031, frame_num=(uint)778;
0:00:17.550875784 [32m    1[00m 0x7f9bf8000f70 [37mTRACE  [00m [00;34m          GST_TRACER :0::[00m latency_tracer_pipeline, frame_latency=(double)35.386766, avg=(double)49.996887, min=(double)0.035593, max=(double)75.255331, latency=(double)18.685655, fps=(double)53.516989, frame_num=(uint)779;
0:00:17.590409810 [32m    1[00m 0x7f9bf8000f70 [37mTRACE  [00m [00;34m          GST_TRACER :0::[00m latency_tracer_pipeline, frame_latency=(double)64.439188, avg=(double)50.015403, min=(double)0.035593, max=(double)75.255331, latency=(double)18.712376, fps=(double)53.440569, frame_num=(uint)780;
0:00:17.591366166 [32m    1[00m 0x7f9bf8000f70 [37mTRACE  [00m [00;34m          GST_TRACER :0::[00m latency_tracer_pipeline, frame_latency=(double)38.014950, avg=(double)50.000037, min=(double)0.035593, max=(double)75.255331, latency=(double)18.689644, fps=(double)53.505568, frame_num=(uint)781;
0:00:17.630061061 [32m    1[00m 0x7f9bf8000f70 [37mTRACE  [00m [00;34m          GST_TRACER :0::[00m latency_tracer_pipeline, frame_latency=(double)65.332181, avg=(double)50.019643, min=(double)0.035593, max=(double)75.255331, latency=(double)18.715220, fps=(double)53.432446, frame_num=(uint)782;
0:00:17.630867817 [32m    1[00m 0x7f9bf8000f70 [37mTRACE  [00m [00;34m          GST_TRACER :0::[00m latency_tracer_pipeline, frame_latency=(double)36.897929, avg=(double)50.002885, min=(double)0.035593, max=(double)75.255331, latency=(double)18.692357, fps=(double)53.497802, frame_num=(uint)783;
0:00:17.669498389 [32m    1[00m 0x7f9bf8000f70 [37mTRACE  [00m [00;34m          GST_TRACER :0::[00m latency_tracer_pipeline, frame_latency=(double)64.902546, avg=(double)50.021890, min=(double)0.035593, max=(double)75.255331, latency=(double)18.717784, fps=(double)53.425129, frame_num=(uint)784;
0:00:17.670702089 [32m    1[00m 0x7f9bf8000f70 [37mTRACE  [00m [00;34m          GST_TRACER :0::[00m latency_tracer_pipeline, frame_latency=(double)37.024952, avg=(double)50.005333, min=(double)0.035593, max=(double)75.255331, latency=(double)18.695476, fps=(double)53.488878, frame_num=(uint)785;
0:00:17.709913036 [32m    1[00m 0x7f9bf8000f70 [37mTRACE  [00m [00;34m          GST_TRACER :0::[00m latency_tracer_pipeline, frame_latency=(double)66.011454, avg=(double)50.025697, min=(double)0.035593, max=(double)75.255331, latency=(double)18.721570, fps=(double)53.414323, frame_num=(uint)786;
0:00:17.711118160 [32m    1[00m 0x7f9bf8000f70 [37mTRACE  [00m [00;34m          GST_TRACER :0::[00m latency_tracer_pipeline, frame_latency=(double)35.959538, avg=(double)50.007824, min=(double)0.035593, max=(double)75.255331, latency=(double)18.699326, fps=(double)53.477864, frame_num=(uint)787;
0:00:17.749022647 [32m    1[00m 0x7f9bf8000f70 [37mTRACE  [00m [00;34m          GST_TRACER :0::[00m latency_tracer_pipeline, frame_latency=(double)64.812234, avg=(double)50.026611, min=(double)0.035593, max=(double)75.255331, latency=(double)18.723685, fps=(double)53.408289, frame_num=(uint)788;
0:00:17.749708306 [32m    1[00m 0x7f9bf8000f70 [37mTRACE  [00m [00;34m          GST_TRACER :0::[00m latency_tracer_pipeline, frame_latency=(double)34.495914, avg=(double)50.006927, min=(double)0.035593, max=(double)75.255331, latency=(double)18.700846, fps=(double)53.473516, frame_num=(uint)789;
0:00:17.786602907 [32m    1[00m 0x7f9bf8000f70 [37mTRACE  [00m [00;34m          GST_TRACER :0::[00m latency_tracer_pipeline, frame_latency=(double)61.087536, avg=(double)50.020953, min=(double)0.035593, max=(double)75.255331, latency=(double)18.723848, fps=(double)53.407824, frame_num=(uint)790;
0:00:17.821851888 [32m    1[00m 0x7f9bf8000f70 [37mTRACE  [00m [00;34m          GST_TRACER :0::[00m latency_tracer_pipeline, frame_latency=(double)63.177537, avg=(double)50.037586, min=(double)0.035593, max=(double)75.255331, latency=(double)18.744751, fps=(double)53.348267, frame_num=(uint)791;
0:00:17.822965529 [32m    1[00m 0x7f9bf8000f70 [37mTRACE  [00m [00;34m          GST_TRACER :0::[00m latency_tracer_pipeline, frame_latency=(double)34.656282, avg=(double)50.018166, min=(double)0.035593, max=(double)75.255331, latency=(double)18.722495, fps=(double)53.411684, frame_num=(uint)792;
0:00:17.858726279 [32m    1[00m 0x7f9bf8000f70 [37mTRACE  [00m [00;34m          GST_TRACER :0::[00m latency_tracer_pipeline, frame_latency=(double)63.735061, avg=(double)50.035463, min=(double)0.035593, max=(double)75.255331, latency=(double)18.743985, fps=(double)53.350448, frame_num=(uint)793;
0:00:17.896284643 [32m    1[00m 0x7f9bf8000f70 [37mTRACE  [00m [00;34m          GST_TRACER :0::[00m latency_tracer_pipeline, frame_latency=(double)70.242536, avg=(double)50.060913, min=(double)0.035593, max=(double)75.255331, latency=(double)18.767678, fps=(double)53.283097, frame_num=(uint)794;
0:00:17.897286229 [32m    1[00m 0x7f9bf8000f70 [37mTRACE  [00m [00;34m          GST_TRACER :0::[00m latency_tracer_pipeline, frame_latency=(double)37.548280, avg=(double)50.045174, min=(double)0.035593, max=(double)75.255331, latency=(double)18.745341, fps=(double)53.346589, frame_num=(uint)795;
0:00:17.933452632 [32m    1[00m 0x7f9bf8000f70 [37mTRACE  [00m [00;34m          GST_TRACER :0::[00m latency_tracer_pipeline, frame_latency=(double)65.457832, avg=(double)50.064536, min=(double)0.035593, max=(double)75.255331, latency=(double)18.767217, fps=(double)53.284406, frame_num=(uint)796;
0:00:17.934345544 [32m    1[00m 0x7f9bf8000f70 [37mTRACE  [00m [00;34m          GST_TRACER :0::[00m latency_tracer_pipeline, frame_latency=(double)36.433431, avg=(double)50.047433, min=(double)0.035593, max=(double)75.255331, latency=(double)18.744797, fps=(double)53.348136, frame_num=(uint)797;
0:00:17.974086857 [32m    1[00m 0x7f9bf8000f70 [37mTRACE  [00m [00;34m          GST_TRACER :0::[00m latency_tracer_pipeline, frame_latency=(double)68.730430, avg=(double)50.070845, min=(double)0.035593, max=(double)75.255331, latency=(double)18.771104, fps=(double)53.273373, frame_num=(uint)798;
0:00:17.975240616 [32m    1[00m 0x7f9bf8000f70 [37mTRACE  [00m [00;34m          GST_TRACER :0::[00m latency_tracer_pipeline, frame_latency=(double)37.895176, avg=(double)50.055607, min=(double)0.035593, max=(double)75.255331, latency=(double)18.749058, fps=(double)53.336014, frame_num=(uint)799;
0:00:18.014892384 [32m    1[00m 0x7f9bf8000f70 [37mTRACE  [00m [00;34m          GST_TRACER :0::[00m latency_tracer_pipeline, frame_latency=(double)68.475558, avg=(double)50.078632, min=(double)0.035593, max=(double)75.255331, latency=(double)18.775181, fps=(double)53.261804, frame_num=(uint)800;
0:00:18.015395714 [32m    1[00m 0x7f9bf8000f70 [37mTRACE  [00m [00;34m          GST_TRACER :0::[00m latency_tracer_pipeline, frame_latency=(double)37.645072, avg=(double)50.063109, min=(double)0.035593, max=(double)75.255331, latency=(double)18.752378, fps=(double)53.326571, frame_num=(uint)801;
0:00:18.051791206 [32m    1[00m 0x7f9bf8000f70 [37mTRACE  [00m [00;34m          GST_TRACER :0::[00m latency_tracer_pipeline, frame_latency=(double)64.825948, avg=(double)50.081517, min=(double)0.035593, max=(double)75.255331, latency=(double)18.774371, fps=(double)53.264102, frame_num=(uint)802;
0:00:18.052985500 [32m    1[00m 0x7f9bf8000f70 [37mTRACE  [00m [00;34m          GST_TRACER :0::[00m latency_tracer_pipeline, frame_latency=(double)35.742153, avg=(double)50.063659, min=(double)0.035593, max=(double)75.255331, latency=(double)18.752482, fps=(double)53.326274, frame_num=(uint)803;
0:00:18.089001272 [32m    1[00m 0x7f9bf8000f70 [37mTRACE  [00m [00;34m          GST_TRACER :0::[00m latency_tracer_pipeline, frame_latency=(double)66.597248, avg=(double)50.084224, min=(double)0.035593, max=(double)75.255331, latency=(double)18.773946, fps=(double)53.265307, frame_num=(uint)804;
0:00:18.090193024 [32m    1[00m 0x7f9bf8000f70 [37mTRACE  [00m [00;34m          GST_TRACER :0::[00m latency_tracer_pipeline, frame_latency=(double)36.516372, avg=(double)50.067369, min=(double)0.035593, max=(double)75.255331, latency=(double)18.752098, fps=(double)53.327366, frame_num=(uint)805;
0:00:18.125836494 [32m    1[00m 0x7f9bf8000f70 [37mTRACE  [00m [00;34m          GST_TRACER :0::[00m latency_tracer_pipeline, frame_latency=(double)65.030231, avg=(double)50.085934, min=(double)0.035593, max=(double)75.255331, latency=(double)18.773055, fps=(double)53.267834, frame_num=(uint)806;
0:00:18.127038591 [32m    1[00m 0x7f9bf8000f70 [37mTRACE  [00m [00;34m          GST_TRACER :0::[00m latency_tracer_pipeline, frame_latency=(double)37.361804, avg=(double)50.070166, min=(double)0.035593, max=(double)75.255331, latency=(double)18.751287, fps=(double)53.329674, frame_num=(uint)807;
0:00:18.163580094 [32m    1[00m 0x7f9bf8000f70 [37mTRACE  [00m [00;34m          GST_TRACER :0::[00m latency_tracer_pipeline, frame_latency=(double)67.151666, avg=(double)50.091307, min=(double)0.035593, max=(double)75.255331, latency=(double)18.773294, fps=(double)53.267158, frame_num=(uint)808;
0:00:18.164612602 [32m    1[00m 0x7f9bf8000f70 [37mTRACE  [00m [00;34m          GST_TRACER :0::[00m latency_tracer_pipeline, frame_latency=(double)38.695127, avg=(double)50.077220, min=(double)0.035593, max=(double)75.255331, latency=(double)18.751370, fps=(double)53.329437, frame_num=(uint)809;
0:00:18.205097499 [32m    1[00m 0x7f9bf8000f70 [37mTRACE  [00m [00;34m          GST_TRACER :0::[00m latency_tracer_pipeline, frame_latency=(double)72.440478, avg=(double)50.104829, min=(double)0.035593, max=(double)75.255331, latency=(double)18.778196, fps=(double)53.253253, frame_num=(uint)810;
0:00:18.206578014 [32m    1[00m 0x7f9bf8000f70 [37mTRACE  [00m [00;34m          GST_TRACER :0::[00m latency_tracer_pipeline, frame_latency=(double)42.575721, avg=(double)50.095545, min=(double)0.035593, max=(double)75.255331, latency=(double)18.756874, fps=(double)53.313787, frame_num=(uint)811;
0:00:18.246232992 [32m    1[00m 0x7f9bf8000f70 [37mTRACE  [00m [00;34m          GST_TRACER :0::[00m latency_tracer_pipeline, frame_latency=(double)70.406107, avg=(double)50.120558, min=(double)0.035593, max=(double)75.255331, latency=(double)18.782596, fps=(double)53.240777, frame_num=(uint)812;
0:00:18.247504949 [32m    1[00m 0x7f9bf8000f70 [37mTRACE  [00m [00;34m          GST_TRACER :0::[00m latency_tracer_pipeline, frame_latency=(double)36.989363, avg=(double)50.104407, min=(double)0.035593, max=(double)75.255331, latency=(double)18.761074, fps=(double)53.301852, frame_num=(uint)813;
0:00:18.247546550 [32m    1[00m 0x7f9bf8000f70 [37mTRACE  [00m [00;34m          GST_TRACER :0::[00m latency_tracer_pipeline, frame_latency=(double)29.997511, avg=(double)50.079705, min=(double)0.035593, max=(double)75.255331, latency=(double)18.738090, fps=(double)53.367231, frame_num=(uint)814;
FpsCounter(last 1.02sec): total=408.90 fps, number-streams=8, per-stream=51.11 fps (49.15, 52.10, 54.06, 51.11, 50.13, 49.15, 51.11, 52.10)
latency: -16433.13ms (-16736.99, -16540.97, -16447.83, -16242.96, -16455.65, -16481.29, -16174.96, -16396.11)
0:00:18.289387742 [32m    1[00m 0x7f9bf8000f70 [37mTRACE  [00m [00;34m          GST_TRACER :0::[00m latency_tracer_pipeline, frame_latency=(double)64.385905, avg=(double)50.097259, min=(double)0.035593, max=(double)75.255331, latency=(double)18.766413, fps=(double)53.286689, frame_num=(uint)815;
0:00:18.289428322 [32m    1[00m 0x7f9bf8000f70 [37mTRACE  [00m [00;34m          GST_TRACER :0::[00m latency_tracer_pipeline_interval, interval=(double)1017.670647, avg=(double)51.902263, min=(double)29.997511, max=(double)74.460671, latency=(double)20.353413, fps=(double)49.131809;
0:00:18.290260344 [32m    1[00m 0x7f9bf8000f70 [37mTRACE  [00m [00;34m          GST_TRACER :0::[00m latency_tracer_pipeline, frame_latency=(double)35.612448, avg=(double)50.079508, min=(double)0.035593, max=(double)75.255331, latency=(double)18.744494, fps=(double)53.348999, frame_num=(uint)816;
0:00:18.328296184 [32m    1[00m 0x7f9bf8000f70 [37mTRACE  [00m [00;34m          GST_TRACER :0::[00m latency_tracer_pipeline, frame_latency=(double)67.909059, avg=(double)50.101331, min=(double)0.035593, max=(double)75.255331, latency=(double)18.768101, fps=(double)53.281895, frame_num=(uint)817;
0:00:18.329121526 [32m    1[00m 0x7f9bf8000f70 [37mTRACE  [00m [00;34m          GST_TRACER :0::[00m latency_tracer_pipeline, frame_latency=(double)39.370260, avg=(double)50.088213, min=(double)0.035593, max=(double)75.255331, latency=(double)18.746172, fps=(double)53.344223, frame_num=(uint)818;
0:00:18.368142006 [32m    1[00m 0x7f9bf8000f70 [37mTRACE  [00m [00;34m          GST_TRACER :0::[00m latency_tracer_pipeline, frame_latency=(double)67.293720, avg=(double)50.109220, min=(double)0.035593, max=(double)75.255331, latency=(double)18.770922, fps=(double)53.273889, frame_num=(uint)819;
0:00:18.369210117 [32m    1[00m 0x7f9bf8000f70 [37mTRACE  [00m [00;34m          GST_TRACER :0::[00m latency_tracer_pipeline, frame_latency=(double)39.358588, avg=(double)50.096110, min=(double)0.035593, max=(double)75.255331, latency=(double)18.749340, fps=(double)53.335210, frame_num=(uint)820;
0:00:18.406384359 [32m    1[00m 0x7f9bf8000f70 [37mTRACE  [00m [00;34m          GST_TRACER :0::[00m latency_tracer_pipeline, frame_latency=(double)64.374433, avg=(double)50.113501, min=(double)0.035593, max=(double)75.255331, latency=(double)18.771780, fps=(double)53.271453, frame_num=(uint)821;
0:00:18.407679952 [32m    1[00m 0x7f9bf8000f70 [37mTRACE  [00m [00;34m          GST_TRACER :0::[00m latency_tracer_pipeline, frame_latency=(double)35.758101, avg=(double)50.096037, min=(double)0.035593, max=(double)75.255331, latency=(double)18.750524, fps=(double)53.331842, frame_num=(uint)822;
0:00:18.446371428 [32m    1[00m 0x7f9bf8000f70 [37mTRACE  [00m [00;34m          GST_TRACER :0::[00m latency_tracer_pipeline, frame_latency=(double)65.159068, avg=(double)50.114340, min=(double)0.035593, max=(double)75.255331, latency=(double)18.774748, fps=(double)53.263032, frame_num=(uint)823;
0:00:18.447193502 [32m    1[00m 0x7f9bf8000f70 [37mTRACE  [00m [00;34m          GST_TRACER :0::[00m latency_tracer_pipeline, frame_latency=(double)34.913005, avg=(double)50.095892, min=(double)0.035593, max=(double)75.255331, latency=(double)18.752962, fps=(double)53.324911, frame_num=(uint)824;
0:00:18.487229747 [32m    1[00m 0x7f9bf8000f70 [37mTRACE  [00m [00;34m          GST_TRACER :0::[00m latency_tracer_pipeline, frame_latency=(double)65.364415, avg=(double)50.114399, min=(double)0.035593, max=(double)75.255331, latency=(double)18.778753, fps=(double)53.251672, frame_num=(uint)825;
0:00:18.487250948 [32m    1[00m 0x7f9bf8000f70 [37mTRACE  [00m [00;34m          GST_TRACER :0::[00m latency_tracer_pipeline, frame_latency=(double)34.732619, avg=(double)50.095777, min=(double)0.035593, max=(double)75.255331, latency=(double)18.756071, fps=(double)53.316069, frame_num=(uint)826;
FpsCounter(average 13.22sec): total=419.95 fps, number-streams=8, per-stream=52.49 fps (53.11, 52.58, 52.65, 52.20, 52.43, 52.58, 51.97, 52.43)
0:00:18.525797815 [32m    1[00m 0x7f9bf8000f70 [37mTRACE  [00m [00;34m          GST_TRACER :0::[00m latency_tracer_pipeline, frame_latency=(double)63.650540, avg=(double)50.112167, min=(double)0.035593, max=(double)75.255331, latency=(double)18.779975, fps=(double)53.248208, frame_num=(uint)827;
0:00:18.527267628 [32m    1[00m 0x7f9bf8000f70 [37mTRACE  [00m [00;34m          GST_TRACER :0::[00m latency_tracer_pipeline, frame_latency=(double)32.975613, avg=(double)50.091471, min=(double)0.035593, max=(double)75.255331, latency=(double)18.759072, fps=(double)53.307540, frame_num=(uint)828;
0:00:18.565354777 [32m    1[00m 0x7f9bf8000f70 [37mTRACE  [00m [00;34m          GST_TRACER :0::[00m latency_tracer_pipeline, frame_latency=(double)61.093801, avg=(double)50.104743, min=(double)0.035593, max=(double)75.255331, latency=(double)18.782389, fps=(double)53.241363, frame_num=(uint)829;
0:00:18.566499294 [32m    1[00m 0x7f9bf8000f70 [37mTRACE  [00m [00;34m          GST_TRACER :0::[00m latency_tracer_pipeline, frame_latency=(double)33.356721, avg=(double)50.084564, min=(double)0.035593, max=(double)75.255331, latency=(double)18.761144, fps=(double)53.301655, frame_num=(uint)830;
0:00:18.603821922 [32m    1[00m 0x7f9bf8000f70 [37mTRACE  [00m [00;34m          GST_TRACER :0::[00m latency_tracer_pipeline, frame_latency=(double)58.813153, avg=(double)50.095068, min=(double)0.035593, max=(double)75.255331, latency=(double)18.783473, fps=(double)53.238291, frame_num=(uint)831;
0:00:18.605351617 [32m    1[00m 0x7f9bf8000f70 [37mTRACE  [00m [00;34m          GST_TRACER :0::[00m latency_tracer_pipeline, frame_latency=(double)32.604797, avg=(double)50.074046, min=(double)0.035593, max=(double)75.255331, latency=(double)18.762740, fps=(double)53.297120, frame_num=(uint)832;
0:00:18.642921536 [32m    1[00m 0x7f9bf8000f70 [37mTRACE  [00m [00;34m          GST_TRACER :0::[00m latency_tracer_pipeline, frame_latency=(double)59.283471, avg=(double)50.085102, min=(double)0.035593, max=(double)75.255331, latency=(double)18.785315, fps=(double)53.233072, frame_num=(uint)833;
0:00:18.644069517 [32m    1[00m 0x7f9bf8000f70 [37mTRACE  [00m [00;34m          GST_TRACER :0::[00m latency_tracer_pipeline, frame_latency=(double)32.145142, avg=(double)50.063591, min=(double)0.035593, max=(double)75.255331, latency=(double)18.764172, fps=(double)53.293051, frame_num=(uint)834;
0:00:18.682598795 [32m    1[00m 0x7f9bf8000f70 [37mTRACE  [00m [00;34m          GST_TRACER :0::[00m latency_tracer_pipeline, frame_latency=(double)59.802069, avg=(double)50.075254, min=(double)0.035593, max=(double)75.255331, latency=(double)18.787835, fps=(double)53.225931, frame_num=(uint)835;
0:00:18.722075839 [32m    1[00m 0x7f9bf8000f70 [37mTRACE  [00m [00;34m          GST_TRACER :0::[00m latency_tracer_pipeline, frame_latency=(double)71.229796, avg=(double)50.100558, min=(double)0.035593, max=(double)75.255331, latency=(double)18.812578, fps=(double)53.155925, frame_num=(uint)836;
0:00:18.723114523 [32m    1[00m 0x7f9bf8000f70 [37mTRACE  [00m [00;34m          GST_TRACER :0::[00m latency_tracer_pipeline, frame_latency=(double)39.863209, avg=(double)50.088327, min=(double)0.035593, max=(double)75.255331, latency=(double)18.791356, fps=(double)53.215957, frame_num=(uint)837;
0:00:18.764088188 [32m    1[00m 0x7f9bf8000f70 [37mTRACE  [00m [00;34m          GST_TRACER :0::[00m latency_tracer_pipeline, frame_latency=(double)72.076011, avg=(double)50.114566, min=(double)0.035593, max=(double)75.255331, latency=(double)18.817808, fps=(double)53.141152, frame_num=(uint)838;
0:00:18.764864270 [32m    1[00m 0x7f9bf8000f70 [37mTRACE  [00m [00;34m          GST_TRACER :0::[00m latency_tracer_pipeline, frame_latency=(double)42.083311, avg=(double)50.104993, min=(double)0.035593, max=(double)75.255331, latency=(double)18.796330, fps=(double)53.201874, frame_num=(uint)839;
0:00:18.803514987 [32m    1[00m 0x7f9bf8000f70 [37mTRACE  [00m [00;34m          GST_TRACER :0::[00m latency_tracer_pipeline, frame_latency=(double)69.397957, avg=(double)50.127961, min=(double)0.035593, max=(double)75.255331, latency=(double)18.819946, fps=(double)53.135116, frame_num=(uint)840;
0:00:18.804913035 [32m    1[00m 0x7f9bf8000f70 [37mTRACE  [00m [00;34m          GST_TRACER :0::[00m latency_tracer_pipeline, frame_latency=(double)40.750038, avg=(double)50.116810, min=(double)0.035593, max=(double)75.255331, latency=(double)18.799237, fps=(double)53.193647, frame_num=(uint)841;
0:00:18.844586040 [32m    1[00m 0x7f9bf8000f70 [37mTRACE  [00m [00;34m          GST_TRACER :0::[00m latency_tracer_pipeline, frame_latency=(double)68.662928, avg=(double)50.138837, min=(double)0.035593, max=(double)75.255331, latency=(double)18.824020, fps=(double)53.123616, frame_num=(uint)842;
0:00:18.846392863 [32m    1[00m 0x7f9bf8000f70 [37mTRACE  [00m [00;34m          GST_TRACER :0::[00m latency_tracer_pipeline, frame_latency=(double)40.956206, avg=(double)50.127944, min=(double)0.035593, max=(double)75.255331, latency=(double)18.803837, fps=(double)53.180635, frame_num=(uint)843;
0:00:18.884840257 [32m    1[00m 0x7f9bf8000f70 [37mTRACE  [00m [00;34m          GST_TRACER :0::[00m latency_tracer_pipeline, frame_latency=(double)70.106722, avg=(double)50.151615, min=(double)0.035593, max=(double)75.255331, latency=(double)18.827113, fps=(double)53.114889, frame_num=(uint)844;
0:00:18.886319962 [32m    1[00m 0x7f9bf8000f70 [37mTRACE  [00m [00;34m          GST_TRACER :0::[00m latency_tracer_pipeline, frame_latency=(double)40.192416, avg=(double)50.139829, min=(double)0.035593, max=(double)75.255331, latency=(double)18.806587, fps=(double)53.172859, frame_num=(uint)845;
0:00:18.925818108 [32m    1[00m 0x7f9bf8000f70 [37mTRACE  [00m [00;34m          GST_TRACER :0::[00m latency_tracer_pipeline, frame_latency=(double)68.916764, avg=(double)50.162024, min=(double)0.035593, max=(double)75.255331, latency=(double)18.831038, fps=(double)53.103816, frame_num=(uint)846;
0:00:18.926769400 [32m    1[00m 0x7f9bf8000f70 [37mTRACE  [00m [00;34m          GST_TRACER :0::[00m latency_tracer_pipeline, frame_latency=(double)38.864252, avg=(double)50.148686, min=(double)0.035593, max=(double)75.255331, latency=(double)18.809941, fps=(double)53.163377, frame_num=(uint)847;
0:00:18.964443079 [32m    1[00m 0x7f9bf8000f70 [37mTRACE  [00m [00;34m          GST_TRACER :0::[00m latency_tracer_pipeline, frame_latency=(double)65.547995, avg=(double)50.166845, min=(double)0.035593, max=(double)75.255331, latency=(double)18.832176, fps=(double)53.100609, frame_num=(uint)848;
0:00:18.965102755 [32m    1[00m 0x7f9bf8000f70 [37mTRACE  [00m [00;34m          GST_TRACER :0::[00m latency_tracer_pipeline, frame_latency=(double)35.549950, avg=(double)50.149629, min=(double)0.035593, max=(double)75.255331, latency=(double)18.810792, fps=(double)53.160972, frame_num=(uint)849;
0:00:19.005220907 [32m    1[00m 0x7f9bf8000f70 [37mTRACE  [00m [00;34m          GST_TRACER :0::[00m latency_tracer_pipeline, frame_latency=(double)63.137100, avg=(double)50.164908, min=(double)0.035593, max=(double)75.255331, latency=(double)18.835844, fps=(double)53.090268, frame_num=(uint)850;
0:00:19.006498217 [32m    1[00m 0x7f9bf8000f70 [37mTRACE  [00m [00;34m          GST_TRACER :0::[00m latency_tracer_pipeline, frame_latency=(double)35.709949, avg=(double)50.147922, min=(double)0.035593, max=(double)75.255331, latency=(double)18.815231, fps=(double)53.148431, frame_num=(uint)851;
0:00:19.046143581 [32m    1[00m 0x7f9bf8000f70 [37mTRACE  [00m [00;34m          GST_TRACER :0::[00m latency_tracer_pipeline, frame_latency=(double)64.146266, avg=(double)50.164352, min=(double)0.035593, max=(double)75.255331, latency=(double)18.839664, fps=(double)53.079502, frame_num=(uint)852;
0:00:19.047809788 [32m    1[00m 0x7f9bf8000f70 [37mTRACE  [00m [00;34m          GST_TRACER :0::[00m latency_tracer_pipeline, frame_latency=(double)36.725479, avg=(double)50.148597, min=(double)0.035593, max=(double)75.255331, latency=(double)18.819539, fps=(double)53.136265, frame_num=(uint)853;
0:00:19.087195592 [32m    1[00m 0x7f9bf8000f70 [37mTRACE  [00m [00;34m          GST_TRACER :0::[00m latency_tracer_pipeline, frame_latency=(double)64.004048, avg=(double)50.164821, min=(double)0.035593, max=(double)75.255331, latency=(double)18.843616, fps=(double)53.068372, frame_num=(uint)854;
0:00:19.129686547 [32m    1[00m 0x7f9bf8000f70 [37mTRACE  [00m [00;34m          GST_TRACER :0::[00m latency_tracer_pipeline, frame_latency=(double)75.086700, avg=(double)50.193970, min=(double)0.035593, max=(double)75.255331, latency=(double)18.871272, fps=(double)52.990599, frame_num=(uint)855;
0:00:19.130904120 [32m    1[00m 0x7f9bf8000f70 [37mTRACE  [00m [00;34m          GST_TRACER :0::[00m latency_tracer_pipeline, frame_latency=(double)39.767048, avg=(double)50.181789, min=(double)0.035593, max=(double)75.255331, latency=(double)18.850658, fps=(double)53.048545, frame_num=(uint)856;
0:00:19.130920321 [32m    1[00m 0x7f9bf8000f70 [37mTRACE  [00m [00;34m          GST_TRACER :0::[00m latency_tracer_pipeline, frame_latency=(double)27.477650, avg=(double)50.155296, min=(double)0.035593, max=(double)75.255331, latency=(double)18.828686, fps=(double)53.110451, frame_num=(uint)857;
0:00:19.174953891 [32m    1[00m 0x7f9bf8000f70 [37mTRACE  [00m [00;34m          GST_TRACER :0::[00m latency_tracer_pipeline, frame_latency=(double)63.639559, avg=(double)50.171012, min=(double)0.035593, max=(double)75.255331, latency=(double)18.858018, fps=(double)53.027841, frame_num=(uint)858;
0:00:19.176220818 [32m    1[00m 0x7f9bf8000f70 [37mTRACE  [00m [00;34m          GST_TRACER :0::[00m latency_tracer_pipeline, frame_latency=(double)32.863760, avg=(double)50.150864, min=(double)0.035593, max=(double)75.255331, latency=(double)18.837562, fps=(double)53.085425, frame_num=(uint)859;
0:00:19.216804729 [32m    1[00m 0x7f9bf8000f70 [37mTRACE  [00m [00;34m          GST_TRACER :0::[00m latency_tracer_pipeline, frame_latency=(double)59.316936, avg=(double)50.161522, min=(double)0.035593, max=(double)75.255331, latency=(double)18.862843, fps=(double)53.014277, frame_num=(uint)860;
0:00:19.217647954 [32m    1[00m 0x7f9bf8000f70 [37mTRACE  [00m [00;34m          GST_TRACER :0::[00m latency_tracer_pipeline, frame_latency=(double)32.328495, avg=(double)50.140810, min=(double)0.035593, max=(double)75.255331, latency=(double)18.841936, fps=(double)53.073102, frame_num=(uint)861;
0:00:19.257727426 [32m    1[00m 0x7f9bf8000f70 [37mTRACE  [00m [00;34m          GST_TRACER :0::[00m latency_tracer_pipeline, frame_latency=(double)59.684749, avg=(double)50.151882, min=(double)0.035593, max=(double)75.255331, latency=(double)18.866563, fps=(double)53.003824, frame_num=(uint)862;
0:00:19.258543795 [32m    1[00m 0x7f9bf8000f70 [37mTRACE  [00m [00;34m          GST_TRACER :0::[00m latency_tracer_pipeline, frame_latency=(double)34.353093, avg=(double)50.133575, min=(double)0.035593, max=(double)75.255331, latency=(double)18.845647, fps=(double)53.062653, frame_num=(uint)863;
0:00:19.297749617 [32m    1[00m 0x7f9bf8000f70 [37mTRACE  [00m [00;34m          GST_TRACER :0::[00m latency_tracer_pipeline, frame_latency=(double)62.269485, avg=(double)50.147622, min=(double)0.035593, max=(double)75.255331, latency=(double)18.869215, fps=(double)52.996376, frame_num=(uint)864;
0:00:19.297766629 [32m    1[00m 0x7f9bf8000f70 [37mTRACE  [00m [00;34m          GST_TRACER :0::[00m latency_tracer_pipeline_interval, interval=(double)1008.375065, avg=(double)50.985284, min=(double)27.477650, max=(double)75.086700, latency=(double)20.579083, fps=(double)48.593030;
FpsCounter(last 1.01sec): total=396.56 fps, number-streams=8, per-stream=49.57 fps (48.58, 49.57, 52.54, 53.54, 49.57, 47.59, 45.60, 49.57)
latency: -17471.66ms (-17723.48, -17584.44, -17608.41, -17332.30, -17474.92, -17418.00, -17159.50, -17453.06)
0:00:19.298691980 [32m    1[00m 0x7f9bf8000f70 [37mTRACE  [00m [00;34m          GST_TRACER :0::[00m latency_tracer_pipeline, frame_latency=(double)32.422095, avg=(double)50.127130, min=(double)0.035593, max=(double)75.255331, latency=(double)18.848480, fps=(double)53.054676, frame_num=(uint)865;
0:00:19.337788379 [32m    1[00m 0x7f9bf8000f70 [37mTRACE  [00m [00;34m          GST_TRACER :0::[00m latency_tracer_pipeline, frame_latency=(double)59.763049, avg=(double)50.138256, min=(double)0.035593, max=(double)75.255331, latency=(double)18.871860, fps=(double)52.988947, frame_num=(uint)866;
0:00:19.377676617 [32m    1[00m 0x7f9bf8000f70 [37mTRACE  [00m [00;34m          GST_TRACER :0::[00m latency_tracer_pipeline, frame_latency=(double)71.786557, avg=(double)50.163226, min=(double)0.035593, max=(double)75.255331, latency=(double)18.896105, fps=(double)52.920960, frame_num=(uint)867;
0:00:19.378814587 [32m    1[00m 0x7f9bf8000f70 [37mTRACE  [00m [00;34m          GST_TRACER :0::[00m latency_tracer_pipeline, frame_latency=(double)40.500801, avg=(double)50.152094, min=(double)0.035593, max=(double)75.255331, latency=(double)18.875661, fps=(double)52.978278, frame_num=(uint)868;
0:00:19.416632873 [32m    1[00m 0x7f9bf8000f70 [37mTRACE  [00m [00;34m          GST_TRACER :0::[00m latency_tracer_pipeline, frame_latency=(double)67.354479, avg=(double)50.171889, min=(double)0.035593, max=(double)75.255331, latency=(double)18.897443, fps=(double)52.917213, frame_num=(uint)869;
0:00:19.417585321 [32m    1[00m 0x7f9bf8000f70 [37mTRACE  [00m [00;34m          GST_TRACER :0::[00m latency_tracer_pipeline, frame_latency=(double)38.322778, avg=(double)50.158270, min=(double)0.035593, max=(double)75.255331, latency=(double)18.876823, fps=(double)52.975015, frame_num=(uint)870;
0:00:19.454172188 [32m    1[00m 0x7f9bf8000f70 [37mTRACE  [00m [00;34m          GST_TRACER :0::[00m latency_tracer_pipeline, frame_latency=(double)65.824615, avg=(double)50.176256, min=(double)0.035593, max=(double)75.255331, latency=(double)18.897147, fps=(double)52.918040, frame_num=(uint)871;
0:00:19.455007631 [32m    1[00m 0x7f9bf8000f70 [37mTRACE  [00m [00;34m          GST_TRACER :0::[00m latency_tracer_pipeline, frame_latency=(double)37.215870, avg=(double)50.161394, min=(double)0.035593, max=(double)75.255331, latency=(double)18.876454, fps=(double)52.976052, frame_num=(uint)872;
0:00:19.490586982 [32m    1[00m 0x7f9bf8000f70 [37mTRACE  [00m [00;34m          GST_TRACER :0::[00m latency_tracer_pipeline, frame_latency=(double)65.009856, avg=(double)50.178402, min=(double)0.035593, max=(double)75.255331, latency=(double)18.895571, fps=(double)52.922456, frame_num=(uint)873;
0:00:19.491719797 [32m    1[00m 0x7f9bf8000f70 [37mTRACE  [00m [00;34m          GST_TRACER :0::[00m latency_tracer_pipeline, frame_latency=(double)35.947986, avg=(double)50.162120, min=(double)0.035593, max=(double)75.255331, latency=(double)18.875243, fps=(double)52.979450, frame_num=(uint)874;
FpsCounter(average 14.22sec): total=418.48 fps, number-streams=8, per-stream=52.31 fps (52.74, 52.25, 52.60, 52.32, 52.32, 52.39, 51.62, 52.25)
0:00:19.527847239 [32m    1[00m 0x7f9bf8000f70 [37mTRACE  [00m [00;34m          GST_TRACER :0::[00m latency_tracer_pipeline, frame_latency=(double)64.880651, avg=(double)50.178941, min=(double)0.035593, max=(double)75.255331, latency=(double)18.894964, fps=(double)52.924156, frame_num=(uint)875;
0:00:19.529042454 [32m    1[00m 0x7f9bf8000f70 [37mTRACE  [00m [00;34m          GST_TRACER :0::[00m latency_tracer_pipeline, frame_latency=(double)36.024277, avg=(double)50.162783, min=(double)0.035593, max=(double)75.255331, latency=(double)18.874756, fps=(double)52.980817, frame_num=(uint)876;
0:00:19.566475502 [32m    1[00m 0x7f9bf8000f70 [37mTRACE  [00m [00;34m          GST_TRACER :0::[00m latency_tracer_pipeline, frame_latency=(double)66.805094, avg=(double)50.181760, min=(double)0.035593, max=(double)75.255331, latency=(double)18.895917, fps=(double)52.921486, frame_num=(uint)877;
0:00:19.567702291 [32m    1[00m 0x7f9bf8000f70 [37mTRACE  [00m [00;34m          GST_TRACER :0::[00m latency_tracer_pipeline, frame_latency=(double)36.857865, avg=(double)50.166584, min=(double)0.035593, max=(double)75.255331, latency=(double)18.875798, fps=(double)52.977892, frame_num=(uint)878;
0:00:19.606637429 [32m    1[00m 0x7f9bf8000f70 [37mTRACE  [00m [00;34m          GST_TRACER :0::[00m latency_tracer_pipeline, frame_latency=(double)67.882790, avg=(double)50.186739, min=(double)0.035593, max=(double)75.255331, latency=(double)18.898616, fps=(double)52.913926, frame_num=(uint)879;
0:00:19.607597892 [32m    1[00m 0x7f9bf8000f70 [37mTRACE  [00m [00;34m          GST_TRACER :0::[00m latency_tracer_pipeline, frame_latency=(double)38.812319, avg=(double)50.173814, min=(double)0.035593, max=(double)75.255331, latency=(double)18.878252, fps=(double)52.971007, frame_num=(uint)880;
0:00:19.646062028 [32m    1[00m 0x7f9bf8000f70 [37mTRACE  [00m [00;34m          GST_TRACER :0::[00m latency_tracer_pipeline, frame_latency=(double)67.537154, avg=(double)50.193522, min=(double)0.035593, max=(double)75.255331, latency=(double)18.900459, fps=(double)52.908768, frame_num=(uint)881;
0:00:19.647645303 [32m    1[00m 0x7f9bf8000f70 [37mTRACE  [00m [00;34m          GST_TRACER :0::[00m latency_tracer_pipeline, frame_latency=(double)40.808262, avg=(double)50.182881, min=(double)0.035593, max=(double)75.255331, latency=(double)18.880827, fps=(double)52.963783, frame_num=(uint)882;
0:00:19.686677965 [32m    1[00m 0x7f9bf8000f70 [37mTRACE  [00m [00;34m          GST_TRACER :0::[00m latency_tracer_pipeline, frame_latency=(double)71.681618, avg=(double)50.207229, min=(double)0.035593, max=(double)75.255331, latency=(double)18.903646, fps=(double)52.899848, frame_num=(uint)883;
0:00:19.687885364 [32m    1[00m 0x7f9bf8000f70 [37mTRACE  [00m [00;34m          GST_TRACER :0::[00m latency_tracer_pipeline, frame_latency=(double)41.521053, avg=(double)50.197403, min=(double)0.035593, max=(double)75.255331, latency=(double)18.883647, fps=(double)52.955872, frame_num=(uint)884;
0:00:19.687908336 [32m    1[00m 0x7f9bf8000f70 [37mTRACE  [00m [00;34m          GST_TRACER :0::[00m latency_tracer_pipeline, frame_latency=(double)32.331125, avg=(double)50.177215, min=(double)0.035593, max=(double)75.255331, latency=(double)18.862338, fps=(double)53.015697, frame_num=(uint)885;
0:00:19.727733173 [32m    1[00m 0x7f9bf8000f70 [37mTRACE  [00m [00;34m          GST_TRACER :0::[00m latency_tracer_pipeline, frame_latency=(double)60.593886, avg=(double)50.188972, min=(double)0.035593, max=(double)75.255331, latency=(double)18.885981, fps=(double)52.949327, frame_num=(uint)886;
0:00:19.729099381 [32m    1[00m 0x7f9bf8000f70 [37mTRACE  [00m [00;34m          GST_TRACER :0::[00m latency_tracer_pipeline, frame_latency=(double)32.333527, avg=(double)50.168842, min=(double)0.035593, max=(double)75.255331, latency=(double)18.866232, fps=(double)53.004754, frame_num=(uint)887;
0:00:19.769083209 [32m    1[00m 0x7f9bf8000f70 [37mTRACE  [00m [00;34m          GST_TRACER :0::[00m latency_tracer_pipeline, frame_latency=(double)61.132524, avg=(double)50.181188, min=(double)0.035593, max=(double)75.255331, latency=(double)18.890010, fps=(double)52.938034, frame_num=(uint)888;
0:00:19.770108431 [32m    1[00m 0x7f9bf8000f70 [37mTRACE  [00m [00;34m          GST_TRACER :0::[00m latency_tracer_pipeline, frame_latency=(double)32.226281, avg=(double)50.160992, min=(double)0.035593, max=(double)75.255331, latency=(double)18.869917, fps=(double)52.994403, frame_num=(uint)889;
0:00:19.810412250 [32m    1[00m 0x7f9bf8000f70 [37mTRACE  [00m [00;34m          GST_TRACER :0::[00m latency_tracer_pipeline, frame_latency=(double)60.542028, avg=(double)50.172656, min=(double)0.035593, max=(double)75.255331, latency=(double)18.893994, fps=(double)52.926872, frame_num=(uint)890;
0:00:19.811414917 [32m    1[00m 0x7f9bf8000f70 [37mTRACE  [00m [00;34m          GST_TRACER :0::[00m latency_tracer_pipeline, frame_latency=(double)34.494309, avg=(double)50.155059, min=(double)0.035593, max=(double)75.255331, latency=(double)18.873916, fps=(double)52.983175, frame_num=(uint)891;
0:00:19.850510700 [32m    1[00m 0x7f9bf8000f70 [37mTRACE  [00m [00;34m          GST_TRACER :0::[00m latency_tracer_pipeline, frame_latency=(double)60.843722, avg=(double)50.167042, min=(double)0.035593, max=(double)75.255331, latency=(double)18.896583, fps=(double)52.919620, frame_num=(uint)892;
0:00:19.851457054 [32m    1[00m 0x7f9bf8000f70 [37mTRACE  [00m [00;34m          GST_TRACER :0::[00m latency_tracer_pipeline, frame_latency=(double)33.663832, avg=(double)50.148561, min=(double)0.035593, max=(double)75.255331, latency=(double)18.876487, fps=(double)52.975960, frame_num=(uint)893;
0:00:19.890724408 [32m    1[00m 0x7f9bf8000f70 [37mTRACE  [00m [00;34m          GST_TRACER :0::[00m latency_tracer_pipeline, frame_latency=(double)62.342637, avg=(double)50.162201, min=(double)0.035593, max=(double)75.255331, latency=(double)18.899296, fps=(double)52.912022, frame_num=(uint)894;
0:00:19.892261071 [32m    1[00m 0x7f9bf8000f70 [37mTRACE  [00m [00;34m          GST_TRACER :0::[00m latency_tracer_pipeline, frame_latency=(double)41.768326, avg=(double)50.152823, min=(double)0.035593, max=(double)75.255331, latency=(double)18.879900, fps=(double)52.966384, frame_num=(uint)895;
0:00:19.930430205 [32m    1[00m 0x7f9bf8000f70 [37mTRACE  [00m [00;34m          GST_TRACER :0::[00m latency_tracer_pipeline, frame_latency=(double)69.417367, avg=(double)50.174323, min=(double)0.035593, max=(double)75.255331, latency=(double)18.901419, fps=(double)52.906081, frame_num=(uint)896;
0:00:19.931755634 [32m    1[00m 0x7f9bf8000f70 [37mTRACE  [00m [00;34m          GST_TRACER :0::[00m latency_tracer_pipeline, frame_latency=(double)40.750251, avg=(double)50.163817, min=(double)0.035593, max=(double)75.255331, latency=(double)18.881829, fps=(double)52.960971, frame_num=(uint)897;
0:00:19.970803906 [32m    1[00m 0x7f9bf8000f70 [37mTRACE  [00m [00;34m          GST_TRACER :0::[00m latency_tracer_pipeline, frame_latency=(double)69.779897, avg=(double)50.185661, min=(double)0.035593, max=(double)75.255331, latency=(double)18.904284, fps=(double)52.898063, frame_num=(uint)898;
0:00:19.971663018 [32m    1[00m 0x7f9bf8000f70 [37mTRACE  [00m [00;34m          GST_TRACER :0::[00m latency_tracer_pipeline, frame_latency=(double)41.078295, avg=(double)50.175531, min=(double)0.035593, max=(double)75.255331, latency=(double)18.884215, fps=(double)52.954279, frame_num=(uint)899;
0:00:20.010296436 [32m    1[00m 0x7f9bf8000f70 [37mTRACE  [00m [00;34m          GST_TRACER :0::[00m latency_tracer_pipeline, frame_latency=(double)68.123947, avg=(double)50.195473, min=(double)0.035593, max=(double)75.255331, latency=(double)18.906151, fps=(double)52.892839, frame_num=(uint)900;
0:00:20.011599735 [32m    1[00m 0x7f9bf8000f70 [37mTRACE  [00m [00;34m          GST_TRACER :0::[00m latency_tracer_pipeline, frame_latency=(double)39.339925, avg=(double)50.183425, min=(double)0.035593, max=(double)75.255331, latency=(double)18.886623, fps=(double)52.947529, frame_num=(uint)901;
0:00:20.048249177 [32m    1[00m 0x7f9bf8000f70 [37mTRACE  [00m [00;34m          GST_TRACER :0::[00m latency_tracer_pipeline, frame_latency=(double)68.049083, avg=(double)50.203232, min=(double)0.035593, max=(double)75.255331, latency=(double)18.906310, fps=(double)52.892393, frame_num=(uint)902;
0:00:20.049226023 [32m    1[00m 0x7f9bf8000f70 [37mTRACE  [00m [00;34m          GST_TRACER :0::[00m latency_tracer_pipeline, frame_latency=(double)36.731329, avg=(double)50.188313, min=(double)0.035593, max=(double)75.255331, latency=(double)18.886472, fps=(double)52.947951, frame_num=(uint)903;
0:00:20.085399666 [32m    1[00m 0x7f9bf8000f70 [37mTRACE  [00m [00;34m          GST_TRACER :0::[00m latency_tracer_pipeline, frame_latency=(double)63.725316, avg=(double)50.203287, min=(double)0.035593, max=(double)75.255331, latency=(double)18.905577, fps=(double)52.894446, frame_num=(uint)904;
0:00:20.086776510 [32m    1[00m 0x7f9bf8000f70 [37mTRACE  [00m [00;34m          GST_TRACER :0::[00m latency_tracer_pipeline, frame_latency=(double)35.800909, avg=(double)50.187373, min=(double)0.035593, max=(double)75.255331, latency=(double)18.886212, fps=(double)52.948681, frame_num=(uint)905;
0:00:20.124768567 [32m    1[00m 0x7f9bf8000f70 [37mTRACE  [00m [00;34m          GST_TRACER :0::[00m latency_tracer_pipeline, frame_latency=(double)66.763277, avg=(double)50.205669, min=(double)0.035593, max=(double)75.255331, latency=(double)18.907299, fps=(double)52.889627, frame_num=(uint)906;
0:00:20.125746648 [32m    1[00m 0x7f9bf8000f70 [37mTRACE  [00m [00;34m          GST_TRACER :0::[00m latency_tracer_pipeline, frame_latency=(double)36.459647, avg=(double)50.190513, min=(double)0.035593, max=(double)75.255331, latency=(double)18.887539, fps=(double)52.944961, frame_num=(uint)907;
0:00:20.165237770 [32m    1[00m 0x7f9bf8000f70 [37mTRACE  [00m [00;34m          GST_TRACER :0::[00m latency_tracer_pipeline, frame_latency=(double)67.713903, avg=(double)50.209812, min=(double)0.035593, max=(double)75.255331, latency=(double)18.910226, fps=(double)52.881440, frame_num=(uint)908;
0:00:20.166114923 [32m    1[00m 0x7f9bf8000f70 [37mTRACE  [00m [00;34m          GST_TRACER :0::[00m latency_tracer_pipeline, frame_latency=(double)37.170609, avg=(double)50.195468, min=(double)0.035593, max=(double)75.255331, latency=(double)18.890392, fps=(double)52.936965, frame_num=(uint)909;
0:00:20.206315935 [32m    1[00m 0x7f9bf8000f70 [37mTRACE  [00m [00;34m          GST_TRACER :0::[00m latency_tracer_pipeline, frame_latency=(double)69.291677, avg=(double)50.216453, min=(double)0.035593, max=(double)75.255331, latency=(double)18.913805, fps=(double)52.871434, frame_num=(uint)910;
0:00:20.207004796 [32m    1[00m 0x7f9bf8000f70 [37mTRACE  [00m [00;34m          GST_TRACER :0::[00m latency_tracer_pipeline, frame_latency=(double)38.993852, avg=(double)50.204134, min=(double)0.035593, max=(double)75.255331, latency=(double)18.893806, fps=(double)52.927400, frame_num=(uint)911;
0:00:20.244123024 [32m    1[00m 0x7f9bf8000f70 [37mTRACE  [00m [00;34m          GST_TRACER :0::[00m latency_tracer_pipeline, frame_latency=(double)65.787526, avg=(double)50.221221, min=(double)0.035593, max=(double)75.255331, latency=(double)18.913780, fps=(double)52.871504, frame_num=(uint)912;
0:00:20.245191548 [32m    1[00m 0x7f9bf8000f70 [37mTRACE  [00m [00;34m          GST_TRACER :0::[00m latency_tracer_pipeline, frame_latency=(double)36.557671, avg=(double)50.206255, min=(double)0.035593, max=(double)75.255331, latency=(double)18.894250, fps=(double)52.926155, frame_num=(uint)913;
0:00:20.280735895 [32m    1[00m 0x7f9bf8000f70 [37mTRACE  [00m [00;34m          GST_TRACER :0::[00m latency_tracer_pipeline, frame_latency=(double)62.601139, avg=(double)50.219816, min=(double)0.035593, max=(double)75.255331, latency=(double)18.912454, fps=(double)52.875212, frame_num=(uint)914;
0:00:20.281748758 [32m    1[00m 0x7f9bf8000f70 [37mTRACE  [00m [00;34m          GST_TRACER :0::[00m latency_tracer_pipeline, frame_latency=(double)34.693626, avg=(double)50.202848, min=(double)0.035593, max=(double)75.255331, latency=(double)18.892903, fps=(double)52.929927, frame_num=(uint)915;
FpsCounter(last 1.02sec): total=407.83 fps, number-streams=8, per-stream=50.98 fps (50.98, 51.96, 51.96, 50.98, 51.96, 49.02, 50.98, 50.00)
latency: -18488.21ms (-18716.98, -18613.19, -18697.99, -18430.42, -18513.92, -18374.87, -18085.75, -18460.71)
0:00:20.317793803 [32m    1[00m 0x7f9bf8000f70 [37mTRACE  [00m [00;34m          GST_TRACER :0::[00m latency_tracer_pipeline, frame_latency=(double)64.423950, avg=(double)50.218373, min=(double)0.035593, max=(double)75.255331, latency=(double)18.911618, fps=(double)52.877548, frame_num=(uint)916;
0:00:20.317815246 [32m    1[00m 0x7f9bf8000f70 [37mTRACE  [00m [00;34m          GST_TRACER :0::[00m latency_tracer_pipeline_interval, interval=(double)1020.040951, avg=(double)51.393934, min=(double)32.226281, max=(double)71.786557, latency=(double)19.616172, fps=(double)50.978345;
0:00:20.319541379 [32m    1[00m 0x7f9bf8000f70 [37mTRACE  [00m [00;34m          GST_TRACER :0::[00m latency_tracer_pipeline, frame_latency=(double)35.742556, avg=(double)50.202587, min=(double)0.035593, max=(double)75.255331, latency=(double)18.892910, fps=(double)52.929910, frame_num=(uint)917;
0:00:20.355512440 [32m    1[00m 0x7f9bf8000f70 [37mTRACE  [00m [00;34m          GST_TRACER :0::[00m latency_tracer_pipeline, frame_latency=(double)64.809261, avg=(double)50.218498, min=(double)0.035593, max=(double)75.255331, latency=(double)18.911508, fps=(double)52.877856, frame_num=(uint)918;
0:00:20.356670901 [32m    1[00m 0x7f9bf8000f70 [37mTRACE  [00m [00;34m          GST_TRACER :0::[00m latency_tracer_pipeline, frame_latency=(double)34.737803, avg=(double)50.201653, min=(double)0.035593, max=(double)75.255331, latency=(double)18.892196, fps=(double)52.931908, frame_num=(uint)919;
0:00:20.394813113 [32m    1[00m 0x7f9bf8000f70 [37mTRACE  [00m [00;34m          GST_TRACER :0::[00m latency_tracer_pipeline, frame_latency=(double)67.410820, avg=(double)50.220359, min=(double)0.035593, max=(double)75.255331, latency=(double)18.913112, fps=(double)52.873371, frame_num=(uint)920;
0:00:20.396127986 [32m    1[00m 0x7f9bf8000f70 [37mTRACE  [00m [00;34m          GST_TRACER :0::[00m latency_tracer_pipeline, frame_latency=(double)37.510504, avg=(double)50.206559, min=(double)0.035593, max=(double)75.255331, latency=(double)18.894011, fps=(double)52.926824, frame_num=(uint)921;
0:00:20.432822335 [32m    1[00m 0x7f9bf8000f70 [37mTRACE  [00m [00;34m          GST_TRACER :0::[00m latency_tracer_pipeline, frame_latency=(double)67.366168, avg=(double)50.225170, min=(double)0.035593, max=(double)75.255331, latency=(double)18.913314, fps=(double)52.872808, frame_num=(uint)922;
0:00:20.433894190 [32m    1[00m 0x7f9bf8000f70 [37mTRACE  [00m [00;34m          GST_TRACER :0::[00m latency_tracer_pipeline, frame_latency=(double)36.680069, avg=(double)50.210495, min=(double)0.035593, max=(double)75.255331, latency=(double)18.893981, fps=(double)52.926910, frame_num=(uint)923;
0:00:20.471389219 [32m    1[00m 0x7f9bf8000f70 [37mTRACE  [00m [00;34m          GST_TRACER :0::[00m latency_tracer_pipeline, frame_latency=(double)67.532766, avg=(double)50.229242, min=(double)0.035593, max=(double)75.255331, latency=(double)18.914108, fps=(double)52.870587, frame_num=(uint)924;
0:00:20.472706978 [32m    1[00m 0x7f9bf8000f70 [37mTRACE  [00m [00;34m          GST_TRACER :0::[00m latency_tracer_pipeline, frame_latency=(double)38.345915, avg=(double)50.216395, min=(double)0.035593, max=(double)75.255331, latency=(double)18.895081, fps=(double)52.923828, frame_num=(uint)925;
0:00:20.548129958 [32m    1[00m 0x7f9bf8000f70 [37mTRACE  [00m [00;34m          GST_TRACER :0::[00m latency_tracer_pipeline, frame_latency=(double)106.809275, avg=(double)50.277510, min=(double)0.035593, max=(double)106.809275, latency=(double)18.956128, fps=(double)52.753391, frame_num=(uint)926;
FpsCounter(average 15.24sec): total=417.76 fps, number-streams=8, per-stream=52.22 fps (52.56, 52.36, 52.56, 52.23, 52.29, 52.16, 51.44, 52.16)
0:00:20.549509373 [32m    1[00m 0x7f9bf8000f70 [37mTRACE  [00m [00;34m          GST_TRACER :0::[00m latency_tracer_pipeline, frame_latency=(double)38.905192, avg=(double)50.265243, min=(double)0.035593, max=(double)106.809275, latency=(double)18.937167, fps=(double)52.806210, frame_num=(uint)927;
0:00:20.589353904 [32m    1[00m 0x7f9bf8000f70 [37mTRACE  [00m [00;34m          GST_TRACER :0::[00m latency_tracer_pipeline, frame_latency=(double)72.570590, avg=(double)50.289279, min=(double)0.035593, max=(double)106.809275, latency=(double)18.959700, fps=(double)52.743450, frame_num=(uint)928;
0:00:20.590712453 [32m    1[00m 0x7f9bf8000f70 [37mTRACE  [00m [00;34m          GST_TRACER :0::[00m latency_tracer_pipeline, frame_latency=(double)42.423809, avg=(double)50.280812, min=(double)0.035593, max=(double)106.809275, latency=(double)18.940748, fps=(double)52.796224, frame_num=(uint)929;
0:00:20.628340894 [32m    1[00m 0x7f9bf8000f70 [37mTRACE  [00m [00;34m          GST_TRACER :0::[00m latency_tracer_pipeline, frame_latency=(double)69.226325, avg=(double)50.301183, min=(double)0.035593, max=(double)106.809275, latency=(double)18.960846, fps=(double)52.740261, frame_num=(uint)930;
0:00:20.629338949 [32m    1[00m 0x7f9bf8000f70 [37mTRACE  [00m [00;34m          GST_TRACER :0::[00m latency_tracer_pipeline, frame_latency=(double)39.854815, avg=(double)50.289963, min=(double)0.035593, max=(double)106.809275, latency=(double)18.941543, fps=(double)52.794009, frame_num=(uint)931;
0:00:20.666358045 [32m    1[00m 0x7f9bf8000f70 [37mTRACE  [00m [00;34m          GST_TRACER :0::[00m latency_tracer_pipeline, frame_latency=(double)68.437411, avg=(double)50.309434, min=(double)0.035593, max=(double)106.809275, latency=(double)18.960947, fps=(double)52.739981, frame_num=(uint)932;
0:00:20.704411547 [32m    1[00m 0x7f9bf8000f70 [37mTRACE  [00m [00;34m          GST_TRACER :0::[00m latency_tracer_pipeline, frame_latency=(double)74.843435, avg=(double)50.335730, min=(double)0.035593, max=(double)106.809275, latency=(double)18.981410, fps=(double)52.683126, frame_num=(uint)933;
0:00:20.705665987 [32m    1[00m 0x7f9bf8000f70 [37mTRACE  [00m [00;34m          GST_TRACER :0::[00m latency_tracer_pipeline, frame_latency=(double)39.165508, avg=(double)50.323771, min=(double)0.035593, max=(double)106.809275, latency=(double)18.962432, fps=(double)52.735852, frame_num=(uint)934;
0:00:20.741092171 [32m    1[00m 0x7f9bf8000f70 [37mTRACE  [00m [00;34m          GST_TRACER :0::[00m latency_tracer_pipeline, frame_latency=(double)67.903884, avg=(double)50.342573, min=(double)0.035593, max=(double)106.809275, latency=(double)18.980035, fps=(double)52.686942, frame_num=(uint)935;
0:00:20.742897650 [32m    1[00m 0x7f9bf8000f70 [37mTRACE  [00m [00;34m          GST_TRACER :0::[00m latency_tracer_pipeline, frame_latency=(double)38.373834, avg=(double)50.329786, min=(double)0.035593, max=(double)106.809275, latency=(double)18.961689, fps=(double)52.737917, frame_num=(uint)936;
0:00:20.742957001 [32m    1[00m 0x7f9bf8000f70 [37mTRACE  [00m [00;34m          GST_TRACER :0::[00m latency_tracer_pipeline, frame_latency=(double)32.159770, avg=(double)50.310394, min=(double)0.035593, max=(double)106.809275, latency=(double)18.941516, fps=(double)52.794085, frame_num=(uint)937;
0:00:20.779028687 [32m    1[00m 0x7f9bf8000f70 [37mTRACE  [00m [00;34m          GST_TRACER :0::[00m latency_tracer_pipeline, frame_latency=(double)66.762063, avg=(double)50.327933, min=(double)0.035593, max=(double)106.809275, latency=(double)18.959780, fps=(double)52.743228, frame_num=(uint)938;
0:00:20.780445536 [32m    1[00m 0x7f9bf8000f70 [37mTRACE  [00m [00;34m          GST_TRACER :0::[00m latency_tracer_pipeline, frame_latency=(double)36.612058, avg=(double)50.313326, min=(double)0.035593, max=(double)106.809275, latency=(double)18.941097, fps=(double)52.795252, frame_num=(uint)939;
0:00:20.819958482 [32m    1[00m 0x7f9bf8000f70 [37mTRACE  [00m [00;34m          GST_TRACER :0::[00m latency_tracer_pipeline, frame_latency=(double)68.444369, avg=(double)50.332615, min=(double)0.035593, max=(double)106.809275, latency=(double)18.962991, fps=(double)52.734297, frame_num=(uint)940;
0:00:20.821137717 [32m    1[00m 0x7f9bf8000f70 [37mTRACE  [00m [00;34m          GST_TRACER :0::[00m latency_tracer_pipeline, frame_latency=(double)38.244681, avg=(double)50.319769, min=(double)0.035593, max=(double)106.809275, latency=(double)18.944096, fps=(double)52.786894, frame_num=(uint)941;
0:00:20.857662454 [32m    1[00m 0x7f9bf8000f70 [37mTRACE  [00m [00;34m          GST_TRACER :0::[00m latency_tracer_pipeline, frame_latency=(double)65.868378, avg=(double)50.336275, min=(double)0.035593, max=(double)106.809275, latency=(double)18.962754, fps=(double)52.734956, frame_num=(uint)942;
0:00:20.858513387 [32m    1[00m 0x7f9bf8000f70 [37mTRACE  [00m [00;34m          GST_TRACER :0::[00m latency_tracer_pipeline, frame_latency=(double)37.647269, avg=(double)50.322819, min=(double)0.035593, max=(double)106.809275, latency=(double)18.943553, fps=(double)52.788406, frame_num=(uint)943;
0:00:20.894971094 [32m    1[00m 0x7f9bf8000f70 [37mTRACE  [00m [00;34m          GST_TRACER :0::[00m latency_tracer_pipeline, frame_latency=(double)66.427551, avg=(double)50.339879, min=(double)0.035593, max=(double)106.809275, latency=(double)18.962102, fps=(double)52.736769, frame_num=(uint)944;
0:00:20.896001746 [32m    1[00m 0x7f9bf8000f70 [37mTRACE  [00m [00;34m          GST_TRACER :0::[00m latency_tracer_pipeline, frame_latency=(double)37.619280, avg=(double)50.326418, min=(double)0.035593, max=(double)106.809275, latency=(double)18.943134, fps=(double)52.789576, frame_num=(uint)945;
0:00:20.934040085 [32m    1[00m 0x7f9bf8000f70 [37mTRACE  [00m [00;34m          GST_TRACER :0::[00m latency_tracer_pipeline, frame_latency=(double)68.369379, avg=(double)50.345491, min=(double)0.035593, max=(double)106.809275, latency=(double)18.963300, fps=(double)52.733438, frame_num=(uint)946;
0:00:20.935123013 [32m    1[00m 0x7f9bf8000f70 [37mTRACE  [00m [00;34m          GST_TRACER :0::[00m latency_tracer_pipeline, frame_latency=(double)37.116939, avg=(double)50.331522, min=(double)0.035593, max=(double)106.809275, latency=(double)18.944437, fps=(double)52.785944, frame_num=(uint)947;
0:00:20.972418346 [32m    1[00m 0x7f9bf8000f70 [37mTRACE  [00m [00;34m          GST_TRACER :0::[00m latency_tracer_pipeline, frame_latency=(double)66.206558, avg=(double)50.348268, min=(double)0.035593, max=(double)106.809275, latency=(double)18.963787, fps=(double)52.732083, frame_num=(uint)948;
0:00:20.972449934 [32m    1[00m 0x7f9bf8000f70 [37mTRACE  [00m [00;34m          GST_TRACER :0::[00m latency_tracer_pipeline, frame_latency=(double)36.858073, avg=(double)50.334053, min=(double)0.035593, max=(double)106.809275, latency=(double)18.943850, fps=(double)52.787581, frame_num=(uint)949;
0:00:20.973880350 [32m    1[00m 0x7f9bf8000f70 [37mTRACE  [00m [00;34m          GST_TRACER :0::[00m latency_tracer_pipeline, frame_latency=(double)35.781150, avg=(double)50.318734, min=(double)0.035593, max=(double)106.809275, latency=(double)18.925411, fps=(double)52.839010, frame_num=(uint)950;
0:00:21.010390827 [32m    1[00m 0x7f9bf8000f70 [37mTRACE  [00m [00;34m          GST_TRACER :0::[00m latency_tracer_pipeline, frame_latency=(double)64.678111, avg=(double)50.333833, min=(double)0.035593, max=(double)106.809275, latency=(double)18.943893, fps=(double)52.787460, frame_num=(uint)951;
0:00:21.011726887 [32m    1[00m 0x7f9bf8000f70 [37mTRACE  [00m [00;34m          GST_TRACER :0::[00m latency_tracer_pipeline, frame_latency=(double)34.256367, avg=(double)50.316945, min=(double)0.035593, max=(double)106.809275, latency=(double)18.925405, fps=(double)52.839028, frame_num=(uint)952;
0:00:21.051067526 [32m    1[00m 0x7f9bf8000f70 [37mTRACE  [00m [00;34m          GST_TRACER :0::[00m latency_tracer_pipeline, frame_latency=(double)66.504560, avg=(double)50.333931, min=(double)0.035593, max=(double)106.809275, latency=(double)18.946821, fps=(double)52.779301, frame_num=(uint)953;
0:00:21.052280009 [32m    1[00m 0x7f9bf8000f70 [37mTRACE  [00m [00;34m          GST_TRACER :0::[00m latency_tracer_pipeline, frame_latency=(double)34.351790, avg=(double)50.317178, min=(double)0.035593, max=(double)106.809275, latency=(double)18.928239, fps=(double)52.831117, frame_num=(uint)954;
0:00:21.088467963 [32m    1[00m 0x7f9bf8000f70 [37mTRACE  [00m [00;34m          GST_TRACER :0::[00m latency_tracer_pipeline, frame_latency=(double)63.375892, avg=(double)50.330852, min=(double)0.035593, max=(double)106.809275, latency=(double)18.946294, fps=(double)52.780772, frame_num=(uint)955;
0:00:21.089617408 [32m    1[00m 0x7f9bf8000f70 [37mTRACE  [00m [00;34m          GST_TRACER :0::[00m latency_tracer_pipeline, frame_latency=(double)34.985707, avg=(double)50.314801, min=(double)0.035593, max=(double)106.809275, latency=(double)18.927680, fps=(double)52.832676, frame_num=(uint)956;
0:00:21.126269614 [32m    1[00m 0x7f9bf8000f70 [37mTRACE  [00m [00;34m          GST_TRACER :0::[00m latency_tracer_pipeline, frame_latency=(double)63.360320, avg=(double)50.328432, min=(double)0.035593, max=(double)106.809275, latency=(double)18.946202, fps=(double)52.781027, frame_num=(uint)957;
0:00:21.127028326 [32m    1[00m 0x7f9bf8000f70 [37mTRACE  [00m [00;34m          GST_TRACER :0::[00m latency_tracer_pipeline, frame_latency=(double)34.212480, avg=(double)50.311610, min=(double)0.035593, max=(double)106.809275, latency=(double)18.927231, fps=(double)52.833930, frame_num=(uint)958;
0:00:21.164004419 [32m    1[00m 0x7f9bf8000f70 [37mTRACE  [00m [00;34m          GST_TRACER :0::[00m latency_tracer_pipeline, frame_latency=(double)65.009522, avg=(double)50.326936, min=(double)0.035593, max=(double)106.809275, latency=(double)18.946038, fps=(double)52.781485, frame_num=(uint)959;
0:00:21.165278844 [32m    1[00m 0x7f9bf8000f70 [37mTRACE  [00m [00;34m          GST_TRACER :0::[00m latency_tracer_pipeline, frame_latency=(double)35.182533, avg=(double)50.311161, min=(double)0.035593, max=(double)106.809275, latency=(double)18.927632, fps=(double)52.832812, frame_num=(uint)960;
0:00:21.165317926 [32m    1[00m 0x7f9bf8000f70 [37mTRACE  [00m [00;34m          GST_TRACER :0::[00m latency_tracer_pipeline, frame_latency=(double)32.508547, avg=(double)50.292636, min=(double)0.035593, max=(double)106.809275, latency=(double)18.907989, fps=(double)52.887696, frame_num=(uint)961;
0:00:21.202185506 [32m    1[00m 0x7f9bf8000f70 [37mTRACE  [00m [00;34m          GST_TRACER :0::[00m latency_tracer_pipeline, frame_latency=(double)66.174022, avg=(double)50.309144, min=(double)0.035593, max=(double)106.809275, latency=(double)18.926645, fps=(double)52.835567, frame_num=(uint)962;
0:00:21.202919228 [32m    1[00m 0x7f9bf8000f70 [37mTRACE  [00m [00;34m          GST_TRACER :0::[00m latency_tracer_pipeline, frame_latency=(double)36.492378, avg=(double)50.294797, min=(double)0.035593, max=(double)106.809275, latency=(double)18.907757, fps=(double)52.888347, frame_num=(uint)963;
0:00:21.239257938 [32m    1[00m 0x7f9bf8000f70 [37mTRACE  [00m [00;34m          GST_TRACER :0::[00m latency_tracer_pipeline, frame_latency=(double)64.314385, avg=(double)50.309340, min=(double)0.035593, max=(double)106.809275, latency=(double)18.925831, fps=(double)52.837839, frame_num=(uint)964;
0:00:21.240286547 [32m    1[00m 0x7f9bf8000f70 [37mTRACE  [00m [00;34m          GST_TRACER :0::[00m latency_tracer_pipeline, frame_latency=(double)35.679596, avg=(double)50.294179, min=(double)0.035593, max=(double)106.809275, latency=(double)18.907287, fps=(double)52.889660, frame_num=(uint)965;
0:00:21.275481245 [32m    1[00m 0x7f9bf8000f70 [37mTRACE  [00m [00;34m          GST_TRACER :0::[00m latency_tracer_pipeline, frame_latency=(double)63.282494, avg=(double)50.307625, min=(double)0.035593, max=(double)106.809275, latency=(double)18.924143, fps=(double)52.842552, frame_num=(uint)966;
0:00:21.276424105 [32m    1[00m 0x7f9bf8000f70 [37mTRACE  [00m [00;34m          GST_TRACER :0::[00m latency_tracer_pipeline, frame_latency=(double)34.648781, avg=(double)50.291432, min=(double)0.035593, max=(double)106.809275, latency=(double)18.905554, fps=(double)52.894508, frame_num=(uint)967;
0:00:21.312525102 [32m    1[00m 0x7f9bf8000f70 [37mTRACE  [00m [00;34m          GST_TRACER :0::[00m latency_tracer_pipeline, frame_latency=(double)64.633495, avg=(double)50.306248, min=(double)0.035593, max=(double)106.809275, latency=(double)18.923314, fps=(double)52.844865, frame_num=(uint)968;
FpsCounter(last 1.03sec): total=418.85 fps, number-streams=8, per-stream=52.36 fps (51.39, 50.42, 53.33, 53.33, 53.33, 54.29, 50.42, 52.36)
latency: -19579.02ms (-19781.77, -19712.85, -19835.83, -19540.41, -19639.46, -19462.95, -19116.77, -19532.87)
0:00:21.349480632 [32m    1[00m 0x7f9bf8000f70 [37mTRACE  [00m [00;34m          GST_TRACER :0::[00m latency_tracer_pipeline, frame_latency=(double)69.488936, avg=(double)50.326044, min=(double)0.035593, max=(double)106.809275, latency=(double)18.941921, fps=(double)52.792956, frame_num=(uint)969;
0:00:21.349516628 [32m    1[00m 0x7f9bf8000f70 [37mTRACE  [00m [00;34m          GST_TRACER :0::[00m latency_tracer_pipeline_interval, interval=(double)1031.679011, avg=(double)52.186932, min=(double)32.159770, max=(double)106.809275, latency=(double)19.465642, fps=(double)51.372568;
0:00:21.349842187 [32m    1[00m 0x7f9bf8000f70 [37mTRACE  [00m [00;34m          GST_TRACER :0::[00m latency_tracer_pipeline, frame_latency=(double)35.901771, avg=(double)50.311174, min=(double)0.035593, max=(double)106.809275, latency=(double)18.922785, fps=(double)52.846344, frame_num=(uint)970;
0:00:21.386866702 [32m    1[00m 0x7f9bf8000f70 [37mTRACE  [00m [00;34m          GST_TRACER :0::[00m latency_tracer_pipeline, frame_latency=(double)65.250489, avg=(double)50.326559, min=(double)0.035593, max=(double)106.809275, latency=(double)18.941409, fps=(double)52.794382, frame_num=(uint)971;
0:00:21.387842649 [32m    1[00m 0x7f9bf8000f70 [37mTRACE  [00m [00;34m          GST_TRACER :0::[00m latency_tracer_pipeline, frame_latency=(double)38.214939, avg=(double)50.314099, min=(double)0.035593, max=(double)106.809275, latency=(double)18.922943, fps=(double)52.845903, frame_num=(uint)972;
0:00:21.423900661 [32m    1[00m 0x7f9bf8000f70 [37mTRACE  [00m [00;34m          GST_TRACER :0::[00m latency_tracer_pipeline, frame_latency=(double)64.672469, avg=(double)50.328856, min=(double)0.035593, max=(double)106.809275, latency=(double)18.940539, fps=(double)52.796807, frame_num=(uint)973;
0:00:21.425046203 [32m    1[00m 0x7f9bf8000f70 [37mTRACE  [00m [00;34m          GST_TRACER :0::[00m latency_tracer_pipeline, frame_latency=(double)36.832384, avg=(double)50.314999, min=(double)0.035593, max=(double)106.809275, latency=(double)18.922285, fps=(double)52.847741, frame_num=(uint)974;
0:00:21.460924851 [32m    1[00m 0x7f9bf8000f70 [37mTRACE  [00m [00;34m          GST_TRACER :0::[00m latency_tracer_pipeline, frame_latency=(double)64.826021, avg=(double)50.329882, min=(double)0.035593, max=(double)106.809275, latency=(double)18.939667, fps=(double)52.799238, frame_num=(uint)975;
0:00:21.461887812 [32m    1[00m 0x7f9bf8000f70 [37mTRACE  [00m [00;34m          GST_TRACER :0::[00m latency_tracer_pipeline, frame_latency=(double)35.304328, avg=(double)50.314487, min=(double)0.035593, max=(double)106.809275, latency=(double)18.921255, fps=(double)52.850616, frame_num=(uint)976;
0:00:21.498149278 [32m    1[00m 0x7f9bf8000f70 [37mTRACE  [00m [00;34m          GST_TRACER :0::[00m latency_tracer_pipeline, frame_latency=(double)64.698802, avg=(double)50.329210, min=(double)0.035593, max=(double)106.809275, latency=(double)18.938998, fps=(double)52.801104, frame_num=(uint)977;
0:00:21.498174346 [32m    1[00m 0x7f9bf8000f70 [37mTRACE  [00m [00;34m          GST_TRACER :0::[00m latency_tracer_pipeline, frame_latency=(double)35.588849, avg=(double)50.314138, min=(double)0.035593, max=(double)106.809275, latency=(double)18.919670, fps=(double)52.855044, frame_num=(uint)978;
0:00:21.499033719 [32m    1[00m 0x7f9bf8000f70 [37mTRACE  [00m [00;34m          GST_TRACER :0::[00m latency_tracer_pipeline, frame_latency=(double)33.989387, avg=(double)50.297463, min=(double)0.035593, max=(double)106.809275, latency=(double)18.901215, fps=(double)52.906651, frame_num=(uint)979;
0:00:21.536029299 [32m    1[00m 0x7f9bf8000f70 [37mTRACE  [00m [00;34m          GST_TRACER :0::[00m latency_tracer_pipeline, frame_latency=(double)63.913840, avg=(double)50.311357, min=(double)0.035593, max=(double)106.809275, latency=(double)18.919662, fps=(double)52.855068, frame_num=(uint)980;
0:00:21.536840428 [32m    1[00m 0x7f9bf8000f70 [37mTRACE  [00m [00;34m          GST_TRACER :0::[00m latency_tracer_pipeline, frame_latency=(double)35.744425, avg=(double)50.296508, min=(double)0.035593, max=(double)106.809275, latency=(double)18.901219, fps=(double)52.906640, frame_num=(uint)981;
FpsCounter(average 16.27sec): total=417.91 fps, number-streams=8, per-stream=52.24 fps (52.68, 52.12, 52.62, 52.31, 52.31, 52.31, 51.45, 52.12)
0:00:21.576324162 [32m    1[00m 0x7f9bf8000f70 [37mTRACE  [00m [00;34m          GST_TRACER :0::[00m latency_tracer_pipeline, frame_latency=(double)66.182528, avg=(double)50.312685, min=(double)0.035593, max=(double)106.809275, latency=(double)18.922166, fps=(double)52.848073, frame_num=(uint)982;
0:00:21.577364517 [32m    1[00m 0x7f9bf8000f70 [37mTRACE  [00m [00;34m          GST_TRACER :0::[00m latency_tracer_pipeline, frame_latency=(double)37.356943, avg=(double)50.299506, min=(double)0.035593, max=(double)106.809275, latency=(double)18.903990, fps=(double)52.898885, frame_num=(uint)983;
0:00:21.617061952 [32m    1[00m 0x7f9bf8000f70 [37mTRACE  [00m [00;34m          GST_TRACER :0::[00m latency_tracer_pipeline, frame_latency=(double)64.481389, avg=(double)50.313918, min=(double)0.035593, max=(double)106.809275, latency=(double)18.925107, fps=(double)52.839861, frame_num=(uint)984;
0:00:21.618240293 [32m    1[00m 0x7f9bf8000f70 [37mTRACE  [00m [00;34m          GST_TRACER :0::[00m latency_tracer_pipeline, frame_latency=(double)37.308176, avg=(double)50.300714, min=(double)0.035593, max=(double)106.809275, latency=(double)18.907108, fps=(double)52.890163, frame_num=(uint)985;
0:00:21.660062068 [32m    1[00m 0x7f9bf8000f70 [37mTRACE  [00m [00;34m          GST_TRACER :0::[00m latency_tracer_pipeline, frame_latency=(double)69.760319, avg=(double)50.320450, min=(double)0.035593, max=(double)106.809275, latency=(double)18.930330, fps=(double)52.825280, frame_num=(uint)986;
0:00:21.661013090 [32m    1[00m 0x7f9bf8000f70 [37mTRACE  [00m [00;34m          GST_TRACER :0::[00m latency_tracer_pipeline, frame_latency=(double)43.510413, avg=(double)50.313551, min=(double)0.035593, max=(double)106.809275, latency=(double)18.912128, fps=(double)52.876122, frame_num=(uint)987;
0:00:21.701714886 [32m    1[00m 0x7f9bf8000f70 [37mTRACE  [00m [00;34m          GST_TRACER :0::[00m latency_tracer_pipeline, frame_latency=(double)71.233958, avg=(double)50.334725, min=(double)0.035593, max=(double)106.809275, latency=(double)18.934167, fps=(double)52.814575, frame_num=(uint)988;
0:00:21.702657108 [32m    1[00m 0x7f9bf8000f70 [37mTRACE  [00m [00;34m          GST_TRACER :0::[00m latency_tracer_pipeline, frame_latency=(double)42.169478, avg=(double)50.326469, min=(double)0.035593, max=(double)106.809275, latency=(double)18.915991, fps=(double)52.865323, frame_num=(uint)989;
0:00:21.742459836 [32m    1[00m 0x7f9bf8000f70 [37mTRACE  [00m [00;34m          GST_TRACER :0::[00m latency_tracer_pipeline, frame_latency=(double)71.461469, avg=(double)50.347817, min=(double)0.035593, max=(double)106.809275, latency=(double)18.937075, fps=(double)52.806465, frame_num=(uint)990;
0:00:21.743599923 [32m    1[00m 0x7f9bf8000f70 [37mTRACE  [00m [00;34m          GST_TRACER :0::[00m latency_tracer_pipeline, frame_latency=(double)39.664709, avg=(double)50.337037, min=(double)0.035593, max=(double)106.809275, latency=(double)18.919128, fps=(double)52.856558, frame_num=(uint)991;
0:00:21.781644862 [32m    1[00m 0x7f9bf8000f70 [37mTRACE  [00m [00;34m          GST_TRACER :0::[00m latency_tracer_pipeline, frame_latency=(double)65.056924, avg=(double)50.351876, min=(double)0.035593, max=(double)106.809275, latency=(double)18.938398, fps=(double)52.802777, frame_num=(uint)992;
0:00:21.782596797 [32m    1[00m 0x7f9bf8000f70 [37mTRACE  [00m [00;34m          GST_TRACER :0::[00m latency_tracer_pipeline, frame_latency=(double)38.053649, avg=(double)50.339491, min=(double)0.035593, max=(double)106.809275, latency=(double)18.920296, fps=(double)52.853296, frame_num=(uint)993;
0:00:21.824574858 [32m    1[00m 0x7f9bf8000f70 [37mTRACE  [00m [00;34m          GST_TRACER :0::[00m latency_tracer_pipeline, frame_latency=(double)69.082888, avg=(double)50.358348, min=(double)0.035593, max=(double)106.809275, latency=(double)18.943487, fps=(double)52.788592, frame_num=(uint)994;
0:00:21.825954142 [32m    1[00m 0x7f9bf8000f70 [37mTRACE  [00m [00;34m          GST_TRACER :0::[00m latency_tracer_pipeline, frame_latency=(double)39.360942, avg=(double)50.347295, min=(double)0.035593, max=(double)106.809275, latency=(double)18.925842, fps=(double)52.837809, frame_num=(uint)995;
0:00:21.864454512 [32m    1[00m 0x7f9bf8000f70 [37mTRACE  [00m [00;34m          GST_TRACER :0::[00m latency_tracer_pipeline, frame_latency=(double)63.964836, avg=(double)50.360967, min=(double)0.035593, max=(double)106.809275, latency=(double)18.945480, fps=(double)52.783039, frame_num=(uint)996;
0:00:21.865731709 [32m    1[00m 0x7f9bf8000f70 [37mTRACE  [00m [00;34m          GST_TRACER :0::[00m latency_tracer_pipeline, frame_latency=(double)36.120747, avg=(double)50.346684, min=(double)0.035593, max=(double)106.809275, latency=(double)18.927775, fps=(double)52.832411, frame_num=(uint)997;
0:00:21.904232684 [32m    1[00m 0x7f9bf8000f70 [37mTRACE  [00m [00;34m          GST_TRACER :0::[00m latency_tracer_pipeline, frame_latency=(double)61.450029, avg=(double)50.357810, min=(double)0.035593, max=(double)106.809275, latency=(double)18.947372, fps=(double)52.777767, frame_num=(uint)998;
0:00:21.905973970 [32m    1[00m 0x7f9bf8000f70 [37mTRACE  [00m [00;34m          GST_TRACER :0::[00m latency_tracer_pipeline, frame_latency=(double)35.093662, avg=(double)50.342530, min=(double)0.035593, max=(double)106.809275, latency=(double)18.930160, fps=(double)52.825754, frame_num=(uint)999;
0:00:21.945551511 [32m    1[00m 0x7f9bf8000f70 [37mTRACE  [00m [00;34m          GST_TRACER :0::[00m latency_tracer_pipeline, frame_latency=(double)65.140608, avg=(double)50.357328, min=(double)0.035593, max=(double)106.809275, latency=(double)18.950799, fps=(double)52.768223, frame_num=(uint)1000;
0:00:21.946548403 [32m    1[00m 0x7f9bf8000f70 [37mTRACE  [00m [00;34m          GST_TRACER :0::[00m latency_tracer_pipeline, frame_latency=(double)35.420746, avg=(double)50.342407, min=(double)0.035593, max=(double)106.809275, latency=(double)18.932873, fps=(double)52.818186, frame_num=(uint)1001;
0:00:21.986882289 [32m    1[00m 0x7f9bf8000f70 [37mTRACE  [00m [00;34m          GST_TRACER :0::[00m latency_tracer_pipeline, frame_latency=(double)62.732680, avg=(double)50.354772, min=(double)0.035593, max=(double)106.809275, latency=(double)18.954215, fps=(double)52.758714, frame_num=(uint)1002;
0:00:22.026570936 [32m    1[00m 0x7f9bf8000f70 [37mTRACE  [00m [00;34m          GST_TRACER :0::[00m latency_tracer_pipeline, frame_latency=(double)72.168003, avg=(double)50.376520, min=(double)0.035593, max=(double)106.809275, latency=(double)18.974898, fps=(double)52.701205, frame_num=(uint)1003;
0:00:22.027441406 [32m    1[00m 0x7f9bf8000f70 [37mTRACE  [00m [00;34m          GST_TRACER :0::[00m latency_tracer_pipeline, frame_latency=(double)40.378365, avg=(double)50.366562, min=(double)0.035593, max=(double)106.809275, latency=(double)18.956872, fps=(double)52.751320, frame_num=(uint)1004;
0:00:22.068835958 [32m    1[00m 0x7f9bf8000f70 [37mTRACE  [00m [00;34m          GST_TRACER :0::[00m latency_tracer_pipeline, frame_latency=(double)63.590270, avg=(double)50.379720, min=(double)0.035593, max=(double)106.809275, latency=(double)18.979193, fps=(double)52.689279, frame_num=(uint)1005;
0:00:22.068860354 [32m    1[00m 0x7f9bf8000f70 [37mTRACE  [00m [00;34m          GST_TRACER :0::[00m latency_tracer_pipeline, frame_latency=(double)34.895826, avg=(double)50.364328, min=(double)0.035593, max=(double)106.809275, latency=(double)18.960362, fps=(double)52.741610, frame_num=(uint)1006;
0:00:22.108487626 [32m    1[00m 0x7f9bf8000f70 [37mTRACE  [00m [00;34m          GST_TRACER :0::[00m latency_tracer_pipeline, frame_latency=(double)64.610162, avg=(double)50.378475, min=(double)0.035593, max=(double)106.809275, latency=(double)18.980867, fps=(double)52.684634, frame_num=(uint)1007;
0:00:22.109560455 [32m    1[00m 0x7f9bf8000f70 [37mTRACE  [00m [00;34m          GST_TRACER :0::[00m latency_tracer_pipeline, frame_latency=(double)34.580945, avg=(double)50.362803, min=(double)0.035593, max=(double)106.809275, latency=(double)18.963106, fps=(double)52.733977, frame_num=(uint)1008;
0:00:22.149788812 [32m    1[00m 0x7f9bf8000f70 [37mTRACE  [00m [00;34m          GST_TRACER :0::[00m latency_tracer_pipeline, frame_latency=(double)63.248780, avg=(double)50.375574, min=(double)0.035593, max=(double)106.809275, latency=(double)18.984177, fps=(double)52.675448, frame_num=(uint)1009;
0:00:22.188907181 [32m    1[00m 0x7f9bf8000f70 [37mTRACE  [00m [00;34m          GST_TRACER :0::[00m latency_tracer_pipeline, frame_latency=(double)68.504134, avg=(double)50.393523, min=(double)0.035593, max=(double)106.809275, latency=(double)19.004113, fps=(double)52.620189, frame_num=(uint)1010;
0:00:22.189851412 [32m    1[00m 0x7f9bf8000f70 [37mTRACE  [00m [00;34m          GST_TRACER :0::[00m latency_tracer_pipeline, frame_latency=(double)37.718433, avg=(double)50.380986, min=(double)0.035593, max=(double)106.809275, latency=(double)18.986259, fps=(double)52.669671, frame_num=(uint)1011;
0:00:22.229388467 [32m    1[00m 0x7f9bf8000f70 [37mTRACE  [00m [00;34m          GST_TRACER :0::[00m latency_tracer_pipeline, frame_latency=(double)64.492148, avg=(double)50.394930, min=(double)0.035593, max=(double)106.809275, latency=(double)19.006552, fps=(double)52.613437, frame_num=(uint)1012;
0:00:22.230787545 [32m    1[00m 0x7f9bf8000f70 [37mTRACE  [00m [00;34m          GST_TRACER :0::[00m latency_tracer_pipeline, frame_latency=(double)39.727433, avg=(double)50.384399, min=(double)0.035593, max=(double)106.809275, latency=(double)18.989183, fps=(double)52.661560, frame_num=(uint)1013;
0:00:22.270615063 [32m    1[00m 0x7f9bf8000f70 [37mTRACE  [00m [00;34m          GST_TRACER :0::[00m latency_tracer_pipeline, frame_latency=(double)65.523844, avg=(double)50.399329, min=(double)0.035593, max=(double)106.809275, latency=(double)19.009731, fps=(double)52.604637, frame_num=(uint)1014;
0:00:22.271501037 [32m    1[00m 0x7f9bf8000f70 [37mTRACE  [00m [00;34m          GST_TRACER :0::[00m latency_tracer_pipeline, frame_latency=(double)33.740274, avg=(double)50.382917, min=(double)0.035593, max=(double)106.809275, latency=(double)18.991874, fps=(double)52.654098, frame_num=(uint)1015;
0:00:22.308267033 [32m    1[00m 0x7f9bf8000f70 [37mTRACE  [00m [00;34m          GST_TRACER :0::[00m latency_tracer_pipeline, frame_latency=(double)61.546215, avg=(double)50.393904, min=(double)0.035593, max=(double)106.809275, latency=(double)19.009361, fps=(double)52.605660, frame_num=(uint)1016;
0:00:22.309356954 [32m    1[00m 0x7f9bf8000f70 [37mTRACE  [00m [00;34m          GST_TRACER :0::[00m latency_tracer_pipeline, frame_latency=(double)33.287279, avg=(double)50.377083, min=(double)0.035593, max=(double)106.809275, latency=(double)18.991757, fps=(double)52.654423, frame_num=(uint)1017;
0:00:22.347347547 [32m    1[00m 0x7f9bf8000f70 [37mTRACE  [00m [00;34m          GST_TRACER :0::[00m latency_tracer_pipeline, frame_latency=(double)63.301068, avg=(double)50.389779, min=(double)0.035593, max=(double)106.809275, latency=(double)19.010404, fps=(double)52.602775, frame_num=(uint)1018;
0:00:22.348424838 [32m    1[00m 0x7f9bf8000f70 [37mTRACE  [00m [00;34m          GST_TRACER :0::[00m latency_tracer_pipeline, frame_latency=(double)35.262156, avg=(double)50.374933, min=(double)0.035593, max=(double)106.809275, latency=(double)18.992821, fps=(double)52.651474, frame_num=(uint)1019;
FpsCounter(last 1.04sec): total=399.48 fps, number-streams=8, per-stream=49.94 fps (49.94, 51.86, 48.98, 48.01, 48.01, 51.86, 50.90, 49.94)
latency: -20670.09ms (-20873.42, -20769.86, -20933.70, -20621.97, -20723.38, -20635.95, -20209.35, -20604.68)
0:00:22.390529625 [32m    1[00m 0x7f9bf8000f70 [37mTRACE  [00m [00;34m          GST_TRACER :0::[00m latency_tracer_pipeline, frame_latency=(double)67.305526, avg=(double)50.391532, min=(double)0.035593, max=(double)106.809275, latency=(double)19.015469, fps=(double)52.588762, frame_num=(uint)1020;
0:00:22.390547590 [32m    1[00m 0x7f9bf8000f70 [37mTRACE  [00m [00;34m          GST_TRACER :0::[00m latency_tracer_pipeline_interval, interval=(double)1041.057332, avg=(double)51.635797, min=(double)33.287279, max=(double)72.168003, latency=(double)20.412889, fps=(double)48.988656;
0:00:22.391602083 [32m    1[00m 0x7f9bf8000f70 [37mTRACE  [00m [00;34m          GST_TRACER :0::[00m latency_tracer_pipeline, frame_latency=(double)38.822465, avg=(double)50.380201, min=(double)0.035593, max=(double)106.809275, latency=(double)18.997899, fps=(double)52.637400, frame_num=(uint)1021;
0:00:22.432236290 [32m    1[00m 0x7f9bf8000f70 [37mTRACE  [00m [00;34m          GST_TRACER :0::[00m latency_tracer_pipeline, frame_latency=(double)66.602054, avg=(double)50.396073, min=(double)0.035593, max=(double)106.809275, latency=(double)19.019063, fps=(double)52.578825, frame_num=(uint)1022;
0:00:22.433041149 [32m    1[00m 0x7f9bf8000f70 [37mTRACE  [00m [00;34m          GST_TRACER :0::[00m latency_tracer_pipeline, frame_latency=(double)37.005966, avg=(double)50.382984, min=(double)0.035593, max=(double)106.809275, latency=(double)19.001270, fps=(double)52.628062, frame_num=(uint)1023;
0:00:22.473199027 [32m    1[00m 0x7f9bf8000f70 [37mTRACE  [00m [00;34m          GST_TRACER :0::[00m latency_tracer_pipeline, frame_latency=(double)61.175475, avg=(double)50.393524, min=(double)0.035593, max=(double)106.809275, latency=(double)19.021916, fps=(double)52.570939, frame_num=(uint)1024;
0:00:22.474016383 [32m    1[00m 0x7f9bf8000f70 [37mTRACE  [00m [00;34m          GST_TRACER :0::[00m latency_tracer_pipeline, frame_latency=(double)31.538619, avg=(double)50.375129, min=(double)0.035593, max=(double)106.809275, latency=(double)19.004155, fps=(double)52.620073, frame_num=(uint)1025;
0:00:22.515622665 [32m    1[00m 0x7f9bf8000f70 [37mTRACE  [00m [00;34m          GST_TRACER :0::[00m latency_tracer_pipeline, frame_latency=(double)62.748807, avg=(double)50.387189, min=(double)0.035593, max=(double)106.809275, latency=(double)19.026175, fps=(double)52.559171, frame_num=(uint)1026;
0:00:22.553042496 [32m    1[00m 0x7f9bf8000f70 [37mTRACE  [00m [00;34m          GST_TRACER :0::[00m latency_tracer_pipeline, frame_latency=(double)60.054089, avg=(double)50.396602, min=(double)0.035593, max=(double)106.809275, latency=(double)19.044094, fps=(double)52.509717, frame_num=(uint)1027;
0:00:22.554008480 [32m    1[00m 0x7f9bf8000f70 [37mTRACE  [00m [00;34m          GST_TRACER :0::[00m latency_tracer_pipeline, frame_latency=(double)34.202360, avg=(double)50.380849, min=(double)0.035593, max=(double)106.809275, latency=(double)19.026521, fps=(double)52.558217, frame_num=(uint)1028;
FpsCounter(average 17.29sec): total=416.48 fps, number-streams=8, per-stream=52.06 fps (52.36, 52.18, 52.30, 52.07, 51.95, 52.12, 51.43, 52.07)
0:00:22.592751861 [32m    1[00m 0x7f9bf8000f70 [37mTRACE  [00m [00;34m          GST_TRACER :0::[00m latency_tracer_pipeline, frame_latency=(double)62.467913, avg=(double)50.392595, min=(double)0.035593, max=(double)106.809275, latency=(double)19.045677, fps=(double)52.505353, frame_num=(uint)1029;
0:00:22.593756479 [32m    1[00m 0x7f9bf8000f70 [37mTRACE  [00m [00;34m          GST_TRACER :0::[00m latency_tracer_pipeline, frame_latency=(double)34.498945, avg=(double)50.377164, min=(double)0.035593, max=(double)106.809275, latency=(double)19.028163, fps=(double)52.553680, frame_num=(uint)1030;
0:00:22.632811627 [32m    1[00m 0x7f9bf8000f70 [37mTRACE  [00m [00;34m          GST_TRACER :0::[00m latency_tracer_pipeline, frame_latency=(double)63.631720, avg=(double)50.390020, min=(double)0.035593, max=(double)106.809275, latency=(double)19.047587, fps=(double)52.500088, frame_num=(uint)1031;
0:00:22.633862283 [32m    1[00m 0x7f9bf8000f70 [37mTRACE  [00m [00;34m          GST_TRACER :0::[00m latency_tracer_pipeline, frame_latency=(double)35.375855, avg=(double)50.375472, min=(double)0.035593, max=(double)106.809275, latency=(double)19.030156, fps=(double)52.548175, frame_num=(uint)1032;
0:00:22.674300553 [32m    1[00m 0x7f9bf8000f70 [37mTRACE  [00m [00;34m          GST_TRACER :0::[00m latency_tracer_pipeline, frame_latency=(double)65.321094, avg=(double)50.389940, min=(double)0.035593, max=(double)106.809275, latency=(double)19.050873, fps=(double)52.491032, frame_num=(uint)1033;
0:00:22.675197402 [32m    1[00m 0x7f9bf8000f70 [37mTRACE  [00m [00;34m          GST_TRACER :0::[00m latency_tracer_pipeline, frame_latency=(double)36.095997, avg=(double)50.376116, min=(double)0.035593, max=(double)106.809275, latency=(double)19.033322, fps=(double)52.539435, frame_num=(uint)1034;
0:00:22.713890123 [32m    1[00m 0x7f9bf8000f70 [37mTRACE  [00m [00;34m          GST_TRACER :0::[00m latency_tracer_pipeline, frame_latency=(double)64.091561, avg=(double)50.389368, min=(double)0.035593, max=(double)106.809275, latency=(double)19.052309, fps=(double)52.487076, frame_num=(uint)1035;
0:00:22.714762409 [32m    1[00m 0x7f9bf8000f70 [37mTRACE  [00m [00;34m          GST_TRACER :0::[00m latency_tracer_pipeline, frame_latency=(double)37.422568, avg=(double)50.376851, min=(double)0.035593, max=(double)106.809275, latency=(double)19.034768, fps=(double)52.535444, frame_num=(uint)1036;
0:00:22.752381699 [32m    1[00m 0x7f9bf8000f70 [37mTRACE  [00m [00;34m          GST_TRACER :0::[00m latency_tracer_pipeline, frame_latency=(double)64.424625, avg=(double)50.390398, min=(double)0.035593, max=(double)106.809275, latency=(double)19.052678, fps=(double)52.486059, frame_num=(uint)1037;
0:00:22.753220068 [32m    1[00m 0x7f9bf8000f70 [37mTRACE  [00m [00;34m          GST_TRACER :0::[00m latency_tracer_pipeline, frame_latency=(double)37.423036, avg=(double)50.377905, min=(double)0.035593, max=(double)106.809275, latency=(double)19.035135, fps=(double)52.534431, frame_num=(uint)1038;
0:00:22.792325457 [32m    1[00m 0x7f9bf8000f70 [37mTRACE  [00m [00;34m          GST_TRACER :0::[00m latency_tracer_pipeline, frame_latency=(double)65.721284, avg=(double)50.392673, min=(double)0.035593, max=(double)106.809275, latency=(double)19.054444, fps=(double)52.481195, frame_num=(uint)1039;
0:00:22.792373680 [32m    1[00m 0x7f9bf8000f70 [37mTRACE  [00m [00;34m          GST_TRACER :0::[00m latency_tracer_pipeline, frame_latency=(double)37.551728, avg=(double)50.380326, min=(double)0.035593, max=(double)106.809275, latency=(double)19.036185, fps=(double)52.531533, frame_num=(uint)1040;
0:00:22.793502910 [32m    1[00m 0x7f9bf8000f70 [37mTRACE  [00m [00;34m          GST_TRACER :0::[00m latency_tracer_pipeline, frame_latency=(double)34.977727, avg=(double)50.365530, min=(double)0.035593, max=(double)106.809275, latency=(double)19.018972, fps=(double)52.579078, frame_num=(uint)1041;
0:00:22.833274376 [32m    1[00m 0x7f9bf8000f70 [37mTRACE  [00m [00;34m          GST_TRACER :0::[00m latency_tracer_pipeline, frame_latency=(double)63.798628, avg=(double)50.378421, min=(double)0.035593, max=(double)106.809275, latency=(double)19.038881, fps=(double)52.524095, frame_num=(uint)1042;
0:00:22.834129584 [32m    1[00m 0x7f9bf8000f70 [37mTRACE  [00m [00;34m          GST_TRACER :0::[00m latency_tracer_pipeline, frame_latency=(double)35.842496, avg=(double)50.364485, min=(double)0.035593, max=(double)106.809275, latency=(double)19.021454, fps=(double)52.572217, frame_num=(uint)1043;
0:00:22.872837355 [32m    1[00m 0x7f9bf8000f70 [37mTRACE  [00m [00;34m          GST_TRACER :0::[00m latency_tracer_pipeline, frame_latency=(double)64.341617, avg=(double)50.377873, min=(double)0.035593, max=(double)106.809275, latency=(double)19.040308, fps=(double)52.520160, frame_num=(uint)1044;
0:00:22.873808812 [32m    1[00m 0x7f9bf8000f70 [37mTRACE  [00m [00;34m          GST_TRACER :0::[00m latency_tracer_pipeline, frame_latency=(double)36.509782, avg=(double)50.364602, min=(double)0.035593, max=(double)106.809275, latency=(double)19.023022, fps=(double)52.567884, frame_num=(uint)1045;
0:00:22.912497819 [32m    1[00m 0x7f9bf8000f70 [37mTRACE  [00m [00;34m          GST_TRACER :0::[00m latency_tracer_pipeline, frame_latency=(double)66.283542, avg=(double)50.379821, min=(double)0.035593, max=(double)106.809275, latency=(double)19.041817, fps=(double)52.515998, frame_num=(uint)1046;
0:00:22.913394325 [32m    1[00m 0x7f9bf8000f70 [37mTRACE  [00m [00;34m          GST_TRACER :0::[00m latency_tracer_pipeline, frame_latency=(double)36.617790, avg=(double)50.366677, min=(double)0.035593, max=(double)106.809275, latency=(double)19.024489, fps=(double)52.563829, frame_num=(uint)1047;
0:00:22.952936564 [32m    1[00m 0x7f9bf8000f70 [37mTRACE  [00m [00;34m          GST_TRACER :0::[00m latency_tracer_pipeline, frame_latency=(double)66.128664, avg=(double)50.381717, min=(double)0.035593, max=(double)106.809275, latency=(double)19.044061, fps=(double)52.509809, frame_num=(uint)1048;
0:00:22.953009875 [32m    1[00m 0x7f9bf8000f70 [37mTRACE  [00m [00;34m          GST_TRACER :0::[00m latency_tracer_pipeline, frame_latency=(double)28.730877, avg=(double)50.361077, min=(double)0.035593, max=(double)106.809275, latency=(double)19.025995, fps=(double)52.559670, frame_num=(uint)1049;
0:00:22.993055765 [32m    1[00m 0x7f9bf8000f70 [37mTRACE  [00m [00;34m          GST_TRACER :0::[00m latency_tracer_pipeline, frame_latency=(double)63.700341, avg=(double)50.373781, min=(double)0.035593, max=(double)106.809275, latency=(double)19.045998, fps=(double)52.504467, frame_num=(uint)1050;
0:00:22.994228091 [32m    1[00m 0x7f9bf8000f70 [37mTRACE  [00m [00;34m          GST_TRACER :0::[00m latency_tracer_pipeline, frame_latency=(double)34.746530, avg=(double)50.358912, min=(double)0.035593, max=(double)106.809275, latency=(double)19.028999, fps=(double)52.551372, frame_num=(uint)1051;
0:00:23.030749420 [32m    1[00m 0x7f9bf8000f70 [37mTRACE  [00m [00;34m          GST_TRACER :0::[00m latency_tracer_pipeline, frame_latency=(double)59.558199, avg=(double)50.367657, min=(double)0.035593, max=(double)106.809275, latency=(double)19.045624, fps=(double)52.505501, frame_num=(uint)1052;
0:00:23.031730637 [32m    1[00m 0x7f9bf8000f70 [37mTRACE  [00m [00;34m          GST_TRACER :0::[00m latency_tracer_pipeline, frame_latency=(double)35.138576, avg=(double)50.353194, min=(double)0.035593, max=(double)106.809275, latency=(double)19.028472, fps=(double)52.552828, frame_num=(uint)1053;
0:00:23.068689480 [32m    1[00m 0x7f9bf8000f70 [37mTRACE  [00m [00;34m          GST_TRACER :0::[00m latency_tracer_pipeline, frame_latency=(double)64.871171, avg=(double)50.366968, min=(double)0.035593, max=(double)106.809275, latency=(double)19.045476, fps=(double)52.505908, frame_num=(uint)1054;
0:00:23.069408795 [32m    1[00m 0x7f9bf8000f70 [37mTRACE  [00m [00;34m          GST_TRACER :0::[00m latency_tracer_pipeline, frame_latency=(double)35.837417, avg=(double)50.353196, min=(double)0.035593, max=(double)106.809275, latency=(double)19.028113, fps=(double)52.553817, frame_num=(uint)1055;
0:00:23.108767569 [32m    1[00m 0x7f9bf8000f70 [37mTRACE  [00m [00;34m          GST_TRACER :0::[00m latency_tracer_pipeline, frame_latency=(double)64.653398, avg=(double)50.366738, min=(double)0.035593, max=(double)106.809275, latency=(double)19.047361, fps=(double)52.500712, frame_num=(uint)1056;
0:00:23.110277592 [32m    1[00m 0x7f9bf8000f70 [37mTRACE  [00m [00;34m          GST_TRACER :0::[00m latency_tracer_pipeline, frame_latency=(double)36.967137, avg=(double)50.354061, min=(double)0.035593, max=(double)106.809275, latency=(double)19.030767, fps=(double)52.546489, frame_num=(uint)1057;
0:00:23.150042236 [32m    1[00m 0x7f9bf8000f70 [37mTRACE  [00m [00;34m          GST_TRACER :0::[00m latency_tracer_pipeline, frame_latency=(double)65.840481, avg=(double)50.368699, min=(double)0.035593, max=(double)106.809275, latency=(double)19.050366, fps=(double)52.492430, frame_num=(uint)1058;
0:00:23.151369095 [32m    1[00m 0x7f9bf8000f70 [37mTRACE  [00m [00;34m          GST_TRACER :0::[00m latency_tracer_pipeline, frame_latency=(double)36.962426, avg=(double)50.356039, min=(double)0.035593, max=(double)106.809275, latency=(double)19.033631, fps=(double)52.538583, frame_num=(uint)1059;
0:00:23.190287562 [32m    1[00m 0x7f9bf8000f70 [37mTRACE  [00m [00;34m          GST_TRACER :0::[00m latency_tracer_pipeline, frame_latency=(double)62.687810, avg=(double)50.367673, min=(double)0.035593, max=(double)106.809275, latency=(double)19.052384, fps=(double)52.486869, frame_num=(uint)1060;
0:00:23.190883978 [32m    1[00m 0x7f9bf8000f70 [37mTRACE  [00m [00;34m          GST_TRACER :0::[00m latency_tracer_pipeline, frame_latency=(double)34.871042, avg=(double)50.353067, min=(double)0.035593, max=(double)106.809275, latency=(double)19.035008, fps=(double)52.534783, frame_num=(uint)1061;
0:00:23.231040354 [32m    1[00m 0x7f9bf8000f70 [37mTRACE  [00m [00;34m          GST_TRACER :0::[00m latency_tracer_pipeline, frame_latency=(double)64.180115, avg=(double)50.366087, min=(double)0.035593, max=(double)106.809275, latency=(double)19.054888, fps=(double)52.479972, frame_num=(uint)1062;
0:00:23.231922123 [32m    1[00m 0x7f9bf8000f70 [37mTRACE  [00m [00;34m          GST_TRACER :0::[00m latency_tracer_pipeline, frame_latency=(double)35.531368, avg=(double)50.352132, min=(double)0.035593, max=(double)106.809275, latency=(double)19.037799, fps=(double)52.527080, frame_num=(uint)1063;
0:00:23.270703816 [32m    1[00m 0x7f9bf8000f70 [37mTRACE  [00m [00;34m          GST_TRACER :0::[00m latency_tracer_pipeline, frame_latency=(double)61.742961, avg=(double)50.362837, min=(double)0.035593, max=(double)106.809275, latency=(double)19.056349, fps=(double)52.475949, frame_num=(uint)1064;
0:00:23.271584199 [32m    1[00m 0x7f9bf8000f70 [37mTRACE  [00m [00;34m          GST_TRACER :0::[00m latency_tracer_pipeline, frame_latency=(double)34.724514, avg=(double)50.348153, min=(double)0.035593, max=(double)106.809275, latency=(double)19.039290, fps=(double)52.522967, frame_num=(uint)1065;
0:00:23.310995642 [32m    1[00m 0x7f9bf8000f70 [37mTRACE  [00m [00;34m          GST_TRACER :0::[00m latency_tracer_pipeline, frame_latency=(double)63.020651, avg=(double)50.360041, min=(double)0.035593, max=(double)106.809275, latency=(double)19.058392, fps=(double)52.470323, frame_num=(uint)1066;
0:00:23.311891569 [32m    1[00m 0x7f9bf8000f70 [37mTRACE  [00m [00;34m          GST_TRACER :0::[00m latency_tracer_pipeline, frame_latency=(double)35.011734, avg=(double)50.345657, min=(double)0.035593, max=(double)106.809275, latency=(double)19.041379, fps=(double)52.517204, frame_num=(uint)1067;
0:00:23.351545600 [32m    1[00m 0x7f9bf8000f70 [37mTRACE  [00m [00;34m          GST_TRACER :0::[00m latency_tracer_pipeline, frame_latency=(double)63.261805, avg=(double)50.357751, min=(double)0.035593, max=(double)106.809275, latency=(double)19.060670, fps=(double)52.464053, frame_num=(uint)1068;
0:00:23.352730810 [32m    1[00m 0x7f9bf8000f70 [37mTRACE  [00m [00;34m          GST_TRACER :0::[00m latency_tracer_pipeline, frame_latency=(double)35.687776, avg=(double)50.344027, min=(double)0.035593, max=(double)106.809275, latency=(double)19.043957, fps=(double)52.510095, frame_num=(uint)1069;
0:00:23.389363718 [32m    1[00m 0x7f9bf8000f70 [37mTRACE  [00m [00;34m          GST_TRACER :0::[00m latency_tracer_pipeline, frame_latency=(double)61.985444, avg=(double)50.354907, min=(double)0.035593, max=(double)106.809275, latency=(double)19.060381, fps=(double)52.464849, frame_num=(uint)1070;
FpsCounter(last 1.00sec): total=407.99 fps, number-streams=8, per-stream=51.00 fps (51.00, 51.00, 50.00, 51.00, 49.00, 53.00, 52.00, 51.00)
latency: -21692.82ms (-21866.01, -21861.43, -21903.45, -21626.84, -21643.59, -21728.89, -21277.79, -21643.52)
0:00:23.390545526 [32m    1[00m 0x7f9bf8000f70 [37mTRACE  [00m [00;34m          GST_TRACER :0::[00m latency_tracer_pipeline, frame_latency=(double)34.562044, avg=(double)50.340161, min=(double)0.035593, max=(double)106.809275, latency=(double)19.043697, fps=(double)52.510812, frame_num=(uint)1071;
0:00:23.390559599 [32m    1[00m 0x7f9bf8000f70 [37mTRACE  [00m [00;34m          GST_TRACER :0::[00m latency_tracer_pipeline_interval, interval=(double)1000.020933, avg=(double)49.312749, min=(double)28.730877, max=(double)66.602054, latency=(double)19.608254, fps=(double)50.998932;
0:00:23.427746641 [32m    1[00m 0x7f9bf8000f70 [37mTRACE  [00m [00;34m          GST_TRACER :0::[00m latency_tracer_pipeline, frame_latency=(double)63.118324, avg=(double)50.352081, min=(double)0.035593, max=(double)106.809275, latency=(double)19.060626, fps=(double)52.464175, frame_num=(uint)1072;
0:00:23.429070345 [32m    1[00m 0x7f9bf8000f70 [37mTRACE  [00m [00;34m          GST_TRACER :0::[00m latency_tracer_pipeline, frame_latency=(double)33.841437, avg=(double)50.336694, min=(double)0.035593, max=(double)106.809275, latency=(double)19.044108, fps=(double)52.509680, frame_num=(uint)1073;
0:00:23.464709522 [32m    1[00m 0x7f9bf8000f70 [37mTRACE  [00m [00;34m          GST_TRACER :0::[00m latency_tracer_pipeline, frame_latency=(double)61.642146, avg=(double)50.347220, min=(double)0.035593, max=(double)106.809275, latency=(double)19.059555, fps=(double)52.467121, frame_num=(uint)1074;
0:00:23.465854816 [32m    1[00m 0x7f9bf8000f70 [37mTRACE  [00m [00;34m          GST_TRACER :0::[00m latency_tracer_pipeline, frame_latency=(double)33.390212, avg=(double)50.331446, min=(double)0.035593, max=(double)106.809275, latency=(double)19.042895, fps=(double)52.513024, frame_num=(uint)1075;
0:00:23.502022649 [32m    1[00m 0x7f9bf8000f70 [37mTRACE  [00m [00;34m          GST_TRACER :0::[00m latency_tracer_pipeline, frame_latency=(double)60.796180, avg=(double)50.341172, min=(double)0.035593, max=(double)106.809275, latency=(double)19.058799, fps=(double)52.469204, frame_num=(uint)1076;
0:00:23.503238171 [32m    1[00m 0x7f9bf8000f70 [37mTRACE  [00m [00;34m          GST_TRACER :0::[00m latency_tracer_pipeline, frame_latency=(double)32.845811, avg=(double)50.324927, min=(double)0.035593, max=(double)106.809275, latency=(double)19.042243, fps=(double)52.514822, frame_num=(uint)1077;
0:00:23.538209071 [32m    1[00m 0x7f9bf8000f70 [37mTRACE  [00m [00;34m          GST_TRACER :0::[00m latency_tracer_pipeline, frame_latency=(double)60.740328, avg=(double)50.334589, min=(double)0.035593, max=(double)106.809275, latency=(double)19.057017, fps=(double)52.474109, frame_num=(uint)1078;
0:00:23.539534508 [32m    1[00m 0x7f9bf8000f70 [37mTRACE  [00m [00;34m          GST_TRACER :0::[00m latency_tracer_pipeline, frame_latency=(double)33.556171, avg=(double)50.319039, min=(double)0.035593, max=(double)106.809275, latency=(double)19.040585, fps=(double)52.519394, frame_num=(uint)1079;
0:00:23.576040575 [32m    1[00m 0x7f9bf8000f70 [37mTRACE  [00m [00;34m          GST_TRACER :0::[00m latency_tracer_pipeline, frame_latency=(double)62.170850, avg=(double)50.330013, min=(double)0.035593, max=(double)106.809275, latency=(double)19.056751, fps=(double)52.474842, frame_num=(uint)1080;
0:00:23.576950571 [32m    1[00m 0x7f9bf8000f70 [37mTRACE  [00m [00;34m          GST_TRACER :0::[00m latency_tracer_pipeline, frame_latency=(double)33.844834, avg=(double)50.314763, min=(double)0.035593, max=(double)106.809275, latency=(double)19.039974, fps=(double)52.521081, frame_num=(uint)1081;
0:00:23.612823930 [32m    1[00m 0x7f9bf8000f70 [37mTRACE  [00m [00;34m          GST_TRACER :0::[00m latency_tracer_pipeline, frame_latency=(double)61.880302, avg=(double)50.325452, min=(double)0.035593, max=(double)106.809275, latency=(double)19.055528, fps=(double)52.478209, frame_num=(uint)1082;
FpsCounter(average 18.31sec): total=415.99 fps, number-streams=8, per-stream=52.00 fps (52.33, 52.01, 52.22, 52.01, 51.79, 52.28, 51.41, 51.95)
0:00:23.613723929 [32m    1[00m 0x7f9bf8000f70 [37mTRACE  [00m [00;34m          GST_TRACER :0::[00m latency_tracer_pipeline, frame_latency=(double)33.619633, avg=(double)50.310027, min=(double)0.035593, max=(double)106.809275, latency=(double)19.038767, fps=(double)52.524410, frame_num=(uint)1083;
0:00:23.651041401 [32m    1[00m 0x7f9bf8000f70 [37mTRACE  [00m [00;34m          GST_TRACER :0::[00m latency_tracer_pipeline, frame_latency=(double)64.053714, avg=(double)50.322705, min=(double)0.035593, max=(double)106.809275, latency=(double)19.055620, fps=(double)52.477956, frame_num=(uint)1084;
0:00:23.652562733 [32m    1[00m 0x7f9bf8000f70 [37mTRACE  [00m [00;34m          GST_TRACER :0::[00m latency_tracer_pipeline, frame_latency=(double)35.719407, avg=(double)50.309246, min=(double)0.035593, max=(double)106.809275, latency=(double)19.039464, fps=(double)52.522486, frame_num=(uint)1085;
0:00:23.687161101 [32m    1[00m 0x7f9bf8000f70 [37mTRACE  [00m [00;34m          GST_TRACER :0::[00m latency_tracer_pipeline, frame_latency=(double)63.480429, avg=(double)50.321374, min=(double)0.035593, max=(double)106.809275, latency=(double)19.053780, fps=(double)52.483026, frame_num=(uint)1086;
0:00:23.688221409 [32m    1[00m 0x7f9bf8000f70 [37mTRACE  [00m [00;34m          GST_TRACER :0::[00m latency_tracer_pipeline, frame_latency=(double)35.036427, avg=(double)50.307313, min=(double)0.035593, max=(double)106.809275, latency=(double)19.037242, fps=(double)52.528618, frame_num=(uint)1087;
0:00:23.724078238 [32m    1[00m 0x7f9bf8000f70 [37mTRACE  [00m [00;34m          GST_TRACER :0::[00m latency_tracer_pipeline, frame_latency=(double)64.671351, avg=(double)50.320515, min=(double)0.035593, max=(double)106.809275, latency=(double)19.052685, fps=(double)52.486042, frame_num=(uint)1088;
0:00:23.725223457 [32m    1[00m 0x7f9bf8000f70 [37mTRACE  [00m [00;34m          GST_TRACER :0::[00m latency_tracer_pipeline, frame_latency=(double)35.270464, avg=(double)50.306695, min=(double)0.035593, max=(double)106.809275, latency=(double)19.036244, fps=(double)52.531372, frame_num=(uint)1089;
0:00:23.764208623 [32m    1[00m 0x7f9bf8000f70 [37mTRACE  [00m [00;34m          GST_TRACER :0::[00m latency_tracer_pipeline, frame_latency=(double)67.695383, avg=(double)50.322648, min=(double)0.035593, max=(double)106.809275, latency=(double)19.054542, fps=(double)52.480927, frame_num=(uint)1090;
0:00:23.766029356 [32m    1[00m 0x7f9bf8000f70 [37mTRACE  [00m [00;34m          GST_TRACER :0::[00m latency_tracer_pipeline, frame_latency=(double)40.302045, avg=(double)50.313463, min=(double)0.035593, max=(double)106.809275, latency=(double)19.038757, fps=(double)52.524437, frame_num=(uint)1091;
0:00:23.800969927 [32m    1[00m 0x7f9bf8000f70 [37mTRACE  [00m [00;34m          GST_TRACER :0::[00m latency_tracer_pipeline, frame_latency=(double)64.331720, avg=(double)50.326300, min=(double)0.035593, max=(double)106.809275, latency=(double)19.053290, fps=(double)52.484373, frame_num=(uint)1092;
0:00:23.803360354 [32m    1[00m 0x7f9bf8000f70 [37mTRACE  [00m [00;34m          GST_TRACER :0::[00m latency_tracer_pipeline, frame_latency=(double)37.489783, avg=(double)50.314556, min=(double)0.035593, max=(double)106.809275, latency=(double)19.038066, fps=(double)52.526344, frame_num=(uint)1093;
0:00:23.838181743 [32m    1[00m 0x7f9bf8000f70 [37mTRACE  [00m [00;34m          GST_TRACER :0::[00m latency_tracer_pipeline, frame_latency=(double)64.844583, avg=(double)50.327838, min=(double)0.035593, max=(double)106.809275, latency=(double)19.052494, fps=(double)52.486566, frame_num=(uint)1094;
0:00:23.840349533 [32m    1[00m 0x7f9bf8000f70 [37mTRACE  [00m [00;34m          GST_TRACER :0::[00m latency_tracer_pipeline, frame_latency=(double)37.614978, avg=(double)50.316228, min=(double)0.035593, max=(double)106.809275, latency=(double)19.037079, fps=(double)52.529067, frame_num=(uint)1095;
0:00:23.876166546 [32m    1[00m 0x7f9bf8000f70 [37mTRACE  [00m [00;34m          GST_TRACER :0::[00m latency_tracer_pipeline, frame_latency=(double)65.496703, avg=(double)50.330078, min=(double)0.035593, max=(double)106.809275, latency=(double)19.052384, fps=(double)52.486869, frame_num=(uint)1096;
0:00:23.878487377 [32m    1[00m 0x7f9bf8000f70 [37mTRACE  [00m [00;34m          GST_TRACER :0::[00m latency_tracer_pipeline, frame_latency=(double)39.667505, avg=(double)50.320359, min=(double)0.035593, max=(double)106.809275, latency=(double)19.037135, fps=(double)52.528913, frame_num=(uint)1097;
0:00:23.915597585 [32m    1[00m 0x7f9bf8000f70 [37mTRACE  [00m [00;34m          GST_TRACER :0::[00m latency_tracer_pipeline, frame_latency=(double)69.480780, avg=(double)50.337809, min=(double)0.035593, max=(double)106.809275, latency=(double)19.053589, fps=(double)52.483551, frame_num=(uint)1098;
0:00:23.916458778 [32m    1[00m 0x7f9bf8000f70 [37mTRACE  [00m [00;34m          GST_TRACER :0::[00m latency_tracer_pipeline, frame_latency=(double)38.664374, avg=(double)50.327187, min=(double)0.035593, max=(double)106.809275, latency=(double)19.037042, fps=(double)52.529168, frame_num=(uint)1099;
0:00:23.955803480 [32m    1[00m 0x7f9bf8000f70 [37mTRACE  [00m [00;34m          GST_TRACER :0::[00m latency_tracer_pipeline, frame_latency=(double)59.890717, avg=(double)50.335881, min=(double)0.035593, max=(double)106.809275, latency=(double)19.055501, fps=(double)52.478285, frame_num=(uint)1100;
0:00:23.956894916 [32m    1[00m 0x7f9bf8000f70 [37mTRACE  [00m [00;34m          GST_TRACER :0::[00m latency_tracer_pipeline, frame_latency=(double)35.331831, avg=(double)50.322254, min=(double)0.035593, max=(double)106.809275, latency=(double)19.039187, fps=(double)52.523251, frame_num=(uint)1101;
0:00:23.995982788 [32m    1[00m 0x7f9bf8000f70 [37mTRACE  [00m [00;34m          GST_TRACER :0::[00m latency_tracer_pipeline, frame_latency=(double)61.799455, avg=(double)50.332668, min=(double)0.035593, max=(double)106.809275, latency=(double)19.057374, fps=(double)52.473127, frame_num=(uint)1102;
0:00:23.997062789 [32m    1[00m 0x7f9bf8000f70 [37mTRACE  [00m [00;34m          GST_TRACER :0::[00m latency_tracer_pipeline, frame_latency=(double)34.490091, avg=(double)50.318305, min=(double)0.035593, max=(double)106.809275, latency=(double)19.041079, fps=(double)52.518034, frame_num=(uint)1103;
0:00:24.036030190 [32m    1[00m 0x7f9bf8000f70 [37mTRACE  [00m [00;34m          GST_TRACER :0::[00m latency_tracer_pipeline, frame_latency=(double)61.023519, avg=(double)50.328002, min=(double)0.035593, max=(double)106.809275, latency=(double)19.059127, fps=(double)52.468301, frame_num=(uint)1104;
0:00:24.037599200 [32m    1[00m 0x7f9bf8000f70 [37mTRACE  [00m [00;34m          GST_TRACER :0::[00m latency_tracer_pipeline, frame_latency=(double)35.972566, avg=(double)50.315011, min=(double)0.035593, max=(double)106.809275, latency=(double)19.043301, fps=(double)52.511905, frame_num=(uint)1105;
0:00:24.074915904 [32m    1[00m 0x7f9bf8000f70 [37mTRACE  [00m [00;34m          GST_TRACER :0::[00m latency_tracer_pipeline, frame_latency=(double)66.676617, avg=(double)50.329804, min=(double)0.035593, max=(double)106.809275, latency=(double)19.059818, fps=(double)52.466398, frame_num=(uint)1106;
0:00:24.076404252 [32m    1[00m 0x7f9bf8000f70 [37mTRACE  [00m [00;34m          GST_TRACER :0::[00m latency_tracer_pipeline, frame_latency=(double)36.910516, avg=(double)50.317682, min=(double)0.035593, max=(double)106.809275, latency=(double)19.043952, fps=(double)52.510109, frame_num=(uint)1107;
0:00:24.116089323 [32m    1[00m 0x7f9bf8000f70 [37mTRACE  [00m [00;34m          GST_TRACER :0::[00m latency_tracer_pipeline, frame_latency=(double)65.884238, avg=(double)50.331731, min=(double)0.035593, max=(double)106.809275, latency=(double)19.062571, fps=(double)52.458822, frame_num=(uint)1108;
0:00:24.117265895 [32m    1[00m 0x7f9bf8000f70 [37mTRACE  [00m [00;34m          GST_TRACER :0::[00m latency_tracer_pipeline, frame_latency=(double)39.067018, avg=(double)50.321574, min=(double)0.035593, max=(double)106.809275, latency=(double)19.046450, fps=(double)52.503224, frame_num=(uint)1109;
0:00:24.156620220 [32m    1[00m 0x7f9bf8000f70 [37mTRACE  [00m [00;34m          GST_TRACER :0::[00m latency_tracer_pipeline, frame_latency=(double)65.130487, avg=(double)50.334915, min=(double)0.035593, max=(double)106.809275, latency=(double)19.064741, fps=(double)52.452851, frame_num=(uint)1110;
0:00:24.157433996 [32m    1[00m 0x7f9bf8000f70 [37mTRACE  [00m [00;34m          GST_TRACER :0::[00m latency_tracer_pipeline, frame_latency=(double)40.970215, avg=(double)50.326486, min=(double)0.035593, max=(double)106.809275, latency=(double)19.048316, fps=(double)52.498078, frame_num=(uint)1111;
0:00:24.157477625 [32m    1[00m 0x7f9bf8000f70 [37mTRACE  [00m [00;34m          GST_TRACER :0::[00m latency_tracer_pipeline, frame_latency=(double)32.626112, avg=(double)50.310568, min=(double)0.035593, max=(double)106.809275, latency=(double)19.031238, fps=(double)52.545190, frame_num=(uint)1112;
0:00:24.198557776 [32m    1[00m 0x7f9bf8000f70 [37mTRACE  [00m [00;34m          GST_TRACER :0::[00m latency_tracer_pipeline, frame_latency=(double)61.723426, avg=(double)50.320823, min=(double)0.035593, max=(double)106.809275, latency=(double)19.051034, fps=(double)52.490588, frame_num=(uint)1113;
0:00:24.198606430 [32m    1[00m 0x7f9bf8000f70 [37mTRACE  [00m [00;34m          GST_TRACER :0::[00m latency_tracer_pipeline, frame_latency=(double)31.911391, avg=(double)50.304297, min=(double)0.035593, max=(double)106.809275, latency=(double)19.033991, fps=(double)52.537590, frame_num=(uint)1114;
0:00:24.238397504 [32m    1[00m 0x7f9bf8000f70 [37mTRACE  [00m [00;34m          GST_TRACER :0::[00m latency_tracer_pipeline, frame_latency=(double)59.762741, avg=(double)50.312780, min=(double)0.035593, max=(double)106.809275, latency=(double)19.052593, fps=(double)52.486294, frame_num=(uint)1115;
0:00:24.279432689 [32m    1[00m 0x7f9bf8000f70 [37mTRACE  [00m [00;34m          GST_TRACER :0::[00m latency_tracer_pipeline, frame_latency=(double)73.186328, avg=(double)50.333276, min=(double)0.035593, max=(double)106.809275, latency=(double)19.072289, fps=(double)52.432093, frame_num=(uint)1116;
0:00:24.280949803 [32m    1[00m 0x7f9bf8000f70 [37mTRACE  [00m [00;34m          GST_TRACER :0::[00m latency_tracer_pipeline, frame_latency=(double)41.397706, avg=(double)50.325276, min=(double)0.035593, max=(double)106.809275, latency=(double)19.056570, fps=(double)52.475341, frame_num=(uint)1117;
0:00:24.317570510 [32m    1[00m 0x7f9bf8000f70 [37mTRACE  [00m [00;34m          GST_TRACER :0::[00m latency_tracer_pipeline, frame_latency=(double)68.338475, avg=(double)50.341388, min=(double)0.035593, max=(double)106.809275, latency=(double)19.072287, fps=(double)52.432096, frame_num=(uint)1118;
0:00:24.318924886 [32m    1[00m 0x7f9bf8000f70 [37mTRACE  [00m [00;34m          GST_TRACER :0::[00m latency_tracer_pipeline, frame_latency=(double)36.788693, avg=(double)50.329277, min=(double)0.035593, max=(double)106.809275, latency=(double)19.056453, fps=(double)52.475662, frame_num=(uint)1119;
0:00:24.355426757 [32m    1[00m 0x7f9bf8000f70 [37mTRACE  [00m [00;34m          GST_TRACER :0::[00m latency_tracer_pipeline, frame_latency=(double)65.590311, avg=(double)50.342903, min=(double)0.035593, max=(double)106.809275, latency=(double)19.072024, fps=(double)52.432821, frame_num=(uint)1120;
0:00:24.356312065 [32m    1[00m 0x7f9bf8000f70 [37mTRACE  [00m [00;34m          GST_TRACER :0::[00m latency_tracer_pipeline, frame_latency=(double)37.433231, avg=(double)50.331387, min=(double)0.035593, max=(double)106.809275, latency=(double)19.055806, fps=(double)52.477444, frame_num=(uint)1121;
FpsCounter(last 1.00sec): total=407.13 fps, number-streams=8, per-stream=50.89 fps (49.89, 49.89, 50.89, 50.89, 52.89, 51.89, 50.89, 49.89)
latency: -22740.92ms (-22910.45, -22878.24, -22929.88, -22671.54, -22678.24, -22846.78, -22339.80, -22677.62)
0:00:24.392880737 [32m    1[00m 0x7f9bf8000f70 [37mTRACE  [00m [00;34m          GST_TRACER :0::[00m latency_tracer_pipeline, frame_latency=(double)66.213092, avg=(double)50.345541, min=(double)0.035593, max=(double)106.809275, latency=(double)19.071411, fps=(double)52.434505, frame_num=(uint)1122;
0:00:24.392910272 [32m    1[00m 0x7f9bf8000f70 [37mTRACE  [00m [00;34m          GST_TRACER :0::[00m latency_tracer_pipeline_interval, interval=(double)1002.323375, avg=(double)50.458523, min=(double)31.911391, max=(double)73.186328, latency=(double)19.653400, fps=(double)50.881783;
0:00:24.394100093 [32m    1[00m 0x7f9bf8000f70 [37mTRACE  [00m [00;34m          GST_TRACER :0::[00m latency_tracer_pipeline, frame_latency=(double)36.529068, avg=(double)50.333238, min=(double)0.035593, max=(double)106.809275, latency=(double)19.055520, fps=(double)52.478232, frame_num=(uint)1123;
0:00:24.432391165 [32m    1[00m 0x7f9bf8000f70 [37mTRACE  [00m [00;34m          GST_TRACER :0::[00m latency_tracer_pipeline, frame_latency=(double)61.822805, avg=(double)50.343460, min=(double)0.035593, max=(double)106.809275, latency=(double)19.072623, fps=(double)52.431172, frame_num=(uint)1124;
0:00:24.433651711 [32m    1[00m 0x7f9bf8000f70 [37mTRACE  [00m [00;34m          GST_TRACER :0::[00m latency_tracer_pipeline, frame_latency=(double)33.010598, avg=(double)50.328053, min=(double)0.035593, max=(double)106.809275, latency=(double)19.056798, fps=(double)52.474712, frame_num=(uint)1125;
0:00:24.471924010 [32m    1[00m 0x7f9bf8000f70 [37mTRACE  [00m [00;34m          GST_TRACER :0::[00m latency_tracer_pipeline, frame_latency=(double)62.138843, avg=(double)50.338542, min=(double)0.035593, max=(double)106.809275, latency=(double)19.073856, fps=(double)52.427784, frame_num=(uint)1126;
0:00:24.473271535 [32m    1[00m 0x7f9bf8000f70 [37mTRACE  [00m [00;34m          GST_TRACER :0::[00m latency_tracer_pipeline, frame_latency=(double)32.872043, avg=(double)50.323044, min=(double)0.035593, max=(double)106.809275, latency=(double)19.058133, fps=(double)52.471038, frame_num=(uint)1127;
0:00:24.513432275 [32m    1[00m 0x7f9bf8000f70 [37mTRACE  [00m [00;34m          GST_TRACER :0::[00m latency_tracer_pipeline, frame_latency=(double)60.105983, avg=(double)50.331717, min=(double)0.035593, max=(double)106.809275, latency=(double)19.076842, fps=(double)52.419577, frame_num=(uint)1128;
0:00:24.514312863 [32m    1[00m 0x7f9bf8000f70 [37mTRACE  [00m [00;34m          GST_TRACER :0::[00m latency_tracer_pipeline, frame_latency=(double)33.772273, avg=(double)50.317050, min=(double)0.035593, max=(double)106.809275, latency=(double)19.060729, fps=(double)52.463890, frame_num=(uint)1129;
0:00:24.553653502 [32m    1[00m 0x7f9bf8000f70 [37mTRACE  [00m [00;34m          GST_TRACER :0::[00m latency_tracer_pipeline, frame_latency=(double)57.556324, avg=(double)50.323456, min=(double)0.035593, max=(double)106.809275, latency=(double)19.078679, fps=(double)52.414530, frame_num=(uint)1130;
0:00:24.555167321 [32m    1[00m 0x7f9bf8000f70 [37mTRACE  [00m [00;34m          GST_TRACER :0::[00m latency_tracer_pipeline, frame_latency=(double)34.021247, avg=(double)50.309042, min=(double)0.035593, max=(double)106.809275, latency=(double)19.063155, fps=(double)52.457213, frame_num=(uint)1131;
0:00:24.600357362 [32m    1[00m 0x7f9bf8000f70 [37mTRACE  [00m [00;34m          GST_TRACER :0::[00m latency_tracer_pipeline, frame_latency=(double)66.886381, avg=(double)50.323686, min=(double)0.035593, max=(double)106.809275, latency=(double)19.086228, fps=(double)52.393798, frame_num=(uint)1132;
0:00:24.601600768 [32m    1[00m 0x7f9bf8000f70 [37mTRACE  [00m [00;34m          GST_TRACER :0::[00m latency_tracer_pipeline, frame_latency=(double)38.515483, avg=(double)50.313264, min=(double)0.035593, max=(double)106.809275, latency=(double)19.070480, fps=(double)52.437065, frame_num=(uint)1133;
FpsCounter(average 19.34sec): total=415.34 fps, number-streams=8, per-stream=51.92 fps (52.18, 51.98, 52.08, 51.98, 51.77, 52.23, 51.41, 51.72)
0:00:24.643397711 [32m    1[00m 0x7f9bf8000f70 [37mTRACE  [00m [00;34m          GST_TRACER :0::[00m latency_tracer_pipeline, frame_latency=(double)65.725860, avg=(double)50.326856, min=(double)0.035593, max=(double)106.809275, latency=(double)19.090524, fps=(double)52.382009, frame_num=(uint)1134;
0:00:24.644777893 [32m    1[00m 0x7f9bf8000f70 [37mTRACE  [00m [00;34m          GST_TRACER :0::[00m latency_tracer_pipeline, frame_latency=(double)36.699246, avg=(double)50.314849, min=(double)0.035593, max=(double)106.809275, latency=(double)19.074910, fps=(double)52.424888, frame_num=(uint)1135;
0:00:24.685746276 [32m    1[00m 0x7f9bf8000f70 [37mTRACE  [00m [00;34m          GST_TRACER :0::[00m latency_tracer_pipeline, frame_latency=(double)64.464169, avg=(double)50.327304, min=(double)0.035593, max=(double)106.809275, latency=(double)19.094180, fps=(double)52.371980, frame_num=(uint)1136;
0:00:24.687287652 [32m    1[00m 0x7f9bf8000f70 [37mTRACE  [00m [00;34m          GST_TRACER :0::[00m latency_tracer_pipeline, frame_latency=(double)35.865984, avg=(double)50.314586, min=(double)0.035593, max=(double)106.809275, latency=(double)19.078746, fps=(double)52.414347, frame_num=(uint)1137;
0:00:24.728013864 [32m    1[00m 0x7f9bf8000f70 [37mTRACE  [00m [00;34m          GST_TRACER :0::[00m latency_tracer_pipeline, frame_latency=(double)64.199248, avg=(double)50.326786, min=(double)0.035593, max=(double)106.809275, latency=(double)19.097765, fps=(double)52.362147, frame_num=(uint)1138;
0:00:24.729158288 [32m    1[00m 0x7f9bf8000f70 [37mTRACE  [00m [00;34m          GST_TRACER :0::[00m latency_tracer_pipeline, frame_latency=(double)36.538428, avg=(double)50.314681, min=(double)0.035593, max=(double)106.809275, latency=(double)19.082002, fps=(double)52.405403, frame_num=(uint)1139;
0:00:24.768585468 [32m    1[00m 0x7f9bf8000f70 [37mTRACE  [00m [00;34m          GST_TRACER :0::[00m latency_tracer_pipeline, frame_latency=(double)59.189663, avg=(double)50.322466, min=(double)0.035593, max=(double)106.809275, latency=(double)19.099847, fps=(double)52.356441, frame_num=(uint)1140;
0:00:24.770268584 [32m    1[00m 0x7f9bf8000f70 [37mTRACE  [00m [00;34m          GST_TRACER :0::[00m latency_tracer_pipeline, frame_latency=(double)34.880206, avg=(double)50.308932, min=(double)0.035593, max=(double)106.809275, latency=(double)19.084585, fps=(double)52.398310, frame_num=(uint)1141;
0:00:24.809705308 [32m    1[00m 0x7f9bf8000f70 [37mTRACE  [00m [00;34m          GST_TRACER :0::[00m latency_tracer_pipeline, frame_latency=(double)62.437411, avg=(double)50.319552, min=(double)0.035593, max=(double)106.809275, latency=(double)19.102408, fps=(double)52.349420, frame_num=(uint)1142;
0:00:24.810573908 [32m    1[00m 0x7f9bf8000f70 [37mTRACE  [00m [00;34m          GST_TRACER :0::[00m latency_tracer_pipeline, frame_latency=(double)36.230937, avg=(double)50.307226, min=(double)0.035593, max=(double)106.809275, latency=(double)19.086468, fps=(double)52.393141, frame_num=(uint)1143;
0:00:24.853046245 [32m    1[00m 0x7f9bf8000f70 [37mTRACE  [00m [00;34m          GST_TRACER :0::[00m latency_tracer_pipeline, frame_latency=(double)67.161273, avg=(double)50.321959, min=(double)0.035593, max=(double)106.809275, latency=(double)19.106904, fps=(double)52.337103, frame_num=(uint)1144;
0:00:24.853486454 [32m    1[00m 0x7f9bf8000f70 [37mTRACE  [00m [00;34m          GST_TRACER :0::[00m latency_tracer_pipeline, frame_latency=(double)35.257621, avg=(double)50.308802, min=(double)0.035593, max=(double)106.809275, latency=(double)19.090609, fps=(double)52.381777, frame_num=(uint)1145;
0:00:24.896459503 [32m    1[00m 0x7f9bf8000f70 [37mTRACE  [00m [00;34m          GST_TRACER :0::[00m latency_tracer_pipeline, frame_latency=(double)67.087192, avg=(double)50.323443, min=(double)0.035593, max=(double)106.809275, latency=(double)19.111443, fps=(double)52.324674, frame_num=(uint)1146;
0:00:24.897373501 [32m    1[00m 0x7f9bf8000f70 [37mTRACE  [00m [00;34m          GST_TRACER :0::[00m latency_tracer_pipeline, frame_latency=(double)38.840844, avg=(double)50.313432, min=(double)0.035593, max=(double)106.809275, latency=(double)19.095583, fps=(double)52.368131, frame_num=(uint)1147;
0:00:24.938416617 [32m    1[00m 0x7f9bf8000f70 [37mTRACE  [00m [00;34m          GST_TRACER :0::[00m latency_tracer_pipeline, frame_latency=(double)64.327762, avg=(double)50.325640, min=(double)0.035593, max=(double)106.809275, latency=(double)19.114692, fps=(double)52.315779, frame_num=(uint)1148;
0:00:24.939293454 [32m    1[00m 0x7f9bf8000f70 [37mTRACE  [00m [00;34m          GST_TRACER :0::[00m latency_tracer_pipeline, frame_latency=(double)36.259883, avg=(double)50.313398, min=(double)0.035593, max=(double)106.809275, latency=(double)19.098816, fps=(double)52.359266, frame_num=(uint)1149;
0:00:24.985019013 [32m    1[00m 0x7f9bf8000f70 [37mTRACE  [00m [00;34m          GST_TRACER :0::[00m latency_tracer_pipeline, frame_latency=(double)67.417347, avg=(double)50.328271, min=(double)0.035593, max=(double)106.809275, latency=(double)19.121969, fps=(double)52.295869, frame_num=(uint)1150;
0:00:24.986122689 [32m    1[00m 0x7f9bf8000f70 [37mTRACE  [00m [00;34m          GST_TRACER :0::[00m latency_tracer_pipeline, frame_latency=(double)37.404762, avg=(double)50.317043, min=(double)0.035593, max=(double)106.809275, latency=(double)19.106312, fps=(double)52.338725, frame_num=(uint)1151;
0:00:25.028798507 [32m    1[00m 0x7f9bf8000f70 [37mTRACE  [00m [00;34m          GST_TRACER :0::[00m latency_tracer_pipeline, frame_latency=(double)64.362584, avg=(double)50.329235, min=(double)0.035593, max=(double)106.809275, latency=(double)19.126772, fps=(double)52.282738, frame_num=(uint)1152;
0:00:25.029544930 [32m    1[00m 0x7f9bf8000f70 [37mTRACE  [00m [00;34m          GST_TRACER :0::[00m latency_tracer_pipeline, frame_latency=(double)37.969952, avg=(double)50.318516, min=(double)0.035593, max=(double)106.809275, latency=(double)19.110842, fps=(double)52.326318, frame_num=(uint)1153;
0:00:25.057302972 [32m    1[00m 0x7f9bf8000f70 [37mTRACE  [00m [00;34m          GST_TRACER :0::[00m latency_tracer_pipeline, frame_latency=(double)52.587326, avg=(double)50.320482, min=(double)0.035593, max=(double)106.809275, latency=(double)19.118319, fps=(double)52.305853, frame_num=(uint)1154;
0:00:25.088921516 [32m    1[00m 0x7f9bf8000f70 [37mTRACE  [00m [00;34m          GST_TRACER :0::[00m latency_tracer_pipeline, frame_latency=(double)52.341963, avg=(double)50.322232, min=(double)0.035593, max=(double)106.809275, latency=(double)19.129156, fps=(double)52.276222, frame_num=(uint)1155;
0:00:25.126104903 [32m    1[00m 0x7f9bf8000f70 [37mTRACE  [00m [00;34m          GST_TRACER :0::[00m latency_tracer_pipeline, frame_latency=(double)68.277647, avg=(double)50.337765, min=(double)0.035593, max=(double)106.809275, latency=(double)19.144774, fps=(double)52.233577, frame_num=(uint)1156;
0:00:25.127279252 [32m    1[00m 0x7f9bf8000f70 [37mTRACE  [00m [00;34m          GST_TRACER :0::[00m latency_tracer_pipeline, frame_latency=(double)38.790345, avg=(double)50.327784, min=(double)0.035593, max=(double)106.809275, latency=(double)19.129245, fps=(double)52.275978, frame_num=(uint)1157;
0:00:25.167469096 [32m    1[00m 0x7f9bf8000f70 [37mTRACE  [00m [00;34m          GST_TRACER :0::[00m latency_tracer_pipeline, frame_latency=(double)71.638776, avg=(double)50.346187, min=(double)0.035593, max=(double)106.809275, latency=(double)19.147428, fps=(double)52.226336, frame_num=(uint)1158;
0:00:25.168535695 [32m    1[00m 0x7f9bf8000f70 [37mTRACE  [00m [00;34m          GST_TRACER :0::[00m latency_tracer_pipeline, frame_latency=(double)42.223972, avg=(double)50.339179, min=(double)0.035593, max=(double)106.809275, latency=(double)19.131833, fps=(double)52.268907, frame_num=(uint)1159;
0:00:25.206649504 [32m    1[00m 0x7f9bf8000f70 [37mTRACE  [00m [00;34m          GST_TRACER :0::[00m latency_tracer_pipeline, frame_latency=(double)68.934744, avg=(double)50.355210, min=(double)0.035593, max=(double)106.809275, latency=(double)19.148190, fps=(double)52.224257, frame_num=(uint)1160;
0:00:25.207564918 [32m    1[00m 0x7f9bf8000f70 [37mTRACE  [00m [00;34m          GST_TRACER :0::[00m latency_tracer_pipeline, frame_latency=(double)39.917219, avg=(double)50.346220, min=(double)0.035593, max=(double)106.809275, latency=(double)19.132492, fps=(double)52.267106, frame_num=(uint)1161;
0:00:25.245931541 [32m    1[00m 0x7f9bf8000f70 [37mTRACE  [00m [00;34m          GST_TRACER :0::[00m latency_tracer_pipeline, frame_latency=(double)68.404355, avg=(double)50.361760, min=(double)0.035593, max=(double)106.809275, latency=(double)19.149039, fps=(double)52.221942, frame_num=(uint)1162;
0:00:25.246923081 [32m    1[00m 0x7f9bf8000f70 [37mTRACE  [00m [00;34m          GST_TRACER :0::[00m latency_tracer_pipeline, frame_latency=(double)40.111649, avg=(double)50.352947, min=(double)0.035593, max=(double)106.809275, latency=(double)19.133431, fps=(double)52.264541, frame_num=(uint)1163;
0:00:25.287014458 [32m    1[00m 0x7f9bf8000f70 [37mTRACE  [00m [00;34m          GST_TRACER :0::[00m latency_tracer_pipeline, frame_latency=(double)71.735532, avg=(double)50.371316, min=(double)0.035593, max=(double)106.809275, latency=(double)19.151431, fps=(double)52.215419, frame_num=(uint)1164;
0:00:25.288113447 [32m    1[00m 0x7f9bf8000f70 [37mTRACE  [00m [00;34m          GST_TRACER :0::[00m latency_tracer_pipeline, frame_latency=(double)42.127888, avg=(double)50.364241, min=(double)0.035593, max=(double)106.809275, latency=(double)19.135941, fps=(double)52.257687, frame_num=(uint)1165;
0:00:25.288132813 [32m    1[00m 0x7f9bf8000f70 [37mTRACE  [00m [00;34m          GST_TRACER :0::[00m latency_tracer_pipeline, frame_latency=(double)32.012188, avg=(double)50.348501, min=(double)0.035593, max=(double)106.809275, latency=(double)19.119551, fps=(double)52.302485, frame_num=(uint)1166;
0:00:25.329217963 [32m    1[00m 0x7f9bf8000f70 [37mTRACE  [00m [00;34m          GST_TRACER :0::[00m latency_tracer_pipeline, frame_latency=(double)65.560099, avg=(double)50.361536, min=(double)0.035593, max=(double)106.809275, latency=(double)19.138364, fps=(double)52.251070, frame_num=(uint)1167;
0:00:25.369415549 [32m    1[00m 0x7f9bf8000f70 [37mTRACE  [00m [00;34m          GST_TRACER :0::[00m latency_tracer_pipeline, frame_latency=(double)68.527560, avg=(double)50.377089, min=(double)0.035593, max=(double)106.809275, latency=(double)19.156395, fps=(double)52.201890, frame_num=(uint)1168;
0:00:25.370248594 [32m    1[00m 0x7f9bf8000f70 [37mTRACE  [00m [00;34m          GST_TRACER :0::[00m latency_tracer_pipeline, frame_latency=(double)39.710970, avg=(double)50.367965, min=(double)0.035593, max=(double)106.809275, latency=(double)19.140725, fps=(double)52.244626, frame_num=(uint)1169;
FpsCounter(last 1.02sec): total=385.98 fps, number-streams=8, per-stream=48.25 fps (47.26, 50.22, 50.22, 51.20, 45.29, 48.25, 47.26, 46.28)
latency: -23735.91ms (-23874.43, -23893.86, -23945.02, -23721.59, -23639.24, -23862.09, -23323.49, -23596.28)
0:00:25.408576414 [32m    1[00m 0x7f9bf8000f70 [37mTRACE  [00m [00;34m          GST_TRACER :0::[00m latency_tracer_pipeline, frame_latency=(double)66.099327, avg=(double)50.381411, min=(double)0.035593, max=(double)106.809275, latency=(double)19.157119, fps=(double)52.199916, frame_num=(uint)1170;
0:00:25.408594745 [32m    1[00m 0x7f9bf8000f70 [37mTRACE  [00m [00;34m          GST_TRACER :0::[00m latency_tracer_pipeline_interval, interval=(double)1015.706027, avg=(double)51.219854, min=(double)32.012188, max=(double)71.735532, latency=(double)21.160542, fps=(double)47.257768;
0:00:25.409212535 [32m    1[00m 0x7f9bf8000f70 [37mTRACE  [00m [00;34m          GST_TRACER :0::[00m latency_tracer_pipeline, frame_latency=(double)38.126978, avg=(double)50.370946, min=(double)0.035593, max=(double)106.809275, latency=(double)19.141309, fps=(double)52.243031, frame_num=(uint)1171;
0:00:25.447037388 [32m    1[00m 0x7f9bf8000f70 [37mTRACE  [00m [00;34m          GST_TRACER :0::[00m latency_tracer_pipeline, frame_latency=(double)64.930237, avg=(double)50.383368, min=(double)0.035593, max=(double)106.809275, latency=(double)19.157243, fps=(double)52.199577, frame_num=(uint)1172;
0:00:25.447069892 [32m    1[00m 0x7f9bf8000f70 [37mTRACE  [00m [00;34m          GST_TRACER :0::[00m latency_tracer_pipeline, frame_latency=(double)38.195522, avg=(double)50.372978, min=(double)0.035593, max=(double)106.809275, latency=(double)19.140949, fps=(double)52.244013, frame_num=(uint)1173;
0:00:25.448068056 [32m    1[00m 0x7f9bf8000f70 [37mTRACE  [00m [00;34m          GST_TRACER :0::[00m latency_tracer_pipeline, frame_latency=(double)37.389137, avg=(double)50.361918, min=(double)0.035593, max=(double)106.809275, latency=(double)19.125491, fps=(double)52.286238, frame_num=(uint)1174;
0:00:25.487504311 [32m    1[00m 0x7f9bf8000f70 [37mTRACE  [00m [00;34m          GST_TRACER :0::[00m latency_tracer_pipeline, frame_latency=(double)64.397350, avg=(double)50.373864, min=(double)0.035593, max=(double)106.809275, latency=(double)19.142770, fps=(double)52.239043, frame_num=(uint)1175;
0:00:25.488917605 [32m    1[00m 0x7f9bf8000f70 [37mTRACE  [00m [00;34m          GST_TRACER :0::[00m latency_tracer_pipeline, frame_latency=(double)37.952070, avg=(double)50.363301, min=(double)0.035593, max=(double)106.809275, latency=(double)19.127701, fps=(double)52.280198, frame_num=(uint)1176;
0:00:25.527985523 [32m    1[00m 0x7f9bf8000f70 [37mTRACE  [00m [00;34m          GST_TRACER :0::[00m latency_tracer_pipeline, frame_latency=(double)64.641444, avg=(double)50.375432, min=(double)0.035593, max=(double)106.809275, latency=(double)19.144636, fps=(double)52.233951, frame_num=(uint)1177;
0:00:25.528980935 [32m    1[00m 0x7f9bf8000f70 [37mTRACE  [00m [00;34m          GST_TRACER :0::[00m latency_tracer_pipeline, frame_latency=(double)37.944690, avg=(double)50.364879, min=(double)0.035593, max=(double)106.809275, latency=(double)19.129235, fps=(double)52.276005, frame_num=(uint)1178;
0:00:25.567675568 [32m    1[00m 0x7f9bf8000f70 [37mTRACE  [00m [00;34m          GST_TRACER :0::[00m latency_tracer_pipeline, frame_latency=(double)65.378991, avg=(double)50.377614, min=(double)0.035593, max=(double)106.809275, latency=(double)19.145826, fps=(double)52.230706, frame_num=(uint)1179;
0:00:25.569100302 [32m    1[00m 0x7f9bf8000f70 [37mTRACE  [00m [00;34m          GST_TRACER :0::[00m latency_tracer_pipeline, frame_latency=(double)37.522300, avg=(double)50.366720, min=(double)0.035593, max=(double)106.809275, latency=(double)19.130812, fps=(double)52.271697, frame_num=(uint)1180;
0:00:25.569117762 [32m    1[00m 0x7f9bf8000f70 [37mTRACE  [00m [00;34m          GST_TRACER :0::[00m latency_tracer_pipeline, frame_latency=(double)25.503011, avg=(double)50.345667, min=(double)0.035593, max=(double)106.809275, latency=(double)19.114633, fps=(double)52.315941, frame_num=(uint)1181;
0:00:25.607677246 [32m    1[00m 0x7f9bf8000f70 [37mTRACE  [00m [00;34m          GST_TRACER :0::[00m latency_tracer_pipeline, frame_latency=(double)61.273254, avg=(double)50.354912, min=(double)0.035593, max=(double)106.809275, latency=(double)19.131066, fps=(double)52.271003, frame_num=(uint)1182;
0:00:25.608977247 [32m    1[00m 0x7f9bf8000f70 [37mTRACE  [00m [00;34m          GST_TRACER :0::[00m latency_tracer_pipeline, frame_latency=(double)33.923399, avg=(double)50.341022, min=(double)0.035593, max=(double)106.809275, latency=(double)19.116008, fps=(double)52.312176, frame_num=(uint)1183;
FpsCounter(average 20.34sec): total=414.09 fps, number-streams=8, per-stream=51.76 fps (52.06, 51.87, 52.01, 51.82, 51.57, 52.01, 51.18, 51.57)
0:00:25.648611920 [32m    1[00m 0x7f9bf8000f70 [37mTRACE  [00m [00;34m          GST_TRACER :0::[00m latency_tracer_pipeline, frame_latency=(double)64.957324, avg=(double)50.353367, min=(double)0.035593, max=(double)106.809275, latency=(double)19.133334, fps=(double)52.264807, frame_num=(uint)1184;
0:00:25.689343284 [32m    1[00m 0x7f9bf8000f70 [37mTRACE  [00m [00;34m          GST_TRACER :0::[00m latency_tracer_pipeline, frame_latency=(double)72.017615, avg=(double)50.371649, min=(double)0.035593, max=(double)106.809275, latency=(double)19.151558, fps=(double)52.215074, frame_num=(uint)1185;
0:00:25.690792561 [32m    1[00m 0x7f9bf8000f70 [37mTRACE  [00m [00;34m          GST_TRACER :0::[00m latency_tracer_pipeline, frame_latency=(double)40.246561, avg=(double)50.363112, min=(double)0.035593, max=(double)106.809275, latency=(double)19.136634, fps=(double)52.255794, frame_num=(uint)1186;
0:00:25.730030477 [32m    1[00m 0x7f9bf8000f70 [37mTRACE  [00m [00;34m          GST_TRACER :0::[00m latency_tracer_pipeline, frame_latency=(double)68.176678, avg=(double)50.378119, min=(double)0.035593, max=(double)106.809275, latency=(double)19.153560, fps=(double)52.209616, frame_num=(uint)1187;
0:00:25.731472188 [32m    1[00m 0x7f9bf8000f70 [37mTRACE  [00m [00;34m          GST_TRACER :0::[00m latency_tracer_pipeline, frame_latency=(double)38.534082, avg=(double)50.368149, min=(double)0.035593, max=(double)106.809275, latency=(double)19.138662, fps=(double)52.250256, frame_num=(uint)1188;
0:00:25.769700755 [32m    1[00m 0x7f9bf8000f70 [37mTRACE  [00m [00;34m          GST_TRACER :0::[00m latency_tracer_pipeline, frame_latency=(double)66.174674, avg=(double)50.381443, min=(double)0.035593, max=(double)106.809275, latency=(double)19.154712, fps=(double)52.206476, frame_num=(uint)1189;
0:00:25.770698549 [32m    1[00m 0x7f9bf8000f70 [37mTRACE  [00m [00;34m          GST_TRACER :0::[00m latency_tracer_pipeline, frame_latency=(double)38.340331, avg=(double)50.371324, min=(double)0.035593, max=(double)106.809275, latency=(double)19.139451, fps=(double)52.248103, frame_num=(uint)1190;
0:00:25.807216324 [32m    1[00m 0x7f9bf8000f70 [37mTRACE  [00m [00;34m          GST_TRACER :0::[00m latency_tracer_pipeline, frame_latency=(double)66.109083, avg=(double)50.384538, min=(double)0.035593, max=(double)106.809275, latency=(double)19.154036, fps=(double)52.208319, frame_num=(uint)1191;
0:00:25.808478621 [32m    1[00m 0x7f9bf8000f70 [37mTRACE  [00m [00;34m          GST_TRACER :0::[00m latency_tracer_pipeline, frame_latency=(double)38.372654, avg=(double)50.374461, min=(double)0.035593, max=(double)106.809275, latency=(double)19.139029, fps=(double)52.249255, frame_num=(uint)1192;
0:00:25.848065686 [32m    1[00m 0x7f9bf8000f70 [37mTRACE  [00m [00;34m          GST_TRACER :0::[00m latency_tracer_pipeline, frame_latency=(double)69.392129, avg=(double)50.390402, min=(double)0.035593, max=(double)106.809275, latency=(double)19.156166, fps=(double)52.202511, frame_num=(uint)1193;
0:00:25.848791763 [32m    1[00m 0x7f9bf8000f70 [37mTRACE  [00m [00;34m          GST_TRACER :0::[00m latency_tracer_pipeline, frame_latency=(double)41.453596, avg=(double)50.382918, min=(double)0.035593, max=(double)106.809275, latency=(double)19.140744, fps=(double)52.244572, frame_num=(uint)1194;
0:00:25.848809792 [32m    1[00m 0x7f9bf8000f70 [37mTRACE  [00m [00;34m          GST_TRACER :0::[00m latency_tracer_pipeline, frame_latency=(double)31.395360, avg=(double)50.367028, min=(double)0.035593, max=(double)106.809275, latency=(double)19.124748, fps=(double)52.288271, frame_num=(uint)1195;
0:00:25.891056232 [32m    1[00m 0x7f9bf8000f70 [37mTRACE  [00m [00;34m          GST_TRACER :0::[00m latency_tracer_pipeline, frame_latency=(double)60.939836, avg=(double)50.375869, min=(double)0.035593, max=(double)106.809275, latency=(double)19.144063, fps=(double)52.235516, frame_num=(uint)1196;
0:00:25.932914775 [32m    1[00m 0x7f9bf8000f70 [37mTRACE  [00m [00;34m          GST_TRACER :0::[00m latency_tracer_pipeline, frame_latency=(double)73.032504, avg=(double)50.394796, min=(double)0.035593, max=(double)106.809275, latency=(double)19.163042, fps=(double)52.183783, frame_num=(uint)1197;
0:00:25.934178605 [32m    1[00m 0x7f9bf8000f70 [37mTRACE  [00m [00;34m          GST_TRACER :0::[00m latency_tracer_pipeline, frame_latency=(double)42.589847, avg=(double)50.388281, min=(double)0.035593, max=(double)106.809275, latency=(double)19.148098, fps=(double)52.224508, frame_num=(uint)1198;
0:00:25.974450408 [32m    1[00m 0x7f9bf8000f70 [37mTRACE  [00m [00;34m          GST_TRACER :0::[00m latency_tracer_pipeline, frame_latency=(double)68.909899, avg=(double)50.403729, min=(double)0.035593, max=(double)106.809275, latency=(double)19.165715, fps=(double)52.176504, frame_num=(uint)1199;
0:00:25.975549233 [32m    1[00m 0x7f9bf8000f70 [37mTRACE  [00m [00;34m          GST_TRACER :0::[00m latency_tracer_pipeline, frame_latency=(double)41.272691, avg=(double)50.396120, min=(double)0.035593, max=(double)106.809275, latency=(double)19.150662, fps=(double)52.217517, frame_num=(uint)1200;
0:00:26.016239472 [32m    1[00m 0x7f9bf8000f70 [37mTRACE  [00m [00;34m          GST_TRACER :0::[00m latency_tracer_pipeline, frame_latency=(double)68.931485, avg=(double)50.411553, min=(double)0.035593, max=(double)106.809275, latency=(double)19.168592, fps=(double)52.168672, frame_num=(uint)1201;
0:00:26.017766377 [32m    1[00m 0x7f9bf8000f70 [37mTRACE  [00m [00;34m          GST_TRACER :0::[00m latency_tracer_pipeline, frame_latency=(double)41.621137, avg=(double)50.404240, min=(double)0.035593, max=(double)106.809275, latency=(double)19.153921, fps=(double)52.208632, frame_num=(uint)1202;
0:00:26.058622850 [32m    1[00m 0x7f9bf8000f70 [37mTRACE  [00m [00;34m          GST_TRACER :0::[00m latency_tracer_pipeline, frame_latency=(double)69.967609, avg=(double)50.420502, min=(double)0.035593, max=(double)106.809275, latency=(double)19.171958, fps=(double)52.159513, frame_num=(uint)1203;
0:00:26.059633765 [32m    1[00m 0x7f9bf8000f70 [37mTRACE  [00m [00;34m          GST_TRACER :0::[00m latency_tracer_pipeline, frame_latency=(double)39.442514, avg=(double)50.411384, min=(double)0.035593, max=(double)106.809275, latency=(double)19.156888, fps=(double)52.200544, frame_num=(uint)1204;
0:00:26.101865316 [32m    1[00m 0x7f9bf8000f70 [37mTRACE  [00m [00;34m          GST_TRACER :0::[00m latency_tracer_pipeline, frame_latency=(double)65.405423, avg=(double)50.423827, min=(double)0.035593, max=(double)106.809275, latency=(double)19.176026, fps=(double)52.148448, frame_num=(uint)1205;
0:00:26.145877420 [32m    1[00m 0x7f9bf8000f70 [37mTRACE  [00m [00;34m          GST_TRACER :0::[00m latency_tracer_pipeline, frame_latency=(double)75.343444, avg=(double)50.444490, min=(double)0.035593, max=(double)106.809275, latency=(double)19.196620, fps=(double)52.092503, frame_num=(uint)1206;
0:00:26.146961217 [32m    1[00m 0x7f9bf8000f70 [37mTRACE  [00m [00;34m          GST_TRACER :0::[00m latency_tracer_pipeline, frame_latency=(double)43.536270, avg=(double)50.438767, min=(double)0.035593, max=(double)106.809275, latency=(double)19.181606, fps=(double)52.133278, frame_num=(uint)1207;
0:00:26.188929213 [32m    1[00m 0x7f9bf8000f70 [37mTRACE  [00m [00;34m          GST_TRACER :0::[00m latency_tracer_pipeline, frame_latency=(double)71.185658, avg=(double)50.455941, min=(double)0.035593, max=(double)106.809275, latency=(double)19.200476, fps=(double)52.082042, frame_num=(uint)1208;
0:00:26.190152119 [32m    1[00m 0x7f9bf8000f70 [37mTRACE  [00m [00;34m          GST_TRACER :0::[00m latency_tracer_pipeline, frame_latency=(double)42.790626, avg=(double)50.449601, min=(double)0.035593, max=(double)106.809275, latency=(double)19.185608, fps=(double)52.122402, frame_num=(uint)1209;
0:00:26.230837006 [32m    1[00m 0x7f9bf8000f70 [37mTRACE  [00m [00;34m          GST_TRACER :0::[00m latency_tracer_pipeline, frame_latency=(double)68.288211, avg=(double)50.464344, min=(double)0.035593, max=(double)106.809275, latency=(double)19.203371, fps=(double)52.074190, frame_num=(uint)1210;
0:00:26.231993115 [32m    1[00m 0x7f9bf8000f70 [37mTRACE  [00m [00;34m          GST_TRACER :0::[00m latency_tracer_pipeline, frame_latency=(double)41.764253, avg=(double)50.457160, min=(double)0.035593, max=(double)106.809275, latency=(double)19.188475, fps=(double)52.114616, frame_num=(uint)1211;
0:00:26.268081920 [32m    1[00m 0x7f9bf8000f70 [37mTRACE  [00m [00;34m          GST_TRACER :0::[00m latency_tracer_pipeline, frame_latency=(double)64.527875, avg=(double)50.468769, min=(double)0.035593, max=(double)106.809275, latency=(double)19.202413, fps=(double)52.076790, frame_num=(uint)1212;
0:00:26.269135154 [32m    1[00m 0x7f9bf8000f70 [37mTRACE  [00m [00;34m          GST_TRACER :0::[00m latency_tracer_pipeline, frame_latency=(double)36.758446, avg=(double)50.457466, min=(double)0.035593, max=(double)106.809275, latency=(double)19.187454, fps=(double)52.117390, frame_num=(uint)1213;
0:00:26.305705808 [32m    1[00m 0x7f9bf8000f70 [37mTRACE  [00m [00;34m          GST_TRACER :0::[00m latency_tracer_pipeline, frame_latency=(double)65.128423, avg=(double)50.469551, min=(double)0.035593, max=(double)106.809275, latency=(double)19.201772, fps=(double)52.078528, frame_num=(uint)1214;
0:00:26.306812653 [32m    1[00m 0x7f9bf8000f70 [37mTRACE  [00m [00;34m          GST_TRACER :0::[00m latency_tracer_pipeline, frame_latency=(double)36.466303, avg=(double)50.458026, min=(double)0.035593, max=(double)106.809275, latency=(double)19.186888, fps=(double)52.118926, frame_num=(uint)1215;
0:00:26.346979628 [32m    1[00m 0x7f9bf8000f70 [37mTRACE  [00m [00;34m          GST_TRACER :0::[00m latency_tracer_pipeline, frame_latency=(double)68.834348, avg=(double)50.473138, min=(double)0.035593, max=(double)106.809275, latency=(double)19.204138, fps=(double)52.072110, frame_num=(uint)1216;
0:00:26.349219756 [32m    1[00m 0x7f9bf8000f70 [37mTRACE  [00m [00;34m          GST_TRACER :0::[00m latency_tracer_pipeline, frame_latency=(double)36.103112, avg=(double)50.461330, min=(double)0.035593, max=(double)106.809275, latency=(double)19.190203, fps=(double)52.109922, frame_num=(uint)1217;
0:00:26.388883734 [32m    1[00m 0x7f9bf8000f70 [37mTRACE  [00m [00;34m          GST_TRACER :0::[00m latency_tracer_pipeline, frame_latency=(double)66.344898, avg=(double)50.474371, min=(double)0.035593, max=(double)106.809275, latency=(double)19.207007, fps=(double)52.064332, frame_num=(uint)1218;
0:00:26.391363357 [32m    1[00m 0x7f9bf8000f70 [37mTRACE  [00m [00;34m          GST_TRACER :0::[00m latency_tracer_pipeline, frame_latency=(double)39.435665, avg=(double)50.465315, min=(double)0.035593, max=(double)106.809275, latency=(double)19.193289, fps=(double)52.101544, frame_num=(uint)1219;
FpsCounter(last 1.02sec): total=391.56 fps, number-streams=8, per-stream=48.94 fps (49.92, 49.92, 47.97, 49.92, 46.99, 47.97, 49.92, 48.94)
latency: -24700.18ms (-24842.27, -24928.88, -24950.63, -24747.37, -24543.80, -24801.92, -24245.41, -24542.68)
0:00:26.429856640 [32m    1[00m 0x7f9bf8000f70 [37mTRACE  [00m [00;34m          GST_TRACER :0::[00m latency_tracer_pipeline, frame_latency=(double)65.930723, avg=(double)50.477992, min=(double)0.035593, max=(double)106.809275, latency=(double)19.209100, fps=(double)52.058661, frame_num=(uint)1220;
0:00:26.429876892 [32m    1[00m 0x7f9bf8000f70 [37mTRACE  [00m [00;34m          GST_TRACER :0::[00m latency_tracer_pipeline_interval, interval=(double)1021.272447, avg=(double)52.737993, min=(double)25.503011, max=(double)75.343444, latency=(double)20.425449, fps=(double)48.958532;
0:00:26.432081625 [32m    1[00m 0x7f9bf8000f70 [37mTRACE  [00m [00;34m          GST_TRACER :0::[00m latency_tracer_pipeline, frame_latency=(double)40.370866, avg=(double)50.469714, min=(double)0.035593, max=(double)106.809275, latency=(double)19.195194, fps=(double)52.096374, frame_num=(uint)1221;
0:00:26.474293478 [32m    1[00m 0x7f9bf8000f70 [37mTRACE  [00m [00;34m          GST_TRACER :0::[00m latency_tracer_pipeline, frame_latency=(double)70.690837, avg=(double)50.486262, min=(double)0.035593, max=(double)106.809275, latency=(double)19.214026, fps=(double)52.045313, frame_num=(uint)1222;
0:00:26.513266201 [32m    1[00m 0x7f9bf8000f70 [37mTRACE  [00m [00;34m          GST_TRACER :0::[00m latency_tracer_pipeline, frame_latency=(double)67.408319, avg=(double)50.500098, min=(double)0.035593, max=(double)106.809275, latency=(double)19.230180, fps=(double)52.001593, frame_num=(uint)1223;
0:00:26.514462282 [32m    1[00m 0x7f9bf8000f70 [37mTRACE  [00m [00;34m          GST_TRACER :0::[00m latency_tracer_pipeline, frame_latency=(double)41.703435, avg=(double)50.492911, min=(double)0.035593, max=(double)106.809275, latency=(double)19.215445, fps=(double)52.041469, frame_num=(uint)1224;
0:00:26.555033554 [32m    1[00m 0x7f9bf8000f70 [37mTRACE  [00m [00;34m          GST_TRACER :0::[00m latency_tracer_pipeline, frame_latency=(double)70.728786, avg=(double)50.509430, min=(double)0.035593, max=(double)106.809275, latency=(double)19.232881, fps=(double)51.994291, frame_num=(uint)1225;
0:00:26.556276578 [32m    1[00m 0x7f9bf8000f70 [37mTRACE  [00m [00;34m          GST_TRACER :0::[00m latency_tracer_pipeline, frame_latency=(double)42.408725, avg=(double)50.502823, min=(double)0.035593, max=(double)106.809275, latency=(double)19.218212, fps=(double)52.033976, frame_num=(uint)1226;
0:00:26.599720176 [32m    1[00m 0x7f9bf8000f70 [37mTRACE  [00m [00;34m          GST_TRACER :0::[00m latency_tracer_pipeline, frame_latency=(double)72.487716, avg=(double)50.520741, min=(double)0.035593, max=(double)106.809275, latency=(double)19.237950, fps=(double)51.980589, frame_num=(uint)1227;
0:00:26.600792527 [32m    1[00m 0x7f9bf8000f70 [37mTRACE  [00m [00;34m          GST_TRACER :0::[00m latency_tracer_pipeline, frame_latency=(double)43.488488, avg=(double)50.515014, min=(double)0.035593, max=(double)106.809275, latency=(double)19.223162, fps=(double)52.020579, frame_num=(uint)1228;
0:00:26.639953980 [32m    1[00m 0x7f9bf8000f70 [37mTRACE  [00m [00;34m          GST_TRACER :0::[00m latency_tracer_pipeline, frame_latency=(double)66.279493, avg=(double)50.527841, min=(double)0.035593, max=(double)106.809275, latency=(double)19.239369, fps=(double)51.976757, frame_num=(uint)1229;
0:00:26.641086738 [32m    1[00m 0x7f9bf8000f70 [37mTRACE  [00m [00;34m          GST_TRACER :0::[00m latency_tracer_pipeline, frame_latency=(double)38.619569, avg=(double)50.518160, min=(double)0.035593, max=(double)106.809275, latency=(double)19.224666, fps=(double)52.016508, frame_num=(uint)1230;
0:00:26.679140294 [32m    1[00m 0x7f9bf8000f70 [37mTRACE  [00m [00;34m          GST_TRACER :0::[00m latency_tracer_pipeline, frame_latency=(double)64.463184, avg=(double)50.529488, min=(double)0.035593, max=(double)106.809275, latency=(double)19.239953, fps=(double)51.975180, frame_num=(uint)1231;
FpsCounter(average 21.37sec): total=412.83 fps, number-streams=8, per-stream=51.60 fps (51.75, 51.66, 51.84, 51.75, 51.38, 51.94, 51.10, 51.42)
0:00:26.680372159 [32m    1[00m 0x7f9bf8000f70 [37mTRACE  [00m [00;34m          GST_TRACER :0::[00m latency_tracer_pipeline, frame_latency=(double)36.632879, avg=(double)50.518208, min=(double)0.035593, max=(double)106.809275, latency=(double)19.225335, fps=(double)52.014697, frame_num=(uint)1232;
0:00:26.717884102 [32m    1[00m 0x7f9bf8000f70 [37mTRACE  [00m [00;34m          GST_TRACER :0::[00m latency_tracer_pipeline, frame_latency=(double)56.433170, avg=(double)50.523005, min=(double)0.035593, max=(double)106.809275, latency=(double)19.240169, fps=(double)51.974594, frame_num=(uint)1233;
0:00:26.719048275 [32m    1[00m 0x7f9bf8000f70 [37mTRACE  [00m [00;34m          GST_TRACER :0::[00m latency_tracer_pipeline, frame_latency=(double)32.460817, avg=(double)50.508368, min=(double)0.035593, max=(double)106.809275, latency=(double)19.225528, fps=(double)52.014177, frame_num=(uint)1234;
0:00:26.758722342 [32m    1[00m 0x7f9bf8000f70 [37mTRACE  [00m [00;34m          GST_TRACER :0::[00m latency_tracer_pipeline, frame_latency=(double)58.630837, avg=(double)50.514945, min=(double)0.035593, max=(double)106.809275, latency=(double)19.242079, fps=(double)51.969436, frame_num=(uint)1235;
0:00:26.759726464 [32m    1[00m 0x7f9bf8000f70 [37mTRACE  [00m [00;34m          GST_TRACER :0::[00m latency_tracer_pipeline, frame_latency=(double)33.372580, avg=(double)50.501076, min=(double)0.035593, max=(double)106.809275, latency=(double)19.227327, fps=(double)52.009311, frame_num=(uint)1236;
0:00:26.759770896 [32m    1[00m 0x7f9bf8000f70 [37mTRACE  [00m [00;34m          GST_TRACER :0::[00m latency_tracer_pipeline, frame_latency=(double)30.870899, avg=(double)50.485207, min=(double)0.035593, max=(double)106.809275, latency=(double)19.211823, fps=(double)52.051281, frame_num=(uint)1237;
0:00:26.799682909 [32m    1[00m 0x7f9bf8000f70 [37mTRACE  [00m [00;34m          GST_TRACER :0::[00m latency_tracer_pipeline, frame_latency=(double)64.728036, avg=(double)50.496711, min=(double)0.035593, max=(double)106.809275, latency=(double)19.228536, fps=(double)52.006038, frame_num=(uint)1238;
0:00:26.800923134 [32m    1[00m 0x7f9bf8000f70 [37mTRACE  [00m [00;34m          GST_TRACER :0::[00m latency_tracer_pipeline, frame_latency=(double)35.469717, avg=(double)50.484583, min=(double)0.035593, max=(double)106.809275, latency=(double)19.214019, fps=(double)52.045333, frame_num=(uint)1239;
0:00:26.840021305 [32m    1[00m 0x7f9bf8000f70 [37mTRACE  [00m [00;34m          GST_TRACER :0::[00m latency_tracer_pipeline, frame_latency=(double)62.448258, avg=(double)50.494231, min=(double)0.035593, max=(double)106.809275, latency=(double)19.230049, fps=(double)52.001946, frame_num=(uint)1240;
0:00:26.840990249 [32m    1[00m 0x7f9bf8000f70 [37mTRACE  [00m [00;34m          GST_TRACER :0::[00m latency_tracer_pipeline, frame_latency=(double)34.193259, avg=(double)50.481096, min=(double)0.035593, max=(double)106.809275, latency=(double)19.215340, fps=(double)52.041755, frame_num=(uint)1241;
0:00:26.880382279 [32m    1[00m 0x7f9bf8000f70 [37mTRACE  [00m [00;34m          GST_TRACER :0::[00m latency_tracer_pipeline, frame_latency=(double)61.305943, avg=(double)50.489812, min=(double)0.035593, max=(double)106.809275, latency=(double)19.231585, fps=(double)51.997795, frame_num=(uint)1242;
0:00:26.881756471 [32m    1[00m 0x7f9bf8000f70 [37mTRACE  [00m [00;34m          GST_TRACER :0::[00m latency_tracer_pipeline, frame_latency=(double)34.328911, avg=(double)50.476810, min=(double)0.035593, max=(double)106.809275, latency=(double)19.217228, fps=(double)52.036642, frame_num=(uint)1243;
0:00:26.922246031 [32m    1[00m 0x7f9bf8000f70 [37mTRACE  [00m [00;34m          GST_TRACER :0::[00m latency_tracer_pipeline, frame_latency=(double)58.660202, avg=(double)50.483388, min=(double)0.035593, max=(double)106.809275, latency=(double)19.234323, fps=(double)51.990393, frame_num=(uint)1244;
0:00:26.923536154 [32m    1[00m 0x7f9bf8000f70 [37mTRACE  [00m [00;34m          GST_TRACER :0::[00m latency_tracer_pipeline, frame_latency=(double)37.091402, avg=(double)50.472632, min=(double)0.035593, max=(double)106.809275, latency=(double)19.219915, fps=(double)52.029367, frame_num=(uint)1245;
0:00:26.964410621 [32m    1[00m 0x7f9bf8000f70 [37mTRACE  [00m [00;34m          GST_TRACER :0::[00m latency_tracer_pipeline, frame_latency=(double)66.901004, avg=(double)50.485817, min=(double)0.035593, max=(double)106.809275, latency=(double)19.237287, fps=(double)51.982383, frame_num=(uint)1246;
0:00:26.964467908 [32m    1[00m 0x7f9bf8000f70 [37mTRACE  [00m [00;34m          GST_TRACER :0::[00m latency_tracer_pipeline, frame_latency=(double)37.232526, avg=(double)50.475188, min=(double)0.035593, max=(double)106.809275, latency=(double)19.221917, fps=(double)52.023946, frame_num=(uint)1247;
0:00:26.965545271 [32m    1[00m 0x7f9bf8000f70 [37mTRACE  [00m [00;34m          GST_TRACER :0::[00m latency_tracer_pipeline, frame_latency=(double)33.698746, avg=(double)50.461746, min=(double)0.035593, max=(double)106.809275, latency=(double)19.207373, fps=(double)52.063340, frame_num=(uint)1248;
0:00:27.007659738 [32m    1[00m 0x7f9bf8000f70 [37mTRACE  [00m [00;34m          GST_TRACER :0::[00m latency_tracer_pipeline, frame_latency=(double)63.041141, avg=(double)50.471817, min=(double)0.035593, max=(double)106.809275, latency=(double)19.225707, fps=(double)52.013693, frame_num=(uint)1249;
0:00:27.008862203 [32m    1[00m 0x7f9bf8000f70 [37mTRACE  [00m [00;34m          GST_TRACER :0::[00m latency_tracer_pipeline, frame_latency=(double)33.555907, avg=(double)50.458285, min=(double)0.035593, max=(double)106.809275, latency=(double)19.211296, fps=(double)52.052708, frame_num=(uint)1250;
0:00:27.050585520 [32m    1[00m 0x7f9bf8000f70 [37mTRACE  [00m [00;34m          GST_TRACER :0::[00m latency_tracer_pipeline, frame_latency=(double)60.326781, avg=(double)50.466173, min=(double)0.035593, max=(double)106.809275, latency=(double)19.229288, fps=(double)52.004005, frame_num=(uint)1251;
0:00:27.052137585 [32m    1[00m 0x7f9bf8000f70 [37mTRACE  [00m [00;34m          GST_TRACER :0::[00m latency_tracer_pipeline, frame_latency=(double)33.527956, avg=(double)50.452644, min=(double)0.035593, max=(double)106.809275, latency=(double)19.215172, fps=(double)52.042209, frame_num=(uint)1252;
0:00:27.092322041 [32m    1[00m 0x7f9bf8000f70 [37mTRACE  [00m [00;34m          GST_TRACER :0::[00m latency_tracer_pipeline, frame_latency=(double)58.200416, avg=(double)50.458828, min=(double)0.035593, max=(double)106.809275, latency=(double)19.231904, fps=(double)51.996931, frame_num=(uint)1253;
0:00:27.093513957 [32m    1[00m 0x7f9bf8000f70 [37mTRACE  [00m [00;34m          GST_TRACER :0::[00m latency_tracer_pipeline, frame_latency=(double)32.733829, avg=(double)50.444693, min=(double)0.035593, max=(double)106.809275, latency=(double)19.217522, fps=(double)52.035845, frame_num=(uint)1254;
0:00:27.136491165 [32m    1[00m 0x7f9bf8000f70 [37mTRACE  [00m [00;34m          GST_TRACER :0::[00m latency_tracer_pipeline, frame_latency=(double)61.928655, avg=(double)50.453843, min=(double)0.035593, max=(double)106.809275, latency=(double)19.236449, fps=(double)51.984647, frame_num=(uint)1255;
0:00:27.177477652 [32m    1[00m 0x7f9bf8000f70 [37mTRACE  [00m [00;34m          GST_TRACER :0::[00m latency_tracer_pipeline, frame_latency=(double)75.295954, avg=(double)50.473622, min=(double)0.035593, max=(double)106.809275, latency=(double)19.253765, fps=(double)51.937894, frame_num=(uint)1256;
0:00:27.178464325 [32m    1[00m 0x7f9bf8000f70 [37mTRACE  [00m [00;34m          GST_TRACER :0::[00m latency_tracer_pipeline, frame_latency=(double)41.724935, avg=(double)50.466662, min=(double)0.035593, max=(double)106.809275, latency=(double)19.239239, fps=(double)51.977107, frame_num=(uint)1257;
0:00:27.217948388 [32m    1[00m 0x7f9bf8000f70 [37mTRACE  [00m [00;34m          GST_TRACER :0::[00m latency_tracer_pipeline, frame_latency=(double)69.158363, avg=(double)50.481520, min=(double)0.035593, max=(double)106.809275, latency=(double)19.255319, fps=(double)51.933703, frame_num=(uint)1258;
0:00:27.218995907 [32m    1[00m 0x7f9bf8000f70 [37mTRACE  [00m [00;34m          GST_TRACER :0::[00m latency_tracer_pipeline, frame_latency=(double)38.457042, avg=(double)50.471970, min=(double)0.035593, max=(double)106.809275, latency=(double)19.240870, fps=(double)51.972703, frame_num=(uint)1259;
0:00:27.257887311 [32m    1[00m 0x7f9bf8000f70 [37mTRACE  [00m [00;34m          GST_TRACER :0::[00m latency_tracer_pipeline, frame_latency=(double)65.064711, avg=(double)50.483551, min=(double)0.035593, max=(double)106.809275, latency=(double)19.256460, fps=(double)51.930624, frame_num=(uint)1260;
0:00:27.259191170 [32m    1[00m 0x7f9bf8000f70 [37mTRACE  [00m [00;34m          GST_TRACER :0::[00m latency_tracer_pipeline, frame_latency=(double)38.380088, avg=(double)50.473953, min=(double)0.035593, max=(double)106.809275, latency=(double)19.242228, fps=(double)51.969034, frame_num=(uint)1261;
0:00:27.298220761 [32m    1[00m 0x7f9bf8000f70 [37mTRACE  [00m [00;34m          GST_TRACER :0::[00m latency_tracer_pipeline, frame_latency=(double)70.025336, avg=(double)50.489445, min=(double)0.035593, max=(double)106.809275, latency=(double)19.257903, fps=(double)51.926735, frame_num=(uint)1262;
0:00:27.299717642 [32m    1[00m 0x7f9bf8000f70 [37mTRACE  [00m [00;34m          GST_TRACER :0::[00m latency_tracer_pipeline, frame_latency=(double)40.789024, avg=(double)50.481765, min=(double)0.035593, max=(double)106.809275, latency=(double)19.243844, fps=(double)51.964669, frame_num=(uint)1263;
0:00:27.336420971 [32m    1[00m 0x7f9bf8000f70 [37mTRACE  [00m [00;34m          GST_TRACER :0::[00m latency_tracer_pipeline, frame_latency=(double)67.375173, avg=(double)50.495130, min=(double)0.035593, max=(double)106.809275, latency=(double)19.257654, fps=(double)51.927406, frame_num=(uint)1264;
0:00:27.337580339 [32m    1[00m 0x7f9bf8000f70 [37mTRACE  [00m [00;34m          GST_TRACER :0::[00m latency_tracer_pipeline, frame_latency=(double)37.887498, avg=(double)50.485163, min=(double)0.035593, max=(double)106.809275, latency=(double)19.243348, fps=(double)51.966008, frame_num=(uint)1265;
0:00:27.377752533 [32m    1[00m 0x7f9bf8000f70 [37mTRACE  [00m [00;34m          GST_TRACER :0::[00m latency_tracer_pipeline, frame_latency=(double)70.566564, avg=(double)50.501025, min=(double)0.035593, max=(double)106.809275, latency=(double)19.259875, fps=(double)51.921416, frame_num=(uint)1266;
0:00:27.379006058 [32m    1[00m 0x7f9bf8000f70 [37mTRACE  [00m [00;34m          GST_TRACER :0::[00m latency_tracer_pipeline, frame_latency=(double)41.785372, avg=(double)50.494146, min=(double)0.035593, max=(double)106.809275, latency=(double)19.245672, fps=(double)51.959735, frame_num=(uint)1267;
0:00:27.422020702 [32m    1[00m 0x7f9bf8000f70 [37mTRACE  [00m [00;34m          GST_TRACER :0::[00m latency_tracer_pipeline, frame_latency=(double)74.206142, avg=(double)50.512847, min=(double)0.035593, max=(double)106.809275, latency=(double)19.264410, fps=(double)51.909195, frame_num=(uint)1268;
0:00:27.423078130 [32m    1[00m 0x7f9bf8000f70 [37mTRACE  [00m [00;34m          GST_TRACER :0::[00m latency_tracer_pipeline, frame_latency=(double)45.104478, avg=(double)50.508585, min=(double)0.035593, max=(double)106.809275, latency=(double)19.250069, fps=(double)51.947866, frame_num=(uint)1269;
0:00:27.423093449 [32m    1[00m 0x7f9bf8000f70 [37mTRACE  [00m [00;34m          GST_TRACER :0::[00m latency_tracer_pipeline, frame_latency=(double)31.792528, avg=(double)50.493848, min=(double)0.035593, max=(double)106.809275, latency=(double)19.234927, fps=(double)51.988760, frame_num=(uint)1270;
FpsCounter(last 1.03sec): total=387.36 fps, number-streams=8, per-stream=48.42 fps (48.42, 44.55, 50.36, 47.45, 47.45, 51.33, 49.39, 48.42)
latency: -25670.13ms (-25804.91, -25810.35, -25956.37, -25736.46, -25458.03, -25810.45, -25281.72, -25498.98)
0:00:27.462555861 [32m    1[00m 0x7f9bf8000f70 [37mTRACE  [00m [00;34m          GST_TRACER :0::[00m latency_tracer_pipeline, frame_latency=(double)58.937734, avg=(double)50.500491, min=(double)0.035593, max=(double)106.809275, latency=(double)19.250828, fps=(double)51.945818, frame_num=(uint)1271;
0:00:27.462581619 [32m    1[00m 0x7f9bf8000f70 [37mTRACE  [00m [00;34m          GST_TRACER :0::[00m latency_tracer_pipeline_interval, interval=(double)1032.700828, avg=(double)51.038710, min=(double)30.870899, max=(double)75.295954, latency=(double)20.249036, fps=(double)49.385067;
0:00:27.463440856 [32m    1[00m 0x7f9bf8000f70 [37mTRACE  [00m [00;34m          GST_TRACER :0::[00m latency_tracer_pipeline, frame_latency=(double)34.085982, avg=(double)50.487587, min=(double)0.035593, max=(double)106.809275, latency=(double)19.236391, fps=(double)51.984802, frame_num=(uint)1272;
0:00:27.504414081 [32m    1[00m 0x7f9bf8000f70 [37mTRACE  [00m [00;34m          GST_TRACER :0::[00m latency_tracer_pipeline, frame_latency=(double)62.937242, avg=(double)50.497366, min=(double)0.035593, max=(double)106.809275, latency=(double)19.253461, fps=(double)51.938713, frame_num=(uint)1273;
0:00:27.505710759 [32m    1[00m 0x7f9bf8000f70 [37mTRACE  [00m [00;34m          GST_TRACER :0::[00m latency_tracer_pipeline, frame_latency=(double)34.533117, avg=(double)50.484836, min=(double)0.035593, max=(double)106.809275, latency=(double)19.239372, fps=(double)51.976749, frame_num=(uint)1274;
0:00:27.546593514 [32m    1[00m 0x7f9bf8000f70 [37mTRACE  [00m [00;34m          GST_TRACER :0::[00m latency_tracer_pipeline, frame_latency=(double)64.878222, avg=(double)50.496125, min=(double)0.035593, max=(double)106.809275, latency=(double)19.256344, fps=(double)51.930938, frame_num=(uint)1275;
0:00:27.547566524 [32m    1[00m 0x7f9bf8000f70 [37mTRACE  [00m [00;34m          GST_TRACER :0::[00m latency_tracer_pipeline, frame_latency=(double)34.750969, avg=(double)50.483785, min=(double)0.035593, max=(double)106.809275, latency=(double)19.242019, fps=(double)51.969597, frame_num=(uint)1276;
0:00:27.587760363 [32m    1[00m 0x7f9bf8000f70 [37mTRACE  [00m [00;34m          GST_TRACER :0::[00m latency_tracer_pipeline, frame_latency=(double)60.401212, avg=(double)50.491551, min=(double)0.035593, max=(double)106.809275, latency=(double)19.258419, fps=(double)51.925342, frame_num=(uint)1277;
0:00:27.588870018 [32m    1[00m 0x7f9bf8000f70 [37mTRACE  [00m [00;34m          GST_TRACER :0::[00m latency_tracer_pipeline, frame_latency=(double)33.506804, avg=(double)50.478261, min=(double)0.035593, max=(double)106.809275, latency=(double)19.244226, fps=(double)51.963639, frame_num=(uint)1278;
0:00:27.627248191 [32m    1[00m 0x7f9bf8000f70 [37mTRACE  [00m [00;34m          GST_TRACER :0::[00m latency_tracer_pipeline, frame_latency=(double)57.126641, avg=(double)50.483459, min=(double)0.035593, max=(double)106.809275, latency=(double)19.259183, fps=(double)51.923283, frame_num=(uint)1279;
0:00:27.628125967 [32m    1[00m 0x7f9bf8000f70 [37mTRACE  [00m [00;34m          GST_TRACER :0::[00m latency_tracer_pipeline, frame_latency=(double)34.048583, avg=(double)50.470620, min=(double)0.035593, max=(double)106.809275, latency=(double)19.244822, fps=(double)51.962028, frame_num=(uint)1280;
0:00:27.664734182 [32m    1[00m 0x7f9bf8000f70 [37mTRACE  [00m [00;34m          GST_TRACER :0::[00m latency_tracer_pipeline, frame_latency=(double)63.042020, avg=(double)50.480433, min=(double)0.035593, max=(double)106.809275, latency=(double)19.258372, fps=(double)51.925469, frame_num=(uint)1281;
0:00:27.665882801 [32m    1[00m 0x7f9bf8000f70 [37mTRACE  [00m [00;34m          GST_TRACER :0::[00m latency_tracer_pipeline, frame_latency=(double)36.466584, avg=(double)50.469502, min=(double)0.035593, max=(double)106.809275, latency=(double)19.244251, fps=(double)51.963572, frame_num=(uint)1282;
FpsCounter(average 22.39sec): total=411.85 fps, number-streams=8, per-stream=51.48 fps (51.71, 51.44, 51.75, 51.62, 51.17, 51.75, 51.08, 51.31)
0:00:27.701872162 [32m    1[00m 0x7f9bf8000f70 [37mTRACE  [00m [00;34m          GST_TRACER :0::[00m latency_tracer_pipeline, frame_latency=(double)64.980504, avg=(double)50.480812, min=(double)0.035593, max=(double)106.809275, latency=(double)19.257303, fps=(double)51.928352, frame_num=(uint)1283;
0:00:27.704718037 [32m    1[00m 0x7f9bf8000f70 [37mTRACE  [00m [00;34m          GST_TRACER :0::[00m latency_tracer_pipeline, frame_latency=(double)38.519841, avg=(double)50.471497, min=(double)0.035593, max=(double)106.809275, latency=(double)19.244520, fps=(double)51.962844, frame_num=(uint)1284;
0:00:27.739631981 [32m    1[00m 0x7f9bf8000f70 [37mTRACE  [00m [00;34m          GST_TRACER :0::[00m latency_tracer_pipeline, frame_latency=(double)65.933724, avg=(double)50.483530, min=(double)0.035593, max=(double)106.809275, latency=(double)19.256713, fps=(double)51.929944, frame_num=(uint)1285;
0:00:27.740778963 [32m    1[00m 0x7f9bf8000f70 [37mTRACE  [00m [00;34m          GST_TRACER :0::[00m latency_tracer_pipeline, frame_latency=(double)35.901510, avg=(double)50.472191, min=(double)0.035593, max=(double)106.809275, latency=(double)19.242632, fps=(double)51.967942, frame_num=(uint)1286;
0:00:27.778916538 [32m    1[00m 0x7f9bf8000f70 [37mTRACE  [00m [00;34m          GST_TRACER :0::[00m latency_tracer_pipeline, frame_latency=(double)66.647685, avg=(double)50.484759, min=(double)0.035593, max=(double)106.809275, latency=(double)19.257311, fps=(double)51.928330, frame_num=(uint)1287;
0:00:27.780236217 [32m    1[00m 0x7f9bf8000f70 [37mTRACE  [00m [00;34m          GST_TRACER :0::[00m latency_tracer_pipeline, frame_latency=(double)37.398679, avg=(double)50.474599, min=(double)0.035593, max=(double)106.809275, latency=(double)19.243387, fps=(double)51.965903, frame_num=(uint)1288;
0:00:27.818058892 [32m    1[00m 0x7f9bf8000f70 [37mTRACE  [00m [00;34m          GST_TRACER :0::[00m latency_tracer_pipeline, frame_latency=(double)66.797300, avg=(double)50.487262, min=(double)0.035593, max=(double)106.809275, latency=(double)19.257800, fps=(double)51.927011, frame_num=(uint)1289;
0:00:27.819082124 [32m    1[00m 0x7f9bf8000f70 [37mTRACE  [00m [00;34m          GST_TRACER :0::[00m latency_tracer_pipeline, frame_latency=(double)36.024233, avg=(double)50.476051, min=(double)0.035593, max=(double)106.809275, latency=(double)19.243665, fps=(double)51.965153, frame_num=(uint)1290;
0:00:27.856895389 [32m    1[00m 0x7f9bf8000f70 [37mTRACE  [00m [00;34m          GST_TRACER :0::[00m latency_tracer_pipeline, frame_latency=(double)65.120695, avg=(double)50.487394, min=(double)0.035593, max=(double)106.809275, latency=(double)19.258047, fps=(double)51.926346, frame_num=(uint)1291;
0:00:27.857893165 [32m    1[00m 0x7f9bf8000f70 [37mTRACE  [00m [00;34m          GST_TRACER :0::[00m latency_tracer_pipeline, frame_latency=(double)34.931195, avg=(double)50.475354, min=(double)0.035593, max=(double)106.809275, latency=(double)19.243917, fps=(double)51.964474, frame_num=(uint)1292;
0:00:27.896751194 [32m    1[00m 0x7f9bf8000f70 [37mTRACE  [00m [00;34m          GST_TRACER :0::[00m latency_tracer_pipeline, frame_latency=(double)65.295096, avg=(double)50.486815, min=(double)0.035593, max=(double)106.809275, latency=(double)19.259083, fps=(double)51.923553, frame_num=(uint)1293;
0:00:27.897512994 [32m    1[00m 0x7f9bf8000f70 [37mTRACE  [00m [00;34m          GST_TRACER :0::[00m latency_tracer_pipeline, frame_latency=(double)35.032195, avg=(double)50.474872, min=(double)0.035593, max=(double)106.809275, latency=(double)19.244804, fps=(double)51.962078, frame_num=(uint)1294;
0:00:27.935637107 [32m    1[00m 0x7f9bf8000f70 [37mTRACE  [00m [00;34m          GST_TRACER :0::[00m latency_tracer_pipeline, frame_latency=(double)65.414615, avg=(double)50.486408, min=(double)0.035593, max=(double)106.809275, latency=(double)19.259374, fps=(double)51.922768, frame_num=(uint)1295;
0:00:27.937099884 [32m    1[00m 0x7f9bf8000f70 [37mTRACE  [00m [00;34m          GST_TRACER :0::[00m latency_tracer_pipeline, frame_latency=(double)33.115915, avg=(double)50.473005, min=(double)0.035593, max=(double)106.809275, latency=(double)19.245644, fps=(double)51.959809, frame_num=(uint)1296;
0:00:27.974209728 [32m    1[00m 0x7f9bf8000f70 [37mTRACE  [00m [00;34m          GST_TRACER :0::[00m latency_tracer_pipeline, frame_latency=(double)62.930191, avg=(double)50.482610, min=(double)0.035593, max=(double)106.809275, latency=(double)19.259406, fps=(double)51.922682, frame_num=(uint)1297;
0:00:28.015467289 [32m    1[00m 0x7f9bf8000f70 [37mTRACE  [00m [00;34m          GST_TRACER :0::[00m latency_tracer_pipeline, frame_latency=(double)73.339533, avg=(double)50.500219, min=(double)0.035593, max=(double)106.809275, latency=(double)19.276351, fps=(double)51.877039, frame_num=(uint)1298;
0:00:28.016799903 [32m    1[00m 0x7f9bf8000f70 [37mTRACE  [00m [00;34m          GST_TRACER :0::[00m latency_tracer_pipeline, frame_latency=(double)42.440000, avg=(double)50.494014, min=(double)0.035593, max=(double)106.809275, latency=(double)19.262555, fps=(double)51.914194, frame_num=(uint)1299;
0:00:28.057409003 [32m    1[00m 0x7f9bf8000f70 [37mTRACE  [00m [00;34m          GST_TRACER :0::[00m latency_tracer_pipeline, frame_latency=(double)72.263006, avg=(double)50.510760, min=(double)0.035593, max=(double)106.809275, latency=(double)19.278969, fps=(double)51.869992, frame_num=(uint)1300;
0:00:28.058475097 [32m    1[00m 0x7f9bf8000f70 [37mTRACE  [00m [00;34m          GST_TRACER :0::[00m latency_tracer_pipeline, frame_latency=(double)42.763523, avg=(double)50.504805, min=(double)0.035593, max=(double)106.809275, latency=(double)19.264976, fps=(double)51.907670, frame_num=(uint)1301;
0:00:28.101038130 [32m    1[00m 0x7f9bf8000f70 [37mTRACE  [00m [00;34m          GST_TRACER :0::[00m latency_tracer_pipeline, frame_latency=(double)71.545759, avg=(double)50.520965, min=(double)0.035593, max=(double)106.809275, latency=(double)19.282860, fps=(double)51.859526, frame_num=(uint)1302;
0:00:28.101721721 [32m    1[00m 0x7f9bf8000f70 [37mTRACE  [00m [00;34m          GST_TRACER :0::[00m latency_tracer_pipeline, frame_latency=(double)41.541228, avg=(double)50.514074, min=(double)0.035593, max=(double)106.809275, latency=(double)19.268598, fps=(double)51.897911, frame_num=(uint)1303;
0:00:28.142421524 [32m    1[00m 0x7f9bf8000f70 [37mTRACE  [00m [00;34m          GST_TRACER :0::[00m latency_tracer_pipeline, frame_latency=(double)68.410109, avg=(double)50.527798, min=(double)0.035593, max=(double)106.809275, latency=(double)19.285027, fps=(double)51.853701, frame_num=(uint)1304;
0:00:28.143784188 [32m    1[00m 0x7f9bf8000f70 [37mTRACE  [00m [00;34m          GST_TRACER :0::[00m latency_tracer_pipeline, frame_latency=(double)40.195023, avg=(double)50.519880, min=(double)0.035593, max=(double)106.809275, latency=(double)19.271296, fps=(double)51.890646, frame_num=(uint)1305;
0:00:28.143802222 [32m    1[00m 0x7f9bf8000f70 [37mTRACE  [00m [00;34m          GST_TRACER :0::[00m latency_tracer_pipeline, frame_latency=(double)29.324612, avg=(double)50.503651, min=(double)0.035593, max=(double)106.809275, latency=(double)19.256559, fps=(double)51.930359, frame_num=(uint)1306;
0:00:28.184133925 [32m    1[00m 0x7f9bf8000f70 [37mTRACE  [00m [00;34m          GST_TRACER :0::[00m latency_tracer_pipeline, frame_latency=(double)59.264430, avg=(double)50.510354, min=(double)0.035593, max=(double)106.809275, latency=(double)19.272674, fps=(double)51.886936, frame_num=(uint)1307;
0:00:28.185634876 [32m    1[00m 0x7f9bf8000f70 [37mTRACE  [00m [00;34m          GST_TRACER :0::[00m latency_tracer_pipeline, frame_latency=(double)34.731241, avg=(double)50.498290, min=(double)0.035593, max=(double)106.809275, latency=(double)19.259092, fps=(double)51.923528, frame_num=(uint)1308;
0:00:28.224846510 [32m    1[00m 0x7f9bf8000f70 [37mTRACE  [00m [00;34m          GST_TRACER :0::[00m latency_tracer_pipeline, frame_latency=(double)61.768627, avg=(double)50.506900, min=(double)0.035593, max=(double)106.809275, latency=(double)19.274330, fps=(double)51.882478, frame_num=(uint)1309;
0:00:28.226185423 [32m    1[00m 0x7f9bf8000f70 [37mTRACE  [00m [00;34m          GST_TRACER :0::[00m latency_tracer_pipeline, frame_latency=(double)37.148882, avg=(double)50.496703, min=(double)0.035593, max=(double)106.809275, latency=(double)19.260644, fps=(double)51.919343, frame_num=(uint)1310;
0:00:28.265019992 [32m    1[00m 0x7f9bf8000f70 [37mTRACE  [00m [00;34m          GST_TRACER :0::[00m latency_tracer_pipeline, frame_latency=(double)62.182867, avg=(double)50.505617, min=(double)0.035593, max=(double)106.809275, latency=(double)19.275570, fps=(double)51.879141, frame_num=(uint)1311;
0:00:28.266146664 [32m    1[00m 0x7f9bf8000f70 [37mTRACE  [00m [00;34m          GST_TRACER :0::[00m latency_tracer_pipeline, frame_latency=(double)36.022453, avg=(double)50.494578, min=(double)0.035593, max=(double)106.809275, latency=(double)19.261745, fps=(double)51.916375, frame_num=(uint)1312;
0:00:28.305640808 [32m    1[00m 0x7f9bf8000f70 [37mTRACE  [00m [00;34m          GST_TRACER :0::[00m latency_tracer_pipeline, frame_latency=(double)62.753957, avg=(double)50.503915, min=(double)0.035593, max=(double)106.809275, latency=(double)19.277144, fps=(double)51.874905, frame_num=(uint)1313;
0:00:28.306791931 [32m    1[00m 0x7f9bf8000f70 [37mTRACE  [00m [00;34m          GST_TRACER :0::[00m latency_tracer_pipeline, frame_latency=(double)35.621780, avg=(double)50.492589, min=(double)0.035593, max=(double)106.809275, latency=(double)19.263360, fps=(double)51.912025, frame_num=(uint)1314;
0:00:28.346800254 [32m    1[00m 0x7f9bf8000f70 [37mTRACE  [00m [00;34m          GST_TRACER :0::[00m latency_tracer_pipeline, frame_latency=(double)62.189749, avg=(double)50.501484, min=(double)0.035593, max=(double)106.809275, latency=(double)19.279122, fps=(double)51.869583, frame_num=(uint)1315;
0:00:28.348030778 [32m    1[00m 0x7f9bf8000f70 [37mTRACE  [00m [00;34m          GST_TRACER :0::[00m latency_tracer_pipeline, frame_latency=(double)34.468429, avg=(double)50.489301, min=(double)0.035593, max=(double)106.809275, latency=(double)19.265419, fps=(double)51.906476, frame_num=(uint)1316;
0:00:28.383728032 [32m    1[00m 0x7f9bf8000f70 [37mTRACE  [00m [00;34m          GST_TRACER :0::[00m latency_tracer_pipeline, frame_latency=(double)56.854720, avg=(double)50.494134, min=(double)0.035593, max=(double)106.809275, latency=(double)19.277882, fps=(double)51.872918, frame_num=(uint)1317;
0:00:28.384590569 [32m    1[00m 0x7f9bf8000f70 [37mTRACE  [00m [00;34m          GST_TRACER :0::[00m latency_tracer_pipeline, frame_latency=(double)33.379209, avg=(double)50.481149, min=(double)0.035593, max=(double)106.809275, latency=(double)19.263917, fps=(double)51.910524, frame_num=(uint)1318;
0:00:28.420581959 [32m    1[00m 0x7f9bf8000f70 [37mTRACE  [00m [00;34m          GST_TRACER :0::[00m latency_tracer_pipeline, frame_latency=(double)62.518954, avg=(double)50.490275, min=(double)0.035593, max=(double)106.809275, latency=(double)19.276598, fps=(double)51.876375, frame_num=(uint)1319;
0:00:28.421519308 [32m    1[00m 0x7f9bf8000f70 [37mTRACE  [00m [00;34m          GST_TRACER :0::[00m latency_tracer_pipeline, frame_latency=(double)33.013034, avg=(double)50.477035, min=(double)0.035593, max=(double)106.809275, latency=(double)19.262712, fps=(double)51.913770, frame_num=(uint)1320;
0:00:28.457855505 [32m    1[00m 0x7f9bf8000f70 [37mTRACE  [00m [00;34m          GST_TRACER :0::[00m latency_tracer_pipeline, frame_latency=(double)63.942067, avg=(double)50.487228, min=(double)0.035593, max=(double)106.809275, latency=(double)19.275625, fps=(double)51.878992, frame_num=(uint)1321;
0:00:28.459166170 [32m    1[00m 0x7f9bf8000f70 [37mTRACE  [00m [00;34m          GST_TRACER :0::[00m latency_tracer_pipeline, frame_latency=(double)32.786157, avg=(double)50.473838, min=(double)0.035593, max=(double)106.809275, latency=(double)19.262042, fps=(double)51.915575, frame_num=(uint)1322;
FpsCounter(last 1.03sec): total=403.10 fps, number-streams=8, per-stream=50.39 fps (50.39, 51.36, 50.39, 51.36, 51.36, 50.39, 49.42, 48.45)
latency: -26676.09ms (-26828.25, -26771.29, -26973.72, -26739.62, -26443.11, -26861.78, -26295.48, -26482.14)
0:00:28.494465544 [32m    1[00m 0x7f9bf8000f70 [37mTRACE  [00m [00;34m          GST_TRACER :0::[00m latency_tracer_pipeline, frame_latency=(double)65.443733, avg=(double)50.485154, min=(double)0.035593, max=(double)106.809275, latency=(double)19.274160, fps=(double)51.882935, frame_num=(uint)1323;
0:00:28.494487740 [32m    1[00m 0x7f9bf8000f70 [37mTRACE  [00m [00;34m          GST_TRACER :0::[00m latency_tracer_pipeline_interval, interval=(double)1031.911363, avg=(double)50.110266, min=(double)29.324612, max=(double)73.339533, latency=(double)19.844449, fps=(double)50.391925;
0:00:28.495842639 [32m    1[00m 0x7f9bf8000f70 [37mTRACE  [00m [00;34m          GST_TRACER :0::[00m latency_tracer_pipeline, frame_latency=(double)37.426986, avg=(double)50.475291, min=(double)0.035593, max=(double)106.809275, latency=(double)19.260647, fps=(double)51.919335, frame_num=(uint)1324;
0:00:28.535154847 [32m    1[00m 0x7f9bf8000f70 [37mTRACE  [00m [00;34m          GST_TRACER :0::[00m latency_tracer_pipeline, frame_latency=(double)69.870035, avg=(double)50.489928, min=(double)0.035593, max=(double)106.809275, latency=(double)19.275778, fps=(double)51.878579, frame_num=(uint)1325;
0:00:28.536036883 [32m    1[00m 0x7f9bf8000f70 [37mTRACE  [00m [00;34m          GST_TRACER :0::[00m latency_tracer_pipeline, frame_latency=(double)40.879690, avg=(double)50.482681, min=(double)0.035593, max=(double)106.809275, latency=(double)19.261911, fps=(double)51.915929, frame_num=(uint)1326;
0:00:28.536064574 [32m    1[00m 0x7f9bf8000f70 [37mTRACE  [00m [00;34m          GST_TRACER :0::[00m latency_tracer_pipeline, frame_latency=(double)32.014060, avg=(double)50.468763, min=(double)0.035593, max=(double)106.809275, latency=(double)19.247418, fps=(double)51.955020, frame_num=(uint)1327;
0:00:28.577181973 [32m    1[00m 0x7f9bf8000f70 [37mTRACE  [00m [00;34m          GST_TRACER :0::[00m latency_tracer_pipeline, frame_latency=(double)60.510821, avg=(double)50.476325, min=(double)0.035593, max=(double)106.809275, latency=(double)19.263878, fps=(double)51.910628, frame_num=(uint)1328;
0:00:28.578164160 [32m    1[00m 0x7f9bf8000f70 [37mTRACE  [00m [00;34m          GST_TRACER :0::[00m latency_tracer_pipeline, frame_latency=(double)32.045349, avg=(double)50.462457, min=(double)0.035593, max=(double)106.809275, latency=(double)19.250123, fps=(double)51.947721, frame_num=(uint)1329;
0:00:28.618956358 [32m    1[00m 0x7f9bf8000f70 [37mTRACE  [00m [00;34m          GST_TRACER :0::[00m latency_tracer_pipeline, frame_latency=(double)59.445923, avg=(double)50.469211, min=(double)0.035593, max=(double)106.809275, latency=(double)19.266310, fps=(double)51.904075, frame_num=(uint)1330;
0:00:28.620034505 [32m    1[00m 0x7f9bf8000f70 [37mTRACE  [00m [00;34m          GST_TRACER :0::[00m latency_tracer_pipeline, frame_latency=(double)33.123436, avg=(double)50.456179, min=(double)0.035593, max=(double)106.809275, latency=(double)19.252661, fps=(double)51.940873, frame_num=(uint)1331;
0:00:28.661141528 [32m    1[00m 0x7f9bf8000f70 [37mTRACE  [00m [00;34m          GST_TRACER :0::[00m latency_tracer_pipeline, frame_latency=(double)59.388703, avg=(double)50.462885, min=(double)0.035593, max=(double)106.809275, latency=(double)19.269056, fps=(double)51.896678, frame_num=(uint)1332;
0:00:28.662481755 [32m    1[00m 0x7f9bf8000f70 [37mTRACE  [00m [00;34m          GST_TRACER :0::[00m latency_tracer_pipeline, frame_latency=(double)33.709115, avg=(double)50.450317, min=(double)0.035593, max=(double)106.809275, latency=(double)19.255618, fps=(double)51.932896, frame_num=(uint)1333;
0:00:28.703762889 [32m    1[00m 0x7f9bf8000f70 [37mTRACE  [00m [00;34m          GST_TRACER :0::[00m latency_tracer_pipeline, frame_latency=(double)61.750561, avg=(double)50.458788, min=(double)0.035593, max=(double)106.809275, latency=(double)19.272126, fps=(double)51.888410, frame_num=(uint)1334;
FpsCounter(average 23.40sec): total=411.31 fps, number-streams=8, per-stream=51.41 fps (51.67, 51.42, 51.76, 51.50, 51.12, 51.72, 50.99, 51.12)
0:00:28.704624207 [32m    1[00m 0x7f9bf8000f70 [37mTRACE  [00m [00;34m          GST_TRACER :0::[00m latency_tracer_pipeline, frame_latency=(double)33.283100, avg=(double)50.445922, min=(double)0.035593, max=(double)106.809275, latency=(double)19.258339, fps=(double)51.925557, frame_num=(uint)1335;
0:00:28.747545240 [32m    1[00m 0x7f9bf8000f70 [37mTRACE  [00m [00;34m          GST_TRACER :0::[00m latency_tracer_pipeline, frame_latency=(double)63.217771, avg=(double)50.455482, min=(double)0.035593, max=(double)106.809275, latency=(double)19.276039, fps=(double)51.877877, frame_num=(uint)1336;
0:00:28.789631086 [32m    1[00m 0x7f9bf8000f70 [37mTRACE  [00m [00;34m          GST_TRACER :0::[00m latency_tracer_pipeline, frame_latency=(double)74.597961, avg=(double)50.473539, min=(double)0.035593, max=(double)106.809275, latency=(double)19.293099, fps=(double)51.832004, frame_num=(uint)1337;
0:00:28.790866705 [32m    1[00m 0x7f9bf8000f70 [37mTRACE  [00m [00;34m          GST_TRACER :0::[00m latency_tracer_pipeline, frame_latency=(double)39.307939, avg=(double)50.465194, min=(double)0.035593, max=(double)106.809275, latency=(double)19.279607, fps=(double)51.868278, frame_num=(uint)1338;
0:00:28.832745624 [32m    1[00m 0x7f9bf8000f70 [37mTRACE  [00m [00;34m          GST_TRACER :0::[00m latency_tracer_pipeline, frame_latency=(double)68.206815, avg=(double)50.478444, min=(double)0.035593, max=(double)106.809275, latency=(double)19.296480, fps=(double)51.822923, frame_num=(uint)1339;
0:00:28.833760766 [32m    1[00m 0x7f9bf8000f70 [37mTRACE  [00m [00;34m          GST_TRACER :0::[00m latency_tracer_pipeline, frame_latency=(double)39.711336, avg=(double)50.470409, min=(double)0.035593, max=(double)106.809275, latency=(double)19.282844, fps=(double)51.859569, frame_num=(uint)1340;
0:00:28.875715549 [32m    1[00m 0x7f9bf8000f70 [37mTRACE  [00m [00;34m          GST_TRACER :0::[00m latency_tracer_pipeline, frame_latency=(double)60.389772, avg=(double)50.477806, min=(double)0.035593, max=(double)106.809275, latency=(double)19.299752, fps=(double)51.814138, frame_num=(uint)1341;
0:00:28.876491278 [32m    1[00m 0x7f9bf8000f70 [37mTRACE  [00m [00;34m          GST_TRACER :0::[00m latency_tracer_pipeline, frame_latency=(double)32.223159, avg=(double)50.464203, min=(double)0.035593, max=(double)106.809275, latency=(double)19.285946, fps=(double)51.851230, frame_num=(uint)1342;
0:00:28.916842417 [32m    1[00m 0x7f9bf8000f70 [37mTRACE  [00m [00;34m          GST_TRACER :0::[00m latency_tracer_pipeline, frame_latency=(double)58.966016, avg=(double)50.470534, min=(double)0.035593, max=(double)106.809275, latency=(double)19.301634, fps=(double)51.809084, frame_num=(uint)1343;
0:00:28.917602670 [32m    1[00m 0x7f9bf8000f70 [37mTRACE  [00m [00;34m          GST_TRACER :0::[00m latency_tracer_pipeline, frame_latency=(double)32.288445, avg=(double)50.457005, min=(double)0.035593, max=(double)106.809275, latency=(double)19.287842, fps=(double)51.846131, frame_num=(uint)1344;
0:00:28.957724409 [32m    1[00m 0x7f9bf8000f70 [37mTRACE  [00m [00;34m          GST_TRACER :0::[00m latency_tracer_pipeline, frame_latency=(double)58.841658, avg=(double)50.463239, min=(double)0.035593, max=(double)106.809275, latency=(double)19.303313, fps=(double)51.804579, frame_num=(uint)1345;
0:00:28.958959269 [32m    1[00m 0x7f9bf8000f70 [37mTRACE  [00m [00;34m          GST_TRACER :0::[00m latency_tracer_pipeline, frame_latency=(double)32.061639, avg=(double)50.449568, min=(double)0.035593, max=(double)106.809275, latency=(double)19.289883, fps=(double)51.840646, frame_num=(uint)1346;
0:00:28.999855913 [32m    1[00m 0x7f9bf8000f70 [37mTRACE  [00m [00;34m          GST_TRACER :0::[00m latency_tracer_pipeline, frame_latency=(double)60.320856, avg=(double)50.456896, min=(double)0.035593, max=(double)106.809275, latency=(double)19.305938, fps=(double)51.797535, frame_num=(uint)1347;
0:00:29.001182575 [32m    1[00m 0x7f9bf8000f70 [37mTRACE  [00m [00;34m          GST_TRACER :0::[00m latency_tracer_pipeline, frame_latency=(double)32.657115, avg=(double)50.443692, min=(double)0.035593, max=(double)106.809275, latency=(double)19.292611, fps=(double)51.833316, frame_num=(uint)1348;
0:00:29.041668822 [32m    1[00m 0x7f9bf8000f70 [37mTRACE  [00m [00;34m          GST_TRACER :0::[00m latency_tracer_pipeline, frame_latency=(double)58.662863, avg=(double)50.449784, min=(double)0.035593, max=(double)106.809275, latency=(double)19.308315, fps=(double)51.791158, frame_num=(uint)1349;
0:00:29.042655047 [32m    1[00m 0x7f9bf8000f70 [37mTRACE  [00m [00;34m          GST_TRACER :0::[00m latency_tracer_pipeline, frame_latency=(double)31.910359, avg=(double)50.436052, min=(double)0.035593, max=(double)106.809275, latency=(double)19.294749, fps=(double)51.827571, frame_num=(uint)1350;
0:00:29.083057653 [32m    1[00m 0x7f9bf8000f70 [37mTRACE  [00m [00;34m          GST_TRACER :0::[00m latency_tracer_pipeline, frame_latency=(double)60.181514, avg=(double)50.443265, min=(double)0.035593, max=(double)106.809275, latency=(double)19.310367, fps=(double)51.785654, frame_num=(uint)1351;
0:00:29.084519337 [32m    1[00m 0x7f9bf8000f70 [37mTRACE  [00m [00;34m          GST_TRACER :0::[00m latency_tracer_pipeline, frame_latency=(double)32.419785, avg=(double)50.429934, min=(double)0.035593, max=(double)106.809275, latency=(double)19.297167, fps=(double)51.821078, frame_num=(uint)1352;
0:00:29.122437816 [32m    1[00m 0x7f9bf8000f70 [37mTRACE  [00m [00;34m          GST_TRACER :0::[00m latency_tracer_pipeline, frame_latency=(double)56.711332, avg=(double)50.434577, min=(double)0.035593, max=(double)106.809275, latency=(double)19.310931, fps=(double)51.784143, frame_num=(uint)1353;
0:00:29.160031364 [32m    1[00m 0x7f9bf8000f70 [37mTRACE  [00m [00;34m          GST_TRACER :0::[00m latency_tracer_pipeline, frame_latency=(double)64.912638, avg=(double)50.445270, min=(double)0.035593, max=(double)106.809275, latency=(double)19.324428, fps=(double)51.747974, frame_num=(uint)1354;
0:00:29.161125636 [32m    1[00m 0x7f9bf8000f70 [37mTRACE  [00m [00;34m          GST_TRACER :0::[00m latency_tracer_pipeline, frame_latency=(double)36.025805, avg=(double)50.434628, min=(double)0.035593, max=(double)106.809275, latency=(double)19.310986, fps=(double)51.783994, frame_num=(uint)1355;
0:00:29.199186415 [32m    1[00m 0x7f9bf8000f70 [37mTRACE  [00m [00;34m          GST_TRACER :0::[00m latency_tracer_pipeline, frame_latency=(double)65.676319, avg=(double)50.445868, min=(double)0.035593, max=(double)106.809275, latency=(double)19.324806, fps=(double)51.746962, frame_num=(uint)1356;
0:00:29.200379803 [32m    1[00m 0x7f9bf8000f70 [37mTRACE  [00m [00;34m          GST_TRACER :0::[00m latency_tracer_pipeline, frame_latency=(double)36.931457, avg=(double)50.435909, min=(double)0.035593, max=(double)106.809275, latency=(double)19.311454, fps=(double)51.782740, frame_num=(uint)1357;
0:00:29.242027999 [32m    1[00m 0x7f9bf8000f70 [37mTRACE  [00m [00;34m          GST_TRACER :0::[00m latency_tracer_pipeline, frame_latency=(double)69.304176, avg=(double)50.449803, min=(double)0.035593, max=(double)106.809275, latency=(double)19.327890, fps=(double)51.738704, frame_num=(uint)1358;
0:00:29.243171350 [32m    1[00m 0x7f9bf8000f70 [37mTRACE  [00m [00;34m          GST_TRACER :0::[00m latency_tracer_pipeline, frame_latency=(double)38.303516, avg=(double)50.440865, min=(double)0.035593, max=(double)106.809275, latency=(double)19.314518, fps=(double)51.774525, frame_num=(uint)1359;
0:00:29.281984771 [32m    1[00m 0x7f9bf8000f70 [37mTRACE  [00m [00;34m          GST_TRACER :0::[00m latency_tracer_pipeline, frame_latency=(double)65.487836, avg=(double)50.451929, min=(double)0.035593, max=(double)106.809275, latency=(double)19.328851, fps=(double)51.736133, frame_num=(uint)1360;
0:00:29.320149397 [32m    1[00m 0x7f9bf8000f70 [37mTRACE  [00m [00;34m          GST_TRACER :0::[00m latency_tracer_pipeline, frame_latency=(double)67.253967, avg=(double)50.464275, min=(double)0.035593, max=(double)106.809275, latency=(double)19.342683, fps=(double)51.699136, frame_num=(uint)1361;
0:00:29.321129896 [32m    1[00m 0x7f9bf8000f70 [37mTRACE  [00m [00;34m          GST_TRACER :0::[00m latency_tracer_pipeline, frame_latency=(double)38.142351, avg=(double)50.455228, min=(double)0.035593, max=(double)106.809275, latency=(double)19.329212, fps=(double)51.735165, frame_num=(uint)1362;
0:00:29.359560523 [32m    1[00m 0x7f9bf8000f70 [37mTRACE  [00m [00;34m          GST_TRACER :0::[00m latency_tracer_pipeline, frame_latency=(double)68.925784, avg=(double)50.468779, min=(double)0.035593, max=(double)106.809275, latency=(double)19.343223, fps=(double)51.697692, frame_num=(uint)1363;
0:00:29.360360986 [32m    1[00m 0x7f9bf8000f70 [37mTRACE  [00m [00;34m          GST_TRACER :0::[00m latency_tracer_pipeline, frame_latency=(double)38.391002, avg=(double)50.459925, min=(double)0.035593, max=(double)106.809275, latency=(double)19.329631, fps=(double)51.734045, frame_num=(uint)1364;
0:00:29.398934335 [32m    1[00m 0x7f9bf8000f70 [37mTRACE  [00m [00;34m          GST_TRACER :0::[00m latency_tracer_pipeline, frame_latency=(double)67.826579, avg=(double)50.472647, min=(double)0.035593, max=(double)106.809275, latency=(double)19.343723, fps=(double)51.696355, frame_num=(uint)1365;
0:00:29.399927859 [32m    1[00m 0x7f9bf8000f70 [37mTRACE  [00m [00;34m          GST_TRACER :0::[00m latency_tracer_pipeline, frame_latency=(double)38.841573, avg=(double)50.464133, min=(double)0.035593, max=(double)106.809275, latency=(double)19.330300, fps=(double)51.732254, frame_num=(uint)1366;
0:00:29.437060053 [32m    1[00m 0x7f9bf8000f70 [37mTRACE  [00m [00;34m          GST_TRACER :0::[00m latency_tracer_pipeline, frame_latency=(double)65.811827, avg=(double)50.475360, min=(double)0.035593, max=(double)106.809275, latency=(double)19.343315, fps=(double)51.697448, frame_num=(uint)1367;
0:00:29.438033501 [32m    1[00m 0x7f9bf8000f70 [37mTRACE  [00m [00;34m          GST_TRACER :0::[00m latency_tracer_pipeline, frame_latency=(double)38.462683, avg=(double)50.466579, min=(double)0.035593, max=(double)106.809275, latency=(double)19.329892, fps=(double)51.733347, frame_num=(uint)1368;
0:00:29.475257866 [32m    1[00m 0x7f9bf8000f70 [37mTRACE  [00m [00;34m          GST_TRACER :0::[00m latency_tracer_pipeline, frame_latency=(double)66.387015, avg=(double)50.478208, min=(double)0.035593, max=(double)106.809275, latency=(double)19.342956, fps=(double)51.698405, frame_num=(uint)1369;
0:00:29.476366778 [32m    1[00m 0x7f9bf8000f70 [37mTRACE  [00m [00;34m          GST_TRACER :0::[00m latency_tracer_pipeline, frame_latency=(double)37.840977, avg=(double)50.468984, min=(double)0.035593, max=(double)106.809275, latency=(double)19.329657, fps=(double)51.733975, frame_num=(uint)1370;
FpsCounter(last 1.02sec): total=392.62 fps, number-streams=8, per-stream=49.08 fps (48.10, 49.08, 49.08, 47.11, 48.10, 51.04, 51.04, 49.08)
latency: -27681.98ms (-27822.08, -27804.72, -27999.61, -27722.32, -27449.16, -27909.82, -27323.27, -27429.90)
0:00:29.513258031 [32m    1[00m 0x7f9bf8000f70 [37mTRACE  [00m [00;34m          GST_TRACER :0::[00m latency_tracer_pipeline, frame_latency=(double)64.529092, avg=(double)50.479239, min=(double)0.035593, max=(double)106.809275, latency=(double)19.342459, fps=(double)51.699736, frame_num=(uint)1371;
0:00:29.513269034 [32m    1[00m 0x7f9bf8000f70 [37mTRACE  [00m [00;34m          GST_TRACER :0::[00m latency_tracer_pipeline_interval, interval=(double)1018.797005, avg=(double)50.316223, min=(double)31.910359, max=(double)74.597961, latency=(double)21.224938, fps=(double)47.114391;
0:00:29.514122778 [32m    1[00m 0x7f9bf8000f70 [37mTRACE  [00m [00;34m          GST_TRACER :0::[00m latency_tracer_pipeline, frame_latency=(double)36.302438, avg=(double)50.468906, min=(double)0.035593, max=(double)106.809275, latency=(double)19.328995, fps=(double)51.735746, frame_num=(uint)1372;
0:00:29.557047744 [32m    1[00m 0x7f9bf8000f70 [37mTRACE  [00m [00;34m          GST_TRACER :0::[00m latency_tracer_pipeline, frame_latency=(double)71.140905, avg=(double)50.483962, min=(double)0.035593, max=(double)106.809275, latency=(double)19.346175, fps=(double)51.689804, frame_num=(uint)1373;
0:00:29.558324718 [32m    1[00m 0x7f9bf8000f70 [37mTRACE  [00m [00;34m          GST_TRACER :0::[00m latency_tracer_pipeline, frame_latency=(double)42.399462, avg=(double)50.478078, min=(double)0.035593, max=(double)106.809275, latency=(double)19.333032, fps=(double)51.724944, frame_num=(uint)1374;
0:00:29.600241044 [32m    1[00m 0x7f9bf8000f70 [37mTRACE  [00m [00;34m          GST_TRACER :0::[00m latency_tracer_pipeline, frame_latency=(double)70.370453, avg=(double)50.492546, min=(double)0.035593, max=(double)106.809275, latency=(double)19.349448, fps=(double)51.681062, frame_num=(uint)1375;
0:00:29.600951806 [32m    1[00m 0x7f9bf8000f70 [37mTRACE  [00m [00;34m          GST_TRACER :0::[00m latency_tracer_pipeline, frame_latency=(double)40.139966, avg=(double)50.485022, min=(double)0.035593, max=(double)106.809275, latency=(double)19.335912, fps=(double)51.717239, frame_num=(uint)1376;
0:00:29.642897757 [32m    1[00m 0x7f9bf8000f70 [37mTRACE  [00m [00;34m          GST_TRACER :0::[00m latency_tracer_pipeline, frame_latency=(double)69.825046, avg=(double)50.499067, min=(double)0.035593, max=(double)106.809275, latency=(double)19.352318, fps=(double)51.673396, frame_num=(uint)1377;
0:00:29.643791870 [32m    1[00m 0x7f9bf8000f70 [37mTRACE  [00m [00;34m          GST_TRACER :0::[00m latency_tracer_pipeline, frame_latency=(double)40.631443, avg=(double)50.491906, min=(double)0.035593, max=(double)106.809275, latency=(double)19.338931, fps=(double)51.709166, frame_num=(uint)1378;
0:00:29.686147394 [32m    1[00m 0x7f9bf8000f70 [37mTRACE  [00m [00;34m          GST_TRACER :0::[00m latency_tracer_pipeline, frame_latency=(double)70.398775, avg=(double)50.506342, min=(double)0.035593, max=(double)106.809275, latency=(double)19.355614, fps=(double)51.664596, frame_num=(uint)1379;
0:00:29.687365973 [32m    1[00m 0x7f9bf8000f70 [37mTRACE  [00m [00;34m          GST_TRACER :0::[00m latency_tracer_pipeline, frame_latency=(double)40.886226, avg=(double)50.499371, min=(double)0.035593, max=(double)106.809275, latency=(double)19.342470, fps=(double)51.699706, frame_num=(uint)1380;
FpsCounter(average 24.42sec): total=410.43 fps, number-streams=8, per-stream=51.30 fps (51.43, 51.27, 51.64, 51.35, 50.98, 51.68, 50.98, 51.10)
0:00:29.728187683 [32m    1[00m 0x7f9bf8000f70 [37mTRACE  [00m [00;34m          GST_TRACER :0::[00m latency_tracer_pipeline, frame_latency=(double)71.116828, avg=(double)50.514300, min=(double)0.035593, max=(double)106.809275, latency=(double)19.358023, fps=(double)51.658167, frame_num=(uint)1381;
0:00:29.728991502 [32m    1[00m 0x7f9bf8000f70 [37mTRACE  [00m [00;34m          GST_TRACER :0::[00m latency_tracer_pipeline, frame_latency=(double)40.118558, avg=(double)50.506778, min=(double)0.035593, max=(double)106.809275, latency=(double)19.344600, fps=(double)51.694013, frame_num=(uint)1382;
0:00:29.771038581 [32m    1[00m 0x7f9bf8000f70 [37mTRACE  [00m [00;34m          GST_TRACER :0::[00m latency_tracer_pipeline, frame_latency=(double)68.389242, avg=(double)50.519708, min=(double)0.035593, max=(double)106.809275, latency=(double)19.361017, fps=(double)51.650179, frame_num=(uint)1383;
0:00:29.771979414 [32m    1[00m 0x7f9bf8000f70 [37mTRACE  [00m [00;34m          GST_TRACER :0::[00m latency_tracer_pipeline, frame_latency=(double)39.944712, avg=(double)50.512067, min=(double)0.035593, max=(double)106.809275, latency=(double)19.347711, fps=(double)51.685701, frame_num=(uint)1384;
0:00:29.814618548 [32m    1[00m 0x7f9bf8000f70 [37mTRACE  [00m [00;34m          GST_TRACER :0::[00m latency_tracer_pipeline, frame_latency=(double)70.697253, avg=(double)50.526641, min=(double)0.035593, max=(double)106.809275, latency=(double)19.364522, fps=(double)51.640832, frame_num=(uint)1385;
0:00:29.815696175 [32m    1[00m 0x7f9bf8000f70 [37mTRACE  [00m [00;34m          GST_TRACER :0::[00m latency_tracer_pipeline, frame_latency=(double)42.314686, avg=(double)50.520716, min=(double)0.035593, max=(double)106.809275, latency=(double)19.351326, fps=(double)51.676046, frame_num=(uint)1386;
0:00:29.856445078 [32m    1[00m 0x7f9bf8000f70 [37mTRACE  [00m [00;34m          GST_TRACER :0::[00m latency_tracer_pipeline, frame_latency=(double)68.754639, avg=(double)50.533863, min=(double)0.035593, max=(double)106.809275, latency=(double)19.366753, fps=(double)51.634881, frame_num=(uint)1387;
0:00:29.857823633 [32m    1[00m 0x7f9bf8000f70 [37mTRACE  [00m [00;34m          GST_TRACER :0::[00m latency_tracer_pipeline, frame_latency=(double)38.551148, avg=(double)50.525230, min=(double)0.035593, max=(double)106.809275, latency=(double)19.353796, fps=(double)51.669450, frame_num=(uint)1388;
0:00:29.899583561 [32m    1[00m 0x7f9bf8000f70 [37mTRACE  [00m [00;34m          GST_TRACER :0::[00m latency_tracer_pipeline, frame_latency=(double)65.967153, avg=(double)50.536347, min=(double)0.035593, max=(double)106.809275, latency=(double)19.369925, fps=(double)51.626427, frame_num=(uint)1389;
0:00:29.900539777 [32m    1[00m 0x7f9bf8000f70 [37mTRACE  [00m [00;34m          GST_TRACER :0::[00m latency_tracer_pipeline, frame_latency=(double)39.133946, avg=(double)50.528144, min=(double)0.035593, max=(double)106.809275, latency=(double)19.356683, fps=(double)51.661743, frame_num=(uint)1390;
0:00:29.940823447 [32m    1[00m 0x7f9bf8000f70 [37mTRACE  [00m [00;34m          GST_TRACER :0::[00m latency_tracer_pipeline, frame_latency=(double)64.819719, avg=(double)50.538418, min=(double)0.035593, max=(double)106.809275, latency=(double)19.371731, fps=(double)51.621612, frame_num=(uint)1391;
0:00:29.941873629 [32m    1[00m 0x7f9bf8000f70 [37mTRACE  [00m [00;34m          GST_TRACER :0::[00m latency_tracer_pipeline, frame_latency=(double)33.847135, avg=(double)50.526427, min=(double)0.035593, max=(double)106.809275, latency=(double)19.358575, fps=(double)51.656696, frame_num=(uint)1392;
0:00:29.978825389 [32m    1[00m 0x7f9bf8000f70 [37mTRACE  [00m [00;34m          GST_TRACER :0::[00m latency_tracer_pipeline, frame_latency=(double)61.571380, avg=(double)50.534356, min=(double)0.035593, max=(double)106.809275, latency=(double)19.371197, fps=(double)51.623037, frame_num=(uint)1393;
0:00:29.979493033 [32m    1[00m 0x7f9bf8000f70 [37mTRACE  [00m [00;34m          GST_TRACER :0::[00m latency_tracer_pipeline, frame_latency=(double)33.958310, avg=(double)50.522465, min=(double)0.035593, max=(double)106.809275, latency=(double)19.357786, fps=(double)51.658800, frame_num=(uint)1394;
0:00:30.016439835 [32m    1[00m 0x7f9bf8000f70 [37mTRACE  [00m [00;34m          GST_TRACER :0::[00m latency_tracer_pipeline, frame_latency=(double)63.391133, avg=(double)50.531690, min=(double)0.035593, max=(double)106.809275, latency=(double)19.370389, fps=(double)51.625190, frame_num=(uint)1395;
0:00:30.017483138 [32m    1[00m 0x7f9bf8000f70 [37mTRACE  [00m [00;34m          GST_TRACER :0::[00m latency_tracer_pipeline, frame_latency=(double)33.573327, avg=(double)50.519542, min=(double)0.035593, max=(double)106.809275, latency=(double)19.357266, fps=(double)51.660188, frame_num=(uint)1396;
0:00:30.054650769 [32m    1[00m 0x7f9bf8000f70 [37mTRACE  [00m [00;34m          GST_TRACER :0::[00m latency_tracer_pipeline, frame_latency=(double)62.886474, avg=(double)50.528395, min=(double)0.035593, max=(double)106.809275, latency=(double)19.370010, fps=(double)51.626199, frame_num=(uint)1397;
0:00:30.054671327 [32m    1[00m 0x7f9bf8000f70 [37mTRACE  [00m [00;34m          GST_TRACER :0::[00m latency_tracer_pipeline, frame_latency=(double)34.475464, avg=(double)50.516912, min=(double)0.035593, max=(double)106.809275, latency=(double)19.356177, fps=(double)51.663095, frame_num=(uint)1398;
0:00:30.056105258 [32m    1[00m 0x7f9bf8000f70 [37mTRACE  [00m [00;34m          GST_TRACER :0::[00m latency_tracer_pipeline, frame_latency=(double)32.834371, avg=(double)50.504272, min=(double)0.035593, max=(double)106.809275, latency=(double)19.343361, fps=(double)51.697323, frame_num=(uint)1399;
0:00:30.091785978 [32m    1[00m 0x7f9bf8000f70 [37mTRACE  [00m [00;34m          GST_TRACER :0::[00m latency_tracer_pipeline, frame_latency=(double)60.053471, avg=(double)50.511093, min=(double)0.035593, max=(double)106.809275, latency=(double)19.355024, fps=(double)51.666173, frame_num=(uint)1400;
0:00:30.092948193 [32m    1[00m 0x7f9bf8000f70 [37mTRACE  [00m [00;34m          GST_TRACER :0::[00m latency_tracer_pipeline, frame_latency=(double)32.457713, avg=(double)50.498207, min=(double)0.035593, max=(double)106.809275, latency=(double)19.342042, fps=(double)51.700850, frame_num=(uint)1401;
0:00:30.130105243 [32m    1[00m 0x7f9bf8000f70 [37mTRACE  [00m [00;34m          GST_TRACER :0::[00m latency_tracer_pipeline, frame_latency=(double)66.799490, avg=(double)50.509834, min=(double)0.035593, max=(double)106.809275, latency=(double)19.354747, fps=(double)51.666912, frame_num=(uint)1402;
0:00:30.131639902 [32m    1[00m 0x7f9bf8000f70 [37mTRACE  [00m [00;34m          GST_TRACER :0::[00m latency_tracer_pipeline, frame_latency=(double)38.339846, avg=(double)50.501160, min=(double)0.035593, max=(double)106.809275, latency=(double)19.342049, fps=(double)51.700832, frame_num=(uint)1403;
0:00:30.168666830 [32m    1[00m 0x7f9bf8000f70 [37mTRACE  [00m [00;34m          GST_TRACER :0::[00m latency_tracer_pipeline, frame_latency=(double)68.478849, avg=(double)50.513965, min=(double)0.035593, max=(double)106.809275, latency=(double)19.354639, fps=(double)51.667201, frame_num=(uint)1404;
0:00:30.169497877 [32m    1[00m 0x7f9bf8000f70 [37mTRACE  [00m [00;34m          GST_TRACER :0::[00m latency_tracer_pipeline, frame_latency=(double)38.786421, avg=(double)50.505618, min=(double)0.035593, max=(double)106.809275, latency=(double)19.341452, fps=(double)51.702426, frame_num=(uint)1405;
0:00:30.211729455 [32m    1[00m 0x7f9bf8000f70 [37mTRACE  [00m [00;34m          GST_TRACER :0::[00m latency_tracer_pipeline, frame_latency=(double)72.900390, avg=(double)50.521546, min=(double)0.035593, max=(double)106.809275, latency=(double)19.357735, fps=(double)51.658936, frame_num=(uint)1406;
0:00:30.212875832 [32m    1[00m 0x7f9bf8000f70 [37mTRACE  [00m [00;34m          GST_TRACER :0::[00m latency_tracer_pipeline, frame_latency=(double)43.703800, avg=(double)50.516700, min=(double)0.035593, max=(double)106.809275, latency=(double)19.344790, fps=(double)51.693504, frame_num=(uint)1407;
0:00:30.257730133 [32m    1[00m 0x7f9bf8000f70 [37mTRACE  [00m [00;34m          GST_TRACER :0::[00m latency_tracer_pipeline, frame_latency=(double)74.944260, avg=(double)50.534049, min=(double)0.035593, max=(double)106.809275, latency=(double)19.362907, fps=(double)51.645137, frame_num=(uint)1408;
0:00:30.259023296 [32m    1[00m 0x7f9bf8000f70 [37mTRACE  [00m [00;34m          GST_TRACER :0::[00m latency_tracer_pipeline, frame_latency=(double)42.987491, avg=(double)50.528693, min=(double)0.035593, max=(double)106.809275, latency=(double)19.350084, fps=(double)51.679362, frame_num=(uint)1409;
0:00:30.298046978 [32m    1[00m 0x7f9bf8000f70 [37mTRACE  [00m [00;34m          GST_TRACER :0::[00m latency_tracer_pipeline, frame_latency=(double)64.793875, avg=(double)50.538810, min=(double)0.035593, max=(double)106.809275, latency=(double)19.364036, fps=(double)51.642127, frame_num=(uint)1410;
0:00:30.299328952 [32m    1[00m 0x7f9bf8000f70 [37mTRACE  [00m [00;34m          GST_TRACER :0::[00m latency_tracer_pipeline, frame_latency=(double)38.313414, avg=(double)50.530146, min=(double)0.035593, max=(double)106.809275, latency=(double)19.351222, fps=(double)51.676322, frame_num=(uint)1411;
0:00:30.340712577 [32m    1[00m 0x7f9bf8000f70 [37mTRACE  [00m [00;34m          GST_TRACER :0::[00m latency_tracer_pipeline, frame_latency=(double)69.885712, avg=(double)50.543854, min=(double)0.035593, max=(double)106.809275, latency=(double)19.366825, fps=(double)51.634690, frame_num=(uint)1412;
0:00:30.340761571 [32m    1[00m 0x7f9bf8000f70 [37mTRACE  [00m [00;34m          GST_TRACER :0::[00m latency_tracer_pipeline, frame_latency=(double)42.496741, avg=(double)50.538159, min=(double)0.035593, max=(double)106.809275, latency=(double)19.353165, fps=(double)51.671135, frame_num=(uint)1413;
0:00:30.341600091 [32m    1[00m 0x7f9bf8000f70 [37mTRACE  [00m [00;34m          GST_TRACER :0::[00m latency_tracer_pipeline, frame_latency=(double)37.070864, avg=(double)50.528635, min=(double)0.035593, max=(double)106.809275, latency=(double)19.340065, fps=(double)51.706136, frame_num=(uint)1414;
0:00:30.381364278 [32m    1[00m 0x7f9bf8000f70 [37mTRACE  [00m [00;34m          GST_TRACER :0::[00m latency_tracer_pipeline, frame_latency=(double)60.897782, avg=(double)50.535963, min=(double)0.035593, max=(double)106.809275, latency=(double)19.354495, fps=(double)51.667585, frame_num=(uint)1415;
0:00:30.382354511 [32m    1[00m 0x7f9bf8000f70 [37mTRACE  [00m [00;34m          GST_TRACER :0::[00m latency_tracer_pipeline, frame_latency=(double)32.609300, avg=(double)50.523303, min=(double)0.035593, max=(double)106.809275, latency=(double)19.341535, fps=(double)51.702205, frame_num=(uint)1416;
0:00:30.422200531 [32m    1[00m 0x7f9bf8000f70 [37mTRACE  [00m [00;34m          GST_TRACER :0::[00m latency_tracer_pipeline, frame_latency=(double)58.645665, avg=(double)50.529035, min=(double)0.035593, max=(double)106.809275, latency=(double)19.356000, fps=(double)51.663568, frame_num=(uint)1417;
0:00:30.423639000 [32m    1[00m 0x7f9bf8000f70 [37mTRACE  [00m [00;34m          GST_TRACER :0::[00m latency_tracer_pipeline, frame_latency=(double)34.530529, avg=(double)50.517752, min=(double)0.035593, max=(double)106.809275, latency=(double)19.343357, fps=(double)51.697334, frame_num=(uint)1418;
0:00:30.461155614 [32m    1[00m 0x7f9bf8000f70 [37mTRACE  [00m [00;34m          GST_TRACER :0::[00m latency_tracer_pipeline, frame_latency=(double)57.063826, avg=(double)50.522365, min=(double)0.035593, max=(double)106.809275, latency=(double)19.356165, fps=(double)51.663127, frame_num=(uint)1419;
0:00:30.462352962 [32m    1[00m 0x7f9bf8000f70 [37mTRACE  [00m [00;34m          GST_TRACER :0::[00m latency_tracer_pipeline, frame_latency=(double)31.871640, avg=(double)50.509231, min=(double)0.035593, max=(double)106.809275, latency=(double)19.343379, fps=(double)51.697277, frame_num=(uint)1420;
0:00:30.502572476 [32m    1[00m 0x7f9bf8000f70 [37mTRACE  [00m [00;34m          GST_TRACER :0::[00m latency_tracer_pipeline, frame_latency=(double)64.177587, avg=(double)50.518850, min=(double)0.035593, max=(double)106.809275, latency=(double)19.358071, fps=(double)51.658038, frame_num=(uint)1421;
0:00:30.503593161 [32m    1[00m 0x7f9bf8000f70 [37mTRACE  [00m [00;34m          GST_TRACER :0::[00m latency_tracer_pipeline, frame_latency=(double)32.218817, avg=(double)50.505981, min=(double)0.035593, max=(double)106.809275, latency=(double)19.345178, fps=(double)51.692468, frame_num=(uint)1422;
FpsCounter(last 1.03sec): total=387.46 fps, number-streams=8, per-stream=48.43 fps (49.40, 47.46, 49.40, 46.50, 49.40, 51.34, 47.46, 46.50)
latency: -28668.12ms (-28783.00, -28746.63, -29014.27, -28633.82, -28414.44, -28991.62, -28334.45, -28385.43)
0:00:30.545923889 [32m    1[00m 0x7f9bf8000f70 [37mTRACE  [00m [00;34m          GST_TRACER :0::[00m latency_tracer_pipeline, frame_latency=(double)58.420261, avg=(double)50.511542, min=(double)0.035593, max=(double)106.809275, latency=(double)19.361333, fps=(double)51.649337, frame_num=(uint)1423;
0:00:30.545943898 [32m    1[00m 0x7f9bf8000f70 [37mTRACE  [00m [00;34m          GST_TRACER :0::[00m latency_tracer_pipeline_interval, interval=(double)1032.665901, avg=(double)51.363230, min=(double)31.871640, max=(double)74.944260, latency=(double)19.858960, fps=(double)50.355105;
0:00:30.546752318 [32m    1[00m 0x7f9bf8000f70 [37mTRACE  [00m [00;34m          GST_TRACER :0::[00m latency_tracer_pipeline, frame_latency=(double)32.582316, avg=(double)50.498952, min=(double)0.035593, max=(double)106.809275, latency=(double)19.348322, fps=(double)51.684070, frame_num=(uint)1424;
0:00:30.589497419 [32m    1[00m 0x7f9bf8000f70 [37mTRACE  [00m [00;34m          GST_TRACER :0::[00m latency_tracer_pipeline, frame_latency=(double)60.647842, avg=(double)50.506074, min=(double)0.035593, max=(double)106.809275, latency=(double)19.364736, fps=(double)51.640260, frame_num=(uint)1425;
0:00:30.630758547 [32m    1[00m 0x7f9bf8000f70 [37mTRACE  [00m [00;34m          GST_TRACER :0::[00m latency_tracer_pipeline, frame_latency=(double)74.519675, avg=(double)50.522913, min=(double)0.035593, max=(double)106.809275, latency=(double)19.380091, fps=(double)51.599346, frame_num=(uint)1426;
0:00:30.672514313 [32m    1[00m 0x7f9bf8000f70 [37mTRACE  [00m [00;34m          GST_TRACER :0::[00m latency_tracer_pipeline, frame_latency=(double)79.155317, avg=(double)50.542978, min=(double)0.035593, max=(double)106.809275, latency=(double)19.395770, fps=(double)51.557633, frame_num=(uint)1427;
0:00:30.674492082 [32m    1[00m 0x7f9bf8000f70 [37mTRACE  [00m [00;34m          GST_TRACER :0::[00m latency_tracer_pipeline, frame_latency=(double)43.693670, avg=(double)50.538182, min=(double)0.035593, max=(double)106.809275, latency=(double)19.383579, fps=(double)51.590060, frame_num=(uint)1428;
0:00:30.711879983 [32m    1[00m 0x7f9bf8000f70 [37mTRACE  [00m [00;34m          GST_TRACER :0::[00m latency_tracer_pipeline, frame_latency=(double)69.032066, avg=(double)50.551124, min=(double)0.035593, max=(double)106.809275, latency=(double)19.396174, fps=(double)51.556560, frame_num=(uint)1429;
0:00:30.714609542 [32m    1[00m 0x7f9bf8000f70 [37mTRACE  [00m [00;34m          GST_TRACER :0::[00m latency_tracer_pipeline, frame_latency=(double)42.208559, avg=(double)50.545290, min=(double)0.035593, max=(double)106.809275, latency=(double)19.384516, fps=(double)51.587565, frame_num=(uint)1430;
0:00:30.714659912 [32m    1[00m 0x7f9bf8000f70 [37mTRACE  [00m [00;34m          GST_TRACER :0::[00m latency_tracer_pipeline, frame_latency=(double)33.816379, avg=(double)50.533599, min=(double)0.035593, max=(double)106.809275, latency=(double)19.371013, fps=(double)51.623526, frame_num=(uint)1431;
FpsCounter(average 25.44sec): total=409.65 fps, number-streams=8, per-stream=51.21 fps (51.37, 51.17, 51.53, 51.21, 50.94, 51.72, 50.82, 50.90)
0:00:30.753463178 [32m    1[00m 0x7f9bf8000f70 [37mTRACE  [00m [00;34m          GST_TRACER :0::[00m latency_tracer_pipeline, frame_latency=(double)64.478810, avg=(double)50.543338, min=(double)0.035593, max=(double)106.809275, latency=(double)19.384571, fps=(double)51.587420, frame_num=(uint)1432;
0:00:30.793187739 [32m    1[00m 0x7f9bf8000f70 [37mTRACE  [00m [00;34m          GST_TRACER :0::[00m latency_tracer_pipeline, frame_latency=(double)69.410815, avg=(double)50.556504, min=(double)0.035593, max=(double)106.809275, latency=(double)19.398764, fps=(double)51.549677, frame_num=(uint)1433;
0:00:30.795446581 [32m    1[00m 0x7f9bf8000f70 [37mTRACE  [00m [00;34m          GST_TRACER :0::[00m latency_tracer_pipeline, frame_latency=(double)38.212421, avg=(double)50.547896, min=(double)0.035593, max=(double)106.809275, latency=(double)19.386814, fps=(double)51.581451, frame_num=(uint)1434;
0:00:30.837788421 [32m    1[00m 0x7f9bf8000f70 [37mTRACE  [00m [00;34m          GST_TRACER :0::[00m latency_tracer_pipeline, frame_latency=(double)71.340700, avg=(double)50.562386, min=(double)0.035593, max=(double)106.809275, latency=(double)19.402808, fps=(double)51.538932, frame_num=(uint)1435;
0:00:30.840199145 [32m    1[00m 0x7f9bf8000f70 [37mTRACE  [00m [00;34m          GST_TRACER :0::[00m latency_tracer_pipeline, frame_latency=(double)37.868332, avg=(double)50.553546, min=(double)0.035593, max=(double)106.809275, latency=(double)19.390977, fps=(double)51.570379, frame_num=(uint)1436;
0:00:30.881116224 [32m    1[00m 0x7f9bf8000f70 [37mTRACE  [00m [00;34m          GST_TRACER :0::[00m latency_tracer_pipeline, frame_latency=(double)66.348294, avg=(double)50.564537, min=(double)0.035593, max=(double)106.809275, latency=(double)19.405962, fps=(double)51.530555, frame_num=(uint)1437;
0:00:30.883484901 [32m    1[00m 0x7f9bf8000f70 [37mTRACE  [00m [00;34m          GST_TRACER :0::[00m latency_tracer_pipeline, frame_latency=(double)36.265313, avg=(double)50.554593, min=(double)0.035593, max=(double)106.809275, latency=(double)19.394119, fps=(double)51.562024, frame_num=(uint)1438;
0:00:30.883503788 [32m    1[00m 0x7f9bf8000f70 [37mTRACE  [00m [00;34m          GST_TRACER :0::[00m latency_tracer_pipeline, frame_latency=(double)26.673110, avg=(double)50.537998, min=(double)0.035593, max=(double)106.809275, latency=(double)19.380658, fps=(double)51.597835, frame_num=(uint)1439;
0:00:30.924646665 [32m    1[00m 0x7f9bf8000f70 [37mTRACE  [00m [00;34m          GST_TRACER :0::[00m latency_tracer_pipeline, frame_latency=(double)65.986478, avg=(double)50.548726, min=(double)0.035593, max=(double)106.809275, latency=(double)19.395764, fps=(double)51.557650, frame_num=(uint)1440;
0:00:30.927340986 [32m    1[00m 0x7f9bf8000f70 [37mTRACE  [00m [00;34m          GST_TRACER :0::[00m latency_tracer_pipeline, frame_latency=(double)33.585828, avg=(double)50.536954, min=(double)0.035593, max=(double)106.809275, latency=(double)19.384173, fps=(double)51.588480, frame_num=(uint)1441;
0:00:30.965749775 [32m    1[00m 0x7f9bf8000f70 [37mTRACE  [00m [00;34m          GST_TRACER :0::[00m latency_tracer_pipeline, frame_latency=(double)57.821474, avg=(double)50.542006, min=(double)0.035593, max=(double)106.809275, latency=(double)19.397366, fps=(double)51.553392, frame_num=(uint)1442;
0:00:31.005445875 [32m    1[00m 0x7f9bf8000f70 [37mTRACE  [00m [00;34m          GST_TRACER :0::[00m latency_tracer_pipeline, frame_latency=(double)72.202298, avg=(double)50.557016, min=(double)0.035593, max=(double)106.809275, latency=(double)19.411432, fps=(double)51.516034, frame_num=(uint)1443;
0:00:31.008358889 [32m    1[00m 0x7f9bf8000f70 [37mTRACE  [00m [00;34m          GST_TRACER :0::[00m latency_tracer_pipeline, frame_latency=(double)38.203851, avg=(double)50.548461, min=(double)0.035593, max=(double)106.809275, latency=(double)19.400011, fps=(double)51.546361, frame_num=(uint)1444;
0:00:31.044201666 [32m    1[00m 0x7f9bf8000f70 [37mTRACE  [00m [00;34m          GST_TRACER :0::[00m latency_tracer_pipeline, frame_latency=(double)70.160887, avg=(double)50.562034, min=(double)0.035593, max=(double)106.809275, latency=(double)19.411386, fps=(double)51.516156, frame_num=(uint)1445;
0:00:31.047231558 [32m    1[00m 0x7f9bf8000f70 [37mTRACE  [00m [00;34m          GST_TRACER :0::[00m latency_tracer_pipeline, frame_latency=(double)41.762305, avg=(double)50.555949, min=(double)0.035593, max=(double)106.809275, latency=(double)19.400060, fps=(double)51.546232, frame_num=(uint)1446;
0:00:31.082187414 [32m    1[00m 0x7f9bf8000f70 [37mTRACE  [00m [00;34m          GST_TRACER :0::[00m latency_tracer_pipeline, frame_latency=(double)68.043599, avg=(double)50.568034, min=(double)0.035593, max=(double)106.809275, latency=(double)19.410807, fps=(double)51.517692, frame_num=(uint)1447;
0:00:31.121439781 [32m    1[00m 0x7f9bf8000f70 [37mTRACE  [00m [00;34m          GST_TRACER :0::[00m latency_tracer_pipeline, frame_latency=(double)77.191718, avg=(double)50.586420, min=(double)0.035593, max=(double)106.809275, latency=(double)19.424510, fps=(double)51.481350, frame_num=(uint)1448;
0:00:31.123791620 [32m    1[00m 0x7f9bf8000f70 [37mTRACE  [00m [00;34m          GST_TRACER :0::[00m latency_tracer_pipeline, frame_latency=(double)36.867886, avg=(double)50.576953, min=(double)0.035593, max=(double)106.809275, latency=(double)19.412732, fps=(double)51.512585, frame_num=(uint)1449;
0:00:31.162147632 [32m    1[00m 0x7f9bf8000f70 [37mTRACE  [00m [00;34m          GST_TRACER :0::[00m latency_tracer_pipeline, frame_latency=(double)66.540145, avg=(double)50.587962, min=(double)0.035593, max=(double)106.809275, latency=(double)19.425793, fps=(double)51.477949, frame_num=(uint)1450;
0:00:31.164552539 [32m    1[00m 0x7f9bf8000f70 [37mTRACE  [00m [00;34m          GST_TRACER :0::[00m latency_tracer_pipeline, frame_latency=(double)36.358227, avg=(double)50.578155, min=(double)0.035593, max=(double)106.809275, latency=(double)19.414065, fps=(double)51.509048, frame_num=(uint)1451;
0:00:31.203363166 [32m    1[00m 0x7f9bf8000f70 [37mTRACE  [00m [00;34m          GST_TRACER :0::[00m latency_tracer_pipeline, frame_latency=(double)66.556271, avg=(double)50.589159, min=(double)0.035593, max=(double)106.809275, latency=(double)19.427421, fps=(double)51.473636, frame_num=(uint)1452;
0:00:31.240782694 [32m    1[00m 0x7f9bf8000f70 [37mTRACE  [00m [00;34m          GST_TRACER :0::[00m latency_tracer_pipeline, frame_latency=(double)68.223500, avg=(double)50.601296, min=(double)0.035593, max=(double)106.809275, latency=(double)19.439805, fps=(double)51.440845, frame_num=(uint)1453;
0:00:31.244029684 [32m    1[00m 0x7f9bf8000f70 [37mTRACE  [00m [00;34m          GST_TRACER :0::[00m latency_tracer_pipeline, frame_latency=(double)42.019301, avg=(double)50.595394, min=(double)0.035593, max=(double)106.809275, latency=(double)19.428670, fps=(double)51.470327, frame_num=(uint)1454;
0:00:31.281273663 [32m    1[00m 0x7f9bf8000f70 [37mTRACE  [00m [00;34m          GST_TRACER :0::[00m latency_tracer_pipeline, frame_latency=(double)69.693876, avg=(double)50.608520, min=(double)0.035593, max=(double)106.809275, latency=(double)19.440913, fps=(double)51.437914, frame_num=(uint)1455;
0:00:31.282676521 [32m    1[00m 0x7f9bf8000f70 [37mTRACE  [00m [00;34m          GST_TRACER :0::[00m latency_tracer_pipeline, frame_latency=(double)40.399785, avg=(double)50.601508, min=(double)0.035593, max=(double)106.809275, latency=(double)19.428526, fps=(double)51.470708, frame_num=(uint)1456;
0:00:31.323299771 [32m    1[00m 0x7f9bf8000f70 [37mTRACE  [00m [00;34m          GST_TRACER :0::[00m latency_tracer_pipeline, frame_latency=(double)70.064622, avg=(double)50.614866, min=(double)0.035593, max=(double)106.809275, latency=(double)19.443069, fps=(double)51.432211, frame_num=(uint)1457;
0:00:31.325227263 [32m    1[00m 0x7f9bf8000f70 [37mTRACE  [00m [00;34m          GST_TRACER :0::[00m latency_tracer_pipeline, frame_latency=(double)43.005209, avg=(double)50.609647, min=(double)0.035593, max=(double)106.809275, latency=(double)19.431059, fps=(double)51.464000, frame_num=(uint)1458;
0:00:31.365138730 [32m    1[00m 0x7f9bf8000f70 [37mTRACE  [00m [00;34m          GST_TRACER :0::[00m latency_tracer_pipeline, frame_latency=(double)70.364375, avg=(double)50.623187, min=(double)0.035593, max=(double)106.809275, latency=(double)19.445088, fps=(double)51.426869, frame_num=(uint)1459;
0:00:31.365935359 [32m    1[00m 0x7f9bf8000f70 [37mTRACE  [00m [00;34m          GST_TRACER :0::[00m latency_tracer_pipeline, frame_latency=(double)41.741246, avg=(double)50.617104, min=(double)0.035593, max=(double)106.809275, latency=(double)19.432316, fps=(double)51.460671, frame_num=(uint)1460;
0:00:31.403250165 [32m    1[00m 0x7f9bf8000f70 [37mTRACE  [00m [00;34m          GST_TRACER :0::[00m latency_tracer_pipeline, frame_latency=(double)67.034059, avg=(double)50.628340, min=(double)0.035593, max=(double)106.809275, latency=(double)19.444554, fps=(double)51.428281, frame_num=(uint)1461;
0:00:31.403961286 [32m    1[00m 0x7f9bf8000f70 [37mTRACE  [00m [00;34m          GST_TRACER :0::[00m latency_tracer_pipeline, frame_latency=(double)37.310923, avg=(double)50.619231, min=(double)0.035593, max=(double)106.809275, latency=(double)19.431736, fps=(double)51.462207, frame_num=(uint)1462;
0:00:31.441234051 [32m    1[00m 0x7f9bf8000f70 [37mTRACE  [00m [00;34m          GST_TRACER :0::[00m latency_tracer_pipeline, frame_latency=(double)67.596608, avg=(double)50.630836, min=(double)0.035593, max=(double)106.809275, latency=(double)19.443936, fps=(double)51.429917, frame_num=(uint)1463;
0:00:31.442152592 [32m    1[00m 0x7f9bf8000f70 [37mTRACE  [00m [00;34m          GST_TRACER :0::[00m latency_tracer_pipeline, frame_latency=(double)37.359306, avg=(double)50.621771, min=(double)0.035593, max=(double)106.809275, latency=(double)19.431282, fps=(double)51.463408, frame_num=(uint)1464;
0:00:31.478930103 [32m    1[00m 0x7f9bf8000f70 [37mTRACE  [00m [00;34m          GST_TRACER :0::[00m latency_tracer_pipeline, frame_latency=(double)67.500426, avg=(double)50.633292, min=(double)0.035593, max=(double)106.809275, latency=(double)19.443122, fps=(double)51.432070, frame_num=(uint)1465;
0:00:31.480206868 [32m    1[00m 0x7f9bf8000f70 [37mTRACE  [00m [00;34m          GST_TRACER :0::[00m latency_tracer_pipeline, frame_latency=(double)33.528610, avg=(double)50.621624, min=(double)0.035593, max=(double)106.809275, latency=(double)19.430731, fps=(double)51.464868, frame_num=(uint)1466;
0:00:31.517825416 [32m    1[00m 0x7f9bf8000f70 [37mTRACE  [00m [00;34m          GST_TRACER :0::[00m latency_tracer_pipeline, frame_latency=(double)63.607270, avg=(double)50.630476, min=(double)0.035593, max=(double)106.809275, latency=(double)19.443128, fps=(double)51.432053, frame_num=(uint)1467;
FpsCounter(last 1.01sec): total=396.62 fps, number-streams=8, per-stream=49.58 fps (44.62, 50.57, 47.59, 51.56, 47.59, 52.55, 50.57, 51.56)
latency: -29636.66ms (-29692.50, -29724.67, -29971.28, -29584.75, -29361.01, -30097.21, -29293.23, -29366.89)
0:00:31.554199790 [32m    1[00m 0x7f9bf8000f70 [37mTRACE  [00m [00;34m          GST_TRACER :0::[00m latency_tracer_pipeline, frame_latency=(double)66.361548, avg=(double)50.641192, min=(double)0.035593, max=(double)106.809275, latency=(double)19.454663, fps=(double)51.401557, frame_num=(uint)1468;
0:00:31.554221958 [32m    1[00m 0x7f9bf8000f70 [37mTRACE  [00m [00;34m          GST_TRACER :0::[00m latency_tracer_pipeline_interval, interval=(double)1008.269336, avg=(double)54.741006, min=(double)26.673110, max=(double)79.155317, latency=(double)22.405985, fps=(double)44.630932;
0:00:31.555424794 [32m    1[00m 0x7f9bf8000f70 [37mTRACE  [00m [00;34m          GST_TRACER :0::[00m latency_tracer_pipeline, frame_latency=(double)36.142599, avg=(double)50.631322, min=(double)0.035593, max=(double)106.809275, latency=(double)19.442260, fps=(double)51.434351, frame_num=(uint)1469;
0:00:31.555443087 [32m    1[00m 0x7f9bf8000f70 [37mTRACE  [00m [00;34m          GST_TRACER :0::[00m latency_tracer_pipeline, frame_latency=(double)28.933952, avg=(double)50.616562, min=(double)0.035593, max=(double)106.809275, latency=(double)19.429052, fps=(double)51.469315, frame_num=(uint)1470;
0:00:31.592594750 [32m    1[00m 0x7f9bf8000f70 [37mTRACE  [00m [00;34m          GST_TRACER :0::[00m latency_tracer_pipeline, frame_latency=(double)61.314367, avg=(double)50.623835, min=(double)0.035593, max=(double)106.809275, latency=(double)19.441085, fps=(double)51.437458, frame_num=(uint)1471;
0:00:31.593502643 [32m    1[00m 0x7f9bf8000f70 [37mTRACE  [00m [00;34m          GST_TRACER :0::[00m latency_tracer_pipeline, frame_latency=(double)32.873879, avg=(double)50.611776, min=(double)0.035593, max=(double)106.809275, latency=(double)19.428500, fps=(double)51.470778, frame_num=(uint)1472;
0:00:31.630665042 [32m    1[00m 0x7f9bf8000f70 [37mTRACE  [00m [00;34m          GST_TRACER :0::[00m latency_tracer_pipeline, frame_latency=(double)62.468725, avg=(double)50.619826, min=(double)0.035593, max=(double)106.809275, latency=(double)19.440542, fps=(double)51.438896, frame_num=(uint)1473;
0:00:31.631808493 [32m    1[00m 0x7f9bf8000f70 [37mTRACE  [00m [00;34m          GST_TRACER :0::[00m latency_tracer_pipeline, frame_latency=(double)33.902387, avg=(double)50.608484, min=(double)0.035593, max=(double)106.809275, latency=(double)19.428132, fps=(double)51.471753, frame_num=(uint)1474;
0:00:31.672245187 [32m    1[00m 0x7f9bf8000f70 [37mTRACE  [00m [00;34m          GST_TRACER :0::[00m latency_tracer_pipeline, frame_latency=(double)64.166118, avg=(double)50.617676, min=(double)0.035593, max=(double)106.809275, latency=(double)19.442367, fps=(double)51.434067, frame_num=(uint)1475;
0:00:31.673011039 [32m    1[00m 0x7f9bf8000f70 [37mTRACE  [00m [00;34m          GST_TRACER :0::[00m latency_tracer_pipeline, frame_latency=(double)32.052328, avg=(double)50.605098, min=(double)0.035593, max=(double)106.809275, latency=(double)19.429721, fps=(double)51.467544, frame_num=(uint)1476;
0:00:31.714277911 [32m    1[00m 0x7f9bf8000f70 [37mTRACE  [00m [00;34m          GST_TRACER :0::[00m latency_tracer_pipeline, frame_latency=(double)58.821702, avg=(double)50.610661, min=(double)0.035593, max=(double)106.809275, latency=(double)19.444502, fps=(double)51.428419, frame_num=(uint)1477;
FpsCounter(average 26.45sec): total=409.20 fps, number-streams=8, per-stream=51.15 fps (51.15, 51.15, 51.38, 51.19, 50.85, 51.76, 50.78, 50.93)
0:00:31.757643544 [32m    1[00m 0x7f9bf8000f70 [37mTRACE  [00m [00;34m          GST_TRACER :0::[00m latency_tracer_pipeline, frame_latency=(double)74.982609, avg=(double)50.627151, min=(double)0.035593, max=(double)106.809275, latency=(double)19.460686, fps=(double)51.385650, frame_num=(uint)1478;
0:00:31.757668036 [32m    1[00m 0x7f9bf8000f70 [37mTRACE  [00m [00;34m          GST_TRACER :0::[00m latency_tracer_pipeline, frame_latency=(double)43.167145, avg=(double)50.622107, min=(double)0.035593, max=(double)106.809275, latency=(double)19.447554, fps=(double)51.420350, frame_num=(uint)1479;
0:00:31.800052867 [32m    1[00m 0x7f9bf8000f70 [37mTRACE  [00m [00;34m          GST_TRACER :0::[00m latency_tracer_pipeline, frame_latency=(double)73.612624, avg=(double)50.637641, min=(double)0.035593, max=(double)106.809275, latency=(double)19.463044, fps=(double)51.379424, frame_num=(uint)1480;
0:00:31.800879074 [32m    1[00m 0x7f9bf8000f70 [37mTRACE  [00m [00;34m          GST_TRACER :0::[00m latency_tracer_pipeline, frame_latency=(double)43.979385, avg=(double)50.633145, min=(double)0.035593, max=(double)106.809275, latency=(double)19.450464, fps=(double)51.412654, frame_num=(uint)1481;
0:00:31.850180309 [32m    1[00m 0x7f9bf8000f70 [37mTRACE  [00m [00;34m          GST_TRACER :0::[00m latency_tracer_pipeline, frame_latency=(double)80.561396, avg=(double)50.653340, min=(double)0.035593, max=(double)106.809275, latency=(double)19.470602, fps=(double)51.359479, frame_num=(uint)1482;
0:00:31.850204828 [32m    1[00m 0x7f9bf8000f70 [37mTRACE  [00m [00;34m          GST_TRACER :0::[00m latency_tracer_pipeline, frame_latency=(double)49.571494, avg=(double)50.652610, min=(double)0.035593, max=(double)106.809275, latency=(double)19.457497, fps=(double)51.394071, frame_num=(uint)1483;
0:00:31.851290539 [32m    1[00m 0x7f9bf8000f70 [37mTRACE  [00m [00;34m          GST_TRACER :0::[00m latency_tracer_pipeline, frame_latency=(double)44.719930, avg=(double)50.648612, min=(double)0.035593, max=(double)106.809275, latency=(double)19.445113, fps=(double)51.426802, frame_num=(uint)1484;
0:00:31.894285155 [32m    1[00m 0x7f9bf8000f70 [37mTRACE  [00m [00;34m          GST_TRACER :0::[00m latency_tracer_pipeline, frame_latency=(double)71.816826, avg=(double)50.662867, min=(double)0.035593, max=(double)106.809275, latency=(double)19.460967, fps=(double)51.384907, frame_num=(uint)1485;
0:00:31.895364361 [32m    1[00m 0x7f9bf8000f70 [37mTRACE  [00m [00;34m          GST_TRACER :0::[00m latency_tracer_pipeline, frame_latency=(double)43.422170, avg=(double)50.657994, min=(double)0.035593, max=(double)106.809275, latency=(double)19.448603, fps=(double)51.417576, frame_num=(uint)1486;
0:00:31.935969969 [32m    1[00m 0x7f9bf8000f70 [37mTRACE  [00m [00;34m          GST_TRACER :0::[00m latency_tracer_pipeline, frame_latency=(double)71.791044, avg=(double)50.672206, min=(double)0.035593, max=(double)106.809275, latency=(double)19.462824, fps=(double)51.380005, frame_num=(uint)1487;
0:00:31.937067254 [32m    1[00m 0x7f9bf8000f70 [37mTRACE  [00m [00;34m          GST_TRACER :0::[00m latency_tracer_pipeline, frame_latency=(double)42.153752, avg=(double)50.666482, min=(double)0.035593, max=(double)106.809275, latency=(double)19.450488, fps=(double)51.412591, frame_num=(uint)1488;
0:00:31.980273218 [32m    1[00m 0x7f9bf8000f70 [37mTRACE  [00m [00;34m          GST_TRACER :0::[00m latency_tracer_pipeline, frame_latency=(double)71.286658, avg=(double)50.680330, min=(double)0.035593, max=(double)106.809275, latency=(double)19.466432, fps=(double)51.370483, frame_num=(uint)1489;
0:00:31.981590415 [32m    1[00m 0x7f9bf8000f70 [37mTRACE  [00m [00;34m          GST_TRACER :0::[00m latency_tracer_pipeline, frame_latency=(double)42.524720, avg=(double)50.674856, min=(double)0.035593, max=(double)106.809275, latency=(double)19.454262, fps=(double)51.402618, frame_num=(uint)1490;
0:00:32.022776988 [32m    1[00m 0x7f9bf8000f70 [37mTRACE  [00m [00;34m          GST_TRACER :0::[00m latency_tracer_pipeline, frame_latency=(double)69.824231, avg=(double)50.687700, min=(double)0.035593, max=(double)106.809275, latency=(double)19.468830, fps=(double)51.364155, frame_num=(uint)1491;
0:00:32.023959760 [32m    1[00m 0x7f9bf8000f70 [37mTRACE  [00m [00;34m          GST_TRACER :0::[00m latency_tracer_pipeline, frame_latency=(double)38.585773, avg=(double)50.679588, min=(double)0.035593, max=(double)106.809275, latency=(double)19.456579, fps=(double)51.396497, frame_num=(uint)1492;
0:00:32.066256578 [32m    1[00m 0x7f9bf8000f70 [37mTRACE  [00m [00;34m          GST_TRACER :0::[00m latency_tracer_pipeline, frame_latency=(double)66.866924, avg=(double)50.690431, min=(double)0.035593, max=(double)106.809275, latency=(double)19.471871, fps=(double)51.356132, frame_num=(uint)1493;
0:00:32.067531805 [32m    1[00m 0x7f9bf8000f70 [37mTRACE  [00m [00;34m          GST_TRACER :0::[00m latency_tracer_pipeline, frame_latency=(double)39.303286, avg=(double)50.682809, min=(double)0.035593, max=(double)106.809275, latency=(double)19.459696, fps=(double)51.388264, frame_num=(uint)1494;
0:00:32.109431057 [32m    1[00m 0x7f9bf8000f70 [37mTRACE  [00m [00;34m          GST_TRACER :0::[00m latency_tracer_pipeline, frame_latency=(double)68.407087, avg=(double)50.694664, min=(double)0.035593, max=(double)106.809275, latency=(double)19.474704, fps=(double)51.348662, frame_num=(uint)1495;
0:00:32.110987235 [32m    1[00m 0x7f9bf8000f70 [37mTRACE  [00m [00;34m          GST_TRACER :0::[00m latency_tracer_pipeline, frame_latency=(double)40.069230, avg=(double)50.687562, min=(double)0.035593, max=(double)106.809275, latency=(double)19.462731, fps=(double)51.380252, frame_num=(uint)1496;
0:00:32.151717160 [32m    1[00m 0x7f9bf8000f70 [37mTRACE  [00m [00;34m          GST_TRACER :0::[00m latency_tracer_pipeline, frame_latency=(double)68.126455, avg=(double)50.699211, min=(double)0.035593, max=(double)106.809275, latency=(double)19.476933, fps=(double)51.342785, frame_num=(uint)1497;
0:00:32.194570313 [32m    1[00m 0x7f9bf8000f70 [37mTRACE  [00m [00;34m          GST_TRACER :0::[00m latency_tracer_pipeline, frame_latency=(double)80.837608, avg=(double)50.719330, min=(double)0.035593, max=(double)106.809275, latency=(double)19.492538, fps=(double)51.301682, frame_num=(uint)1498;
0:00:32.195592925 [32m    1[00m 0x7f9bf8000f70 [37mTRACE  [00m [00;34m          GST_TRACER :0::[00m latency_tracer_pipeline, frame_latency=(double)42.682877, avg=(double)50.713969, min=(double)0.035593, max=(double)106.809275, latency=(double)19.480221, fps=(double)51.334119, frame_num=(uint)1499;
0:00:32.236404976 [32m    1[00m 0x7f9bf8000f70 [37mTRACE  [00m [00;34m          GST_TRACER :0::[00m latency_tracer_pipeline, frame_latency=(double)70.356518, avg=(double)50.727064, min=(double)0.035593, max=(double)106.809275, latency=(double)19.494437, fps=(double)51.296684, frame_num=(uint)1500;
0:00:32.237461731 [32m    1[00m 0x7f9bf8000f70 [37mTRACE  [00m [00;34m          GST_TRACER :0::[00m latency_tracer_pipeline, frame_latency=(double)41.098689, avg=(double)50.720649, min=(double)0.035593, max=(double)106.809275, latency=(double)19.482159, fps=(double)51.329013, frame_num=(uint)1501;
0:00:32.278377730 [32m    1[00m 0x7f9bf8000f70 [37mTRACE  [00m [00;34m          GST_TRACER :0::[00m latency_tracer_pipeline, frame_latency=(double)69.352019, avg=(double)50.733054, min=(double)0.035593, max=(double)106.809275, latency=(double)19.496425, fps=(double)51.291455, frame_num=(uint)1502;
0:00:32.279419617 [32m    1[00m 0x7f9bf8000f70 [37mTRACE  [00m [00;34m          GST_TRACER :0::[00m latency_tracer_pipeline, frame_latency=(double)41.182825, avg=(double)50.726700, min=(double)0.035593, max=(double)106.809275, latency=(double)19.484148, fps=(double)51.323773, frame_num=(uint)1503;
0:00:32.320820665 [32m    1[00m 0x7f9bf8000f70 [37mTRACE  [00m [00;34m          GST_TRACER :0::[00m latency_tracer_pipeline, frame_latency=(double)70.784920, avg=(double)50.740036, min=(double)0.035593, max=(double)106.809275, latency=(double)19.498717, fps=(double)51.285425, frame_num=(uint)1504;
0:00:32.321832521 [32m    1[00m 0x7f9bf8000f70 [37mTRACE  [00m [00;34m          GST_TRACER :0::[00m latency_tracer_pipeline, frame_latency=(double)42.782793, avg=(double)50.734749, min=(double)0.035593, max=(double)106.809275, latency=(double)19.486439, fps=(double)51.317739, frame_num=(uint)1505;
0:00:32.363221959 [32m    1[00m 0x7f9bf8000f70 [37mTRACE  [00m [00;34m          GST_TRACER :0::[00m latency_tracer_pipeline, frame_latency=(double)71.534545, avg=(double)50.748560, min=(double)0.035593, max=(double)106.809275, latency=(double)19.500979, fps=(double)51.279478, frame_num=(uint)1506;
0:00:32.363935875 [32m    1[00m 0x7f9bf8000f70 [37mTRACE  [00m [00;34m          GST_TRACER :0::[00m latency_tracer_pipeline, frame_latency=(double)42.633219, avg=(double)50.743175, min=(double)0.035593, max=(double)106.809275, latency=(double)19.488518, fps=(double)51.312266, frame_num=(uint)1507;
0:00:32.406229238 [32m    1[00m 0x7f9bf8000f70 [37mTRACE  [00m [00;34m          GST_TRACER :0::[00m latency_tracer_pipeline, frame_latency=(double)70.959070, avg=(double)50.756581, min=(double)0.035593, max=(double)106.809275, latency=(double)19.503635, fps=(double)51.272493, frame_num=(uint)1508;
0:00:32.443620991 [32m    1[00m 0x7f9bf8000f70 [37mTRACE  [00m [00;34m          GST_TRACER :0::[00m latency_tracer_pipeline, frame_latency=(double)76.780777, avg=(double)50.773827, min=(double)0.035593, max=(double)106.809275, latency=(double)19.515490, fps=(double)51.241347, frame_num=(uint)1509;
0:00:32.445061224 [32m    1[00m 0x7f9bf8000f70 [37mTRACE  [00m [00;34m          GST_TRACER :0::[00m latency_tracer_pipeline, frame_latency=(double)38.568853, avg=(double)50.765744, min=(double)0.035593, max=(double)106.809275, latency=(double)19.503522, fps=(double)51.272790, frame_num=(uint)1510;
0:00:32.482776912 [32m    1[00m 0x7f9bf8000f70 [37mTRACE  [00m [00;34m          GST_TRACER :0::[00m latency_tracer_pipeline, frame_latency=(double)69.423953, avg=(double)50.778092, min=(double)0.035593, max=(double)106.809275, latency=(double)19.515572, fps=(double)51.241133, frame_num=(uint)1511;
0:00:32.482822269 [32m    1[00m 0x7f9bf8000f70 [37mTRACE  [00m [00;34m          GST_TRACER :0::[00m latency_tracer_pipeline, frame_latency=(double)38.726133, avg=(double)50.770121, min=(double)0.035593, max=(double)106.809275, latency=(double)19.502701, fps=(double)51.274950, frame_num=(uint)1512;
0:00:32.484476243 [32m    1[00m 0x7f9bf8000f70 [37mTRACE  [00m [00;34m          GST_TRACER :0::[00m latency_tracer_pipeline, frame_latency=(double)34.920842, avg=(double)50.759646, min=(double)0.035593, max=(double)106.809275, latency=(double)19.490901, fps=(double)51.305993, frame_num=(uint)1513;
0:00:32.527233924 [32m    1[00m 0x7f9bf8000f70 [37mTRACE  [00m [00;34m          GST_TRACER :0::[00m latency_tracer_pipeline, frame_latency=(double)64.956878, avg=(double)50.769023, min=(double)0.035593, max=(double)106.809275, latency=(double)19.506266, fps=(double)51.265579, frame_num=(uint)1514;
0:00:32.527771998 [32m    1[00m 0x7f9bf8000f70 [37mTRACE  [00m [00;34m          GST_TRACER :0::[00m latency_tracer_pipeline, frame_latency=(double)34.018505, avg=(double)50.757967, min=(double)0.035593, max=(double)106.809275, latency=(double)19.493749, fps=(double)51.298496, frame_num=(uint)1515;
FpsCounter(last 1.02sec): total=378.32 fps, number-streams=8, per-stream=47.29 fps (47.29, 47.29, 50.25, 48.28, 47.29, 46.31, 46.31, 45.32)
latency: -30598.41ms (-30560.04, -30706.89, -30915.31, -30599.52, -30312.24, -31091.86, -30241.94, -30331.39)
0:00:32.569189252 [32m    1[00m 0x7f9bf8000f70 [37mTRACE  [00m [00;34m          GST_TRACER :0::[00m latency_tracer_pipeline, frame_latency=(double)61.001739, avg=(double)50.764724, min=(double)0.035593, max=(double)106.809275, latency=(double)19.508208, fps=(double)51.260475, frame_num=(uint)1516;
0:00:32.569202480 [32m    1[00m 0x7f9bf8000f70 [37mTRACE  [00m [00;34m          GST_TRACER :0::[00m latency_tracer_pipeline_interval, interval=(double)1014.996948, avg=(double)54.542741, min=(double)28.933952, max=(double)80.837608, latency=(double)21.145770, fps=(double)47.290783;
0:00:32.570268955 [32m    1[00m 0x7f9bf8000f70 [37mTRACE  [00m [00;34m          GST_TRACER :0::[00m latency_tracer_pipeline, frame_latency=(double)37.420496, avg=(double)50.755928, min=(double)0.035593, max=(double)106.809275, latency=(double)19.496064, fps=(double)51.292405, frame_num=(uint)1517;
0:00:32.613089822 [32m    1[00m 0x7f9bf8000f70 [37mTRACE  [00m [00;34m          GST_TRACER :0::[00m latency_tracer_pipeline, frame_latency=(double)68.217586, avg=(double)50.767431, min=(double)0.035593, max=(double)106.809275, latency=(double)19.511425, fps=(double)51.252023, frame_num=(uint)1518;
0:00:32.614221615 [32m    1[00m 0x7f9bf8000f70 [37mTRACE  [00m [00;34m          GST_TRACER :0::[00m latency_tracer_pipeline, frame_latency=(double)39.332530, avg=(double)50.759903, min=(double)0.035593, max=(double)106.809275, latency=(double)19.499328, fps=(double)51.283818, frame_num=(uint)1519;
0:00:32.651649391 [32m    1[00m 0x7f9bf8000f70 [37mTRACE  [00m [00;34m          GST_TRACER :0::[00m latency_tracer_pipeline, frame_latency=(double)66.277131, avg=(double)50.770111, min=(double)0.035593, max=(double)106.809275, latency=(double)19.511116, fps=(double)51.252835, frame_num=(uint)1520;
0:00:32.652830736 [32m    1[00m 0x7f9bf8000f70 [37mTRACE  [00m [00;34m          GST_TRACER :0::[00m latency_tracer_pipeline, frame_latency=(double)36.860960, avg=(double)50.760967, min=(double)0.035593, max=(double)106.809275, latency=(double)19.499064, fps=(double)51.284514, frame_num=(uint)1521;
0:00:32.652877522 [32m    1[00m 0x7f9bf8000f70 [37mTRACE  [00m [00;34m          GST_TRACER :0::[00m latency_tracer_pipeline, frame_latency=(double)29.567644, avg=(double)50.747042, min=(double)0.035593, max=(double)106.809275, latency=(double)19.486293, fps=(double)51.318125, frame_num=(uint)1522;
0:00:32.689553811 [32m    1[00m 0x7f9bf8000f70 [37mTRACE  [00m [00;34m          GST_TRACER :0::[00m latency_tracer_pipeline, frame_latency=(double)61.815639, avg=(double)50.754310, min=(double)0.035593, max=(double)106.809275, latency=(double)19.497569, fps=(double)51.288444, frame_num=(uint)1523;
0:00:32.690599488 [32m    1[00m 0x7f9bf8000f70 [37mTRACE  [00m [00;34m          GST_TRACER :0::[00m latency_tracer_pipeline, frame_latency=(double)33.193263, avg=(double)50.742787, min=(double)0.035593, max=(double)106.809275, latency=(double)19.485461, fps=(double)51.320314, frame_num=(uint)1524;
0:00:32.731015360 [32m    1[00m 0x7f9bf8000f70 [37mTRACE  [00m [00;34m          GST_TRACER :0::[00m latency_tracer_pipeline, frame_latency=(double)65.631159, avg=(double)50.752550, min=(double)0.035593, max=(double)106.809275, latency=(double)19.499188, fps=(double)51.284186, frame_num=(uint)1525;
0:00:32.732334044 [32m    1[00m 0x7f9bf8000f70 [37mTRACE  [00m [00;34m          GST_TRACER :0::[00m latency_tracer_pipeline, frame_latency=(double)34.155502, avg=(double)50.741673, min=(double)0.035593, max=(double)106.809275, latency=(double)19.487280, fps=(double)51.315526, frame_num=(uint)1526;
FpsCounter(average 27.47sec): total=408.04 fps, number-streams=8, per-stream=51.01 fps (51.05, 50.97, 51.37, 51.12, 50.68, 51.52, 50.61, 50.72)
0:00:32.772677250 [32m    1[00m 0x7f9bf8000f70 [37mTRACE  [00m [00;34m          GST_TRACER :0::[00m latency_tracer_pipeline, frame_latency=(double)63.106511, avg=(double)50.749771, min=(double)0.035593, max=(double)106.809275, latency=(double)19.500934, fps=(double)51.279596, frame_num=(uint)1527;
0:00:32.774158757 [32m    1[00m 0x7f9bf8000f70 [37mTRACE  [00m [00;34m          GST_TRACER :0::[00m latency_tracer_pipeline, frame_latency=(double)34.831807, avg=(double)50.739353, min=(double)0.035593, max=(double)106.809275, latency=(double)19.489144, fps=(double)51.310617, frame_num=(uint)1528;
0:00:32.811240890 [32m    1[00m 0x7f9bf8000f70 [37mTRACE  [00m [00;34m          GST_TRACER :0::[00m latency_tracer_pipeline, frame_latency=(double)61.956443, avg=(double)50.746690, min=(double)0.035593, max=(double)106.809275, latency=(double)19.500644, fps=(double)51.280359, frame_num=(uint)1529;
0:00:32.812495837 [32m    1[00m 0x7f9bf8000f70 [37mTRACE  [00m [00;34m          GST_TRACER :0::[00m latency_tracer_pipeline, frame_latency=(double)35.540836, avg=(double)50.736751, min=(double)0.035593, max=(double)106.809275, latency=(double)19.488725, fps=(double)51.311720, frame_num=(uint)1530;
0:00:32.848934756 [32m    1[00m 0x7f9bf8000f70 [37mTRACE  [00m [00;34m          GST_TRACER :0::[00m latency_tracer_pipeline, frame_latency=(double)63.755622, avg=(double)50.745255, min=(double)0.035593, max=(double)106.809275, latency=(double)19.499789, fps=(double)51.282606, frame_num=(uint)1531;
0:00:32.850227794 [32m    1[00m 0x7f9bf8000f70 [37mTRACE  [00m [00;34m          GST_TRACER :0::[00m latency_tracer_pipeline, frame_latency=(double)34.105946, avg=(double)50.734393, min=(double)0.035593, max=(double)106.809275, latency=(double)19.487907, fps=(double)51.313874, frame_num=(uint)1532;
0:00:32.888286954 [32m    1[00m 0x7f9bf8000f70 [37mTRACE  [00m [00;34m          GST_TRACER :0::[00m latency_tracer_pipeline, frame_latency=(double)62.920457, avg=(double)50.742343, min=(double)0.035593, max=(double)106.809275, latency=(double)19.500018, fps=(double)51.282005, frame_num=(uint)1533;
0:00:32.889623495 [32m    1[00m 0x7f9bf8000f70 [37mTRACE  [00m [00;34m          GST_TRACER :0::[00m latency_tracer_pipeline, frame_latency=(double)35.244996, avg=(double)50.732240, min=(double)0.035593, max=(double)106.809275, latency=(double)19.488182, fps=(double)51.313148, frame_num=(uint)1534;
0:00:32.929584100 [32m    1[00m 0x7f9bf8000f70 [37mTRACE  [00m [00;34m          GST_TRACER :0::[00m latency_tracer_pipeline, frame_latency=(double)65.679369, avg=(double)50.741978, min=(double)0.035593, max=(double)106.809275, latency=(double)19.501519, fps=(double)51.278058, frame_num=(uint)1535;
0:00:32.930953271 [32m    1[00m 0x7f9bf8000f70 [37mTRACE  [00m [00;34m          GST_TRACER :0::[00m latency_tracer_pipeline, frame_latency=(double)34.659780, avg=(double)50.731507, min=(double)0.035593, max=(double)106.809275, latency=(double)19.489709, fps=(double)51.309128, frame_num=(uint)1536;
0:00:32.969091790 [32m    1[00m 0x7f9bf8000f70 [37mTRACE  [00m [00;34m          GST_TRACER :0::[00m latency_tracer_pipeline, frame_latency=(double)61.258573, avg=(double)50.738356, min=(double)0.035593, max=(double)106.809275, latency=(double)19.501844, fps=(double)51.277203, frame_num=(uint)1537;
0:00:32.969891381 [32m    1[00m 0x7f9bf8000f70 [37mTRACE  [00m [00;34m          GST_TRACER :0::[00m latency_tracer_pipeline, frame_latency=(double)32.285884, avg=(double)50.726359, min=(double)0.035593, max=(double)106.809275, latency=(double)19.489687, fps=(double)51.309188, frame_num=(uint)1538;
0:00:33.010754493 [32m    1[00m 0x7f9bf8000f70 [37mTRACE  [00m [00;34m          GST_TRACER :0::[00m latency_tracer_pipeline, frame_latency=(double)58.542883, avg=(double)50.731438, min=(double)0.035593, max=(double)106.809275, latency=(double)19.503574, fps=(double)51.272653, frame_num=(uint)1539;
0:00:33.053893744 [32m    1[00m 0x7f9bf8000f70 [37mTRACE  [00m [00;34m          GST_TRACER :0::[00m latency_tracer_pipeline, frame_latency=(double)74.518968, avg=(double)50.746884, min=(double)0.035593, max=(double)106.809275, latency=(double)19.518919, fps=(double)51.232346, frame_num=(uint)1540;
0:00:33.054634311 [32m    1[00m 0x7f9bf8000f70 [37mTRACE  [00m [00;34m          GST_TRACER :0::[00m latency_tracer_pipeline, frame_latency=(double)43.832669, avg=(double)50.742397, min=(double)0.035593, max=(double)106.809275, latency=(double)19.506739, fps=(double)51.264335, frame_num=(uint)1541;
0:00:33.094249254 [32m    1[00m 0x7f9bf8000f70 [37mTRACE  [00m [00;34m          GST_TRACER :0::[00m latency_tracer_pipeline, frame_latency=(double)64.070079, avg=(double)50.751040, min=(double)0.035593, max=(double)106.809275, latency=(double)19.519775, fps=(double)51.230098, frame_num=(uint)1542;
0:00:33.095154713 [32m    1[00m 0x7f9bf8000f70 [37mTRACE  [00m [00;34m          GST_TRACER :0::[00m latency_tracer_pipeline, frame_latency=(double)38.881746, avg=(double)50.743348, min=(double)0.035593, max=(double)106.809275, latency=(double)19.507721, fps=(double)51.261754, frame_num=(uint)1543;
0:00:33.135672845 [32m    1[00m 0x7f9bf8000f70 [37mTRACE  [00m [00;34m          GST_TRACER :0::[00m latency_tracer_pipeline, frame_latency=(double)69.783400, avg=(double)50.755680, min=(double)0.035593, max=(double)106.809275, latency=(double)19.521322, fps=(double)51.226038, frame_num=(uint)1544;
0:00:33.141471913 [32m    1[00m 0x7f9bf8000f70 [37mTRACE  [00m [00;34m          GST_TRACER :0::[00m latency_tracer_pipeline, frame_latency=(double)46.691167, avg=(double)50.753049, min=(double)0.035593, max=(double)106.809275, latency=(double)19.512443, fps=(double)51.249349, frame_num=(uint)1545;
0:00:33.141499048 [32m    1[00m 0x7f9bf8000f70 [37mTRACE  [00m [00;34m          GST_TRACER :0::[00m latency_tracer_pipeline, frame_latency=(double)31.848762, avg=(double)50.740821, min=(double)0.035593, max=(double)106.809275, latency=(double)19.499846, fps=(double)51.282456, frame_num=(uint)1546;
0:00:33.168885955 [32m    1[00m 0x7f9bf8000f70 [37mTRACE  [00m [00;34m          GST_TRACER :0::[00m latency_tracer_pipeline, frame_latency=(double)48.691652, avg=(double)50.739496, min=(double)0.035593, max=(double)106.809275, latency=(double)19.504938, fps=(double)51.269069, frame_num=(uint)1547;
0:00:33.188159962 [32m    1[00m 0x7f9bf8000f70 [37mTRACE  [00m [00;34m          GST_TRACER :0::[00m latency_tracer_pipeline, frame_latency=(double)40.889616, avg=(double)50.733134, min=(double)0.035593, max=(double)106.809275, latency=(double)19.504789, fps=(double)51.269460, frame_num=(uint)1548;
0:00:33.220293433 [32m    1[00m 0x7f9bf8000f70 [37mTRACE  [00m [00;34m          GST_TRACER :0::[00m latency_tracer_pipeline, frame_latency=(double)56.457789, avg=(double)50.736829, min=(double)0.035593, max=(double)106.809275, latency=(double)19.512940, fps=(double)51.248044, frame_num=(uint)1549;
0:00:33.221475194 [32m    1[00m 0x7f9bf8000f70 [37mTRACE  [00m [00;34m          GST_TRACER :0::[00m latency_tracer_pipeline, frame_latency=(double)33.360572, avg=(double)50.725619, min=(double)0.035593, max=(double)106.809275, latency=(double)19.501118, fps=(double)51.279111, frame_num=(uint)1550;
0:00:33.254645694 [32m    1[00m 0x7f9bf8000f70 [37mTRACE  [00m [00;34m          GST_TRACER :0::[00m latency_tracer_pipeline, frame_latency=(double)52.036621, avg=(double)50.726464, min=(double)0.035593, max=(double)106.809275, latency=(double)19.509927, fps=(double)51.255958, frame_num=(uint)1551;
0:00:33.273083408 [32m    1[00m 0x7f9bf8000f70 [37mTRACE  [00m [00;34m          GST_TRACER :0::[00m latency_tracer_pipeline, frame_latency=(double)40.260847, avg=(double)50.719721, min=(double)0.035593, max=(double)106.809275, latency=(double)19.509239, fps=(double)51.257767, frame_num=(uint)1552;
0:00:33.305072980 [32m    1[00m 0x7f9bf8000f70 [37mTRACE  [00m [00;34m          GST_TRACER :0::[00m latency_tracer_pipeline, frame_latency=(double)54.846948, avg=(double)50.722378, min=(double)0.035593, max=(double)106.809275, latency=(double)19.517267, fps=(double)51.236681, frame_num=(uint)1553;
0:00:33.306036183 [32m    1[00m 0x7f9bf8000f70 [37mTRACE  [00m [00;34m          GST_TRACER :0::[00m latency_tracer_pipeline, frame_latency=(double)37.815221, avg=(double)50.714073, min=(double)0.035593, max=(double)106.809275, latency=(double)19.505333, fps=(double)51.268031, frame_num=(uint)1554;
0:00:33.348294221 [32m    1[00m 0x7f9bf8000f70 [37mTRACE  [00m [00;34m          GST_TRACER :0::[00m latency_tracer_pipeline, frame_latency=(double)66.464506, avg=(double)50.724201, min=(double)0.035593, max=(double)106.809275, latency=(double)19.519958, fps=(double)51.229618, frame_num=(uint)1555;
0:00:33.349229552 [32m    1[00m 0x7f9bf8000f70 [37mTRACE  [00m [00;34m          GST_TRACER :0::[00m latency_tracer_pipeline, frame_latency=(double)33.736723, avg=(double)50.713284, min=(double)0.035593, max=(double)106.809275, latency=(double)19.508023, fps=(double)51.260962, frame_num=(uint)1556;
0:00:33.379784946 [32m    1[00m 0x7f9bf8000f70 [37mTRACE  [00m [00;34m          GST_TRACER :0::[00m latency_tracer_pipeline, frame_latency=(double)47.597964, avg=(double)50.711283, min=(double)0.035593, max=(double)106.809275, latency=(double)19.515117, fps=(double)51.242327, frame_num=(uint)1557;
0:00:33.414120425 [32m    1[00m 0x7f9bf8000f70 [37mTRACE  [00m [00;34m          GST_TRACER :0::[00m latency_tracer_pipeline, frame_latency=(double)53.365469, avg=(double)50.712987, min=(double)0.035593, max=(double)106.809275, latency=(double)19.524630, fps=(double)51.217359, frame_num=(uint)1558;
0:00:33.414955317 [32m    1[00m 0x7f9bf8000f70 [37mTRACE  [00m [00;34m          GST_TRACER :0::[00m latency_tracer_pipeline, frame_latency=(double)32.383393, avg=(double)50.701229, min=(double)0.035593, max=(double)106.809275, latency=(double)19.512630, fps=(double)51.248859, frame_num=(uint)1559;
0:00:33.455965833 [32m    1[00m 0x7f9bf8000f70 [37mTRACE  [00m [00;34m          GST_TRACER :0::[00m latency_tracer_pipeline, frame_latency=(double)60.914581, avg=(double)50.707776, min=(double)0.035593, max=(double)106.809275, latency=(double)19.526418, fps=(double)51.212671, frame_num=(uint)1560;
0:00:33.456815709 [32m    1[00m 0x7f9bf8000f70 [37mTRACE  [00m [00;34m          GST_TRACER :0::[00m latency_tracer_pipeline, frame_latency=(double)33.112865, avg=(double)50.696505, min=(double)0.035593, max=(double)106.809275, latency=(double)19.514460, fps=(double)51.244051, frame_num=(uint)1561;
0:00:33.497720182 [32m    1[00m 0x7f9bf8000f70 [37mTRACE  [00m [00;34m          GST_TRACER :0::[00m latency_tracer_pipeline, frame_latency=(double)58.429163, avg=(double)50.701455, min=(double)0.035593, max=(double)106.809275, latency=(double)19.528147, fps=(double)51.208136, frame_num=(uint)1562;
0:00:33.498697518 [32m    1[00m 0x7f9bf8000f70 [37mTRACE  [00m [00;34m          GST_TRACER :0::[00m latency_tracer_pipeline, frame_latency=(double)35.718347, avg=(double)50.691869, min=(double)0.035593, max=(double)106.809275, latency=(double)19.516285, fps=(double)51.239260, frame_num=(uint)1563;
0:00:33.540693307 [32m    1[00m 0x7f9bf8000f70 [37mTRACE  [00m [00;34m          GST_TRACER :0::[00m latency_tracer_pipeline, frame_latency=(double)66.398600, avg=(double)50.701912, min=(double)0.035593, max=(double)106.809275, latency=(double)19.530650, fps=(double)51.201574, frame_num=(uint)1564;
0:00:33.541518918 [32m    1[00m 0x7f9bf8000f70 [37mTRACE  [00m [00;34m          GST_TRACER :0::[00m latency_tracer_pipeline, frame_latency=(double)39.796106, avg=(double)50.694943, min=(double)0.035593, max=(double)106.809275, latency=(double)19.518707, fps=(double)51.232903, frame_num=(uint)1565;
0:00:33.585346712 [32m    1[00m 0x7f9bf8000f70 [37mTRACE  [00m [00;34m          GST_TRACER :0::[00m latency_tracer_pipeline, frame_latency=(double)68.772170, avg=(double)50.706487, min=(double)0.035593, max=(double)106.809275, latency=(double)19.534222, fps=(double)51.192209, frame_num=(uint)1566;
0:00:33.585371498 [32m    1[00m 0x7f9bf8000f70 [37mTRACE  [00m [00;34m          GST_TRACER :0::[00m latency_tracer_pipeline_interval, interval=(double)1016.149496, avg=(double)48.940739, min=(double)29.567644, max=(double)74.518968, latency=(double)20.322990, fps=(double)49.205358;
FpsCounter(last 1.02sec): total=385.80 fps, number-streams=8, per-stream=48.22 fps (49.21, 46.26, 47.24, 51.18, 45.27, 47.24, 51.18, 48.22)
latency: -31525.99ms (-31510.01, -31604.26, -31898.74, -31638.65, -31185.76, -31989.33, -31187.17, -31207.57)
0:00:33.586254517 [32m    1[00m 0x7f9bf8000f70 [37mTRACE  [00m [00;34m          GST_TRACER :0::[00m latency_tracer_pipeline, frame_latency=(double)35.263746, avg=(double)50.696632, min=(double)0.035593, max=(double)106.809275, latency=(double)19.522344, fps=(double)51.223357, frame_num=(uint)1567;
0:00:33.628382556 [32m    1[00m 0x7f9bf8000f70 [37mTRACE  [00m [00;34m          GST_TRACER :0::[00m latency_tracer_pipeline, frame_latency=(double)65.245304, avg=(double)50.705910, min=(double)0.035593, max=(double)106.809275, latency=(double)19.536750, fps=(double)51.185587, frame_num=(uint)1568;
0:00:33.629584997 [32m    1[00m 0x7f9bf8000f70 [37mTRACE  [00m [00;34m          GST_TRACER :0::[00m latency_tracer_pipeline, frame_latency=(double)36.447679, avg=(double)50.696823, min=(double)0.035593, max=(double)106.809275, latency=(double)19.525074, fps=(double)51.216194, frame_num=(uint)1569;
0:00:33.661767329 [32m    1[00m 0x7f9bf8000f70 [37mTRACE  [00m [00;34m          GST_TRACER :0::[00m latency_tracer_pipeline, frame_latency=(double)51.437767, avg=(double)50.697295, min=(double)0.035593, max=(double)106.809275, latency=(double)19.533134, fps=(double)51.195061, frame_num=(uint)1570;
0:00:33.693728575 [32m    1[00m 0x7f9bf8000f70 [37mTRACE  [00m [00;34m          GST_TRACER :0::[00m latency_tracer_pipeline, frame_latency=(double)49.994536, avg=(double)50.696848, min=(double)0.035593, max=(double)106.809275, latency=(double)19.541043, fps=(double)51.174340, frame_num=(uint)1571;
0:00:33.694490984 [32m    1[00m 0x7f9bf8000f70 [37mTRACE  [00m [00;34m          GST_TRACER :0::[00m latency_tracer_pipeline, frame_latency=(double)31.872827, avg=(double)50.684873, min=(double)0.035593, max=(double)106.809275, latency=(double)19.529104, fps=(double)51.205627, frame_num=(uint)1572;
0:00:33.736008623 [32m    1[00m 0x7f9bf8000f70 [37mTRACE  [00m [00;34m          GST_TRACER :0::[00m latency_tracer_pipeline, frame_latency=(double)63.912520, avg=(double)50.693282, min=(double)0.035593, max=(double)106.809275, latency=(double)19.543077, fps=(double)51.169015, frame_num=(uint)1573;
0:00:33.737585525 [32m    1[00m 0x7f9bf8000f70 [37mTRACE  [00m [00;34m          GST_TRACER :0::[00m latency_tracer_pipeline, frame_latency=(double)38.214000, avg=(double)50.685354, min=(double)0.035593, max=(double)106.809275, latency=(double)19.531669, fps=(double)51.198902, frame_num=(uint)1574;
FpsCounter(average 28.47sec): total=407.12 fps, number-streams=8, per-stream=50.89 fps (50.93, 50.82, 51.14, 51.11, 50.54, 51.39, 50.61, 50.58)
0:00:33.777703575 [32m    1[00m 0x7f9bf8000f70 [37mTRACE  [00m [00;34m          GST_TRACER :0::[00m latency_tracer_pipeline, frame_latency=(double)65.777252, avg=(double)50.694936, min=(double)0.035593, max=(double)106.809275, latency=(double)19.544736, fps=(double)51.164672, frame_num=(uint)1575;
0:00:33.821005934 [32m    1[00m 0x7f9bf8000f70 [37mTRACE  [00m [00;34m          GST_TRACER :0::[00m latency_tracer_pipeline, frame_latency=(double)78.870100, avg=(double)50.712814, min=(double)0.035593, max=(double)106.809275, latency=(double)19.559808, fps=(double)51.125247, frame_num=(uint)1576;
0:00:33.821984540 [32m    1[00m 0x7f9bf8000f70 [37mTRACE  [00m [00;34m          GST_TRACER :0::[00m latency_tracer_pipeline, frame_latency=(double)42.348173, avg=(double)50.707510, min=(double)0.035593, max=(double)106.809275, latency=(double)19.548031, fps=(double)51.156048, frame_num=(uint)1577;
0:00:33.864321780 [32m    1[00m 0x7f9bf8000f70 [37mTRACE  [00m [00;34m          GST_TRACER :0::[00m latency_tracer_pipeline, frame_latency=(double)71.279448, avg=(double)50.720546, min=(double)0.035593, max=(double)106.809275, latency=(double)19.562467, fps=(double)51.118298, frame_num=(uint)1578;
0:00:33.866014673 [32m    1[00m 0x7f9bf8000f70 [37mTRACE  [00m [00;34m          GST_TRACER :0::[00m latency_tracer_pipeline, frame_latency=(double)42.262924, avg=(double)50.715190, min=(double)0.035593, max=(double)106.809275, latency=(double)19.551153, fps=(double)51.147878, frame_num=(uint)1579;
0:00:33.908498312 [32m    1[00m 0x7f9bf8000f70 [37mTRACE  [00m [00;34m          GST_TRACER :0::[00m latency_tracer_pipeline, frame_latency=(double)69.462614, avg=(double)50.727055, min=(double)0.035593, max=(double)106.809275, latency=(double)19.565665, fps=(double)51.109942, frame_num=(uint)1580;
0:00:33.909495013 [32m    1[00m 0x7f9bf8000f70 [37mTRACE  [00m [00;34m          GST_TRACER :0::[00m latency_tracer_pipeline, frame_latency=(double)40.429702, avg=(double)50.720542, min=(double)0.035593, max=(double)106.809275, latency=(double)19.553924, fps=(double)51.140630, frame_num=(uint)1581;
0:00:33.951789214 [32m    1[00m 0x7f9bf8000f70 [37mTRACE  [00m [00;34m          GST_TRACER :0::[00m latency_tracer_pipeline, frame_latency=(double)68.138067, avg=(double)50.731552, min=(double)0.035593, max=(double)106.809275, latency=(double)19.568294, fps=(double)51.103076, frame_num=(uint)1582;
0:00:33.952946063 [32m    1[00m 0x7f9bf8000f70 [37mTRACE  [00m [00;34m          GST_TRACER :0::[00m latency_tracer_pipeline, frame_latency=(double)37.331772, avg=(double)50.723087, min=(double)0.035593, max=(double)106.809275, latency=(double)19.556662, fps=(double)51.133471, frame_num=(uint)1583;
0:00:33.995893143 [32m    1[00m 0x7f9bf8000f70 [37mTRACE  [00m [00;34m          GST_TRACER :0::[00m latency_tracer_pipeline, frame_latency=(double)65.000561, avg=(double)50.732101, min=(double)0.035593, max=(double)106.809275, latency=(double)19.571426, fps=(double)51.094897, frame_num=(uint)1584;
0:00:33.996974083 [32m    1[00m 0x7f9bf8000f70 [37mTRACE  [00m [00;34m          GST_TRACER :0::[00m latency_tracer_pipeline, frame_latency=(double)38.858867, avg=(double)50.724610, min=(double)0.035593, max=(double)106.809275, latency=(double)19.559766, fps=(double)51.125356, frame_num=(uint)1585;
0:00:34.039845876 [32m    1[00m 0x7f9bf8000f70 [37mTRACE  [00m [00;34m          GST_TRACER :0::[00m latency_tracer_pipeline, frame_latency=(double)65.550185, avg=(double)50.733958, min=(double)0.035593, max=(double)106.809275, latency=(double)19.574459, fps=(double)51.086980, frame_num=(uint)1586;
0:00:34.041277945 [32m    1[00m 0x7f9bf8000f70 [37mTRACE  [00m [00;34m          GST_TRACER :0::[00m latency_tracer_pipeline, frame_latency=(double)38.213933, avg=(double)50.726068, min=(double)0.035593, max=(double)106.809275, latency=(double)19.563025, fps=(double)51.116839, frame_num=(uint)1587;
0:00:34.073735372 [32m    1[00m 0x7f9bf8000f70 [37mTRACE  [00m [00;34m          GST_TRACER :0::[00m latency_tracer_pipeline, frame_latency=(double)56.779754, avg=(double)50.729881, min=(double)0.035593, max=(double)106.809275, latency=(double)19.571145, fps=(double)51.095631, frame_num=(uint)1588;
0:00:34.093874533 [32m    1[00m 0x7f9bf8000f70 [37mTRACE  [00m [00;34m          GST_TRACER :0::[00m latency_tracer_pipeline, frame_latency=(double)43.567371, avg=(double)50.725373, min=(double)0.035593, max=(double)106.809275, latency=(double)19.571501, fps=(double)51.094701, frame_num=(uint)1589;
0:00:34.114014202 [32m    1[00m 0x7f9bf8000f70 [37mTRACE  [00m [00;34m          GST_TRACER :0::[00m latency_tracer_pipeline, frame_latency=(double)43.750879, avg=(double)50.720987, min=(double)0.035593, max=(double)106.809275, latency=(double)19.571859, fps=(double)51.093767, frame_num=(uint)1590;
0:00:34.133982435 [32m    1[00m 0x7f9bf8000f70 [37mTRACE  [00m [00;34m          GST_TRACER :0::[00m latency_tracer_pipeline, frame_latency=(double)43.800557, avg=(double)50.716637, min=(double)0.035593, max=(double)106.809275, latency=(double)19.572112, fps=(double)51.093106, frame_num=(uint)1591;
0:00:34.164104209 [32m    1[00m 0x7f9bf8000f70 [37mTRACE  [00m [00;34m          GST_TRACER :0::[00m latency_tracer_pipeline, frame_latency=(double)55.288193, avg=(double)50.719508, min=(double)0.035593, max=(double)106.809275, latency=(double)19.578735, fps=(double)51.075822, frame_num=(uint)1592;
0:00:34.169308709 [32m    1[00m 0x7f9bf8000f70 [37mTRACE  [00m [00;34m          GST_TRACER :0::[00m latency_tracer_pipeline, frame_latency=(double)42.259027, avg=(double)50.714197, min=(double)0.035593, max=(double)106.809275, latency=(double)19.569712, fps=(double)51.099371, frame_num=(uint)1593;
0:00:34.196199165 [32m    1[00m 0x7f9bf8000f70 [37mTRACE  [00m [00;34m          GST_TRACER :0::[00m latency_tracer_pipeline, frame_latency=(double)51.921318, avg=(double)50.714955, min=(double)0.035593, max=(double)106.809275, latency=(double)19.574304, fps=(double)51.087385, frame_num=(uint)1594;
0:00:34.223617486 [32m    1[00m 0x7f9bf8000f70 [37mTRACE  [00m [00;34m          GST_TRACER :0::[00m latency_tracer_pipeline, frame_latency=(double)54.852531, avg=(double)50.717549, min=(double)0.035593, max=(double)106.809275, latency=(double)19.579221, fps=(double)51.074554, frame_num=(uint)1595;
0:00:34.231343466 [32m    1[00m 0x7f9bf8000f70 [37mTRACE  [00m [00;34m          GST_TRACER :0::[00m latency_tracer_pipeline, frame_latency=(double)44.838047, avg=(double)50.713865, min=(double)0.035593, max=(double)106.809275, latency=(double)19.571792, fps=(double)51.093941, frame_num=(uint)1596;
0:00:34.257147358 [32m    1[00m 0x7f9bf8000f70 [37mTRACE  [00m [00;34m          GST_TRACER :0::[00m latency_tracer_pipeline, frame_latency=(double)51.646483, avg=(double)50.714449, min=(double)0.035593, max=(double)106.809275, latency=(double)19.575699, fps=(double)51.083744, frame_num=(uint)1597;
0:00:34.275381237 [32m    1[00m 0x7f9bf8000f70 [37mTRACE  [00m [00;34m          GST_TRACER :0::[00m latency_tracer_pipeline, frame_latency=(double)46.493683, avg=(double)50.711808, min=(double)0.035593, max=(double)106.809275, latency=(double)19.574860, fps=(double)51.085932, frame_num=(uint)1598;
0:00:34.308524378 [32m    1[00m 0x7f9bf8000f70 [37mTRACE  [00m [00;34m          GST_TRACER :0::[00m latency_tracer_pipeline, frame_latency=(double)61.589251, avg=(double)50.718610, min=(double)0.035593, max=(double)106.809275, latency=(double)19.583339, fps=(double)51.063816, frame_num=(uint)1599;
0:00:34.308578082 [32m    1[00m 0x7f9bf8000f70 [37mTRACE  [00m [00;34m          GST_TRACER :0::[00m latency_tracer_pipeline, frame_latency=(double)41.712594, avg=(double)50.712981, min=(double)0.035593, max=(double)106.809275, latency=(double)19.571148, fps=(double)51.095624, frame_num=(uint)1600;
0:00:34.350673922 [32m    1[00m 0x7f9bf8000f70 [37mTRACE  [00m [00;34m          GST_TRACER :0::[00m latency_tracer_pipeline, frame_latency=(double)64.851040, avg=(double)50.721812, min=(double)0.035593, max=(double)106.809275, latency=(double)19.585208, fps=(double)51.058942, frame_num=(uint)1601;
0:00:34.351322350 [32m    1[00m 0x7f9bf8000f70 [37mTRACE  [00m [00;34m          GST_TRACER :0::[00m latency_tracer_pipeline, frame_latency=(double)39.065685, avg=(double)50.714536, min=(double)0.035593, max=(double)106.809275, latency=(double)19.573391, fps=(double)51.089767, frame_num=(uint)1602;
0:00:34.392384679 [32m    1[00m 0x7f9bf8000f70 [37mTRACE  [00m [00;34m          GST_TRACER :0::[00m latency_tracer_pipeline, frame_latency=(double)66.004767, avg=(double)50.724075, min=(double)0.035593, max=(double)106.809275, latency=(double)19.586791, fps=(double)51.054814, frame_num=(uint)1603;
0:00:34.393572671 [32m    1[00m 0x7f9bf8000f70 [37mTRACE  [00m [00;34m          GST_TRACER :0::[00m latency_tracer_pipeline, frame_latency=(double)38.811498, avg=(double)50.716648, min=(double)0.035593, max=(double)106.809275, latency=(double)19.575328, fps=(double)51.084711, frame_num=(uint)1604;
0:00:34.425562070 [32m    1[00m 0x7f9bf8000f70 [37mTRACE  [00m [00;34m          GST_TRACER :0::[00m latency_tracer_pipeline, frame_latency=(double)57.068108, avg=(double)50.720605, min=(double)0.035593, max=(double)106.809275, latency=(double)19.583062, fps=(double)51.064537, frame_num=(uint)1605;
0:00:34.443564354 [32m    1[00m 0x7f9bf8000f70 [37mTRACE  [00m [00;34m          GST_TRACER :0::[00m latency_tracer_pipeline, frame_latency=(double)45.504232, avg=(double)50.717357, min=(double)0.035593, max=(double)106.809275, latency=(double)19.582078, fps=(double)51.067102, frame_num=(uint)1606;
0:00:34.475362406 [32m    1[00m 0x7f9bf8000f70 [37mTRACE  [00m [00;34m          GST_TRACER :0::[00m latency_tracer_pipeline, frame_latency=(double)63.468462, avg=(double)50.725292, min=(double)0.035593, max=(double)106.809275, latency=(double)19.589678, fps=(double)51.047290, frame_num=(uint)1607;
0:00:34.476241172 [32m    1[00m 0x7f9bf8000f70 [37mTRACE  [00m [00;34m          GST_TRACER :0::[00m latency_tracer_pipeline, frame_latency=(double)46.225489, avg=(double)50.722493, min=(double)0.035593, max=(double)106.809275, latency=(double)19.578041, fps=(double)51.077634, frame_num=(uint)1608;
0:00:34.510118145 [32m    1[00m 0x7f9bf8000f70 [37mTRACE  [00m [00;34m          GST_TRACER :0::[00m latency_tracer_pipeline, frame_latency=(double)62.871427, avg=(double)50.730044, min=(double)0.035593, max=(double)106.809275, latency=(double)19.586931, fps=(double)51.054451, frame_num=(uint)1609;
0:00:34.510169262 [32m    1[00m 0x7f9bf8000f70 [37mTRACE  [00m [00;34m          GST_TRACER :0::[00m latency_tracer_pipeline, frame_latency=(double)29.872414, avg=(double)50.717089, min=(double)0.035593, max=(double)106.809275, latency=(double)19.574801, fps=(double)51.086088, frame_num=(uint)1610;
0:00:34.530838715 [32m    1[00m 0x7f9bf8000f70 [37mTRACE  [00m [00;34m          GST_TRACER :0::[00m latency_tracer_pipeline, frame_latency=(double)44.853549, avg=(double)50.713449, min=(double)0.035593, max=(double)106.809275, latency=(double)19.575474, fps=(double)51.084331, frame_num=(uint)1611;
0:00:34.561319397 [32m    1[00m 0x7f9bf8000f70 [37mTRACE  [00m [00;34m          GST_TRACER :0::[00m latency_tracer_pipeline, frame_latency=(double)56.104655, avg=(double)50.716794, min=(double)0.035593, max=(double)106.809275, latency=(double)19.582240, fps=(double)51.066681, frame_num=(uint)1612;
0:00:34.562227196 [32m    1[00m 0x7f9bf8000f70 [37mTRACE  [00m [00;34m          GST_TRACER :0::[00m latency_tracer_pipeline, frame_latency=(double)38.606687, avg=(double)50.709286, min=(double)0.035593, max=(double)106.809275, latency=(double)19.570668, fps=(double)51.096877, frame_num=(uint)1613;
FpsCounter(last 1.01sec): total=381.98 fps, number-streams=8, per-stream=47.75 fps (47.75, 50.73, 47.75, 48.74, 46.75, 47.75, 44.76, 47.75)
latency: -32443.92ms (-32421.20, -32530.16, -32800.26, -32615.82, -32041.56, -32885.83, -32117.57, -32101.20)
0:00:34.590729458 [32m    1[00m 0x7f9bf8000f70 [37mTRACE  [00m [00;34m          GST_TRACER :0::[00m latency_tracer_pipeline, frame_latency=(double)48.137154, avg=(double)50.707692, min=(double)0.035593, max=(double)106.809275, latency=(double)19.576193, fps=(double)51.082456, frame_num=(uint)1614;
0:00:34.590755662 [32m    1[00m 0x7f9bf8000f70 [37mTRACE  [00m [00;34m          GST_TRACER :0::[00m latency_tracer_pipeline_interval, interval=(double)1005.382414, avg=(double)50.747017, min=(double)29.872414, max=(double)78.870100, latency=(double)20.945467, fps=(double)47.743027;
0:00:34.623487045 [32m    1[00m 0x7f9bf8000f70 [37mTRACE  [00m [00;34m          GST_TRACER :0::[00m latency_tracer_pipeline, frame_latency=(double)55.609772, avg=(double)50.710728, min=(double)0.035593, max=(double)106.809275, latency=(double)19.584354, fps=(double)51.061169, frame_num=(uint)1615;
0:00:34.624650285 [32m    1[00m 0x7f9bf8000f70 [37mTRACE  [00m [00;34m          GST_TRACER :0::[00m latency_tracer_pipeline, frame_latency=(double)38.504257, avg=(double)50.703174, min=(double)0.035593, max=(double)106.809275, latency=(double)19.572964, fps=(double)51.090883, frame_num=(uint)1616;
0:00:34.668592620 [32m    1[00m 0x7f9bf8000f70 [37mTRACE  [00m [00;34m          GST_TRACER :0::[00m latency_tracer_pipeline, frame_latency=(double)65.219333, avg=(double)50.712151, min=(double)0.035593, max=(double)106.809275, latency=(double)19.588026, fps=(double)51.051598, frame_num=(uint)1617;
0:00:34.669137092 [32m    1[00m 0x7f9bf8000f70 [37mTRACE  [00m [00;34m          GST_TRACER :0::[00m latency_tracer_pipeline, frame_latency=(double)34.192668, avg=(double)50.701942, min=(double)0.035593, max=(double)106.809275, latency=(double)19.576259, fps=(double)51.082282, frame_num=(uint)1618;
0:00:34.709526465 [32m    1[00m 0x7f9bf8000f70 [37mTRACE  [00m [00;34m          GST_TRACER :0::[00m latency_tracer_pipeline, frame_latency=(double)61.119152, avg=(double)50.708376, min=(double)0.035593, max=(double)106.809275, latency=(double)19.589109, fps=(double)51.048775, frame_num=(uint)1619;
0:00:34.753368118 [32m    1[00m 0x7f9bf8000f70 [37mTRACE  [00m [00;34m          GST_TRACER :0::[00m latency_tracer_pipeline, frame_latency=(double)74.852222, avg=(double)50.723280, min=(double)0.035593, max=(double)106.809275, latency=(double)19.604082, fps=(double)51.009784, frame_num=(uint)1620;
0:00:34.753797892 [32m    1[00m 0x7f9bf8000f70 [37mTRACE  [00m [00;34m          GST_TRACER :0::[00m latency_tracer_pipeline, frame_latency=(double)43.902255, avg=(double)50.719072, min=(double)0.035593, max=(double)106.809275, latency=(double)19.592264, fps=(double)51.040553, frame_num=(uint)1621;
FpsCounter(average 29.49sec): total=406.08 fps, number-streams=8, per-stream=50.76 fps (50.76, 50.80, 50.97, 51.00, 50.36, 51.24, 50.43, 50.53)
0:00:34.796674713 [32m    1[00m 0x7f9bf8000f70 [37mTRACE  [00m [00;34m          GST_TRACER :0::[00m latency_tracer_pipeline, frame_latency=(double)72.434153, avg=(double)50.732459, min=(double)0.035593, max=(double)106.809275, latency=(double)19.606610, fps=(double)51.003209, frame_num=(uint)1622;
0:00:34.797512882 [32m    1[00m 0x7f9bf8000f70 [37mTRACE  [00m [00;34m          GST_TRACER :0::[00m latency_tracer_pipeline, frame_latency=(double)43.669688, avg=(double)50.728108, min=(double)0.035593, max=(double)106.809275, latency=(double)19.595045, fps=(double)51.033309, frame_num=(uint)1623;
0:00:34.830188450 [32m    1[00m 0x7f9bf8000f70 [37mTRACE  [00m [00;34m          GST_TRACER :0::[00m latency_tracer_pipeline, frame_latency=(double)61.963032, avg=(double)50.735026, min=(double)0.035593, max=(double)106.809275, latency=(double)19.603096, fps=(double)51.012351, frame_num=(uint)1624;
0:00:34.845478115 [32m    1[00m 0x7f9bf8000f70 [37mTRACE  [00m [00;34m          GST_TRACER :0::[00m latency_tracer_pipeline, frame_latency=(double)48.325158, avg=(double)50.733543, min=(double)0.035593, max=(double)106.809275, latency=(double)19.600444, fps=(double)51.019253, frame_num=(uint)1625;
0:00:34.872375071 [32m    1[00m 0x7f9bf8000f70 [37mTRACE  [00m [00;34m          GST_TRACER :0::[00m latency_tracer_pipeline, frame_latency=(double)60.250345, avg=(double)50.739396, min=(double)0.035593, max=(double)106.809275, latency=(double)19.604931, fps=(double)51.007577, frame_num=(uint)1626;
0:00:34.882560178 [32m    1[00m 0x7f9bf8000f70 [37mTRACE  [00m [00;34m          GST_TRACER :0::[00m latency_tracer_pipeline, frame_latency=(double)52.001419, avg=(double)50.740171, min=(double)0.035593, max=(double)106.809275, latency=(double)19.599148, fps=(double)51.022626, frame_num=(uint)1627;
0:00:34.882617639 [32m    1[00m 0x7f9bf8000f70 [37mTRACE  [00m [00;34m          GST_TRACER :0::[00m latency_tracer_pipeline, frame_latency=(double)34.039013, avg=(double)50.729913, min=(double)0.035593, max=(double)106.809275, latency=(double)19.587150, fps=(double)51.053879, frame_num=(uint)1628;
0:00:34.922134798 [32m    1[00m 0x7f9bf8000f70 [37mTRACE  [00m [00;34m          GST_TRACER :0::[00m latency_tracer_pipeline, frame_latency=(double)57.067253, avg=(double)50.733803, min=(double)0.035593, max=(double)106.809275, latency=(double)19.599379, fps=(double)51.022025, frame_num=(uint)1629;
0:00:34.923135240 [32m    1[00m 0x7f9bf8000f70 [37mTRACE  [00m [00;34m          GST_TRACER :0::[00m latency_tracer_pipeline, frame_latency=(double)33.057053, avg=(double)50.722958, min=(double)0.035593, max=(double)106.809275, latency=(double)19.587974, fps=(double)51.051732, frame_num=(uint)1630;
0:00:34.965216813 [32m    1[00m 0x7f9bf8000f70 [37mTRACE  [00m [00;34m          GST_TRACER :0::[00m latency_tracer_pipeline, frame_latency=(double)62.112435, avg=(double)50.729942, min=(double)0.035593, max=(double)106.809275, latency=(double)19.601759, fps=(double)51.015830, frame_num=(uint)1631;
0:00:34.966209710 [32m    1[00m 0x7f9bf8000f70 [37mTRACE  [00m [00;34m          GST_TRACER :0::[00m latency_tracer_pipeline, frame_latency=(double)31.971707, avg=(double)50.718448, min=(double)0.035593, max=(double)106.809275, latency=(double)19.590354, fps=(double)51.045529, frame_num=(uint)1632;
0:00:35.007687634 [32m    1[00m 0x7f9bf8000f70 [37mTRACE  [00m [00;34m          GST_TRACER :0::[00m latency_tracer_pipeline, frame_latency=(double)57.416190, avg=(double)50.722549, min=(double)0.035593, max=(double)106.809275, latency=(double)19.603754, fps=(double)51.010637, frame_num=(uint)1633;
0:00:35.008867291 [32m    1[00m 0x7f9bf8000f70 [37mTRACE  [00m [00;34m          GST_TRACER :0::[00m latency_tracer_pipeline, frame_latency=(double)32.463238, avg=(double)50.711374, min=(double)0.035593, max=(double)106.809275, latency=(double)19.592481, fps=(double)51.039988, frame_num=(uint)1634;
0:00:35.042064793 [32m    1[00m 0x7f9bf8000f70 [37mTRACE  [00m [00;34m          GST_TRACER :0::[00m latency_tracer_pipeline, frame_latency=(double)49.624464, avg=(double)50.710710, min=(double)0.035593, max=(double)106.809275, latency=(double)19.600800, fps=(double)51.018326, frame_num=(uint)1635;
0:00:35.062423531 [32m    1[00m 0x7f9bf8000f70 [37mTRACE  [00m [00;34m          GST_TRACER :0::[00m latency_tracer_pipeline, frame_latency=(double)45.181116, avg=(double)50.707330, min=(double)0.035593, max=(double)106.809275, latency=(double)19.601260, fps=(double)51.017128, frame_num=(uint)1636;
0:00:35.087919149 [32m    1[00m 0x7f9bf8000f70 [37mTRACE  [00m [00;34m          GST_TRACER :0::[00m latency_tracer_pipeline, frame_latency=(double)52.767039, avg=(double)50.708588, min=(double)0.035593, max=(double)106.809275, latency=(double)19.604867, fps=(double)51.007743, frame_num=(uint)1637;
0:00:35.088554289 [32m    1[00m 0x7f9bf8000f70 [37mTRACE  [00m [00;34m          GST_TRACER :0::[00m latency_tracer_pipeline, frame_latency=(double)36.499472, avg=(double)50.699913, min=(double)0.035593, max=(double)106.809275, latency=(double)19.593293, fps=(double)51.037874, frame_num=(uint)1638;
0:00:35.129630277 [32m    1[00m 0x7f9bf8000f70 [37mTRACE  [00m [00;34m          GST_TRACER :0::[00m latency_tracer_pipeline, frame_latency=(double)60.805503, avg=(double)50.706079, min=(double)0.035593, max=(double)106.809275, latency=(double)19.606396, fps=(double)51.003764, frame_num=(uint)1639;
0:00:35.130784179 [32m    1[00m 0x7f9bf8000f70 [37mTRACE  [00m [00;34m          GST_TRACER :0::[00m latency_tracer_pipeline, frame_latency=(double)33.399866, avg=(double)50.695526, min=(double)0.035593, max=(double)106.809275, latency=(double)19.595149, fps=(double)51.033040, frame_num=(uint)1640;
0:00:35.168824922 [32m    1[00m 0x7f9bf8000f70 [37mTRACE  [00m [00;34m          GST_TRACER :0::[00m latency_tracer_pipeline, frame_latency=(double)64.667406, avg=(double)50.704041, min=(double)0.035593, max=(double)106.809275, latency=(double)19.606386, fps=(double)51.003791, frame_num=(uint)1641;
0:00:35.170423170 [32m    1[00m 0x7f9bf8000f70 [37mTRACE  [00m [00;34m          GST_TRACER :0::[00m latency_tracer_pipeline, frame_latency=(double)37.715449, avg=(double)50.696130, min=(double)0.035593, max=(double)106.809275, latency=(double)19.595412, fps=(double)51.032355, frame_num=(uint)1642;
0:00:35.207299499 [32m    1[00m 0x7f9bf8000f70 [37mTRACE  [00m [00;34m          GST_TRACER :0::[00m latency_tracer_pipeline, frame_latency=(double)67.034647, avg=(double)50.706075, min=(double)0.035593, max=(double)106.809275, latency=(double)19.605934, fps=(double)51.004965, frame_num=(uint)1643;
0:00:35.208458957 [32m    1[00m 0x7f9bf8000f70 [37mTRACE  [00m [00;34m          GST_TRACER :0::[00m latency_tracer_pipeline, frame_latency=(double)38.267301, avg=(double)50.698509, min=(double)0.035593, max=(double)106.809275, latency=(double)19.594721, fps=(double)51.034155, frame_num=(uint)1644;
0:00:35.208486232 [32m    1[00m 0x7f9bf8000f70 [37mTRACE  [00m [00;34m          GST_TRACER :0::[00m latency_tracer_pipeline, frame_latency=(double)32.314131, avg=(double)50.687333, min=(double)0.035593, max=(double)106.809275, latency=(double)19.582827, fps=(double)51.065151, frame_num=(uint)1645;
0:00:35.239163076 [32m    1[00m 0x7f9bf8000f70 [37mTRACE  [00m [00;34m          GST_TRACER :0::[00m latency_tracer_pipeline, frame_latency=(double)55.910217, avg=(double)50.690506, min=(double)0.035593, max=(double)106.809275, latency=(double)19.589558, fps=(double)51.047603, frame_num=(uint)1646;
0:00:35.256409358 [32m    1[00m 0x7f9bf8000f70 [37mTRACE  [00m [00;34m          GST_TRACER :0::[00m latency_tracer_pipeline, frame_latency=(double)42.916273, avg=(double)50.685785, min=(double)0.035593, max=(double)106.809275, latency=(double)19.588135, fps=(double)51.051312, frame_num=(uint)1647;
0:00:35.274385662 [32m    1[00m 0x7f9bf8000f70 [37mTRACE  [00m [00;34m          GST_TRACER :0::[00m latency_tracer_pipeline, frame_latency=(double)43.026743, avg=(double)50.681138, min=(double)0.035593, max=(double)106.809275, latency=(double)19.587153, fps=(double)51.053872, frame_num=(uint)1648;
0:00:35.291280095 [32m    1[00m 0x7f9bf8000f70 [37mTRACE  [00m [00;34m          GST_TRACER :0::[00m latency_tracer_pipeline, frame_latency=(double)43.934627, avg=(double)50.677047, min=(double)0.035593, max=(double)106.809275, latency=(double)19.585522, fps=(double)51.058124, frame_num=(uint)1649;
0:00:35.322264325 [32m    1[00m 0x7f9bf8000f70 [37mTRACE  [00m [00;34m          GST_TRACER :0::[00m latency_tracer_pipeline, frame_latency=(double)58.009109, avg=(double)50.681490, min=(double)0.035593, max=(double)106.809275, latency=(double)19.592430, fps=(double)51.040122, frame_num=(uint)1650;
0:00:35.323236467 [32m    1[00m 0x7f9bf8000f70 [37mTRACE  [00m [00;34m          GST_TRACER :0::[00m latency_tracer_pipeline, frame_latency=(double)43.145657, avg=(double)50.676926, min=(double)0.035593, max=(double)106.809275, latency=(double)19.581158, fps=(double)51.069502, frame_num=(uint)1651;
0:00:35.367670529 [32m    1[00m 0x7f9bf8000f70 [37mTRACE  [00m [00;34m          GST_TRACER :0::[00m latency_tracer_pipeline, frame_latency=(double)70.197671, avg=(double)50.688742, min=(double)0.035593, max=(double)106.809275, latency=(double)19.596196, fps=(double)51.030312, frame_num=(uint)1652;
0:00:35.368734729 [32m    1[00m 0x7f9bf8000f70 [37mTRACE  [00m [00;34m          GST_TRACER :0::[00m latency_tracer_pipeline, frame_latency=(double)40.996446, avg=(double)50.682879, min=(double)0.035593, max=(double)106.809275, latency=(double)19.584992, fps=(double)51.059505, frame_num=(uint)1653;
0:00:35.410714805 [32m    1[00m 0x7f9bf8000f70 [37mTRACE  [00m [00;34m          GST_TRACER :0::[00m latency_tracer_pipeline, frame_latency=(double)69.798762, avg=(double)50.694436, min=(double)0.035593, max=(double)106.809275, latency=(double)19.598524, fps=(double)51.024251, frame_num=(uint)1654;
0:00:35.412067849 [32m    1[00m 0x7f9bf8000f70 [37mTRACE  [00m [00;34m          GST_TRACER :0::[00m latency_tracer_pipeline, frame_latency=(double)43.827975, avg=(double)50.690287, min=(double)0.035593, max=(double)106.809275, latency=(double)19.587504, fps=(double)51.052958, frame_num=(uint)1655;
0:00:35.453405167 [32m    1[00m 0x7f9bf8000f70 [37mTRACE  [00m [00;34m          GST_TRACER :0::[00m latency_tracer_pipeline, frame_latency=(double)72.649052, avg=(double)50.703548, min=(double)0.035593, max=(double)106.809275, latency=(double)19.600638, fps=(double)51.018748, frame_num=(uint)1656;
0:00:35.454397921 [32m    1[00m 0x7f9bf8000f70 [37mTRACE  [00m [00;34m          GST_TRACER :0::[00m latency_tracer_pipeline, frame_latency=(double)42.615530, avg=(double)50.698666, min=(double)0.035593, max=(double)106.809275, latency=(double)19.589412, fps=(double)51.047984, frame_num=(uint)1657;
0:00:35.497468367 [32m    1[00m 0x7f9bf8000f70 [37mTRACE  [00m [00;34m          GST_TRACER :0::[00m latency_tracer_pipeline, frame_latency=(double)72.453405, avg=(double)50.711787, min=(double)0.035593, max=(double)106.809275, latency=(double)19.603571, fps=(double)51.011113, frame_num=(uint)1658;
0:00:35.498329309 [32m    1[00m 0x7f9bf8000f70 [37mTRACE  [00m [00;34m          GST_TRACER :0::[00m latency_tracer_pipeline, frame_latency=(double)44.885846, avg=(double)50.708276, min=(double)0.035593, max=(double)106.809275, latency=(double)19.592277, fps=(double)51.040519, frame_num=(uint)1659;
0:00:35.540438034 [32m    1[00m 0x7f9bf8000f70 [37mTRACE  [00m [00;34m          GST_TRACER :0::[00m latency_tracer_pipeline, frame_latency=(double)72.241781, avg=(double)50.721248, min=(double)0.035593, max=(double)106.809275, latency=(double)19.605838, fps=(double)51.005216, frame_num=(uint)1660;
0:00:35.541533892 [32m    1[00m 0x7f9bf8000f70 [37mTRACE  [00m [00;34m          GST_TRACER :0::[00m latency_tracer_pipeline, frame_latency=(double)44.089694, avg=(double)50.717255, min=(double)0.035593, max=(double)106.809275, latency=(double)19.594697, fps=(double)51.034216, frame_num=(uint)1661;
0:00:35.583061611 [32m    1[00m 0x7f9bf8000f70 [37mTRACE  [00m [00;34m          GST_TRACER :0::[00m latency_tracer_pipeline, frame_latency=(double)73.099731, avg=(double)50.730722, min=(double)0.035593, max=(double)106.809275, latency=(double)19.607890, fps=(double)50.999877, frame_num=(uint)1662;
0:00:35.584283251 [32m    1[00m 0x7f9bf8000f70 [37mTRACE  [00m [00;34m          GST_TRACER :0::[00m latency_tracer_pipeline, frame_latency=(double)43.636937, avg=(double)50.726457, min=(double)0.035593, max=(double)106.809275, latency=(double)19.596837, fps=(double)51.028642, frame_num=(uint)1663;
*** longjmp causes uninitialized stack frame ***: terminated
*** longjmp causes uninitialized stack frame ***: terminated
*** longjmp causes uninitialized stack frame ***: terminated
*** longjmp causes uninitialized stack frame ***: terminated
*** longjmp causes uninitialized stack frame ***: terminated
*** longjmp causes uninitialized stack frame ***: terminated
*** longjmp causes uninitialized stack frame ***: terminated
*** longjmp causes uninitialized stack frame ***: terminated
*** longjmp causes uninitialized stack frame ***: terminated
*** longjmp causes uninitialized stack frame ***: terminated
*** longjmp causes uninitialized stack frame ***: terminated
*** longjmp causes uninitialized stack frame ***: terminated
*** longjmp causes uninitialized stack frame ***: terminated
*** longjmp causes uninitialized stack frame ***: terminated
*** longjmp causes uninitialized stack frame ***: terminated
*** longjmp causes uninitialized stack frame ***: terminated
*** longjmp causes uninitialized stack frame ***: terminated
*** longjmp causes uninitialized stack frame ***: terminated
*** longjmp causes uninitialized stack frame ***: terminated
*** longjmp causes uninitialized stack frame ***: terminated
*** longjmp causes uninitialized stack frame ***: terminated
*** longjmp causes uninitialized stack frame ***: terminated
*** longjmp causes uninitialized stack frame ***: terminated
*** longjmp causes uninitialized stack frame ***: terminated
*** longjmp causes uninitialized stack frame ***: terminated
*** longjmp causes uninitialized stack frame ***: terminated
*** longjmp causes uninitialized stack frame ***: terminated
*** longjmp causes uninitialized stack frame ***: terminated
*** longjmp causes uninitialized stack frame ***: terminated
*** longjmp causes uninitialized stack frame ***: terminated
*** longjmp causes uninitialized stack frame ***: terminated
*** longjmp causes uninitialized stack frame ***: terminated
*** longjmp causes uninitialized stack frame ***: terminated
*** longjmp causes uninitialized stack frame ***: terminated
*** longjmp causes uninitialized stack frame ***: terminated
*** longjmp causes uninitialized stack frame ***: terminated
*** longjmp causes uninitialized stack frame ***: terminated
*** longjmp causes uninitialized stack frame ***: terminated
*** longjmp causes uninitialized stack frame ***: terminated
*** longjmp causes uninitialized stack frame ***: terminated
*** longjmp causes uninitialized stack frame ***: terminated
*** longjmp causes uninitialized stack frame ***: terminated
*** longjmp causes uninitialized stack frame ***: terminated
*** longjmp causes uninitialized stack frame ***: terminated
*** longjmp causes uninitialized stack frame ***: terminated
*** longjmp causes uninitialized stack frame ***: terminated
*** longjmp causes uninitialized stack frame ***: terminated
*** longjmp causes uninitialized stack frame ***: terminated
*** longjmp causes uninitialized stack frame ***: terminated
*** longjmp causes uninitialized stack frame ***: terminated
*** longjmp causes uninitialized stack frame ***: terminated
*** longjmp causes uninitialized stack frame ***: terminated
*** longjmp causes uninitialized stack frame ***: terminated
*** longjmp causes uninitialized stack frame ***: terminated
*** longjmp causes uninitialized stack frame ***: terminated
*** longjmp causes uninitialized stack frame ***: terminated
*** longjmp causes uninitialized stack frame ***: terminated
*** longjmp causes uninitialized stack frame ***: terminated
*** longjmp causes uninitialized stack frame ***: terminated
*** longjmp causes uninitialized stack frame ***: terminated
*** longjmp causes uninitialized stack frame ***: terminated
*** longjmp causes uninitialized stack frame ***: terminated
*** longjmp causes uninitialized stack frame ***: terminated
*** longjmp causes uninitialized stack frame ***: terminated
*** longjmp causes uninitialized stack frame ***: terminated
*** longjmp causes uninitialized stack frame ***: terminated
*** longjmp causes uninitialized stack frame ***: terminated
*** longjmp causes uninitialized stack frame ***: terminated
*** longjmp causes uninitialized stack frame ***: terminated
*** longjmp causes uninitialized stack frame ***: terminated
*** longjmp causes uninitialized stack frame ***: terminated
*** longjmp causes uninitialized stack frame ***: terminated
*** longjmp causes uninitialized stack frame ***: terminated
*** longjmp causes uninitialized stack frame ***: terminated
*** longjmp causes uninitialized stack frame ***: terminated
*** longjmp causes uninitialized stack frame ***: terminated
*** longjmp causes uninitialized stack frame ***: terminated
*** longjmp causes uninitialized stack frame ***: terminated
*** longjmp causes uninitialized stack frame ***: terminated
*** longjmp causes uninitialized stack frame ***: terminated
*** longjmp causes uninitialized stack frame ***: terminated
*** longjmp causes uninitialized stack frame ***: terminated
*** longjmp causes uninitialized stack frame ***: terminated
*** longjmp causes uninitialized stack frame ***: terminated
*** longjmp causes uninitialized stack frame ***: terminated
*** longjmp causes uninitialized stack frame ***: terminated
*** longjmp causes uninitialized stack frame ***: terminated
*** longjmp causes uninitialized stack frame ***: terminated
*** longjmp causes uninitialized stack frame ***: terminated
*** longjmp causes uninitialized stack frame ***: terminated
*** longjmp causes uninitialized stack frame ***: terminated
*** longjmp causes uninitialized stack frame ***: terminated
*** longjmp causes uninitialized stack frame ***: terminated
*** longjmp causes uninitialized stack frame ***: terminated
*** longjmp causes uninitialized stack frame ***: terminated
*** longjmp causes uninitialized stack frame ***: terminated
*** longjmp causes uninitialized stack frame ***: terminated
*** longjmp causes uninitialized stack frame ***: terminated
*** longjmp causes uninitialized stack frame ***: terminated
*** longjmp causes uninitialized stack frame ***: terminated
*** longjmp causes uninitialized stack frame ***: terminated
*** longjmp causes uninitialized stack frame ***: terminated
*** longjmp causes uninitialized stack frame ***: terminated
*** longjmp causes uninitialized stack frame ***: terminated
*** longjmp causes uninitialized stack frame ***: terminated
*** longjmp causes uninitialized stack frame ***: terminated
*** longjmp causes uninitialized stack frame ***: terminated
*** longjmp causes uninitialized stack frame ***: terminated
*** longjmp causes uninitialized stack frame ***: terminated
*** longjmp causes uninitialized stack frame ***: terminated
*** longjmp causes uninitialized stack frame ***: terminated
*** longjmp causes uninitialized stack frame ***: terminated
*** longjmp causes uninitialized stack frame ***: terminated
*** longjmp causes uninitialized stack frame ***: terminated
*** longjmp causes uninitialized stack frame ***: terminated
*** longjmp causes uninitialized stack frame ***: terminated
*** longjmp causes uninitialized stack frame ***: terminated
*** longjmp causes uninitialized stack frame ***: terminated
*** longjmp causes uninitialized stack frame ***: terminated
*** longjmp causes uninitialized stack frame ***: terminated
*** longjmp causes uninitialized stack frame ***: terminated
*** longjmp causes uninitialized stack frame ***: terminated
*** longjmp causes uninitialized stack frame ***: terminated
*** longjmp causes uninitialized stack frame ***: terminated
*** longjmp causes uninitialized stack frame ***: terminated
*** longjmp causes uninitialized stack frame ***: terminated
*** longjmp causes uninitialized stack frame ***: terminated
*** longjmp causes uninitialized stack frame ***: terminated
*** longjmp causes uninitialized stack frame ***: terminated
*** longjmp causes uninitialized stack frame ***: terminated
*** longjmp causes uninitialized stack frame ***: terminated
*** longjmp causes uninitialized stack frame ***: terminated
*** longjmp causes uninitialized stack frame ***: terminated
*** longjmp causes uninitialized stack frame ***: terminated
*** longjmp causes uninitialized stack frame ***: terminated
*** longjmp causes uninitialized stack frame ***: terminated
*** longjmp causes uninitialized stack frame ***: terminated
*** longjmp causes uninitialized stack frame ***: terminated
*** longjmp causes uninitialized stack frame ***: terminated
*** longjmp causes uninitialized stack frame ***: terminated
*** longjmp causes uninitialized stack frame ***: terminated
*** longjmp causes uninitialized stack frame ***: terminated
*** longjmp causes uninitialized stack frame ***: terminated
*** longjmp causes uninitialized stack frame ***: terminated
*** longjmp causes uninitialized stack frame ***: terminated
*** longjmp causes uninitialized stack frame ***: terminated
*** longjmp causes uninitialized stack frame ***: terminated
*** longjmp causes uninitialized stack frame ***: terminated
*** longjmp causes uninitialized stack frame ***: terminated
*** longjmp causes uninitialized stack frame ***: terminated
*** longjmp causes uninitialized stack frame ***: terminated
*** longjmp causes uninitialized stack frame ***: terminated
*** longjmp causes uninitialized stack frame ***: terminated
*** longjmp causes uninitialized stack frame ***: terminated
*** longjmp causes uninitialized stack frame ***: terminated
*** longjmp causes uninitialized stack frame ***: terminated
*** longjmp causes uninitialized stack frame ***: terminated
*** longjmp causes uninitialized stack frame ***: terminated
*** longjmp causes uninitialized stack frame ***: terminated
*** longjmp causes uninitialized stack frame ***: terminated
*** longjmp causes uninitialized stack frame ***: terminated
*** longjmp causes uninitialized stack frame ***: terminated
*** longjmp causes uninitialized stack frame ***: terminated
*** longjmp causes uninitialized stack frame ***: terminated
*** longjmp causes uninitialized stack frame ***: terminated
*** longjmp causes uninitialized stack frame ***: terminated
*** longjmp causes uninitialized stack frame ***: terminated
*** longjmp causes uninitialized stack frame ***: terminated
*** longjmp causes uninitialized stack frame ***: terminated
*** longjmp causes uninitialized stack frame ***: terminated
*** longjmp causes uninitialized stack frame ***: terminated
*** longjmp causes uninitialized stack frame ***: terminated
*** longjmp causes uninitialized stack frame ***: terminated
*** longjmp causes uninitialized stack frame ***: terminated
*** longjmp causes uninitialized stack frame ***: terminated
*** longjmp causes uninitialized stack frame ***: terminated
*** longjmp causes uninitialized stack frame ***: terminated
*** longjmp causes uninitialized stack frame ***: terminated
*** longjmp causes uninitialized stack frame ***: terminated
*** longjmp causes uninitialized stack frame ***: terminated
*** longjmp causes uninitialized stack frame ***: terminated
*** longjmp causes uninitialized stack frame ***: terminated
*** longjmp causes uninitialized stack frame ***: terminated
*** longjmp causes uninitialized stack frame ***: terminated
*** longjmp causes uninitialized stack frame ***: terminated
*** longjmp causes uninitialized stack frame ***: terminated
*** longjmp causes uninitialized stack frame ***: terminated
*** longjmp causes uninitialized stack frame ***: terminated
*** longjmp causes uninitialized stack frame ***: terminated
*** longjmp causes uninitialized stack frame ***: terminated
*** longjmp causes uninitialized stack frame ***: terminated
*** longjmp causes uninitialized stack frame ***: terminated
*** longjmp causes uninitialized stack frame ***: terminated
*** longjmp causes uninitialized stack frame ***: terminated
*** longjmp causes uninitialized stack frame ***: terminated
*** longjmp causes uninitialized stack frame ***: terminated
*** longjmp causes uninitialized stack frame ***: terminated
*** longjmp causes uninitialized stack frame ***: terminated
*** longjmp causes uninitialized stack frame ***: terminated
*** longjmp causes uninitialized stack frame ***: terminated
*** longjmp causes uninitialized stack frame ***: terminated
*** longjmp causes uninitialized stack frame ***: terminated
*** longjmp causes uninitialized stack frame ***: terminated
*** longjmp causes uninitialized stack frame ***: terminated
*** longjmp causes uninitialized stack frame ***: terminated
*** longjmp causes uninitialized stack frame ***: terminated
*** longjmp causes uninitialized stack frame ***: terminated
*** longjmp causes uninitialized stack frame ***: terminated
*** longjmp causes uninitialized stack frame ***: terminated
*** longjmp causes uninitialized stack frame ***: terminated
*** longjmp causes uninitialized stack frame ***: terminated
*** longjmp causes uninitialized stack frame ***: terminated
*** longjmp causes uninitialized stack frame ***: terminated
*** longjmp causes uninitialized stack frame ***: terminated
*** longjmp causes uninitialized stack frame ***: terminated
*** longjmp causes uninitialized stack frame ***: terminated
*** longjmp causes uninitialized stack frame ***: terminated
*** longjmp causes uninitialized stack frame ***: terminated
*** longjmp causes uninitialized stack frame ***: terminated
*** longjmp causes uninitialized stack frame ***: terminated
*** longjmp causes uninitialized stack frame ***: terminated
*** longjmp causes uninitialized stack frame ***: terminated
*** longjmp causes uninitialized stack frame ***: terminated
*** longjmp causes uninitialized stack frame ***: terminated
*** longjmp causes uninitialized stack frame ***: terminated
*** longjmp causes uninitialized stack frame ***: terminated
*** longjmp causes uninitialized stack frame ***: terminated
*** longjmp causes uninitialized stack frame ***: terminated
*** longjmp causes uninitialized stack frame ***: terminated
*** longjmp causes uninitialized stack frame ***: terminated
*** longjmp causes uninitialized stack frame ***: terminated
*** longjmp causes uninitialized stack frame ***: terminated
*** longjmp causes uninitialized stack frame ***: terminated
*** longjmp causes uninitialized stack frame ***: terminated
*** longjmp causes uninitialized stack frame ***: terminated
*** longjmp causes uninitialized stack frame ***: terminated
*** longjmp causes uninitialized stack frame ***: terminated
*** longjmp causes uninitialized stack frame ***: terminated
*** longjmp causes uninitialized stack frame ***: terminated
*** longjmp causes uninitialized stack frame ***: terminated
*** longjmp causes uninitialized stack frame ***: terminated
*** longjmp causes uninitialized stack frame ***: terminated
*** longjmp causes uninitialized stack frame ***: terminated
*** longjmp causes uninitialized stack frame ***: terminated
*** longjmp causes uninitialized stack frame ***: terminated
*** longjmp causes uninitialized stack frame ***: terminated
*** longjmp causes uninitialized stack frame ***: terminated
*** longjmp causes uninitialized stack frame ***: terminated
*** longjmp causes uninitialized stack frame ***: terminated
*** longjmp causes uninitialized stack frame ***: terminated
*** longjmp causes uninitialized stack frame ***: terminated
*** longjmp causes uninitialized stack frame ***: terminated
*** longjmp causes uninitialized stack frame ***: terminated
*** longjmp causes uninitialized stack frame ***: terminated
*** longjmp causes uninitialized stack frame ***: terminated
*** longjmp causes uninitialized stack frame ***: terminated
*** longjmp causes uninitialized stack frame ***: terminated
*** longjmp causes uninitialized stack frame ***: terminated
*** longjmp causes uninitialized stack frame ***: terminated
*** longjmp causes uninitialized stack frame ***: terminated
*** longjmp causes uninitialized stack frame ***: terminated
*** longjmp causes uninitialized stack frame ***: terminated
*** longjmp causes uninitialized stack frame ***: terminated
*** longjmp causes uninitialized stack frame ***: terminated
*** longjmp causes uninitialized stack frame ***: terminated
*** longjmp causes uninitialized stack frame ***: terminated
*** longjmp causes uninitialized stack frame ***: terminated
*** longjmp causes uninitialized stack frame ***: terminated
*** longjmp causes uninitialized stack frame ***: terminated
*** longjmp causes uninitialized stack frame ***: terminated
*** longjmp causes uninitialized stack frame ***: terminated
*** longjmp causes uninitialized stack frame ***: terminated
*** longjmp causes uninitialized stack frame ***: terminated
*** longjmp causes uninitialized stack frame ***: terminated
*** longjmp causes uninitialized stack frame ***: terminated
*** longjmp causes uninitialized stack frame ***: terminated
*** longjmp causes uninitialized stack frame ***: terminated
*** longjmp causes uninitialized stack frame ***: terminated
*** longjmp causes uninitialized stack frame ***: terminated
*** longjmp causes uninitialized stack frame ***: terminated
*** longjmp causes uninitialized stack frame ***: terminated
*** longjmp causes uninitialized stack frame ***: terminated
*** longjmp causes uninitialized stack frame ***: terminated
*** longjmp causes uninitialized stack frame ***: terminated
*** longjmp causes uninitialized stack frame ***: terminated
*** longjmp causes uninitialized stack frame ***: terminated
*** longjmp causes uninitialized stack frame ***: terminated
*** longjmp causes uninitialized stack frame ***: terminated
*** longjmp causes uninitialized stack frame ***: terminated
*** longjmp causes uninitialized stack frame ***: terminated
*** longjmp causes uninitialized stack frame ***: terminated
*** longjmp causes uninitialized stack frame ***: terminated
*** longjmp causes uninitialized stack frame ***: terminated
*** longjmp causes uninitialized stack frame ***: terminated
*** longjmp causes uninitialized stack frame ***: terminated
*** longjmp causes uninitialized stack frame ***: terminated
*** longjmp causes uninitialized stack frame ***: terminated
*** longjmp causes uninitialized stack frame ***: terminated
*** longjmp causes uninitialized stack frame ***: terminated
*** longjmp causes uninitialized stack frame ***: terminated
*** longjmp causes uninitialized stack frame ***: terminated
*** longjmp causes uninitialized stack frame ***: terminated
*** longjmp causes uninitialized stack frame ***: terminated
*** longjmp causes uninitialized stack frame ***: terminated
*** longjmp causes uninitialized stack frame ***: terminated
*** longjmp causes uninitialized stack frame ***: terminated
*** longjmp causes uninitialized stack frame ***: terminated
*** longjmp causes uninitialized stack frame ***: terminated
*** longjmp causes uninitialized stack frame ***: terminated
*** longjmp causes uninitialized stack frame ***: terminated
*** longjmp causes uninitialized stack frame ***: terminated
*** longjmp causes uninitialized stack frame ***: terminated
*** longjmp causes uninitialized stack frame ***: terminated
*** longjmp causes uninitialized stack frame ***: terminated
*** longjmp causes uninitialized stack frame ***: terminated
*** longjmp causes uninitialized stack frame ***: terminated
*** longjmp causes uninitialized stack frame ***: terminated
*** longjmp causes uninitialized stack frame ***: terminated
*** longjmp causes uninitialized stack frame ***: terminated
*** longjmp causes uninitialized stack frame ***: terminated
*** longjmp causes uninitialized stack frame ***: terminated
*** longjmp causes uninitialized stack frame ***: terminated
*** longjmp causes uninitialized stack frame ***: terminated
*** longjmp causes uninitialized stack frame ***: terminated
*** longjmp causes uninitialized stack frame ***: terminated
*** longjmp causes uninitialized stack frame ***: terminated
*** longjmp causes uninitialized stack frame ***: terminated
*** longjmp causes uninitialized stack frame ***: terminated
*** longjmp causes uninitialized stack frame ***: terminated
*** longjmp causes uninitialized stack frame ***: terminated
*** longjmp causes uninitialized stack frame ***: terminated
*** longjmp causes uninitialized stack frame ***: terminated
*** longjmp causes uninitialized stack frame ***: terminated
*** longjmp causes uninitialized stack frame ***: terminated
*** longjmp causes uninitialized stack frame ***: terminated
*** longjmp causes uninitialized stack frame ***: terminated
*** longjmp causes uninitialized stack frame ***: terminated
*** longjmp causes uninitialized stack frame ***: terminated
*** longjmp causes uninitialized stack frame ***: terminated
*** longjmp causes uninitialized stack frame ***: terminated
*** longjmp causes uninitialized stack frame ***: terminated
*** longjmp causes uninitialized stack frame ***: terminated
*** longjmp causes uninitialized stack frame ***: terminated
*** longjmp causes uninitialized stack frame ***: terminated
*** longjmp causes uninitialized stack frame ***: terminated
*** longjmp causes uninitialized stack frame ***: terminated
*** longjmp causes uninitialized stack frame ***: terminated
*** longjmp causes uninitialized stack frame ***: terminated
*** longjmp causes uninitialized stack frame ***: terminated
*** longjmp causes uninitialized stack frame ***: terminated
*** longjmp causes uninitialized stack frame ***: terminated
*** longjmp causes uninitialized stack frame ***: terminated
*** longjmp causes uninitialized stack frame ***: terminated
*** longjmp causes uninitialized stack frame ***: terminated
*** longjmp causes uninitialized stack frame ***: terminated
*** longjmp causes uninitialized stack frame ***: terminated
*** longjmp causes uninitialized stack frame ***: terminated
*** longjmp causes uninitialized stack frame ***: terminated
*** longjmp causes uninitialized stack frame ***: terminated
*** longjmp causes uninitialized stack frame ***: terminated
*** longjmp causes uninitialized stack frame ***: terminated
*** longjmp causes uninitialized stack frame ***: terminated
*** longjmp causes uninitialized stack frame ***: terminated
*** longjmp causes uninitialized stack frame ***: terminated
*** longjmp causes uninitialized stack frame ***: terminated
*** longjmp causes uninitialized stack frame ***: terminated
*** longjmp causes uninitialized stack frame ***: terminated
*** longjmp causes uninitialized stack frame ***: terminated
*** longjmp causes uninitialized stack frame ***: terminated
*** longjmp causes uninitialized stack frame ***: terminated
*** longjmp causes uninitialized stack frame ***: terminated
*** longjmp causes uninitialized stack frame ***: terminated
*** longjmp causes uninitialized stack frame ***: terminated
*** longjmp causes uninitialized stack frame ***: terminated
*** longjmp causes uninitialized stack frame ***: terminated
*** longjmp causes uninitialized stack frame ***: terminated
*** longjmp causes uninitialized stack frame ***: terminated
*** longjmp causes uninitialized stack frame ***: terminated
*** longjmp causes uninitialized stack frame ***: terminated
*** longjmp causes uninitialized stack frame ***: terminated
*** longjmp causes uninitialized stack frame ***: terminated
*** longjmp causes uninitialized stack frame ***: terminated
*** longjmp causes uninitialized stack frame ***: terminated
*** longjmp causes uninitialized stack frame ***: terminated
*** longjmp causes uninitialized stack frame ***: terminated
*** longjmp causes uninitialized stack frame ***: terminated
*** longjmp causes uninitialized stack frame ***: terminated
*** longjmp causes uninitialized stack frame ***: terminated
*** longjmp causes uninitialized stack frame ***: terminated
*** longjmp causes uninitialized stack frame ***: terminated
*** longjmp causes uninitialized stack frame ***: terminated
*** longjmp causes uninitialized stack frame ***: terminated
*** longjmp causes uninitialized stack frame ***: terminated
*** longjmp causes uninitialized stack frame ***: terminated
*** longjmp causes uninitialized stack frame ***: terminated
*** longjmp causes uninitialized stack frame ***: terminated
*** longjmp causes uninitialized stack frame ***: terminated
*** longjmp causes uninitialized stack frame ***: terminated
*** longjmp causes uninitialized stack frame ***: terminated
*** longjmp causes uninitialized stack frame ***: terminated
*** longjmp causes uninitialized stack frame ***: terminated
*** longjmp causes uninitialized stack frame ***: terminated
*** longjmp causes uninitialized stack frame ***: terminated
*** longjmp causes uninitialized stack frame ***: terminated
*** longjmp causes uninitialized stack frame ***: terminated
*** longjmp causes uninitialized stack frame ***: terminated
*** longjmp causes uninitialized stack frame ***: terminated
*** longjmp causes uninitialized stack frame ***: terminated
*** longjmp causes uninitialized stack frame ***: terminated
*** longjmp causes uninitialized stack frame ***: terminated
*** longjmp causes uninitialized stack frame ***: terminated
*** longjmp causes uninitialized stack frame ***: terminated
*** longjmp causes uninitialized stack frame ***: terminated
*** longjmp causes uninitialized stack frame ***: terminated
*** longjmp causes uninitialized stack frame ***: terminated
*** longjmp causes uninitialized stack frame ***: terminated
*** longjmp causes uninitialized stack frame ***: terminated
*** longjmp causes uninitialized stack frame ***: terminated
*** longjmp causes uninitialized stack frame ***: terminated
*** longjmp causes uninitialized stack frame ***: terminated
*** longjmp causes uninitialized stack frame ***: terminated
*** longjmp causes uninitialized stack frame ***: terminated
*** longjmp causes uninitialized stack frame ***: terminated
*** longjmp causes uninitialized stack frame ***: terminated
*** longjmp causes uninitialized stack frame ***: terminated
*** longjmp causes uninitialized stack frame ***: terminated
*** longjmp causes uninitialized stack frame ***: terminated
*** longjmp causes uninitialized stack frame ***: terminated
*** longjmp causes uninitialized stack frame ***: terminated
*** longjmp causes uninitialized stack frame ***: terminated
*** longjmp causes uninitialized stack frame ***: terminated
*** longjmp causes uninitialized stack frame ***: terminated
*** longjmp causes uninitialized stack frame ***: terminated
*** longjmp causes uninitialized stack frame ***: terminated
*** longjmp causes uninitialized stack frame ***: terminated
*** longjmp causes uninitialized stack frame ***: terminated
*** longjmp causes uninitialized stack frame ***: terminated
*** longjmp causes uninitialized stack frame ***: terminated
*** longjmp causes uninitialized stack frame ***: terminated
*** longjmp causes uninitialized stack frame ***: terminated
*** longjmp causes uninitialized stack frame ***: terminated
*** longjmp causes uninitialized stack frame ***: terminated
*** longjmp causes uninitialized stack frame ***: terminated
*** longjmp causes uninitialized stack frame ***: terminated
*** longjmp causes uninitialized stack frame ***: terminated
*** longjmp causes uninitialized stack frame ***: terminated
*** longjmp causes uninitialized stack frame ***: terminated
*** longjmp causes uninitialized stack frame ***: terminated
*** longjmp causes uninitialized stack frame ***: terminated
*** longjmp causes uninitialized stack frame ***: terminated
*** longjmp causes uninitialized stack frame ***: terminated
*** longjmp causes uninitialized stack frame ***: terminated
*** longjmp causes uninitialized stack frame ***: terminated
*** longjmp causes uninitialized stack frame ***: terminated
*** longjmp causes uninitialized stack frame ***: terminated
*** longjmp causes uninitialized stack frame ***: terminated
*** longjmp causes uninitialized stack frame ***: terminated
*** longjmp causes uninitialized stack frame ***: terminated
*** longjmp causes uninitialized stack frame ***: terminated
*** longjmp causes uninitialized stack frame ***: terminated
*** longjmp causes uninitialized stack frame ***: terminated
*** longjmp causes uninitialized stack frame ***: terminated
*** longjmp causes uninitialized stack frame ***: terminated
*** longjmp causes uninitialized stack frame ***: terminated
*** longjmp causes uninitialized stack frame ***: terminated
*** longjmp causes uninitialized stack frame ***: terminated
*** longjmp causes uninitialized stack frame ***: terminated
*** longjmp causes uninitialized stack frame ***: terminated
*** longjmp causes uninitialized stack frame ***: terminated
*** longjmp causes uninitialized stack frame ***: terminated
*** longjmp causes uninitialized stack frame ***: terminated
*** longjmp causes uninitialized stack frame ***: terminated
*** longjmp causes uninitialized stack frame ***: terminated
*** longjmp causes uninitialized stack frame ***: terminated
*** longjmp causes uninitialized stack frame ***: terminated
*** longjmp causes uninitialized stack frame ***: terminated
*** longjmp causes uninitialized stack frame ***: terminated
*** longjmp causes uninitialized stack frame ***: terminated
*** longjmp causes uninitialized stack frame ***: terminated
*** longjmp causes uninitialized stack frame ***: terminated
*** longjmp causes uninitialized stack frame ***: terminated
*** longjmp causes uninitialized stack frame ***: terminated
*** longjmp causes uninitialized stack frame ***: terminated
*** longjmp causes uninitialized stack frame ***: terminated
*** longjmp causes uninitialized stack frame ***: terminated
*** longjmp causes uninitialized stack frame ***: terminated
*** longjmp causes uninitialized stack frame ***: terminated
*** longjmp causes uninitialized stack frame ***: terminated
*** longjmp causes uninitialized stack frame ***: terminated
*** longjmp causes uninitialized stack frame ***: terminated
*** longjmp causes uninitialized stack frame ***: terminated
*** longjmp causes uninitialized stack frame ***: terminated
*** longjmp causes uninitialized stack frame ***: terminated
*** longjmp causes uninitialized stack frame ***: terminated
*** longjmp causes uninitialized stack frame ***: terminated
*** longjmp causes uninitialized stack frame ***: terminated
*** longjmp causes uninitialized stack frame ***: terminated
*** longjmp causes uninitialized stack frame ***: terminated
*** longjmp causes uninitialized stack frame ***: terminated
*** longjmp causes uninitialized stack frame ***: terminated
*** longjmp causes uninitialized stack frame ***: terminated
*** longjmp causes uninitialized stack frame ***: terminated
*** longjmp causes uninitialized stack frame ***: terminated
*** longjmp causes uninitialized stack frame ***: terminated
*** longjmp causes uninitialized stack frame ***: terminated
*** longjmp causes uninitialized stack frame ***: terminated
*** longjmp causes uninitialized stack frame ***: terminated
*** longjmp causes uninitialized stack frame ***: terminated
*** longjmp causes uninitialized stack frame ***: terminated
*** longjmp causes uninitialized stack frame ***: terminated
*** longjmp causes uninitialized stack frame ***: terminated
*** longjmp causes uninitialized stack frame ***: terminated
*** longjmp causes uninitialized stack frame ***: terminated
*** longjmp causes uninitialized stack frame ***: terminated
*** longjmp causes uninitialized stack frame ***: terminated
*** longjmp causes uninitialized stack frame ***: terminated
*** longjmp causes uninitialized stack frame ***: terminated
*** longjmp causes uninitialized stack frame ***: terminated
*** longjmp causes uninitialized stack frame ***: terminated
*** longjmp causes uninitialized stack frame ***: terminated
*** longjmp causes uninitialized stack frame ***: terminated
*** longjmp causes uninitialized stack frame ***: terminated
*** longjmp causes uninitialized stack frame ***: terminated
*** longjmp causes uninitialized stack frame ***: terminated
*** longjmp causes uninitialized stack frame ***: terminated
*** longjmp causes uninitialized stack frame ***: terminated
*** longjmp causes uninitialized stack frame ***: terminated
*** longjmp causes uninitialized stack frame ***: terminated
*** longjmp causes uninitialized stack frame ***: terminated
*** longjmp causes uninitialized stack frame ***: terminated
*** longjmp causes uninitialized stack frame ***: terminated
*** longjmp causes uninitialized stack frame ***: terminated
*** longjmp causes uninitialized stack frame ***: terminated
*** longjmp causes uninitialized stack frame ***: terminated
*** longjmp causes uninitialized stack frame ***: terminated
*** longjmp causes uninitialized stack frame ***: terminated
*** longjmp causes uninitialized stack frame ***: terminated
*** longjmp causes uninitialized stack frame ***: terminated
*** longjmp causes uninitialized stack frame ***: terminated
*** longjmp causes uninitialized stack frame ***: terminated
*** longjmp causes uninitialized stack frame ***: terminated
*** longjmp causes uninitialized stack frame ***: terminated
*** longjmp causes uninitialized stack frame ***: terminated
*** longjmp causes uninitialized stack frame ***: terminated
*** longjmp causes uninitialized stack frame ***: terminated
*** longjmp causes uninitialized stack frame ***: terminated
*** longjmp causes uninitialized stack frame ***: terminated
*** longjmp causes uninitialized stack frame ***: terminated
*** longjmp causes uninitialized stack frame ***: terminated
*** longjmp causes uninitialized stack frame ***: terminated
*** longjmp causes uninitialized stack frame ***: terminated
*** longjmp causes uninitialized stack frame ***: terminated
*** longjmp causes uninitialized stack frame ***: terminated
*** longjmp causes uninitialized stack frame ***: terminated
*** longjmp causes uninitialized stack frame ***: terminated
*** longjmp causes uninitialized stack frame ***: terminated
*** longjmp causes uninitialized stack frame ***: terminated
*** longjmp causes uninitialized stack frame ***: terminated
*** longjmp causes uninitialized stack frame ***: terminated
*** longjmp causes uninitialized stack frame ***: terminated
*** longjmp causes uninitialized stack frame ***: terminated
*** longjmp causes uninitialized stack frame ***: terminated
*** longjmp causes uninitialized stack frame ***: terminated
*** longjmp causes uninitialized stack frame ***: terminated
*** longjmp causes uninitialized stack frame ***: terminated
*** longjmp causes uninitialized stack frame ***: terminated
*** longjmp causes uninitialized stack frame ***: terminated
*** longjmp causes uninitialized stack frame ***: terminated
*** longjmp causes uninitialized stack frame ***: terminated
*** longjmp causes uninitialized stack frame ***: terminated
*** longjmp causes uninitialized stack frame ***: terminated
*** longjmp causes uninitialized stack frame ***: terminated
*** longjmp causes uninitialized stack frame ***: terminated
*** longjmp causes uninitialized stack frame ***: terminated
*** longjmp causes uninitialized stack frame ***: terminated
*** longjmp causes uninitialized stack frame ***: terminated
*** longjmp causes uninitialized stack frame ***: terminated
*** longjmp causes uninitialized stack frame ***: terminated
*** longjmp causes uninitialized stack frame ***: terminated
*** longjmp causes uninitialized stack frame ***: terminated
*** longjmp causes uninitialized stack frame ***: terminated
*** longjmp causes uninitialized stack frame ***: terminated
*** longjmp causes uninitialized stack frame ***: terminated
*** longjmp causes uninitialized stack frame ***: terminated
*** longjmp causes uninitialized stack frame ***: terminated
*** longjmp causes uninitialized stack frame ***: terminated
*** longjmp causes uninitialized stack frame ***: terminated
*** longjmp causes uninitialized stack frame ***: terminated
*** longjmp causes uninitialized stack frame ***: terminated
*** longjmp causes uninitialized stack frame ***: terminated
*** longjmp causes uninitialized stack frame ***: terminated
*** longjmp causes uninitialized stack frame ***: terminated
*** longjmp causes uninitialized stack frame ***: terminated
*** longjmp causes uninitialized stack frame ***: terminated
*** longjmp causes uninitialized stack frame ***: terminated
*** longjmp causes uninitialized stack frame ***: terminated
*** longjmp causes uninitialized stack frame ***: terminated
*** longjmp causes uninitialized stack frame ***: terminated
*** longjmp causes uninitialized stack frame ***: terminated
*** longjmp causes uninitialized stack frame ***: terminated
*** longjmp causes uninitialized stack frame ***: terminated
*** longjmp causes uninitialized stack frame ***: terminated
*** longjmp causes uninitialized stack frame ***: terminated
*** longjmp causes uninitialized stack frame ***: terminated
*** longjmp causes uninitialized stack frame ***: terminated
*** longjmp causes uninitialized stack frame ***: terminated
*** longjmp causes uninitialized stack frame ***: terminated
*** longjmp causes uninitialized stack frame ***: terminated
*** longjmp causes uninitialized stack frame ***: terminated
*** longjmp causes uninitialized stack frame ***: terminated
*** longjmp causes uninitialized stack frame ***: terminated
*** longjmp causes uninitialized stack frame ***: terminated
*** longjmp causes uninitialized stack frame ***: terminated
*** longjmp causes uninitialized stack frame ***: terminated
*** longjmp causes uninitialized stack frame ***: terminated
*** longjmp causes uninitialized stack frame ***: terminated
*** longjmp causes uninitialized stack frame ***: terminated
*** longjmp causes uninitialized stack frame ***: terminated
*** longjmp causes uninitialized stack frame ***: terminated
*** longjmp causes uninitialized stack frame ***: terminated
*** longjmp causes uninitialized stack frame ***: terminated
*** longjmp causes uninitialized stack frame ***: terminated
*** longjmp causes uninitialized stack frame ***: terminated
*** longjmp causes uninitialized stack frame ***: terminated
*** longjmp causes uninitialized stack frame ***: terminated
*** longjmp causes uninitialized stack frame ***: terminated
*** longjmp causes uninitialized stack frame ***: terminated
*** longjmp causes uninitialized stack frame ***: terminated
*** longjmp causes uninitialized stack frame ***: terminated
*** longjmp causes uninitialized stack frame ***: terminated
*** longjmp causes uninitialized stack frame ***: terminated
*** longjmp causes uninitialized stack frame ***: terminated
*** longjmp causes uninitialized stack frame ***: terminated
*** longjmp causes uninitialized stack frame ***: terminated
*** longjmp causes uninitialized stack frame ***: terminated
*** longjmp causes uninitialized stack frame ***: terminated
*** longjmp causes uninitialized stack frame ***: terminated
*** longjmp causes uninitialized stack frame ***: terminated
*** longjmp causes uninitialized stack frame ***: terminated
*** longjmp causes uninitialized stack frame ***: terminated
*** longjmp causes uninitialized stack frame ***: terminated
*** longjmp causes uninitialized stack frame ***: terminated
*** longjmp causes uninitialized stack frame ***: terminated
*** longjmp causes uninitialized stack frame ***: terminated
*** longjmp causes uninitialized stack frame ***: terminated
*** longjmp causes uninitialized stack frame ***: terminated
*** longjmp causes uninitialized stack frame ***: terminated
*** longjmp causes uninitialized stack frame ***: terminated
*** longjmp causes uninitialized stack frame ***: terminated
*** longjmp causes uninitialized stack frame ***: terminated
*** longjmp causes uninitialized stack frame ***: terminated
*** longjmp causes uninitialized stack frame ***: terminated
*** longjmp causes uninitialized stack frame ***: terminated
*** longjmp causes uninitialized stack frame ***: terminated
*** longjmp causes uninitialized stack frame ***: terminated
*** longjmp causes uninitialized stack frame ***: terminated
*** longjmp causes uninitialized stack frame ***: terminated
*** longjmp causes uninitialized stack frame ***: terminated
*** longjmp causes uninitialized stack frame ***: terminated
*** longjmp causes uninitialized stack frame ***: terminated
*** longjmp causes uninitialized stack frame ***: terminated
*** longjmp causes uninitialized stack frame ***: terminated
*** longjmp causes uninitialized stack frame ***: terminated
*** longjmp causes uninitialized stack frame ***: terminated
*** longjmp causes uninitialized stack frame ***: terminated
*** longjmp causes uninitialized stack frame ***: terminated
*** longjmp causes uninitialized stack frame ***: terminated
*** longjmp causes uninitialized stack frame ***: terminated
*** longjmp causes uninitialized stack frame ***: terminated
*** longjmp causes uninitialized stack frame ***: terminated
*** longjmp causes uninitialized stack frame ***: terminated
*** longjmp causes uninitialized stack frame ***: terminated
*** longjmp causes uninitialized stack frame ***: terminated
*** longjmp causes uninitialized stack frame ***: terminated
*** longjmp causes uninitialized stack frame ***: terminated
*** longjmp causes uninitialized stack frame ***: terminated
*** longjmp causes uninitialized stack frame ***: terminated
*** longjmp causes uninitialized stack frame ***: terminated
*** longjmp causes uninitialized stack frame ***: terminated
*** longjmp causes uninitialized stack frame ***: terminated
*** longjmp causes uninitialized stack frame ***: terminated
*** longjmp causes uninitialized stack frame ***: terminated
*** longjmp causes uninitialized stack frame ***: terminated
*** longjmp causes uninitialized stack frame ***: terminated
*** longjmp causes uninitialized stack frame ***: terminated
*** longjmp causes uninitialized stack frame ***: terminated
*** longjmp causes uninitialized stack frame ***: terminated
*** longjmp causes uninitialized stack frame ***: terminated
*** longjmp causes uninitialized stack frame ***: terminated
*** longjmp causes uninitialized stack frame ***: terminated
*** longjmp causes uninitialized stack frame ***: terminated
*** longjmp causes uninitialized stack frame ***: terminated
*** longjmp causes uninitialized stack frame ***: terminated
*** longjmp causes uninitialized stack frame ***: terminated
*** longjmp causes uninitialized stack frame ***: terminated
*** longjmp causes uninitialized stack frame ***: terminated
*** longjmp causes uninitialized stack frame ***: terminated
*** longjmp causes uninitialized stack frame ***: terminated
*** longjmp causes uninitialized stack frame ***: terminated
*** longjmp causes uninitialized stack frame ***: terminated
*** longjmp causes uninitialized stack frame ***: terminated
*** longjmp causes uninitialized stack frame ***: terminated
*** longjmp causes uninitialized stack frame ***: terminated
*** longjmp causes uninitialized stack frame ***: terminated
*** longjmp causes uninitialized stack frame ***: terminated
*** longjmp causes uninitialized stack frame ***: terminated
*** longjmp causes uninitialized stack frame ***: terminated
*** longjmp causes uninitialized stack frame ***: terminated
*** longjmp causes uninitialized stack frame ***: terminated
*** longjmp causes uninitialized stack frame ***: terminated
*** longjmp causes uninitialized stack frame ***: terminated
*** longjmp causes uninitialized stack frame ***: terminated
*** longjmp causes uninitialized stack frame ***: terminated
*** longjmp causes uninitialized stack frame ***: terminated
*** longjmp causes uninitialized stack frame ***: terminated
*** longjmp causes uninitialized stack frame ***: terminated
*** longjmp causes uninitialized stack frame ***: terminated
*** longjmp causes uninitialized stack frame ***: terminated
*** longjmp causes uninitialized stack frame ***: terminated
*** longjmp causes uninitialized stack frame ***: terminated
*** longjmp causes uninitialized stack frame ***: terminated
*** longjmp causes uninitialized stack frame ***: terminated
*** longjmp causes uninitialized stack frame ***: terminated
*** longjmp causes uninitialized stack frame ***: terminated
*** longjmp causes uninitialized stack frame ***: terminated
*** longjmp causes uninitialized stack frame ***: terminated
*** longjmp causes uninitialized stack frame ***: terminated
*** longjmp causes uninitialized stack frame ***: terminated
*** longjmp causes uninitialized stack frame ***: terminated
*** longjmp causes uninitialized stack frame ***: terminated
*** longjmp causes uninitialized stack frame ***: terminated
*** longjmp causes uninitialized stack frame ***: terminated
*** longjmp causes uninitialized stack frame ***: terminated
*** longjmp causes uninitialized stack frame ***: terminated
*** longjmp causes uninitialized stack frame ***: terminated
*** longjmp causes uninitialized stack frame ***: terminated
*** longjmp causes uninitialized stack frame ***: terminated
*** longjmp causes uninitialized stack frame ***: terminated
*** longjmp causes uninitialized stack frame ***: terminated
*** longjmp causes uninitialized stack frame ***: terminated
*** longjmp causes uninitialized stack frame ***: terminated
*** longjmp causes uninitialized stack frame ***: terminated
*** longjmp causes uninitialized stack frame ***: terminated
*** longjmp causes uninitialized stack frame ***: terminated
*** longjmp causes uninitialized stack frame ***: terminated
*** longjmp causes uninitialized stack frame ***: terminated
*** longjmp causes uninitialized stack frame ***: terminated
*** longjmp causes uninitialized stack frame ***: terminated
*** longjmp causes uninitialized stack frame ***: terminated
*** longjmp causes uninitialized stack frame ***: terminated
*** longjmp causes uninitialized stack frame ***: terminated
*** longjmp causes uninitialized stack frame ***: terminated
*** longjmp causes uninitialized stack frame ***: terminated
*** longjmp causes uninitialized stack frame ***: terminated
*** longjmp causes uninitialized stack frame ***: terminated
*** longjmp causes uninitialized stack frame ***: terminated
*** longjmp causes uninitialized stack frame ***: terminated
*** longjmp causes uninitialized stack frame ***: terminated
*** longjmp causes uninitialized stack frame ***: terminated
*** longjmp causes uninitialized stack frame ***: terminated
*** longjmp causes uninitialized stack frame ***: terminated
*** longjmp causes uninitialized stack frame ***: terminated
*** longjmp causes uninitialized stack frame ***: terminated
*** longjmp causes uninitialized stack frame ***: terminated
*** longjmp causes uninitialized stack frame ***: terminated
*** longjmp causes uninitialized stack frame ***: terminated
*** longjmp causes uninitialized stack frame ***: terminated
*** longjmp causes uninitialized stack frame ***: terminated
*** longjmp causes uninitialized stack frame ***: terminated
*** longjmp causes uninitialized stack frame ***: terminated
*** longjmp causes uninitialized stack frame ***: terminated
*** longjmp causes uninitialized stack frame ***: terminated
*** longjmp causes uninitialized stack frame ***: terminated
*** longjmp causes uninitialized stack frame ***: terminated
*** longjmp causes uninitialized stack frame ***: terminated
*** longjmp causes uninitialized stack frame ***: terminated
*** longjmp causes uninitialized stack frame ***: terminated
*** longjmp causes uninitialized stack frame ***: terminated
*** longjmp causes uninitialized stack frame ***: terminated
*** longjmp causes uninitialized stack frame ***: terminated
*** longjmp causes uninitialized stack frame ***: terminated
*** longjmp causes uninitialized stack frame ***: terminated
*** longjmp causes uninitialized stack frame ***: terminated
*** longjmp causes uninitialized stack frame ***: terminated
*** longjmp causes uninitialized stack frame ***: terminated
*** longjmp causes uninitialized stack frame ***: terminated
*** longjmp causes uninitialized stack frame ***: terminated
*** longjmp causes uninitialized stack frame ***: terminated
*** longjmp causes uninitialized stack frame ***: terminated
*** longjmp causes uninitialized stack frame ***: terminated
*** longjmp causes uninitialized stack frame ***: terminated
*** longjmp causes uninitialized stack frame ***: terminated
*** longjmp causes uninitialized stack frame ***: terminated
*** longjmp causes uninitialized stack frame ***: terminated
*** longjmp causes uninitialized stack frame ***: terminated
*** longjmp causes uninitialized stack frame ***: terminated
*** longjmp causes uninitialized stack frame ***: terminated
*** longjmp causes uninitialized stack frame ***: terminated
*** longjmp causes uninitialized stack frame ***: terminated
*** longjmp causes uninitialized stack frame ***: terminated
*** longjmp causes uninitialized stack frame ***: terminated
*** longjmp causes uninitialized stack frame ***: terminated
*** longjmp causes uninitialized stack frame ***: terminated
*** longjmp causes uninitialized stack frame ***: terminated
*** longjmp causes uninitialized stack frame ***: terminated
*** longjmp causes uninitialized stack frame ***: terminated
*** longjmp causes uninitialized stack frame ***: terminated
*** longjmp causes uninitialized stack frame ***: terminated
*** longjmp causes uninitialized stack frame ***: terminated
*** longjmp causes uninitialized stack frame ***: terminated
*** longjmp causes uninitialized stack frame ***: terminated
*** longjmp causes uninitialized stack frame ***: terminated
*** longjmp causes uninitialized stack frame ***: terminated
*** longjmp causes uninitialized stack frame ***: terminated
*** longjmp causes uninitialized stack frame ***: terminated
*** longjmp causes uninitialized stack frame ***: terminated
*** longjmp causes uninitialized stack frame ***: terminated
*** longjmp causes uninitialized stack frame ***: terminated
*** longjmp causes uninitialized stack frame ***: terminated
*** longjmp causes uninitialized stack frame ***: terminated
*** longjmp causes uninitialized stack frame ***: terminated
*** longjmp causes uninitialized stack frame ***: terminated
*** longjmp causes uninitialized stack frame ***: terminated
*** longjmp causes uninitialized stack frame ***: terminated
*** longjmp causes uninitialized stack frame ***: terminated
*** longjmp causes uninitialized stack frame ***: terminated
*** longjmp causes uninitialized stack frame ***: terminated
*** longjmp causes uninitialized stack frame ***: terminated
*** longjmp causes uninitialized stack frame ***: terminated
*** longjmp causes uninitialized stack frame ***: terminated
*** longjmp causes uninitialized stack frame ***: terminated
*** longjmp causes uninitialized stack frame ***: terminated
*** longjmp causes uninitialized stack frame ***: terminated
*** longjmp causes uninitialized stack frame ***: terminated
*** longjmp causes uninitialized stack frame ***: terminated
*** longjmp causes uninitialized stack frame ***: terminated
*** longjmp causes uninitialized stack frame ***: terminated
*** longjmp causes uninitialized stack frame ***: terminated
*** longjmp causes uninitialized stack frame ***: terminated
*** longjmp causes uninitialized stack frame ***: terminated
*** longjmp causes uninitialized stack frame ***: terminated
*** longjmp causes uninitialized stack frame ***: terminated
*** longjmp causes uninitialized stack frame ***: terminated
*** longjmp causes uninitialized stack frame ***: terminated
*** longjmp causes uninitialized stack frame ***: terminated
*** longjmp causes uninitialized stack frame ***: terminated
*** longjmp causes uninitialized stack frame ***: terminated
*** longjmp causes uninitialized stack frame ***: terminated
*** longjmp causes uninitialized stack frame ***: terminated
*** longjmp causes uninitialized stack frame ***: terminated
*** longjmp causes uninitialized stack frame ***: terminated
*** longjmp causes uninitialized stack frame ***: terminated
*** longjmp causes uninitialized stack frame ***: terminated
*** longjmp causes uninitialized stack frame ***: terminated
*** longjmp causes uninitialized stack frame ***: terminated
*** longjmp causes uninitialized stack frame ***: terminated
*** longjmp causes uninitialized stack frame ***: terminated
*** longjmp causes uninitialized stack frame ***: terminated
*** longjmp causes uninitialized stack frame ***: terminated
*** longjmp causes uninitialized stack frame ***: terminated
*** longjmp causes uninitialized stack frame ***: terminated
*** longjmp causes uninitialized stack frame ***: terminated
*** longjmp causes uninitialized stack frame ***: terminated
*** longjmp causes uninitialized stack frame ***: terminated
*** longjmp causes uninitialized stack frame ***: terminated
*** longjmp causes uninitialized stack frame ***: terminated
*** longjmp causes uninitialized stack frame ***: terminated
*** longjmp causes uninitialized stack frame ***: terminated
*** longjmp causes uninitialized stack frame ***: terminated
*** longjmp causes uninitialized stack frame ***: terminated
*** longjmp causes uninitialized stack frame ***: terminated
*** longjmp causes uninitialized stack frame ***: terminated
*** longjmp causes uninitialized stack frame ***: terminated
*** longjmp causes uninitialized stack frame ***: terminated
*** longjmp causes uninitialized stack frame ***: terminated
*** longjmp causes uninitialized stack frame ***: terminated
*** longjmp causes uninitialized stack frame ***: terminated
*** longjmp causes uninitialized stack frame ***: terminated
*** longjmp causes uninitialized stack frame ***: terminated
*** longjmp causes uninitialized stack frame ***: terminated
*** longjmp causes uninitialized stack frame ***: terminated
*** longjmp causes uninitialized stack frame ***: terminated
*** longjmp causes uninitialized stack frame ***: terminated
*** longjmp causes uninitialized stack frame ***: terminated
*** longjmp causes uninitialized stack frame ***: terminated
*** longjmp causes uninitialized stack frame ***: terminated
*** longjmp causes uninitialized stack frame ***: terminated
*** longjmp causes uninitialized stack frame ***: terminated
*** longjmp causes uninitialized stack frame ***: terminated
*** longjmp causes uninitialized stack frame ***: terminated
*** longjmp causes uninitialized stack frame ***: terminated
*** longjmp causes uninitialized stack frame ***: terminated
*** longjmp causes uninitialized stack frame ***: terminated
*** longjmp causes uninitialized stack frame ***: terminated
*** longjmp causes uninitialized stack frame ***: terminated
*** longjmp causes uninitialized stack frame ***: terminated
*** longjmp causes uninitialized stack frame ***: terminated
*** longjmp causes uninitialized stack frame ***: terminated
*** longjmp causes uninitialized stack frame ***: terminated
*** longjmp causes uninitialized stack frame ***: terminated
*** longjmp causes uninitialized stack frame ***: terminated
*** longjmp causes uninitialized stack frame ***: terminated
*** longjmp causes uninitialized stack frame ***: terminated
*** longjmp causes uninitialized stack frame ***: terminated
*** longjmp causes uninitialized stack frame ***: terminated
*** longjmp causes uninitialized stack frame ***: terminated
*** longjmp causes uninitialized stack frame ***: terminated
*** longjmp causes uninitialized stack frame ***: terminated
*** longjmp causes uninitialized stack frame ***: terminated
*** longjmp causes uninitialized stack frame ***: terminated
*** longjmp causes uninitialized stack frame ***: terminated
*** longjmp causes uninitialized stack frame ***: terminated
*** longjmp causes uninitialized stack frame ***: terminated
*** longjmp causes uninitialized stack frame ***: terminated
*** longjmp causes uninitialized stack frame ***: terminated
*** longjmp causes uninitialized stack frame ***: terminated
*** longjmp causes uninitialized stack frame ***: terminated
*** longjmp causes uninitialized stack frame ***: terminated
*** longjmp causes uninitialized stack frame ***: terminated
*** longjmp causes uninitialized stack frame ***: terminated
*** longjmp causes uninitialized stack frame ***: terminated
*** longjmp causes uninitialized stack frame ***: terminated
*** longjmp causes uninitialized stack frame ***: terminated
*** longjmp causes uninitialized stack frame ***: terminated
*** longjmp causes uninitialized stack frame ***: terminated
*** longjmp causes uninitialized stack frame ***: terminated
*** longjmp causes uninitialized stack frame ***: terminated
*** longjmp causes uninitialized stack frame ***: terminated
*** longjmp causes uninitialized stack frame ***: terminated
*** longjmp causes uninitialized stack frame ***: terminated
*** longjmp causes uninitialized stack frame ***: terminated
*** longjmp causes uninitialized stack frame ***: terminated
*** longjmp causes uninitialized stack frame ***: terminated
*** longjmp causes uninitialized stack frame ***: terminated
*** longjmp causes uninitialized stack frame ***: terminated
*** longjmp causes uninitialized stack frame ***: terminated
*** longjmp causes uninitialized stack frame ***: terminated
*** longjmp causes uninitialized stack frame ***: terminated
*** longjmp causes uninitialized stack frame ***: terminated
*** longjmp causes uninitialized stack frame ***: terminated
*** longjmp causes uninitialized stack frame ***: terminated
*** longjmp causes uninitialized stack frame ***: terminated
*** longjmp causes uninitialized stack frame ***: terminated
*** longjmp causes uninitialized stack frame ***: terminated
*** longjmp causes uninitialized stack frame ***: terminated
*** longjmp causes uninitialized stack frame ***: terminated
*** longjmp causes uninitialized stack frame ***: terminated
*** longjmp causes uninitialized stack frame ***: terminated
*** longjmp causes uninitialized stack frame ***: terminated
*** longjmp causes uninitialized stack frame ***: terminated
*** longjmp causes uninitialized stack frame ***: terminated
*** longjmp causes uninitialized stack frame ***: terminated
*** longjmp causes uninitialized stack frame ***: terminated
*** longjmp causes uninitialized stack frame ***: terminated
*** longjmp causes uninitialized stack frame ***: terminated
*** longjmp causes uninitialized stack frame ***: terminated
*** longjmp causes uninitialized stack frame ***: terminated
*** longjmp causes uninitialized stack frame ***: terminated
*** longjmp causes uninitialized stack frame ***: terminated
*** longjmp causes uninitialized stack frame ***: terminated
*** longjmp causes uninitialized stack frame ***: terminated
*** longjmp causes uninitialized stack frame ***: terminated
*** longjmp causes uninitialized stack frame ***: terminated
*** longjmp causes uninitialized stack frame ***: terminated
*** longjmp causes uninitialized stack frame ***: terminated
*** longjmp causes uninitialized stack frame ***: terminated
*** longjmp causes uninitialized stack frame ***: terminated
*** longjmp causes uninitialized stack frame ***: terminated
*** longjmp causes uninitialized stack frame ***: terminated
*** longjmp causes uninitialized stack frame ***: terminated
*** longjmp causes uninitialized stack frame ***: terminated
*** longjmp causes uninitialized stack frame ***: terminated
*** longjmp causes uninitialized stack frame ***: terminated
*** longjmp causes uninitialized stack frame ***: terminated
*** longjmp causes uninitialized stack frame ***: terminated
*** longjmp causes uninitialized stack frame ***: terminated
*** longjmp causes uninitialized stack frame ***: terminated
*** longjmp causes uninitialized stack frame ***: terminated
*** longjmp causes uninitialized stack frame ***: terminated
*** longjmp causes uninitialized stack frame ***: terminated
*** longjmp causes uninitialized stack frame ***: terminated
*** longjmp causes uninitialized stack frame ***: terminated
*** longjmp causes uninitialized stack frame ***: terminated
*** longjmp causes uninitialized stack frame ***: terminated
*** longjmp causes uninitialized stack frame ***: terminated
*** longjmp causes uninitialized stack frame ***: terminated
*** longjmp causes uninitialized stack frame ***: terminated
*** longjmp causes uninitialized stack frame ***: terminated
*** longjmp causes uninitialized stack frame ***: terminated
*** longjmp causes uninitialized stack frame ***: terminated
*** longjmp causes uninitialized stack frame ***: terminated
*** longjmp causes uninitialized stack frame ***: terminated
*** longjmp causes uninitialized stack frame ***: terminated
*** longjmp causes uninitialized stack frame ***: terminated
*** longjmp causes uninitialized stack frame ***: terminated
*** longjmp causes uninitialized stack frame ***: terminated
*** longjmp causes uninitialized stack frame ***: terminated
*** longjmp causes uninitialized stack frame ***: terminated
*** longjmp causes uninitialized stack frame ***: terminated
*** longjmp causes uninitialized stack frame ***: terminated
*** longjmp causes uninitialized stack frame ***: terminated
*** longjmp causes uninitialized stack frame ***: terminated
*** longjmp causes uninitialized stack frame ***: terminated
*** longjmp causes uninitialized stack frame ***: terminated
*** longjmp causes uninitialized stack frame ***: terminated
*** longjmp causes uninitialized stack frame ***: terminated
*** longjmp causes uninitialized stack frame ***: terminated
*** longjmp causes uninitialized stack frame ***: terminated
*** longjmp causes uninitialized stack frame ***: terminated
*** longjmp causes uninitialized stack frame ***: terminated
*** longjmp causes uninitialized stack frame ***: terminated
*** longjmp causes uninitialized stack frame ***: terminated
*** longjmp causes uninitialized stack frame ***: terminated
*** longjmp causes uninitialized stack frame ***: terminated
*** longjmp causes uninitialized stack frame ***: terminated
*** longjmp causes uninitialized stack frame ***: terminated
*** longjmp causes uninitialized stack frame ***: terminated
*** longjmp causes uninitialized stack frame ***: terminated
*** longjmp causes uninitialized stack frame ***: terminated
*** longjmp causes uninitialized stack frame ***: terminated
*** longjmp causes uninitialized stack frame ***: terminated
*** longjmp causes uninitialized stack frame ***: terminated
*** longjmp causes uninitialized stack frame ***: terminated
*** longjmp causes uninitialized stack frame ***: terminated
*** longjmp causes uninitialized stack frame ***: terminated
*** longjmp causes uninitialized stack frame ***: terminated
*** longjmp causes uninitialized stack frame ***: terminated
*** longjmp causes uninitialized stack frame ***: terminated
*** longjmp causes uninitialized stack frame ***: terminated
*** longjmp causes uninitialized stack frame ***: terminated
*** longjmp causes uninitialized stack frame ***: terminated
*** longjmp causes uninitialized stack frame ***: terminated
*** longjmp causes uninitialized stack frame ***: terminated
*** longjmp causes uninitialized stack frame ***: terminated
*** longjmp causes uninitialized stack frame ***: terminated
*** longjmp causes uninitialized stack frame ***: terminated
*** longjmp causes uninitialized stack frame ***: terminated
*** longjmp causes uninitialized stack frame ***: terminated
*** longjmp causes uninitialized stack frame ***: terminated
*** longjmp causes uninitialized stack frame ***: terminated
*** longjmp causes uninitialized stack frame ***: terminated
*** longjmp causes uninitialized stack frame ***: terminated
*** longjmp causes uninitialized stack frame ***: terminated
*** longjmp causes uninitialized stack frame ***: terminated
*** longjmp causes uninitialized stack frame ***: terminated
*** longjmp causes uninitialized stack frame ***: terminated
*** longjmp causes uninitialized stack frame ***: terminated
*** longjmp causes uninitialized stack frame ***: terminated
*** longjmp causes uninitialized stack frame ***: terminated
*** longjmp causes uninitialized stack frame ***: terminated
*** longjmp causes uninitialized stack frame ***: terminated
*** longjmp causes uninitialized stack frame ***: terminated
*** longjmp causes uninitialized stack frame ***: terminated
*** longjmp causes uninitialized stack frame ***: terminated
*** longjmp causes uninitialized stack frame ***: terminated
*** longjmp causes uninitialized stack frame ***: terminated
*** longjmp causes uninitialized stack frame ***: terminated
*** longjmp causes uninitialized stack frame ***: terminated
*** longjmp causes uninitialized stack frame ***: terminated
*** longjmp causes uninitialized stack frame ***: terminated
*** longjmp causes uninitialized stack frame ***: terminated
*** longjmp causes uninitialized stack frame ***: terminated
*** longjmp causes uninitialized stack frame ***: terminated
*** longjmp causes uninitialized stack frame ***: terminated
*** longjmp causes uninitialized stack frame ***: terminated
*** longjmp causes uninitialized stack frame ***: terminated
*** longjmp causes uninitialized stack frame ***: terminated
*** longjmp causes uninitialized stack frame ***: terminated
*** longjmp causes uninitialized stack frame ***: terminated
*** longjmp causes uninitialized stack frame ***: terminated
*** longjmp causes uninitialized stack frame ***: terminated
*** longjmp causes uninitialized stack frame ***: terminated
*** longjmp causes uninitialized stack frame ***: terminated
*** longjmp causes uninitialized stack frame ***: terminated
*** longjmp causes uninitialized stack frame ***: terminated
*** longjmp causes uninitialized stack frame ***: terminated
*** longjmp causes uninitialized stack frame ***: terminated
*** longjmp causes uninitialized stack frame ***: terminated
*** longjmp causes uninitialized stack frame ***: terminated
*** longjmp causes uninitialized stack frame ***: terminated
*** longjmp causes uninitialized stack frame ***: terminated
*** longjmp causes uninitialized stack frame ***: terminated
*** longjmp causes uninitialized stack frame ***: terminated
*** longjmp causes uninitialized stack frame ***: terminated
*** longjmp causes uninitialized stack frame ***: terminated
*** longjmp causes uninitialized stack frame ***: terminated
*** longjmp causes uninitialized stack frame ***: terminated
*** longjmp causes uninitialized stack frame ***: terminated
*** longjmp causes uninitialized stack frame ***: terminated
*** longjmp causes uninitialized stack frame ***: terminated
*** longjmp causes uninitialized stack frame ***: terminated
*** longjmp causes uninitialized stack frame ***: terminated
*** longjmp causes uninitialized stack frame ***: terminated
*** longjmp causes uninitialized stack frame ***: terminated
*** longjmp causes uninitialized stack frame ***: terminated
*** longjmp causes uninitialized stack frame ***: terminated
*** longjmp causes uninitialized stack frame ***: terminated
*** longjmp causes uninitialized stack frame ***: terminated
*** longjmp causes uninitialized stack frame ***: terminated
*** longjmp causes uninitialized stack frame ***: terminated
*** longjmp causes uninitialized stack frame ***: terminated
*** longjmp causes uninitialized stack frame ***: terminated
*** longjmp causes uninitialized stack frame ***: terminated
*** longjmp causes uninitialized stack frame ***: terminated
*** longjmp causes uninitialized stack frame ***: terminated
*** longjmp causes uninitialized stack frame ***: terminated
*** longjmp causes uninitialized stack frame ***: terminated
*** longjmp causes uninitialized stack frame ***: terminated
*** longjmp causes uninitialized stack frame ***: terminated
*** longjmp causes uninitialized stack frame ***: terminated
*** longjmp causes uninitialized stack frame ***: terminated
*** longjmp causes uninitialized stack frame ***: terminated
*** longjmp causes uninitialized stack frame ***: terminated
*** longjmp causes uninitialized stack frame ***: terminated
*** longjmp causes uninitialized stack frame ***: terminated
*** longjmp causes uninitialized stack frame ***: terminated
*** longjmp causes uninitialized stack frame ***: terminated
*** longjmp causes uninitialized stack frame ***: terminated
*** longjmp causes uninitialized stack frame ***: terminated
*** longjmp causes uninitialized stack frame ***: terminated
*** longjmp causes uninitialized stack frame ***: terminated
*** longjmp causes uninitialized stack frame ***: terminated
*** longjmp causes uninitialized stack frame ***: terminated
*** longjmp causes uninitialized stack frame ***: terminated
*** longjmp causes uninitialized stack frame ***: terminated
*** longjmp causes uninitialized stack frame ***: terminated
*** longjmp causes uninitialized stack frame ***: terminated
*** longjmp causes uninitialized stack frame ***: terminated
*** longjmp causes uninitialized stack frame ***: terminated
*** longjmp causes uninitialized stack frame ***: terminated
*** longjmp causes uninitialized stack frame ***: terminated
*** longjmp causes uninitialized stack frame ***: terminated
*** longjmp causes uninitialized stack frame ***: terminated
*** longjmp causes uninitialized stack frame ***: terminated
*** longjmp causes uninitialized stack frame ***: terminated
*** longjmp causes uninitialized stack frame ***: terminated
*** longjmp causes uninitialized stack frame ***: terminated
*** longjmp causes uninitialized stack frame ***: terminated
*** longjmp causes uninitialized stack frame ***: terminated
*** longjmp causes uninitialized stack frame ***: terminated
*** longjmp causes uninitialized stack frame ***: terminated
*** longjmp causes uninitialized stack frame ***: terminated
*** longjmp causes uninitialized stack frame ***: terminated
*** longjmp causes uninitialized stack frame ***: terminated
*** longjmp causes uninitialized stack frame ***: terminated
*** longjmp causes uninitialized stack frame ***: terminated
*** longjmp causes uninitialized stack frame ***: terminated
*** longjmp causes uninitialized stack frame ***: terminated
*** longjmp causes uninitialized stack frame ***: terminated
*** longjmp causes uninitialized stack frame ***: terminated
*** longjmp causes uninitialized stack frame ***: terminated
*** longjmp causes uninitialized stack frame ***: terminated
*** longjmp causes uninitialized stack frame ***: terminated
*** longjmp causes uninitialized stack frame ***: terminated
*** longjmp causes uninitialized stack frame ***: terminated
*** longjmp causes uninitialized stack frame ***: terminated
*** longjmp causes uninitialized stack frame ***: terminated
*** longjmp causes uninitialized stack frame ***: terminated
*** longjmp causes uninitialized stack frame ***: terminated
*** longjmp causes uninitialized stack frame ***: terminated
*** longjmp causes uninitialized stack frame ***: terminated
*** longjmp causes uninitialized stack frame ***: terminated
*** longjmp causes uninitialized stack frame ***: terminated
*** longjmp causes uninitialized stack frame ***: terminated
*** longjmp causes uninitialized stack frame ***: terminated
*** longjmp causes uninitialized stack frame ***: terminated
*** longjmp causes uninitialized stack frame ***: terminated
*** longjmp causes uninitialized stack frame ***: terminated
*** longjmp causes uninitialized stack frame ***: terminated
*** longjmp causes uninitialized stack frame ***: terminated
*** longjmp causes uninitialized stack frame ***: terminated
*** longjmp causes uninitialized stack frame ***: terminated
*** longjmp causes uninitialized stack frame ***: terminated
*** longjmp causes uninitialized stack frame ***: terminated
*** longjmp causes uninitialized stack frame ***: terminated
*** longjmp causes uninitialized stack frame ***: terminated
*** longjmp causes uninitialized stack frame ***: terminated
*** longjmp causes uninitialized stack frame ***: terminated
*** longjmp causes uninitialized stack frame ***: terminated
*** longjmp causes uninitialized stack frame ***: terminated
*** longjmp causes uninitialized stack frame ***: terminated
*** longjmp causes uninitialized stack frame ***: terminated
*** longjmp causes uninitialized stack frame ***: terminated
*** longjmp causes uninitialized stack frame ***: terminated
*** longjmp causes uninitialized stack frame ***: terminated
*** longjmp causes uninitialized stack frame ***: terminated
*** longjmp causes uninitialized stack frame ***: terminated
*** longjmp causes uninitialized stack frame ***: terminated
*** longjmp causes uninitialized stack frame ***: terminated
*** longjmp causes uninitialized stack frame ***: terminated
*** longjmp causes uninitialized stack frame ***: terminated
*** longjmp causes uninitialized stack frame ***: terminated
*** longjmp causes uninitialized stack frame ***: terminated
*** longjmp causes uninitialized stack frame ***: terminated
*** longjmp causes uninitialized stack frame ***: terminated
*** longjmp causes uninitialized stack frame ***: terminated
*** longjmp causes uninitialized stack frame ***: terminated
*** longjmp causes uninitialized stack frame ***: terminated
*** longjmp causes uninitialized stack frame ***: terminated
*** longjmp causes uninitialized stack frame ***: terminated
*** longjmp causes uninitialized stack frame ***: terminated
*** longjmp causes uninitialized stack frame ***: terminated
*** longjmp causes uninitialized stack frame ***: terminated
*** longjmp causes uninitialized stack frame ***: terminated
*** longjmp causes uninitialized stack frame ***: terminated
*** longjmp causes uninitialized stack frame ***: terminated
*** longjmp causes uninitialized stack frame ***: terminated
*** longjmp causes uninitialized stack frame ***: terminated
*** longjmp causes uninitialized stack frame ***: terminated
*** longjmp causes uninitialized stack frame ***: terminated
*** longjmp causes uninitialized stack frame ***: terminated
*** longjmp causes uninitialized stack frame ***: terminated
*** longjmp causes uninitialized stack frame ***: terminated
*** longjmp causes uninitialized stack frame ***: terminated
*** longjmp causes uninitialized stack frame ***: terminated
*** longjmp causes uninitialized stack frame ***: terminated
*** longjmp causes uninitialized stack frame ***: terminated
*** longjmp causes uninitialized stack frame ***: terminated
*** longjmp causes uninitialized stack frame ***: terminated
*** longjmp causes uninitialized stack frame ***: terminated
*** longjmp causes uninitialized stack frame ***: terminated
*** longjmp causes uninitialized stack frame ***: terminated
*** longjmp causes uninitialized stack frame ***: terminated
*** longjmp causes uninitialized stack frame ***: terminated
*** longjmp causes uninitialized stack frame ***: terminated
*** longjmp causes uninitialized stack frame ***: terminated
*** longjmp causes uninitialized stack frame ***: terminated
*** longjmp causes uninitialized stack frame ***: terminated
*** longjmp causes uninitialized stack frame ***: terminated
*** longjmp causes uninitialized stack frame ***: terminated
*** longjmp causes uninitialized stack frame ***: terminated
*** longjmp causes uninitialized stack frame ***: terminated
*** longjmp causes uninitialized stack frame ***: terminated
*** longjmp causes uninitialized stack frame ***: terminated
*** longjmp causes uninitialized stack frame ***: terminated
*** longjmp causes uninitialized stack frame ***: terminated
*** longjmp causes uninitialized stack frame ***: terminated
*** longjmp causes uninitialized stack frame ***: terminated
*** longjmp causes uninitialized stack frame ***: terminated
*** longjmp causes uninitialized stack frame ***: terminated
*** longjmp causes uninitialized stack frame ***: terminated
*** longjmp causes uninitialized stack frame ***: terminated
*** longjmp causes uninitialized stack frame ***: terminated
*** longjmp causes uninitialized stack frame ***: terminated
*** longjmp causes uninitialized stack frame ***: terminated
*** longjmp causes uninitialized stack frame ***: terminated
*** longjmp causes uninitialized stack frame ***: terminated
*** longjmp causes uninitialized stack frame ***: terminated
*** longjmp causes uninitialized stack frame ***: terminated
*** longjmp causes uninitialized stack frame ***: terminated
*** longjmp causes uninitialized stack frame ***: terminated
*** longjmp causes uninitialized stack frame ***: terminated
*** longjmp causes uninitialized stack frame ***: terminated
*** longjmp causes uninitialized stack frame ***: terminated
*** longjmp causes uninitialized stack frame ***: terminated
*** longjmp causes uninitialized stack frame ***: terminated
*** longjmp causes uninitialized stack frame ***: terminated
*** longjmp causes uninitialized stack frame ***: terminated
*** longjmp causes uninitialized stack frame ***: terminated
*** longjmp causes uninitialized stack frame ***: terminated
*** longjmp causes uninitialized stack frame ***: terminated
*** longjmp causes uninitialized stack frame ***: terminated
*** longjmp causes uninitialized stack frame ***: terminated
*** longjmp causes uninitialized stack frame ***: terminated
*** longjmp causes uninitialized stack frame ***: terminated
*** longjmp causes uninitialized stack frame ***: terminated
*** longjmp causes uninitialized stack frame ***: terminated
*** longjmp causes uninitialized stack frame ***: terminated
*** longjmp causes uninitialized stack frame ***: terminated
*** longjmp causes uninitialized stack frame ***: terminated
*** longjmp causes uninitialized stack frame ***: terminated
*** longjmp causes uninitialized stack frame ***: terminated
*** longjmp causes uninitialized stack frame ***: terminated
*** longjmp causes uninitialized stack frame ***: terminated
*** longjmp causes uninitialized stack frame ***: terminated
*** longjmp causes uninitialized stack frame ***: terminated
*** longjmp causes uninitialized stack frame ***: terminated
*** longjmp causes uninitialized stack frame ***: terminated
*** longjmp causes uninitialized stack frame ***: terminated
*** longjmp causes uninitialized stack frame ***: terminated
*** longjmp causes uninitialized stack frame ***: terminated
*** longjmp causes uninitialized stack frame ***: terminated
*** longjmp causes uninitialized stack frame ***: terminated
*** longjmp causes uninitialized stack frame ***: terminated
*** longjmp causes uninitialized stack frame ***: terminated
*** longjmp causes uninitialized stack frame ***: terminated
*** longjmp causes uninitialized stack frame ***: terminated
*** longjmp causes uninitialized stack frame ***: terminated
*** longjmp causes uninitialized stack frame ***: terminated
*** longjmp causes uninitialized stack frame ***: terminated
*** longjmp causes uninitialized stack frame ***: terminated
*** longjmp causes uninitialized stack frame ***: terminated
*** longjmp causes uninitialized stack frame ***: terminated
*** longjmp causes uninitialized stack frame ***: terminated
*** longjmp causes uninitialized stack frame ***: terminated
*** longjmp causes uninitialized stack frame ***: terminated
*** longjmp causes uninitialized stack frame ***: terminated
*** longjmp causes uninitialized stack frame ***: terminated
*** longjmp causes uninitialized stack frame ***: terminated
*** longjmp causes uninitialized stack frame ***: terminated
*** longjmp causes uninitialized stack frame ***: terminated
*** longjmp causes uninitialized stack frame ***: terminated
*** longjmp causes uninitialized stack frame ***: terminated
*** longjmp causes uninitialized stack frame ***: terminated
*** longjmp causes uninitialized stack frame ***: terminated
*** longjmp causes uninitialized stack frame ***: terminated
*** longjmp causes uninitialized stack frame ***: terminated
*** longjmp causes uninitialized stack frame ***: terminated
*** longjmp causes uninitialized stack frame ***: terminated
*** longjmp causes uninitialized stack frame ***: terminated
*** longjmp causes uninitialized stack frame ***: terminated
*** longjmp causes uninitialized stack frame ***: terminated
*** longjmp causes uninitialized stack frame ***: terminated
*** longjmp causes uninitialized stack frame ***: terminated
*** longjmp causes uninitialized stack frame ***: terminated
*** longjmp causes uninitialized stack frame ***: terminated
*** longjmp causes uninitialized stack frame ***: terminated
*** longjmp causes uninitialized stack frame ***: terminated
*** longjmp causes uninitialized stack frame ***: terminated
*** longjmp causes uninitialized stack frame ***: terminated
*** longjmp causes uninitialized stack frame ***: terminated
*** longjmp causes uninitialized stack frame ***: terminated
*** longjmp causes uninitialized stack frame ***: terminated
*** longjmp causes uninitialized stack frame ***: terminated
*** longjmp causes uninitialized stack frame ***: terminated
*** longjmp causes uninitialized stack frame ***: terminated
*** longjmp causes uninitialized stack frame ***: terminated
*** longjmp causes uninitialized stack frame ***: terminated
*** longjmp causes uninitialized stack frame ***: terminated
*** longjmp causes uninitialized stack frame ***: terminated
*** longjmp causes uninitialized stack frame ***: terminated
*** longjmp causes uninitialized stack frame ***: terminated
*** longjmp causes uninitialized stack frame ***: terminated
*** longjmp causes uninitialized stack frame ***: terminated
*** longjmp causes uninitialized stack frame ***: terminated
*** longjmp causes uninitialized stack frame ***: terminated
*** longjmp causes uninitialized stack frame ***: terminated
*** longjmp causes uninitialized stack frame ***: terminated
*** longjmp causes uninitialized stack frame ***: terminated
*** longjmp causes uninitialized stack frame ***: terminated
*** longjmp causes uninitialized stack frame ***: terminated
*** longjmp causes uninitialized stack frame ***: terminated
*** longjmp causes uninitialized stack frame ***: terminated
*** longjmp causes uninitialized stack frame ***: terminated
*** longjmp causes uninitialized stack frame ***: terminated
*** longjmp causes uninitialized stack frame ***: terminated
*** longjmp causes uninitialized stack frame ***: terminated
*** longjmp causes uninitialized stack frame ***: terminated
*** longjmp causes uninitialized stack frame ***: terminated
*** longjmp causes uninitialized stack frame ***: terminated
*** longjmp causes uninitialized stack frame ***: terminated
*** longjmp causes uninitialized stack frame ***: terminated
*** longjmp causes uninitialized stack frame ***: terminated
*** longjmp causes uninitialized stack frame ***: terminated
*** longjmp causes uninitialized stack frame ***: terminated
*** longjmp causes uninitialized stack frame ***: terminated
*** longjmp causes uninitialized stack frame ***: terminated
*** longjmp causes uninitialized stack frame ***: terminated
*** longjmp causes uninitialized stack frame ***: terminated
*** longjmp causes uninitialized stack frame ***: terminated
*** longjmp causes uninitialized stack frame ***: terminated
*** longjmp causes uninitialized stack frame ***: terminated
*** longjmp causes uninitialized stack frame ***: terminated
*** longjmp causes uninitialized stack frame ***: terminated
*** longjmp causes uninitialized stack frame ***: terminated
*** longjmp causes uninitialized stack frame ***: terminated
*** longjmp causes uninitialized stack frame ***: terminated
*** longjmp causes uninitialized stack frame ***: terminated
*** longjmp causes uninitialized stack frame ***: terminated
*** longjmp causes uninitialized stack frame ***: terminated
*** longjmp causes uninitialized stack frame ***: terminated
*** longjmp causes uninitialized stack frame ***: terminated
*** longjmp causes uninitialized stack frame ***: terminated
*** longjmp causes uninitialized stack frame ***: terminated
*** longjmp causes uninitialized stack frame ***: terminated
*** longjmp causes uninitialized stack frame ***: terminated
*** longjmp causes uninitialized stack frame ***: terminated
*** longjmp causes uninitialized stack frame ***: terminated
*** longjmp causes uninitialized stack frame ***: terminated
*** longjmp causes uninitialized stack frame ***: terminated
*** longjmp causes uninitialized stack frame ***: terminated
*** longjmp causes uninitialized stack frame ***: terminated
*** longjmp causes uninitialized stack frame ***: terminated
*** longjmp causes uninitialized stack frame ***: terminated
*** longjmp causes uninitialized stack frame ***: terminated
*** longjmp causes uninitialized stack frame ***: terminated
*** longjmp causes uninitialized stack frame ***: terminated
*** longjmp causes uninitialized stack frame ***: terminated
*** longjmp causes uninitialized stack frame ***: terminated
*** longjmp causes uninitialized stack frame ***: terminated
*** longjmp causes uninitialized stack frame ***: terminated
*** longjmp causes uninitialized stack frame ***: terminated
*** longjmp causes uninitialized stack frame ***: terminated
*** longjmp causes uninitialized stack frame ***: terminated
*** longjmp causes uninitialized stack frame ***: terminated
*** longjmp causes uninitialized stack frame ***: terminated
*** longjmp causes uninitialized stack frame ***: terminated
*** longjmp causes uninitialized stack frame ***: terminated
*** longjmp causes uninitialized stack frame ***: terminated
*** longjmp causes uninitialized stack frame ***: terminated
*** longjmp causes uninitialized stack frame ***: terminated
*** longjmp causes uninitialized stack frame ***: terminated
*** longjmp causes uninitialized stack frame ***: terminated
*** longjmp causes uninitialized stack frame ***: terminated
*** longjmp causes uninitialized stack frame ***: terminated
*** longjmp causes uninitialized stack frame ***: terminated
*** longjmp causes uninitialized stack frame ***: terminated
*** longjmp causes uninitialized stack frame ***: terminated
*** longjmp causes uninitialized stack frame ***: terminated
*** longjmp causes uninitialized stack frame ***: terminated
*** longjmp causes uninitialized stack frame ***: terminated
*** longjmp causes uninitialized stack frame ***: terminated
*** longjmp causes uninitialized stack frame ***: terminated
*** longjmp causes uninitialized stack frame ***: terminated
*** longjmp causes uninitialized stack frame ***: terminated
*** longjmp causes uninitialized stack frame ***: terminated
*** longjmp causes uninitialized stack frame ***: terminated
*** longjmp causes uninitialized stack frame ***: terminated
*** longjmp causes uninitialized stack frame ***: terminated
*** longjmp causes uninitialized stack frame ***: terminated
*** longjmp causes uninitialized stack frame ***: terminated
*** longjmp causes uninitialized stack frame ***: terminated
*** longjmp causes uninitialized stack frame ***: terminated
*** longjmp causes uninitialized stack frame ***: terminated
*** longjmp causes uninitialized stack frame ***: terminated
*** longjmp causes uninitialized stack frame ***: terminated
*** longjmp causes uninitialized stack frame ***: terminated
*** longjmp causes uninitialized stack frame ***: terminated
*** longjmp causes uninitialized stack frame ***: terminated
*** longjmp causes uninitialized stack frame ***: terminated
*** longjmp causes uninitialized stack frame ***: terminated
*** longjmp causes uninitialized stack frame ***: terminated
*** longjmp causes uninitialized stack frame ***: terminated
*** longjmp causes uninitialized stack frame ***: terminated
*** longjmp causes uninitialized stack frame ***: terminated
*** longjmp causes uninitialized stack frame ***: terminated
*** longjmp causes uninitialized stack frame ***: terminated
*** longjmp causes uninitialized stack frame ***: terminated
*** longjmp causes uninitialized stack frame ***: terminated
*** longjmp causes uninitialized stack frame ***: terminated
*** longjmp causes uninitialized stack frame ***: terminated
*** longjmp causes uninitialized stack frame ***: terminated
*** longjmp causes uninitialized stack frame ***: terminated
*** longjmp causes uninitialized stack frame ***: terminated
*** longjmp causes uninitialized stack frame ***: terminated
*** longjmp causes uninitialized stack frame ***: terminated
*** longjmp causes uninitialized stack frame ***: terminated
*** longjmp causes uninitialized stack frame ***: terminated
*** longjmp causes uninitialized stack frame ***: terminated
*** longjmp causes uninitialized stack frame ***: terminated
*** longjmp causes uninitialized stack frame ***: terminated
*** longjmp causes uninitialized stack frame ***: terminated
*** longjmp causes uninitialized stack frame ***: terminated
*** longjmp causes uninitialized stack frame ***: terminated
*** longjmp causes uninitialized stack frame ***: terminated
*** longjmp causes uninitialized stack frame ***: terminated
*** longjmp causes uninitialized stack frame ***: terminated
*** longjmp causes uninitialized stack frame ***: terminated
*** longjmp causes uninitialized stack frame ***: terminated
*** longjmp causes uninitialized stack frame ***: terminated
*** longjmp causes uninitialized stack frame ***: terminated
*** longjmp causes uninitialized stack frame ***: terminated
*** longjmp causes uninitialized stack frame ***: terminated
*** longjmp causes uninitialized stack frame ***: terminated
*** longjmp causes uninitialized stack frame ***: terminated
*** longjmp causes uninitialized stack frame ***: terminated
*** longjmp causes uninitialized stack frame ***: terminated
*** longjmp causes uninitialized stack frame ***: terminated
*** longjmp causes uninitialized stack frame ***: terminated
*** longjmp causes uninitialized stack frame ***: terminated
*** longjmp causes uninitialized stack frame ***: terminated
*** longjmp causes uninitialized stack frame ***: terminated
*** longjmp causes uninitialized stack frame ***: terminated
*** longjmp causes uninitialized stack frame ***: terminated
*** longjmp causes uninitialized stack frame ***: terminated
*** longjmp causes uninitialized stack frame ***: terminated
*** longjmp causes uninitialized stack frame ***: terminated
*** longjmp causes uninitialized stack frame ***: terminated
*** longjmp causes uninitialized stack frame ***: terminated
*** longjmp causes uninitialized stack frame ***: terminated
*** longjmp causes uninitialized stack frame ***: terminated
*** longjmp causes uninitialized stack frame ***: terminated
*** longjmp causes uninitialized stack frame ***: terminated
*** longjmp causes uninitialized stack frame ***: terminated
*** longjmp causes uninitialized stack frame ***: terminated
*** longjmp causes uninitialized stack frame ***: terminated
*** longjmp causes uninitialized stack frame ***: terminated
*** longjmp causes uninitialized stack frame ***: terminated
*** longjmp causes uninitialized stack frame ***: terminated
*** longjmp causes uninitialized stack frame ***: terminated
*** longjmp causes uninitialized stack frame ***: terminated
*** longjmp causes uninitialized stack frame ***: terminated
*** longjmp causes uninitialized stack frame ***: terminated
*** longjmp causes uninitialized stack frame ***: terminated
*** longjmp causes uninitialized stack frame ***: terminated
*** longjmp causes uninitialized stack frame ***: terminated
*** longjmp causes uninitialized stack frame ***: terminated
*** longjmp causes uninitialized stack frame ***: terminated
*** longjmp causes uninitialized stack frame ***: terminated
*** longjmp causes uninitialized stack frame ***: terminated
*** longjmp causes uninitialized stack frame ***: terminated
*** longjmp causes uninitialized stack frame ***: terminated
*** longjmp causes uninitialized stack frame ***: terminated
*** longjmp causes uninitialized stack frame ***: terminated
*** longjmp causes uninitialized stack frame ***: terminated
*** longjmp causes uninitialized stack frame ***: terminated
*** longjmp causes uninitialized stack frame ***: terminated
*** longjmp causes uninitialized stack frame ***: terminated
*** longjmp causes uninitialized stack frame ***: terminated
*** longjmp causes uninitialized stack frame ***: terminated
*** longjmp causes uninitialized stack frame ***: terminated
*** longjmp causes uninitialized stack frame ***: terminated
*** longjmp causes uninitialized stack frame ***: terminated
*** longjmp causes uninitialized stack frame ***: terminated
*** longjmp causes uninitialized stack frame ***: terminated
*** longjmp causes uninitialized stack frame ***: terminated
*** longjmp causes uninitialized stack frame ***: terminated
*** longjmp causes uninitialized stack frame ***: terminated
*** longjmp causes uninitialized stack frame ***: terminated
*** longjmp causes uninitialized stack frame ***: terminated
*** longjmp causes uninitialized stack frame ***: terminated
*** longjmp causes uninitialized stack frame ***: terminated
*** longjmp causes uninitialized stack frame ***: terminated
*** longjmp causes uninitialized stack frame ***: terminated
*** longjmp causes uninitialized stack frame ***: terminated
*** longjmp causes uninitialized stack frame ***: terminated
*** longjmp causes uninitialized stack frame ***: terminated
*** longjmp causes uninitialized stack frame ***: terminated
*** longjmp causes uninitialized stack frame ***: terminated
*** longjmp causes uninitialized stack frame ***: terminated
*** longjmp causes uninitialized stack frame ***: terminated
*** longjmp causes uninitialized stack frame ***: terminated
*** longjmp causes uninitialized stack frame ***: terminated
*** longjmp causes uninitialized stack frame ***: terminated
*** longjmp causes uninitialized stack frame ***: terminated
*** longjmp causes uninitialized stack frame ***: terminated
*** longjmp causes uninitialized stack frame ***: terminated
*** longjmp causes uninitialized stack frame ***: terminated
*** longjmp causes uninitialized stack frame ***: terminated
*** longjmp causes uninitialized stack frame ***: terminated
*** longjmp causes uninitialized stack frame ***: terminated
*** longjmp causes uninitialized stack frame ***: terminated
*** longjmp causes uninitialized stack frame ***: terminated
*** longjmp causes uninitialized stack frame ***: terminated
*** longjmp causes uninitialized stack frame ***: terminated
*** longjmp causes uninitialized stack frame ***: terminated
*** longjmp causes uninitialized stack frame ***: terminated
*** longjmp causes uninitialized stack frame ***: terminated
*** longjmp causes uninitialized stack frame ***: terminated
*** longjmp causes uninitialized stack frame ***: terminated
*** longjmp causes uninitialized stack frame ***: terminated
*** longjmp causes uninitialized stack frame ***: terminated
*** longjmp causes uninitialized stack frame ***: terminated
*** longjmp causes uninitialized stack frame ***: terminated
*** longjmp causes uninitialized stack frame ***: terminated
*** longjmp causes uninitialized stack frame ***: terminated
*** longjmp causes uninitialized stack frame ***: terminated
*** longjmp causes uninitialized stack frame ***: terminated
*** longjmp causes uninitialized stack frame ***: terminated
*** longjmp causes uninitialized stack frame ***: terminated
*** longjmp causes uninitialized stack frame ***: terminated
*** longjmp causes uninitialized stack frame ***: terminated
*** longjmp causes uninitialized stack frame ***: terminated
*** longjmp causes uninitialized stack frame ***: terminated
*** longjmp causes uninitialized stack frame ***: terminated
*** longjmp causes uninitialized stack frame ***: terminated
*** longjmp causes uninitialized stack frame ***: terminated
*** longjmp causes uninitialized stack frame ***: terminated
*** longjmp causes uninitialized stack frame ***: terminated
*** longjmp causes uninitialized stack frame ***: terminated
*** longjmp causes uninitialized stack frame ***: terminated
*** longjmp causes uninitialized stack frame ***: terminated
*** longjmp causes uninitialized stack frame ***: terminated
*** longjmp causes uninitialized stack frame ***: terminated
*** longjmp causes uninitialized stack frame ***: terminated
*** longjmp causes uninitialized stack frame ***: terminated
*** longjmp causes uninitialized stack frame ***: terminated
*** longjmp causes uninitialized stack frame ***: terminated
*** longjmp causes uninitialized stack frame ***: terminated
*** longjmp causes uninitialized stack frame ***: terminated
*** longjmp causes uninitialized stack frame ***: terminated
*** longjmp causes uninitialized stack frame ***: terminated
*** longjmp causes uninitialized stack frame ***: terminated
*** longjmp causes uninitialized stack frame ***: terminated
*** longjmp causes uninitialized stack frame ***: terminated
*** longjmp causes uninitialized stack frame ***: terminated
*** longjmp causes uninitialized stack frame ***: terminated
*** longjmp causes uninitialized stack frame ***: terminated
*** longjmp causes uninitialized stack frame ***: terminated
*** longjmp causes uninitialized stack frame ***: terminated
*** longjmp causes uninitialized stack frame ***: terminated
*** longjmp causes uninitialized stack frame ***: terminated
*** longjmp causes uninitialized stack frame ***: terminated
*** longjmp causes uninitialized stack frame ***: terminated
*** longjmp causes uninitialized stack frame ***: terminated
*** longjmp causes uninitialized stack frame ***: terminated
*** longjmp causes uninitialized stack frame ***: terminated
*** longjmp causes uninitialized stack frame ***: terminated
*** longjmp causes uninitialized stack frame ***: terminated
*** longjmp causes uninitialized stack frame ***: terminated
*** longjmp causes uninitialized stack frame ***: terminated
*** longjmp causes uninitialized stack frame ***: terminated
*** longjmp causes uninitialized stack frame ***: terminated
*** longjmp causes uninitialized stack frame ***: terminated
*** longjmp causes uninitialized stack frame ***: terminated
*** longjmp causes uninitialized stack frame ***: terminated
*** longjmp causes uninitialized stack frame ***: terminated
*** longjmp causes uninitialized stack frame ***: terminated
*** longjmp causes uninitialized stack frame ***: terminated
*** longjmp causes uninitialized stack frame ***: terminated
*** longjmp causes uninitialized stack frame ***: terminated
*** longjmp causes uninitialized stack frame ***: terminated
*** longjmp causes uninitialized stack frame ***: terminated
*** longjmp causes uninitialized stack frame ***: terminated
*** longjmp causes uninitialized stack frame ***: terminated
*** longjmp causes uninitialized stack frame ***: terminated
*** longjmp causes uninitialized stack frame ***: terminated
*** longjmp causes uninitialized stack frame ***: terminated
*** longjmp causes uninitialized stack frame ***: terminated
*** longjmp causes uninitialized stack frame ***: terminated
*** longjmp causes uninitialized stack frame ***: terminated
*** longjmp causes uninitialized stack frame ***: terminated
*** longjmp causes uninitialized stack frame ***: terminated
*** longjmp causes uninitialized stack frame ***: terminated
*** longjmp causes uninitialized stack frame ***: terminated
*** longjmp causes uninitialized stack frame ***: terminated
*** longjmp causes uninitialized stack frame ***: terminated
*** longjmp causes uninitialized stack frame ***: terminated
*** longjmp causes uninitialized stack frame ***: terminated
*** longjmp causes uninitialized stack frame ***: terminated
*** longjmp causes uninitialized stack frame ***: terminated
*** longjmp causes uninitialized stack frame ***: terminated
*** longjmp causes uninitialized stack frame ***: terminated
*** longjmp causes uninitialized stack frame ***: terminated
*** longjmp causes uninitialized stack frame ***: terminated
*** longjmp causes uninitialized stack frame ***: terminated
*** longjmp causes uninitialized stack frame ***: terminated
*** longjmp causes uninitialized stack frame ***: terminated
*** longjmp causes uninitialized stack frame ***: terminated
*** longjmp causes uninitialized stack frame ***: terminated
*** longjmp causes uninitialized stack frame ***: terminated
*** longjmp causes uninitialized stack frame ***: terminated
*** longjmp causes uninitialized stack frame ***: terminated
*** longjmp causes uninitialized stack frame ***: terminated
*** longjmp causes uninitialized stack frame ***: terminated
*** longjmp causes uninitialized stack frame ***: terminated
*** longjmp causes uninitialized stack frame ***: terminated
*** longjmp causes uninitialized stack frame ***: terminated
*** longjmp causes uninitialized stack frame ***: terminated
*** longjmp causes uninitialized stack frame ***: terminated
*** longjmp causes uninitialized stack frame ***: terminated
*** longjmp causes uninitialized stack frame ***: terminated
*** longjmp causes uninitialized stack frame ***: terminated
*** longjmp causes uninitialized stack frame ***: terminated
*** longjmp causes uninitialized stack frame ***: terminated
*** longjmp causes uninitialized stack frame ***: terminated
*** longjmp causes uninitialized stack frame ***: terminated
*** longjmp causes uninitialized stack frame ***: terminated
*** longjmp causes uninitialized stack frame ***: terminated
*** longjmp causes uninitialized stack frame ***: terminated
*** longjmp causes uninitialized stack frame ***: terminated
*** longjmp causes uninitialized stack frame ***: terminated
*** longjmp causes uninitialized stack frame ***: terminated
*** longjmp causes uninitialized stack frame ***: terminated
*** longjmp causes uninitialized stack frame ***: terminated
*** longjmp causes uninitialized stack frame ***: terminated
*** longjmp causes uninitialized stack frame ***: terminated
*** longjmp causes uninitialized stack frame ***: terminated
*** longjmp causes uninitialized stack frame ***: terminated
*** longjmp causes uninitialized stack frame ***: terminated
*** longjmp causes uninitialized stack frame ***: terminated
*** longjmp causes uninitialized stack frame ***: terminated
*** longjmp causes uninitialized stack frame ***: terminated
*** longjmp causes uninitialized stack frame ***: terminated
*** longjmp causes uninitialized stack frame ***: terminated
*** longjmp causes uninitialized stack frame ***: terminated
*** longjmp causes uninitialized stack frame ***: terminated
*** longjmp causes uninitialized stack frame ***: terminated
*** longjmp causes uninitialized stack frame ***: terminated
*** longjmp causes uninitialized stack frame ***: terminated
*** longjmp causes uninitialized stack frame ***: terminated
*** longjmp causes uninitialized stack frame ***: terminated
*** longjmp causes uninitialized stack frame ***: terminated
*** longjmp causes uninitialized stack frame ***: terminated
*** longjmp causes uninitialized stack frame ***: terminated
*** longjmp causes uninitialized stack frame ***: terminated
*** longjmp causes uninitialized stack frame ***: terminated
*** longjmp causes uninitialized stack frame ***: terminated
*** longjmp causes uninitialized stack frame ***: terminated
*** longjmp causes uninitialized stack frame ***: terminated
*** longjmp causes uninitialized stack frame ***: terminated
*** longjmp causes uninitialized stack frame ***: terminated
*** longjmp causes uninitialized stack frame ***: terminated
*** longjmp causes uninitialized stack frame ***: terminated
*** longjmp causes uninitialized stack frame ***: terminated
*** longjmp causes uninitialized stack frame ***: terminated
*** longjmp causes uninitialized stack frame ***: terminated
*** longjmp causes uninitialized stack frame ***: terminated
*** longjmp causes uninitialized stack frame ***: terminated
*** longjmp causes uninitialized stack frame ***: terminated
*** longjmp causes uninitialized stack frame ***: terminated
*** longjmp causes uninitialized stack frame ***: terminated
*** longjmp causes uninitialized stack frame ***: terminated
*** longjmp causes uninitialized stack frame ***: terminated
*** longjmp causes uninitialized stack frame ***: terminated
*** longjmp causes uninitialized stack frame ***: terminated
*** longjmp causes uninitialized stack frame ***: terminated
*** longjmp causes uninitialized stack frame ***: terminated
*** longjmp causes uninitialized stack frame ***: terminated
*** longjmp causes uninitialized stack frame ***: terminated
*** longjmp causes uninitialized stack frame ***: terminated
*** longjmp causes uninitialized stack frame ***: terminated
*** longjmp causes uninitialized stack frame ***: terminated
*** longjmp causes uninitialized stack frame ***: terminated
*** longjmp causes uninitialized stack frame ***: terminated
*** longjmp causes uninitialized stack frame ***: terminated
*** longjmp causes uninitialized stack frame ***: terminated
*** longjmp causes uninitialized stack frame ***: terminated
*** longjmp causes uninitialized stack frame ***: terminated
*** longjmp causes uninitialized stack frame ***: terminated
*** longjmp causes uninitialized stack frame ***: terminated
*** longjmp causes uninitialized stack frame ***: terminated
*** longjmp causes uninitialized stack frame ***: terminated
*** longjmp causes uninitialized stack frame ***: terminated
*** longjmp causes uninitialized stack frame ***: terminated
*** longjmp causes uninitialized stack frame ***: terminated
*** longjmp causes uninitialized stack frame ***: terminated
*** longjmp causes uninitialized stack frame ***: terminated
*** longjmp causes uninitialized stack frame ***: terminated
*** longjmp causes uninitialized stack frame ***: terminated
*** longjmp causes uninitialized stack frame ***: terminated
*** longjmp causes uninitialized stack frame ***: terminated
*** longjmp causes uninitialized stack frame ***: terminated
*** longjmp causes uninitialized stack frame ***: terminated
*** longjmp causes uninitialized stack frame ***: terminated
*** longjmp causes uninitialized stack frame ***: terminated
*** longjmp causes uninitialized stack frame ***: terminated
*** longjmp causes uninitialized stack frame ***: terminated
*** longjmp causes uninitialized stack frame ***: terminated
*** longjmp causes uninitialized stack frame ***: terminated
*** longjmp causes uninitialized stack frame ***: terminated
*** longjmp causes uninitialized stack frame ***: terminated
*** longjmp causes uninitialized stack frame ***: terminated
*** longjmp causes uninitialized stack frame ***: terminated
*** longjmp causes uninitialized stack frame ***: terminated
*** longjmp causes uninitialized stack frame ***: terminated
*** longjmp causes uninitialized stack frame ***: terminated
*** longjmp causes uninitialized stack frame ***: terminated
*** longjmp causes uninitialized stack frame ***: terminated
*** longjmp causes uninitialized stack frame ***: terminated
*** longjmp causes uninitialized stack frame ***: terminated
*** longjmp causes uninitialized stack frame ***: terminated
*** longjmp causes uninitialized stack frame ***: terminated
*** longjmp causes uninitialized stack frame ***: terminated
*** longjmp causes uninitialized stack frame ***: terminated
*** longjmp causes uninitialized stack frame ***: terminated
*** longjmp causes uninitialized stack frame ***: terminated
*** longjmp causes uninitialized stack frame ***: terminated
*** longjmp causes uninitialized stack frame ***: terminated
*** longjmp causes uninitialized stack frame ***: terminated
*** longjmp causes uninitialized stack frame ***: terminated
*** longjmp causes uninitialized stack frame ***: terminated
*** longjmp causes uninitialized stack frame ***: terminated
*** longjmp causes uninitialized stack frame ***: terminated
*** longjmp causes uninitialized stack frame ***: terminated
*** longjmp causes uninitialized stack frame ***: terminated
*** longjmp causes uninitialized stack frame ***: terminated
*** longjmp causes uninitialized stack frame ***: terminated
*** longjmp causes uninitialized stack frame ***: terminated
*** longjmp causes uninitialized stack frame ***: terminated
*** longjmp causes uninitialized stack frame ***: terminated
*** longjmp causes uninitialized stack frame ***: terminated
*** longjmp causes uninitialized stack frame ***: terminated
*** longjmp causes uninitialized stack frame ***: terminated
*** longjmp causes uninitialized stack frame ***: terminated
*** longjmp causes uninitialized stack frame ***: terminated
*** longjmp causes uninitialized stack frame ***: terminated
*** longjmp causes uninitialized stack frame ***: terminated
*** longjmp causes uninitialized stack frame ***: terminated
*** longjmp causes uninitialized stack frame ***: terminated
*** longjmp causes uninitialized stack frame ***: terminated
*** longjmp causes uninitialized stack frame ***: terminated
*** longjmp causes uninitialized stack frame ***: terminated
*** longjmp causes uninitialized stack frame ***: terminated
*** longjmp causes uninitialized stack frame ***: terminated
*** longjmp causes uninitialized stack frame ***: terminated
*** longjmp causes uninitialized stack frame ***: terminated
*** longjmp causes uninitialized stack frame ***: terminated
*** longjmp causes uninitialized stack frame ***: terminated
*** longjmp causes uninitialized stack frame ***: terminated
*** longjmp causes uninitialized stack frame ***: terminated
*** longjmp causes uninitialized stack frame ***: terminated
*** longjmp causes uninitialized stack frame ***: terminated
*** longjmp causes uninitialized stack frame ***: terminated
*** longjmp causes uninitialized stack frame ***: terminated
*** longjmp causes uninitialized stack frame ***: terminated
*** longjmp causes uninitialized stack frame ***: terminated
*** longjmp causes uninitialized stack frame ***: terminated
*** longjmp causes uninitialized stack frame ***: terminated
*** longjmp causes uninitialized stack frame ***: terminated
*** longjmp causes uninitialized stack frame ***: terminated
*** longjmp causes uninitialized stack frame ***: terminated
*** longjmp causes uninitialized stack frame ***: terminated
*** longjmp causes uninitialized stack frame ***: terminated
*** longjmp causes uninitialized stack frame ***: terminated
*** longjmp causes uninitialized stack frame ***: terminated
*** longjmp causes uninitialized stack frame ***: terminated
*** longjmp causes uninitialized stack frame ***: terminated
*** longjmp causes uninitialized stack frame ***: terminated
*** longjmp causes uninitialized stack frame ***: terminated
*** longjmp causes uninitialized stack frame ***: terminated
*** longjmp causes uninitialized stack frame ***: terminated
*** longjmp causes uninitialized stack frame ***: terminated
*** longjmp causes uninitialized stack frame ***: terminated
*** longjmp causes uninitialized stack frame ***: terminated
*** longjmp causes uninitialized stack frame ***: terminated
*** longjmp causes uninitialized stack frame ***: terminated
*** longjmp causes uninitialized stack frame ***: terminated
*** longjmp causes uninitialized stack frame ***: terminated
*** longjmp causes uninitialized stack frame ***: terminated
*** longjmp causes uninitialized stack frame ***: terminated
*** longjmp causes uninitialized stack frame ***: terminated
*** longjmp causes uninitialized stack frame ***: terminated
*** longjmp causes uninitialized stack frame ***: terminated
*** longjmp causes uninitialized stack frame ***: terminated
*** longjmp causes uninitialized stack frame ***: terminated
*** longjmp causes uninitialized stack frame ***: terminated
*** longjmp causes uninitialized stack frame ***: terminated
*** longjmp causes uninitialized stack frame ***: terminated
*** longjmp causes uninitialized stack frame ***: terminated
*** longjmp causes uninitialized stack frame ***: terminated
*** longjmp causes uninitialized stack frame ***: terminated
*** longjmp causes uninitialized stack frame ***: terminated
*** longjmp causes uninitialized stack frame ***: terminated
*** longjmp causes uninitialized stack frame ***: terminated
*** longjmp causes uninitialized stack frame ***: terminated
*** longjmp causes uninitialized stack frame ***: terminated
*** longjmp causes uninitialized stack frame ***: terminated
*** longjmp causes uninitialized stack frame ***: terminated
*** longjmp causes uninitialized stack frame ***: terminated
*** longjmp causes uninitialized stack frame ***: terminated
*** longjmp causes uninitialized stack frame ***: terminated
*** longjmp causes uninitialized stack frame ***: terminated
*** longjmp causes uninitialized stack frame ***: terminated
*** longjmp causes uninitialized stack frame ***: terminated
*** longjmp causes uninitialized stack frame ***: terminated
*** longjmp causes uninitialized stack frame ***: terminated
*** longjmp causes uninitialized stack frame ***: terminated
*** longjmp causes uninitialized stack frame ***: terminated
*** longjmp causes uninitialized stack frame ***: terminated
*** longjmp causes uninitialized stack frame ***: terminated
*** longjmp causes uninitialized stack frame ***: terminated
*** longjmp causes uninitialized stack frame ***: terminated
*** longjmp causes uninitialized stack frame ***: terminated
*** longjmp causes uninitialized stack frame ***: terminated
*** longjmp causes uninitialized stack frame ***: terminated
*** longjmp causes uninitialized stack frame ***: terminated
*** longjmp causes uninitialized stack frame ***: terminated
*** longjmp causes uninitialized stack frame ***: terminated
*** longjmp causes uninitialized stack frame ***: terminated
*** longjmp causes uninitialized stack frame ***: terminated
*** longjmp causes uninitialized stack frame ***: terminated
*** longjmp causes uninitialized stack frame ***: terminated
*** longjmp causes uninitialized stack frame ***: terminated
*** longjmp causes uninitialized stack frame ***: terminated
*** longjmp causes uninitialized stack frame ***: terminated
*** longjmp causes uninitialized stack frame ***: terminated
*** longjmp causes uninitialized stack frame ***: terminated
*** longjmp causes uninitialized stack frame ***: terminated
*** longjmp causes uninitialized stack frame ***: terminated
*** longjmp causes uninitialized stack frame ***: terminated
*** longjmp causes uninitialized stack frame ***: terminated
*** longjmp causes uninitialized stack frame ***: terminated
*** longjmp causes uninitialized stack frame ***: terminated
*** longjmp causes uninitialized stack frame ***: terminated
*** longjmp causes uninitialized stack frame ***: terminated
*** longjmp causes uninitialized stack frame ***: terminated
*** longjmp causes uninitialized stack frame ***: terminated
*** longjmp causes uninitialized stack frame ***: terminated
*** longjmp causes uninitialized stack frame ***: terminated
*** longjmp causes uninitialized stack frame ***: terminated
*** longjmp causes uninitialized stack frame ***: terminated
*** longjmp causes uninitialized stack frame ***: terminated
*** longjmp causes uninitialized stack frame ***: terminated
*** longjmp causes uninitialized stack frame ***: terminated
*** longjmp causes uninitialized stack frame ***: terminated
*** longjmp causes uninitialized stack frame ***: terminated
*** longjmp causes uninitialized stack frame ***: terminated
*** longjmp causes uninitialized stack frame ***: terminated
*** longjmp causes uninitialized stack frame ***: terminated
*** longjmp causes uninitialized stack frame ***: terminated
*** longjmp causes uninitialized stack frame ***: terminated
*** longjmp causes uninitialized stack frame ***: terminated
*** longjmp causes uninitialized stack frame ***: terminated
*** longjmp causes uninitialized stack frame ***: terminated
*** longjmp causes uninitialized stack frame ***: terminated
*** longjmp causes uninitialized stack frame ***: terminated
*** longjmp causes uninitialized stack frame ***: terminated
*** longjmp causes uninitialized stack frame ***: terminated
*** longjmp causes uninitialized stack frame ***: terminated
*** longjmp causes uninitialized stack frame ***: terminated
*** longjmp causes uninitialized stack frame ***: terminated
*** longjmp causes uninitialized stack frame ***: terminated
*** longjmp causes uninitialized stack frame ***: terminated
*** longjmp causes uninitialized stack frame ***: terminated
*** longjmp causes uninitialized stack frame ***: terminated
*** longjmp causes uninitialized stack frame ***: terminated
*** longjmp causes uninitialized stack frame ***: terminated
*** longjmp causes uninitialized stack frame ***: terminated
*** longjmp causes uninitialized stack frame ***: terminated
*** longjmp causes uninitialized stack frame ***: terminated
*** longjmp causes uninitialized stack frame ***: terminated
*** longjmp causes uninitialized stack frame ***: terminated
*** longjmp causes uninitialized stack frame ***: terminated
*** longjmp causes uninitialized stack frame ***: terminated
*** longjmp causes uninitialized stack frame ***: terminated
*** longjmp causes uninitialized stack frame ***: terminated
*** longjmp causes uninitialized stack frame ***: terminated
*** longjmp causes uninitialized stack frame ***: terminated
*** longjmp causes uninitialized stack frame ***: terminated
*** longjmp causes uninitialized stack frame ***: terminated
*** longjmp causes uninitialized stack frame ***: terminated
*** longjmp causes uninitialized stack frame ***: terminated
*** longjmp causes uninitialized stack frame ***: terminated
*** longjmp causes uninitialized stack frame ***: terminated
*** longjmp causes uninitialized stack frame ***: terminated
*** longjmp causes uninitialized stack frame ***: terminated
*** longjmp causes uninitialized stack frame ***: terminated
*** longjmp causes uninitialized stack frame ***: terminated
*** longjmp causes uninitialized stack frame ***: terminated
*** longjmp causes uninitialized stack frame ***: terminated
*** longjmp causes uninitialized stack frame ***: terminated
*** longjmp causes uninitialized stack frame ***: terminated
*** longjmp causes uninitialized stack frame ***: terminated
*** longjmp causes uninitialized stack frame ***: terminated
*** longjmp causes uninitialized stack frame ***: terminated
*** longjmp causes uninitialized stack frame ***: terminated
*** longjmp causes uninitialized stack frame ***: terminated
*** longjmp causes uninitialized stack frame ***: terminated
*** longjmp causes uninitialized stack frame ***: terminated
*** longjmp causes uninitialized stack frame ***: terminated
*** longjmp causes uninitialized stack frame ***: terminated
*** longjmp causes uninitialized stack frame ***: terminated
*** longjmp causes uninitialized stack frame ***: terminated
*** longjmp causes uninitialized stack frame ***: terminated
*** longjmp causes uninitialized stack frame ***: terminated
*** longjmp causes uninitialized stack frame ***: terminated
*** longjmp causes uninitialized stack frame ***: terminated
*** longjmp causes uninitialized stack frame ***: terminated
*** longjmp causes uninitialized stack frame ***: terminated
*** longjmp causes uninitialized stack frame ***: terminated
*** longjmp causes uninitialized stack frame ***: terminated
*** longjmp causes uninitialized stack frame ***: terminated
*** longjmp causes uninitialized stack frame ***: terminated
*** longjmp causes uninitialized stack frame ***: terminated
*** longjmp causes uninitialized stack frame ***: terminated
*** longjmp causes uninitialized stack frame ***: terminated
*** longjmp causes uninitialized stack frame ***: terminated
*** longjmp causes uninitialized stack frame ***: terminated
*** longjmp causes uninitialized stack frame ***: terminated
*** longjmp causes uninitialized stack frame ***: terminated
*** longjmp causes uninitialized stack frame ***: terminated
*** longjmp causes uninitialized stack frame ***: terminated
*** longjmp causes uninitialized stack frame ***: terminated
*** longjmp causes uninitialized stack frame ***: terminated
*** longjmp causes uninitialized stack frame ***: terminated
*** longjmp causes uninitialized stack frame ***: terminated
*** longjmp causes uninitialized stack frame ***: terminated
*** longjmp causes uninitialized stack frame ***: terminated
*** longjmp causes uninitialized stack frame ***: terminated
*** longjmp causes uninitialized stack frame ***: terminated
*** longjmp causes uninitialized stack frame ***: terminated
*** longjmp causes uninitialized stack frame ***: terminated
*** longjmp causes uninitialized stack frame ***: terminated
*** longjmp causes uninitialized stack frame ***: terminated
*** longjmp causes uninitialized stack frame ***: terminated
*** longjmp causes uninitialized stack frame ***: terminated
*** longjmp causes uninitialized stack frame ***: terminated
*** longjmp causes uninitialized stack frame ***: terminated
*** longjmp causes uninitialized stack frame ***: terminated
*** longjmp causes uninitialized stack frame ***: terminated
*** longjmp causes uninitialized stack frame ***: terminated
*** longjmp causes uninitialized stack frame ***: terminated
*** longjmp causes uninitialized stack frame ***: terminated
*** longjmp causes uninitialized stack frame ***: terminated
*** longjmp causes uninitialized stack frame ***: terminated
*** longjmp causes uninitialized stack frame ***: terminated
*** longjmp causes uninitialized stack frame ***: terminated
*** longjmp causes uninitialized stack frame ***: terminated
*** longjmp causes uninitialized stack frame ***: terminated
*** longjmp causes uninitialized stack frame ***: terminated
*** longjmp causes uninitialized stack frame ***: terminated
*** longjmp causes uninitialized stack frame ***: terminated
*** longjmp causes uninitialized stack frame ***: terminated
*** longjmp causes uninitialized stack frame ***: terminated
*** longjmp causes uninitialized stack frame ***: terminated
*** longjmp causes uninitialized stack frame ***: terminated
*** longjmp causes uninitialized stack frame ***: terminated
*** longjmp causes uninitialized stack frame ***: terminated
*** longjmp causes uninitialized stack frame ***: terminated
*** longjmp causes uninitialized stack frame ***: terminated
*** longjmp causes uninitialized stack frame ***: terminated
*** longjmp causes uninitialized stack frame ***: terminated
*** longjmp causes uninitialized stack frame ***: terminated
*** longjmp causes uninitialized stack frame ***: terminated
*** longjmp causes uninitialized stack frame ***: terminated
*** longjmp causes uninitialized stack frame ***: terminated
*** longjmp causes uninitialized stack frame ***: terminated
*** longjmp causes uninitialized stack frame ***: terminated
*** longjmp causes uninitialized stack frame ***: terminated
*** longjmp causes uninitialized stack frame ***: terminated
*** longjmp causes uninitialized stack frame ***: terminated
*** longjmp causes uninitialized stack frame ***: terminated
*** longjmp causes uninitialized stack frame ***: terminated
*** longjmp causes uninitialized stack frame ***: terminated
*** longjmp causes uninitialized stack frame ***: terminated
*** longjmp causes uninitialized stack frame ***: terminated
*** longjmp causes uninitialized stack frame ***: terminated
*** longjmp causes uninitialized stack frame ***: terminated
*** longjmp causes uninitialized stack frame ***: terminated
*** longjmp causes uninitialized stack frame ***: terminated
*** longjmp causes uninitialized stack frame ***: terminated
*** longjmp causes uninitialized stack frame ***: terminated
*** longjmp causes uninitialized stack frame ***: terminated
*** longjmp causes uninitialized stack frame ***: terminated
*** longjmp causes uninitialized stack frame ***: terminated
*** longjmp causes uninitialized stack frame ***: terminated
*** longjmp causes uninitialized stack frame ***: terminated
*** longjmp causes uninitialized stack frame ***: terminated
*** longjmp causes uninitialized stack frame ***: terminated
*** longjmp causes uninitialized stack frame ***: terminated
*** longjmp causes uninitialized stack frame ***: terminated
*** longjmp causes uninitialized stack frame ***: terminated
*** longjmp causes uninitialized stack frame ***: terminated
*** longjmp causes uninitialized stack frame ***: terminated
*** longjmp causes uninitialized stack frame ***: terminated
*** longjmp causes uninitialized stack frame ***: terminated
*** longjmp causes uninitialized stack frame ***: terminated
*** longjmp causes uninitialized stack frame ***: terminated
*** longjmp causes uninitialized stack frame ***: terminated
*** longjmp causes uninitialized stack frame ***: terminated
*** longjmp causes uninitialized stack frame ***: terminated
*** longjmp causes uninitialized stack frame ***: terminated
*** longjmp causes uninitialized stack frame ***: terminated
*** longjmp causes uninitialized stack frame ***: terminated
*** longjmp causes uninitialized stack frame ***: terminated
*** longjmp causes uninitialized stack frame ***: terminated
*** longjmp causes uninitialized stack frame ***: terminated
*** longjmp causes uninitialized stack frame ***: terminated
*** longjmp causes uninitialized stack frame ***: terminated
*** longjmp causes uninitialized stack frame ***: terminated
*** longjmp causes uninitialized stack frame ***: terminated
*** longjmp causes uninitialized stack frame ***: terminated
*** longjmp causes uninitialized stack frame ***: terminated
*** longjmp causes uninitialized stack frame ***: terminated
*** longjmp causes uninitialized stack frame ***: terminated
*** longjmp causes uninitialized stack frame ***: terminated
*** longjmp causes uninitialized stack frame ***: terminated
*** longjmp causes uninitialized stack frame ***: terminated
*** longjmp causes uninitialized stack frame ***: terminated
*** longjmp causes uninitialized stack frame ***: terminated
*** longjmp causes uninitialized stack frame ***: terminated
*** longjmp causes uninitialized stack frame ***: terminated
*** longjmp causes uninitialized stack frame ***: terminated
*** longjmp causes uninitialized stack frame ***: terminated
*** longjmp causes uninitialized stack frame ***: terminated
*** longjmp causes uninitialized stack frame ***: terminated
*** longjmp causes uninitialized stack frame ***: terminated
*** longjmp causes uninitialized stack frame ***: terminated
*** longjmp causes uninitialized stack frame ***: terminated
*** longjmp causes uninitialized stack frame ***: terminated
*** longjmp causes uninitialized stack frame ***: terminated
*** longjmp causes uninitialized stack frame ***: terminated
*** longjmp causes uninitialized stack frame ***: terminated
*** longjmp causes uninitialized stack frame ***: terminated
*** longjmp causes uninitialized stack frame ***: terminated
*** longjmp causes uninitialized stack frame ***: terminated
*** longjmp causes uninitialized stack frame ***: terminated
*** longjmp causes uninitialized stack frame ***: terminated
*** longjmp causes uninitialized stack frame ***: terminated
*** longjmp causes uninitialized stack frame ***: terminated
*** longjmp causes uninitialized stack frame ***: terminated
*** longjmp causes uninitialized stack frame ***: terminated
*** longjmp causes uninitialized stack frame ***: terminated
*** longjmp causes uninitialized stack frame ***: terminated
*** longjmp causes uninitialized stack frame ***: terminated
*** longjmp causes uninitialized stack frame ***: terminated
*** longjmp causes uninitialized stack frame ***: terminated
*** longjmp causes uninitialized stack frame ***: terminated
*** longjmp causes uninitialized stack frame ***: terminated
*** longjmp causes uninitialized stack frame ***: terminated
*** longjmp causes uninitialized stack frame ***: terminated
*** longjmp causes uninitialized stack frame ***: terminated
*** longjmp causes uninitialized stack frame ***: terminated
*** longjmp causes uninitialized stack frame ***: terminated
*** longjmp causes uninitialized stack frame ***: terminated
*** longjmp causes uninitialized stack frame ***: terminated
*** longjmp causes uninitialized stack frame ***: terminated
*** longjmp causes uninitialized stack frame ***: terminated
*** longjmp causes uninitialized stack frame ***: terminated
*** longjmp causes uninitialized stack frame ***: terminated
*** longjmp causes uninitialized stack frame ***: terminated
*** longjmp causes uninitialized stack frame ***: terminated
*** longjmp causes uninitialized stack frame ***: terminated
*** longjmp causes uninitialized stack frame ***: terminated
*** longjmp causes uninitialized stack frame ***: terminated
*** longjmp causes uninitialized stack frame ***: terminated
*** longjmp causes uninitialized stack frame ***: terminated
*** longjmp causes uninitialized stack frame ***: terminated
*** longjmp causes uninitialized stack frame ***: terminated
*** longjmp causes uninitialized stack frame ***: terminated
*** longjmp causes uninitialized stack frame ***: terminated
*** longjmp causes uninitialized stack frame ***: terminated
*** longjmp causes uninitialized stack frame ***: terminated
*** longjmp causes uninitialized stack frame ***: terminated
*** longjmp causes uninitialized stack frame ***: terminated
*** longjmp causes uninitialized stack frame ***: terminated
*** longjmp causes uninitialized stack frame ***: terminated
*** longjmp causes uninitialized stack frame ***: terminated
*** longjmp causes uninitialized stack frame ***: terminated
*** longjmp causes uninitialized stack frame ***: terminated
*** longjmp causes uninitialized stack frame ***: terminated
*** longjmp causes uninitialized stack frame ***: terminated
*** longjmp causes uninitialized stack frame ***: terminated
*** longjmp causes uninitialized stack frame ***: terminated
*** longjmp causes uninitialized stack frame ***: terminated
*** longjmp causes uninitialized stack frame ***: terminated
*** longjmp causes uninitialized stack frame ***: terminated
*** longjmp causes uninitialized stack frame ***: terminated
*** longjmp causes uninitialized stack frame ***: terminated
*** longjmp causes uninitialized stack frame ***: terminated
*** longjmp causes uninitialized stack frame ***: terminated
*** longjmp causes uninitialized stack frame ***: terminated
*** longjmp causes uninitialized stack frame ***: terminated
*** longjmp causes uninitialized stack frame ***: terminated
*** longjmp causes uninitialized stack frame ***: terminated
*** longjmp causes uninitialized stack frame ***: terminated
*** longjmp causes uninitialized stack frame ***: terminated
*** longjmp causes uninitialized stack frame ***: terminated
*** longjmp causes uninitialized stack frame ***: terminated
*** longjmp causes uninitialized stack frame ***: terminated
*** longjmp causes uninitialized stack frame ***: terminated
*** longjmp causes uninitialized stack frame ***: terminated
*** longjmp causes uninitialized stack frame ***: terminated
*** longjmp causes uninitialized stack frame ***: terminated
*** longjmp causes uninitialized stack frame ***: terminated
*** longjmp causes uninitialized stack frame ***: terminated
*** longjmp causes uninitialized stack frame ***: terminated
*** longjmp causes uninitialized stack frame ***: terminated
*** longjmp causes uninitialized stack frame ***: terminated
*** longjmp causes uninitialized stack frame ***: terminated
*** longjmp causes uninitialized stack frame ***: terminated
*** longjmp causes uninitialized stack frame ***: terminated
*** longjmp causes uninitialized stack frame ***: terminated
*** longjmp causes uninitialized stack frame ***: terminated
*** longjmp causes uninitialized stack frame ***: terminated
*** longjmp causes uninitialized stack frame ***: terminated
*** longjmp causes uninitialized stack frame ***: terminated
*** longjmp causes uninitialized stack frame ***: terminated
*** longjmp causes uninitialized stack frame ***: terminated
*** longjmp causes uninitialized stack frame ***: terminated
*** longjmp causes uninitialized stack frame ***: terminated
*** longjmp causes uninitialized stack frame ***: terminated
*** longjmp causes uninitialized stack frame ***: terminated
*** longjmp causes uninitialized stack frame ***: terminated
*** longjmp causes uninitialized stack frame ***: terminated
*** longjmp causes uninitialized stack frame ***: terminated
*** longjmp causes uninitialized stack frame ***: terminated
*** longjmp causes uninitialized stack frame ***: terminated
*** longjmp causes uninitialized stack frame ***: terminated
*** longjmp causes uninitialized stack frame ***: terminated
*** longjmp causes uninitialized stack frame ***: terminated
*** longjmp causes uninitialized stack frame ***: terminated
*** longjmp causes uninitialized stack frame ***: terminated
*** longjmp causes uninitialized stack frame ***: terminated
*** longjmp causes uninitialized stack frame ***: terminated
*** longjmp causes uninitialized stack frame ***: terminated
*** longjmp causes uninitialized stack frame ***: terminated
*** longjmp causes uninitialized stack frame ***: terminated
*** longjmp causes uninitialized stack frame ***: terminated
*** longjmp causes uninitialized stack frame ***: terminated
*** longjmp causes uninitialized stack frame ***: terminated
*** longjmp causes uninitialized stack frame ***: terminated
*** longjmp causes uninitialized stack frame ***: terminated
*** longjmp causes uninitialized stack frame ***: terminated
*** longjmp causes uninitialized stack frame ***: terminated
*** longjmp causes uninitialized stack frame ***: terminated
*** longjmp causes uninitialized stack frame ***: terminated
*** longjmp causes uninitialized stack frame ***: terminated
*** longjmp causes uninitialized stack frame ***: terminated
*** longjmp causes uninitialized stack frame ***: terminated
*** longjmp causes uninitialized stack frame ***: terminated
*** longjmp causes uninitialized stack frame ***: terminated
*** longjmp causes uninitialized stack frame ***: terminated
*** longjmp causes uninitialized stack frame ***: terminated
*** longjmp causes uninitialized stack frame ***: terminated
*** longjmp causes uninitialized stack frame ***: terminated
*** longjmp causes uninitialized stack frame ***: terminated
*** longjmp causes uninitialized stack frame ***: terminated
*** longjmp causes uninitialized stack frame ***: terminated
*** longjmp causes uninitialized stack frame ***: terminated
*** longjmp causes uninitialized stack frame ***: terminated
*** longjmp causes uninitialized stack frame ***: terminated
*** longjmp causes uninitialized stack frame ***: terminated
*** longjmp causes uninitialized stack frame ***: terminated
*** longjmp causes uninitialized stack frame ***: terminated
*** longjmp causes uninitialized stack frame ***: terminated
*** longjmp causes uninitialized stack frame ***: terminated
*** longjmp causes uninitialized stack frame ***: terminated
*** longjmp causes uninitialized stack frame ***: terminated
*** longjmp causes uninitialized stack frame ***: terminated
*** longjmp causes uninitialized stack frame ***: terminated
*** longjmp causes uninitialized stack frame ***: terminated
*** longjmp causes uninitialized stack frame ***: terminated
*** longjmp causes uninitialized stack frame ***: terminated
*** longjmp causes uninitialized stack frame ***: terminated
*** longjmp causes uninitialized stack frame ***: terminated
*** longjmp causes uninitialized stack frame ***: terminated
*** longjmp causes uninitialized stack frame ***: terminated
*** longjmp causes uninitialized stack frame ***: terminated
*** longjmp causes uninitialized stack frame ***: terminated
*** longjmp causes uninitialized stack frame ***: terminated
*** longjmp causes uninitialized stack frame ***: terminated
*** longjmp causes uninitialized stack frame ***: terminated
*** longjmp causes uninitialized stack frame ***: terminated
*** longjmp causes uninitialized stack frame ***: terminated
*** longjmp causes uninitialized stack frame ***: terminated
*** longjmp causes uninitialized stack frame ***: terminated
*** longjmp causes uninitialized stack frame ***: terminated
*** longjmp causes uninitialized stack frame ***: terminated
*** longjmp causes uninitialized stack frame ***: terminated
*** longjmp causes uninitialized stack frame ***: terminated
*** longjmp causes uninitialized stack frame ***: terminated
*** longjmp causes uninitialized stack frame ***: terminated
*** longjmp causes uninitialized stack frame ***: terminated
*** longjmp causes uninitialized stack frame ***: terminated
*** longjmp causes uninitialized stack frame ***: terminated
*** longjmp causes uninitialized stack frame ***: terminated
*** longjmp causes uninitialized stack frame ***: terminated
*** longjmp causes uninitialized stack frame ***: terminated
*** longjmp causes uninitialized stack frame ***: terminated
*** longjmp causes uninitialized stack frame ***: terminated
*** longjmp causes uninitialized stack frame ***: terminated
*** longjmp causes uninitialized stack frame ***: terminated
*** longjmp causes uninitialized stack frame ***: terminated
*** longjmp causes uninitialized stack frame ***: terminated
*** longjmp causes uninitialized stack frame ***: terminated
*** longjmp causes uninitialized stack frame ***: terminated
*** longjmp causes uninitialized stack frame ***: terminated
*** longjmp causes uninitialized stack frame ***: terminated
*** longjmp causes uninitialized stack frame ***: terminated
*** longjmp causes uninitialized stack frame ***: terminated
*** longjmp causes uninitialized stack frame ***: terminated
*** longjmp causes uninitialized stack frame ***: terminated
*** longjmp causes uninitialized stack frame ***: terminated
*** longjmp causes uninitialized stack frame ***: terminated
*** longjmp causes uninitialized stack frame ***: terminated
*** longjmp causes uninitialized stack frame ***: terminated
*** longjmp causes uninitialized stack frame ***: terminated
*** longjmp causes uninitialized stack frame ***: terminated
*** longjmp causes uninitialized stack frame ***: terminated
*** longjmp causes uninitialized stack frame ***: terminated
*** longjmp causes uninitialized stack frame ***: terminated
*** longjmp causes uninitialized stack frame ***: terminated
*** longjmp causes uninitialized stack frame ***: terminated
*** longjmp causes uninitialized stack frame ***: terminated
*** longjmp causes uninitialized stack frame ***: terminated
*** longjmp causes uninitialized stack frame ***: terminated
*** longjmp causes uninitialized stack frame ***: terminated
*** longjmp causes uninitialized stack frame ***: terminated
*** longjmp causes uninitialized stack frame ***: terminated
*** longjmp causes uninitialized stack frame ***: terminated
*** longjmp causes uninitialized stack frame ***: terminated
*** longjmp causes uninitialized stack frame ***: terminated
*** longjmp causes uninitialized stack frame ***: terminated
*** longjmp causes uninitialized stack frame ***: terminated
*** longjmp causes uninitialized stack frame ***: terminated
*** longjmp causes uninitialized stack frame ***: terminated
*** longjmp causes uninitialized stack frame ***: terminated
*** longjmp causes uninitialized stack frame ***: terminated
*** longjmp causes uninitialized stack frame ***: terminated
*** longjmp causes uninitialized stack frame ***: terminated
*** longjmp causes uninitialized stack frame ***: terminated
*** longjmp causes uninitialized stack frame ***: terminated
*** longjmp causes uninitialized stack frame ***: terminated
*** longjmp causes uninitialized stack frame ***: terminated
*** longjmp causes uninitialized stack frame ***: terminated
*** longjmp causes uninitialized stack frame ***: terminated
*** longjmp causes uninitialized stack frame ***: terminated
*** longjmp causes uninitialized stack frame ***: terminated
*** longjmp causes uninitialized stack frame ***: terminated
*** longjmp causes uninitialized stack frame ***: terminated
*** longjmp causes uninitialized stack frame ***: terminated
*** longjmp causes uninitialized stack frame ***: terminated
*** longjmp causes uninitialized stack frame ***: terminated
*** longjmp causes uninitialized stack frame ***: terminated
*** longjmp causes uninitialized stack frame ***: terminated
*** longjmp causes uninitialized stack frame ***: terminated
*** longjmp causes uninitialized stack frame ***: terminated
*** longjmp causes uninitialized stack frame ***: terminated
*** longjmp causes uninitialized stack frame ***: terminated
*** longjmp causes uninitialized stack frame ***: terminated
*** longjmp causes uninitialized stack frame ***: terminated
*** longjmp causes uninitialized stack frame ***: terminated
*** longjmp causes uninitialized stack frame ***: terminated
*** longjmp causes uninitialized stack frame ***: terminated
*** longjmp causes uninitialized stack frame ***: terminated
*** longjmp causes uninitialized stack frame ***: terminated
*** longjmp causes uninitialized stack frame ***: terminated
*** longjmp causes uninitialized stack frame ***: terminated
*** longjmp causes uninitialized stack frame ***: terminated
*** longjmp causes uninitialized stack frame ***: terminated
*** longjmp causes uninitialized stack frame ***: terminated
*** longjmp causes uninitialized stack frame ***: terminated
*** longjmp causes uninitialized stack frame ***: terminated
*** longjmp causes uninitialized stack frame ***: terminated
*** longjmp causes uninitialized stack frame ***: terminated
*** longjmp causes uninitialized stack frame ***: terminated
*** longjmp causes uninitialized stack frame ***: terminated
*** longjmp causes uninitialized stack frame ***: terminated
*** longjmp causes uninitialized stack frame ***: terminated
*** longjmp causes uninitialized stack frame ***: terminated
*** longjmp causes uninitialized stack frame ***: terminated
*** longjmp causes uninitialized stack frame ***: terminated
*** longjmp causes uninitialized stack frame ***: terminated
*** longjmp causes uninitialized stack frame ***: terminated
*** longjmp causes uninitialized stack frame ***: terminated
*** longjmp causes uninitialized stack frame ***: terminated
*** longjmp causes uninitialized stack frame ***: terminated
*** longjmp causes uninitialized stack frame ***: terminated
*** longjmp causes uninitialized stack frame ***: terminated
*** longjmp causes uninitialized stack frame ***: terminated
*** longjmp causes uninitialized stack frame ***: terminated
*** longjmp causes uninitialized stack frame ***: terminated
*** longjmp causes uninitialized stack frame ***: terminated
*** longjmp causes uninitialized stack frame ***: terminated
*** longjmp causes uninitialized stack frame ***: terminated
*** longjmp causes uninitialized stack frame ***: terminated
*** longjmp causes uninitialized stack frame ***: terminated
*** longjmp causes uninitialized stack frame ***: terminated
*** longjmp causes uninitialized stack frame ***: terminated
*** longjmp causes uninitialized stack frame ***: terminated
*** longjmp causes uninitialized stack frame ***: terminated
*** longjmp causes uninitialized stack frame ***: terminated
*** longjmp causes uninitialized stack frame ***: terminated
*** longjmp causes uninitialized stack frame ***: terminated
*** longjmp causes uninitialized stack frame ***: terminated
*** longjmp causes uninitialized stack frame ***: terminated
*** longjmp causes uninitialized stack frame ***: terminated
*** longjmp causes uninitialized stack frame ***: terminated
*** longjmp causes uninitialized stack frame ***: terminated
*** longjmp causes uninitialized stack frame ***: terminated
*** longjmp causes uninitialized stack frame ***: terminated
*** longjmp causes uninitialized stack frame ***: terminated
*** longjmp causes uninitialized stack frame ***: terminated
*** longjmp causes uninitialized stack frame ***: terminated
*** longjmp causes uninitialized stack frame ***: terminated
*** longjmp causes uninitialized stack frame ***: terminated
*** longjmp causes uninitialized stack frame ***: terminated
*** longjmp causes uninitialized stack frame ***: terminated
*** longjmp causes uninitialized stack frame ***: terminated
*** longjmp causes uninitialized stack frame ***: terminated
*** longjmp causes uninitialized stack frame ***: terminated
*** longjmp causes uninitialized stack frame ***: terminated
*** longjmp causes uninitialized stack frame ***: terminated
*** longjmp causes uninitialized stack frame ***: terminated
*** longjmp causes uninitialized stack frame ***: terminated
*** longjmp causes uninitialized stack frame ***: terminated
*** longjmp causes uninitialized stack frame ***: terminated
*** longjmp causes uninitialized stack frame ***: terminated
*** longjmp causes uninitialized stack frame ***: terminated
*** longjmp causes uninitialized stack frame ***: terminated
*** longjmp causes uninitialized stack frame ***: terminated
*** longjmp causes uninitialized stack frame ***: terminated
*** longjmp causes uninitialized stack frame ***: terminated
*** longjmp causes uninitialized stack frame ***: terminated
*** longjmp causes uninitialized stack frame ***: terminated
*** longjmp causes uninitialized stack frame ***: terminated
*** longjmp causes uninitialized stack frame ***: terminated
*** longjmp causes uninitialized stack frame ***: terminated
*** longjmp causes uninitialized stack frame ***: terminated
*** longjmp causes uninitialized stack frame ***: terminated
*** longjmp causes uninitialized stack frame ***: terminated
*** longjmp causes uninitialized stack frame ***: terminated
*** longjmp causes uninitialized stack frame ***: terminated
*** longjmp causes uninitialized stack frame ***: terminated
*** longjmp causes uninitialized stack frame ***: terminated
*** longjmp causes uninitialized stack frame ***: terminated
*** longjmp causes uninitialized stack frame ***: terminated
*** longjmp causes uninitialized stack frame ***: terminated
*** longjmp causes uninitialized stack frame ***: terminated
*** longjmp causes uninitialized stack frame ***: terminated
*** longjmp causes uninitialized stack frame ***: terminated
*** longjmp causes uninitialized stack frame ***: terminated
*** longjmp causes uninitialized stack frame ***: terminated
*** longjmp causes uninitialized stack frame ***: terminated
*** longjmp causes uninitialized stack frame ***: terminated
*** longjmp causes uninitialized stack frame ***: terminated
*** longjmp causes uninitialized stack frame ***: terminated
*** longjmp causes uninitialized stack frame ***: terminated
*** longjmp causes uninitialized stack frame ***: terminated
*** longjmp causes uninitialized stack frame ***: terminated
*** longjmp causes uninitialized stack frame ***: terminated
*** longjmp causes uninitialized stack frame ***: terminated
*** longjmp causes uninitialized stack frame ***: terminated
*** longjmp causes uninitialized stack frame ***: terminated
*** longjmp causes uninitialized stack frame ***: terminated
*** longjmp causes uninitialized stack frame ***: terminated
*** longjmp causes uninitialized stack frame ***: terminated
*** longjmp causes uninitialized stack frame ***: terminated
*** longjmp causes uninitialized stack frame ***: terminated
*** longjmp causes uninitialized stack frame ***: terminated
*** longjmp causes uninitialized stack frame ***: terminated
*** longjmp causes uninitialized stack frame ***: terminated
*** longjmp causes uninitialized stack frame ***: terminated
*** longjmp causes uninitialized stack frame ***: terminated
*** longjmp causes uninitialized stack frame ***: terminated
*** longjmp causes uninitialized stack frame ***: terminated
*** longjmp causes uninitialized stack frame ***: terminated
*** longjmp causes uninitialized stack frame ***: terminated
*** longjmp causes uninitialized stack frame ***: terminated
*** longjmp causes uninitialized stack frame ***: terminated
*** longjmp causes uninitialized stack frame ***: terminated
*** longjmp causes uninitialized stack frame ***: terminated
*** longjmp causes uninitialized stack frame ***: terminated
*** longjmp causes uninitialized stack frame ***: terminated
*** longjmp causes uninitialized stack frame ***: terminated
*** longjmp causes uninitialized stack frame ***: terminated
*** longjmp causes uninitialized stack frame ***: terminated
*** longjmp causes uninitialized stack frame ***: terminated
*** longjmp causes uninitialized stack frame ***: terminated
*** longjmp causes uninitialized stack frame ***: terminated
*** longjmp causes uninitialized stack frame ***: terminated
*** longjmp causes uninitialized stack frame ***: terminated
*** longjmp causes uninitialized stack frame ***: terminated
*** longjmp causes uninitialized stack frame ***: terminated
*** longjmp causes uninitialized stack frame ***: terminated
*** longjmp causes uninitialized stack frame ***: terminated
*** longjmp causes uninitialized stack frame ***: terminated
*** longjmp causes uninitialized stack frame ***: terminated
*** longjmp causes uninitialized stack frame ***: terminated
*** longjmp causes uninitialized stack frame ***: terminated
*** longjmp causes uninitialized stack frame ***: terminated
*** longjmp causes uninitialized stack frame ***: terminated
*** longjmp causes uninitialized stack frame ***: terminated
*** longjmp causes uninitialized stack frame ***: terminated
*** longjmp causes uninitialized stack frame ***: terminated
*** longjmp causes uninitialized stack frame ***: terminated
*** longjmp causes uninitialized stack frame ***: terminated
*** longjmp causes uninitialized stack frame ***: terminated
*** longjmp causes uninitialized stack frame ***: terminated
*** longjmp causes uninitialized stack frame ***: terminated
*** longjmp causes uninitialized stack frame ***: terminated
*** longjmp causes uninitialized stack frame ***: terminated
*** longjmp causes uninitialized stack frame ***: terminated
*** longjmp causes uninitialized stack frame ***: terminated
*** longjmp causes uninitialized stack frame ***: terminated
*** longjmp causes uninitialized stack frame ***: terminated
*** longjmp causes uninitialized stack frame ***: terminated
*** longjmp causes uninitialized stack frame ***: terminated
*** longjmp causes uninitialized stack frame ***: terminated
*** longjmp causes uninitialized stack frame ***: terminated
*** longjmp causes uninitialized stack frame ***: terminated
*** longjmp causes uninitialized stack frame ***: terminated
*** longjmp causes uninitialized stack frame ***: terminated
*** longjmp causes uninitialized stack frame ***: terminated
*** longjmp causes uninitialized stack frame ***: terminated
*** longjmp causes uninitialized stack frame ***: terminated
*** longjmp causes uninitialized stack frame ***: terminated
*** longjmp causes uninitialized stack frame ***: terminated
*** longjmp causes uninitialized stack frame ***: terminated
*** longjmp causes uninitialized stack frame ***: terminated
*** longjmp causes uninitialized stack frame ***: terminated
*** longjmp causes uninitialized stack frame ***: terminated
*** longjmp causes uninitialized stack frame ***: terminated
*** longjmp causes uninitialized stack frame ***: terminated
*** longjmp causes uninitialized stack frame ***: terminated
*** longjmp causes uninitialized stack frame ***: terminated
*** longjmp causes uninitialized stack frame ***: terminated
*** longjmp causes uninitialized stack frame ***: terminated
*** longjmp causes uninitialized stack frame ***: terminated
*** longjmp causes uninitialized stack frame ***: terminated
*** longjmp causes uninitialized stack frame ***: terminated
*** longjmp causes uninitialized stack frame ***: terminated
*** longjmp causes uninitialized stack frame ***: terminated
*** longjmp causes uninitialized stack frame ***: terminated
*** longjmp causes uninitialized stack frame ***: terminated
*** longjmp causes uninitialized stack frame ***: terminated
*** longjmp causes uninitialized stack frame ***: terminated
*** longjmp causes uninitialized stack frame ***: terminated
*** longjmp causes uninitialized stack frame ***: terminated
*** longjmp causes uninitialized stack frame ***: terminated
*** longjmp causes uninitialized stack frame ***: terminated
*** longjmp causes uninitialized stack frame ***: terminated
*** longjmp causes uninitialized stack frame ***: terminated
*** longjmp causes uninitialized stack frame ***: terminated
*** longjmp causes uninitialized stack frame ***: terminated
*** longjmp causes uninitialized stack frame ***: terminated
*** longjmp causes uninitialized stack frame ***: terminated
*** longjmp causes uninitialized stack frame ***: terminated
*** longjmp causes uninitialized stack frame ***: terminated
*** longjmp causes uninitialized stack frame ***: terminated
*** longjmp causes uninitialized stack frame ***: terminated
*** longjmp causes uninitialized stack frame ***: terminated
*** longjmp causes uninitialized stack frame ***: terminated
*** longjmp causes uninitialized stack frame ***: terminated
*** longjmp causes uninitialized stack frame ***: terminated
*** longjmp causes uninitialized stack frame ***: terminated
*** longjmp causes uninitialized stack frame ***: terminated
*** longjmp causes uninitialized stack frame ***: terminated
*** longjmp causes uninitialized stack frame ***: terminated
*** longjmp causes uninitialized stack frame ***: terminated
*** longjmp causes uninitialized stack frame ***: terminated
*** longjmp causes uninitialized stack frame ***: terminated
*** longjmp causes uninitialized stack frame ***: terminated
*** longjmp causes uninitialized stack frame ***: terminated
*** longjmp causes uninitialized stack frame ***: terminated
*** longjmp causes uninitialized stack frame ***: terminated
*** longjmp causes uninitialized stack frame ***: terminated
*** longjmp causes uninitialized stack frame ***: terminated
*** longjmp causes uninitialized stack frame ***: terminated
*** longjmp causes uninitialized stack frame ***: terminated
*** longjmp causes uninitialized stack frame ***: terminated
*** longjmp causes uninitialized stack frame ***: terminated
*** longjmp causes uninitialized stack frame ***: terminated
*** longjmp causes uninitialized stack frame ***: terminated
*** longjmp causes uninitialized stack frame ***: terminated
*** longjmp causes uninitialized stack frame ***: terminated
*** longjmp causes uninitialized stack frame ***: terminated
*** longjmp causes uninitialized stack frame ***: terminated
*** longjmp causes uninitialized stack frame ***: terminated
*** longjmp causes uninitialized stack frame ***: terminated
*** longjmp causes uninitialized stack frame ***: terminated
*** longjmp causes uninitialized stack frame ***: terminated
*** longjmp causes uninitialized stack frame ***: terminated
*** longjmp causes uninitialized stack frame ***: terminated
*** longjmp causes uninitialized stack frame ***: terminated
*** longjmp causes uninitialized stack frame ***: terminated
*** longjmp causes uninitialized stack frame ***: terminated
*** longjmp causes uninitialized stack frame ***: terminated
*** longjmp causes uninitialized stack frame ***: terminated
*** longjmp causes uninitialized stack frame ***: terminated
*** longjmp causes uninitialized stack frame ***: terminated
*** longjmp causes uninitialized stack frame ***: terminated
*** longjmp causes uninitialized stack frame ***: terminated
*** longjmp causes uninitialized stack frame ***: terminated
*** longjmp causes uninitialized stack frame ***: terminated
*** longjmp causes uninitialized stack frame ***: terminated
*** longjmp causes uninitialized stack frame ***: terminated
*** longjmp causes uninitialized stack frame ***: terminated
*** longjmp causes uninitialized stack frame ***: terminated
*** longjmp causes uninitialized stack frame ***: terminated
*** longjmp causes uninitialized stack frame ***: terminated
*** longjmp causes uninitialized stack frame ***: terminated
*** longjmp causes uninitialized stack frame ***: terminated
*** longjmp causes uninitialized stack frame ***: terminated
*** longjmp causes uninitialized stack frame ***: terminated
*** longjmp causes uninitialized stack frame ***: terminated
*** longjmp causes uninitialized stack frame ***: terminated
*** longjmp causes uninitialized stack frame ***: terminated
*** longjmp causes uninitialized stack frame ***: terminated
*** longjmp causes uninitialized stack frame ***: terminated
*** longjmp causes uninitialized stack frame ***: terminated
*** longjmp causes uninitialized stack frame ***: terminated
*** longjmp causes uninitialized stack frame ***: terminated
*** longjmp causes uninitialized stack frame ***: terminated
*** longjmp causes uninitialized stack frame ***: terminated
*** longjmp causes uninitialized stack frame ***: terminated
*** longjmp causes uninitialized stack frame ***: terminated
*** longjmp causes uninitialized stack frame ***: terminated
*** longjmp causes uninitialized stack frame ***: terminated
*** longjmp causes uninitialized stack frame ***: terminated
*** longjmp causes uninitialized stack frame ***: terminated
*** longjmp causes uninitialized stack frame ***: terminated
*** longjmp causes uninitialized stack frame ***: terminated
*** longjmp causes uninitialized stack frame ***: terminated
*** longjmp causes uninitialized stack frame ***: terminated
*** longjmp causes uninitialized stack frame ***: terminated
*** longjmp causes uninitialized stack frame ***: terminated
*** longjmp causes uninitialized stack frame ***: terminated
*** longjmp causes uninitialized stack frame ***: terminated
*** longjmp causes uninitialized stack frame ***: terminated
*** longjmp causes uninitialized stack frame ***: terminated
*** longjmp causes uninitialized stack frame ***: terminated
*** longjmp causes uninitialized stack frame ***: terminated
*** longjmp causes uninitialized stack frame ***: terminated
*** longjmp causes uninitialized stack frame ***: terminated
*** longjmp causes uninitialized stack frame ***: terminated
*** longjmp causes uninitialized stack frame ***: terminated
*** longjmp causes uninitialized stack frame ***: terminated
*** longjmp causes uninitialized stack frame ***: terminated
*** longjmp causes uninitialized stack frame ***: terminated
*** longjmp causes uninitialized stack frame ***: terminated
*** longjmp causes uninitialized stack frame ***: terminated
*** longjmp causes uninitialized stack frame ***: terminated
*** longjmp causes uninitialized stack frame ***: terminated
*** longjmp causes uninitialized stack frame ***: terminated
*** longjmp causes uninitialized stack frame ***: terminated
*** longjmp causes uninitialized stack frame ***: terminated
*** longjmp causes uninitialized stack frame ***: terminated
*** longjmp causes uninitialized stack frame ***: terminated
*** longjmp causes uninitialized stack frame ***: terminated
*** longjmp causes uninitialized stack frame ***: terminated
*** longjmp causes uninitialized stack frame ***: terminated
*** longjmp causes uninitialized stack frame ***: terminated
*** longjmp causes uninitialized stack frame ***: terminated
*** longjmp causes uninitialized stack frame ***: terminated
*** longjmp causes uninitialized stack frame ***: terminated
*** longjmp causes uninitialized stack frame ***: terminated
*** longjmp causes uninitialized stack frame ***: terminated
*** longjmp causes uninitialized stack frame ***: terminated
*** longjmp causes uninitialized stack frame ***: terminated
*** longjmp causes uninitialized stack frame ***: terminated
*** longjmp causes uninitialized stack frame ***: terminated
*** longjmp causes uninitialized stack frame ***: terminated
*** longjmp causes uninitialized stack frame ***: terminated
*** longjmp causes uninitialized stack frame ***: terminated
*** longjmp causes uninitialized stack frame ***: terminated
*** longjmp causes uninitialized stack frame ***: terminated
*** longjmp causes uninitialized stack frame ***: terminated
*** longjmp causes uninitialized stack frame ***: terminated
*** longjmp causes uninitialized stack frame ***: terminated
*** longjmp causes uninitialized stack frame ***: terminated
*** longjmp causes uninitialized stack frame ***: terminated
*** longjmp causes uninitialized stack frame ***: terminated
*** longjmp causes uninitialized stack frame ***: terminated
*** longjmp causes uninitialized stack frame ***: terminated
*** longjmp causes uninitialized stack frame ***: terminated
*** longjmp causes uninitialized stack frame ***: terminated
*** longjmp causes uninitialized stack frame ***: terminated
*** longjmp causes uninitialized stack frame ***: terminated
*** longjmp causes uninitialized stack frame ***: terminated
*** longjmp causes uninitialized stack frame ***: terminated
*** longjmp causes uninitialized stack frame ***: terminated
*** longjmp causes uninitialized stack frame ***: terminated
*** longjmp causes uninitialized stack frame ***: terminated
*** longjmp causes uninitialized stack frame ***: terminated
*** longjmp causes uninitialized stack frame ***: terminated
*** longjmp causes uninitialized stack frame ***: terminated
*** longjmp causes uninitialized stack frame ***: terminated
*** longjmp causes uninitialized stack frame ***: terminated
*** longjmp causes uninitialized stack frame ***: terminated
*** longjmp causes uninitialized stack frame ***: terminated
*** longjmp causes uninitialized stack frame ***: terminated
*** longjmp causes uninitialized stack frame ***: terminated
*** longjmp causes uninitialized stack frame ***: terminated
*** longjmp causes uninitialized stack frame ***: terminated
*** longjmp causes uninitialized stack frame ***: terminated
*** longjmp causes uninitialized stack frame ***: terminated
*** longjmp causes uninitialized stack frame ***: terminated
*** longjmp causes uninitialized stack frame ***: terminated
*** longjmp causes uninitialized stack frame ***: terminated
*** longjmp causes uninitialized stack frame ***: terminated
*** longjmp causes uninitialized stack frame ***: terminated
*** longjmp causes uninitialized stack frame ***: terminated
*** longjmp causes uninitialized stack frame ***: terminated
*** longjmp causes uninitialized stack frame ***: terminated
*** longjmp causes uninitialized stack frame ***: terminated
*** longjmp causes uninitialized stack frame ***: terminated
*** longjmp causes uninitialized stack frame ***: terminated
*** longjmp causes uninitialized stack frame ***: terminated
*** longjmp causes uninitialized stack frame ***: terminated
*** longjmp causes uninitialized stack frame ***: terminated
*** longjmp causes uninitialized stack frame ***: terminated
*** longjmp causes uninitialized stack frame ***: terminated
*** longjmp causes uninitialized stack frame ***: terminated
*** longjmp causes uninitialized stack frame ***: terminated
*** longjmp causes uninitialized stack frame ***: terminated
*** longjmp causes uninitialized stack frame ***: terminated
*** longjmp causes uninitialized stack frame ***: terminated
*** longjmp causes uninitialized stack frame ***: terminated
*** longjmp causes uninitialized stack frame ***: terminated
*** longjmp causes uninitialized stack frame ***: terminated
*** longjmp causes uninitialized stack frame ***: terminated
*** longjmp causes uninitialized stack frame ***: terminated
*** longjmp causes uninitialized stack frame ***: terminated
*** longjmp causes uninitialized stack frame ***: terminated
*** longjmp causes uninitialized stack frame ***: terminated
*** longjmp causes uninitialized stack frame ***: terminated
*** longjmp causes uninitialized stack frame ***: terminated
*** longjmp causes uninitialized stack frame ***: terminated
*** longjmp causes uninitialized stack frame ***: terminated
*** longjmp causes uninitialized stack frame ***: terminated
*** longjmp causes uninitialized stack frame ***: terminated
*** longjmp causes uninitialized stack frame ***: terminated
*** longjmp causes uninitialized stack frame ***: terminated
*** longjmp causes uninitialized stack frame ***: terminated
*** longjmp causes uninitialized stack frame ***: terminated
*** longjmp causes uninitialized stack frame ***: terminated
*** longjmp causes uninitialized stack frame ***: terminated
*** longjmp causes uninitialized stack frame ***: terminated
*** longjmp causes uninitialized stack frame ***: terminated
*** longjmp causes uninitialized stack frame ***: terminated
*** longjmp causes uninitialized stack frame ***: terminated
*** longjmp causes uninitialized stack frame ***: terminated
*** longjmp causes uninitialized stack frame ***: terminated
*** longjmp causes uninitialized stack frame ***: terminated
*** longjmp causes uninitialized stack frame ***: terminated
*** longjmp causes uninitialized stack frame ***: terminated
*** longjmp causes uninitialized stack frame ***: terminated
*** longjmp causes uninitialized stack frame ***: terminated
*** longjmp causes uninitialized stack frame ***: terminated
*** longjmp causes uninitialized stack frame ***: terminated
*** longjmp causes uninitialized stack frame ***: terminated
*** longjmp causes uninitialized stack frame ***: terminated
*** longjmp causes uninitialized stack frame ***: terminated
*** longjmp causes uninitialized stack frame ***: terminated
*** longjmp causes uninitialized stack frame ***: terminated
*** longjmp causes uninitialized stack frame ***: terminated
*** longjmp causes uninitialized stack frame ***: terminated
*** longjmp causes uninitialized stack frame ***: terminated
*** longjmp causes uninitialized stack frame ***: terminated
*** longjmp causes uninitialized stack frame ***: terminated
*** longjmp causes uninitialized stack frame ***: terminated
*** longjmp causes uninitialized stack frame ***: terminated
*** longjmp causes uninitialized stack frame ***: terminated
*** longjmp causes uninitialized stack frame ***: terminated
*** longjmp causes uninitialized stack frame ***: terminated
*** longjmp causes uninitialized stack frame ***: terminated
*** longjmp causes uninitialized stack frame ***: terminated
*** longjmp causes uninitialized stack frame ***: terminated
*** longjmp causes uninitialized stack frame ***: terminated
*** longjmp causes uninitialized stack frame ***: terminated
*** longjmp causes uninitialized stack frame ***: terminated
*** longjmp causes uninitialized stack frame ***: terminated
*** longjmp causes uninitialized stack frame ***: terminated
*** longjmp causes uninitialized stack frame ***: terminated
*** longjmp causes uninitialized stack frame ***: terminated
*** longjmp causes uninitialized stack frame ***: terminated
*** longjmp causes uninitialized stack frame ***: terminated
*** longjmp causes uninitialized stack frame ***: terminated
*** longjmp causes uninitialized stack frame ***: terminated
*** longjmp causes uninitialized stack frame ***: terminated
*** longjmp causes uninitialized stack frame ***: terminated
*** longjmp causes uninitialized stack frame ***: terminated
*** longjmp causes uninitialized stack frame ***: terminated
*** longjmp causes uninitialized stack frame ***: terminated
*** longjmp causes uninitialized stack frame ***: terminated
*** longjmp causes uninitialized stack frame ***: terminated
*** longjmp causes uninitialized stack frame ***: terminated
*** longjmp causes uninitialized stack frame ***: terminated
*** longjmp causes uninitialized stack frame ***: terminated
*** longjmp causes uninitialized stack frame ***: terminated
*** longjmp causes uninitialized stack frame ***: terminated
*** longjmp causes uninitialized stack frame ***: terminated
*** longjmp causes uninitialized stack frame ***: terminated
*** longjmp causes uninitialized stack frame ***: terminated
*** longjmp causes uninitialized stack frame ***: terminated
*** longjmp causes uninitialized stack frame ***: terminated
*** longjmp causes uninitialized stack frame ***: terminated
*** longjmp causes uninitialized stack frame ***: terminated
*** longjmp causes uninitialized stack frame ***: terminated
*** longjmp causes uninitialized stack frame ***: terminated
*** longjmp causes uninitialized stack frame ***: terminated
*** longjmp causes uninitialized stack frame ***: terminated
*** longjmp causes uninitialized stack frame ***: terminated
*** longjmp causes uninitialized stack frame ***: terminated
*** longjmp causes uninitialized stack frame ***: terminated
*** longjmp causes uninitialized stack frame ***: terminated
*** longjmp causes uninitialized stack frame ***: terminated
*** longjmp causes uninitialized stack frame ***: terminated
*** longjmp causes uninitialized stack frame ***: terminated
*** longjmp causes uninitialized stack frame ***: terminated
*** longjmp causes uninitialized stack frame ***: terminated
*** longjmp causes uninitialized stack frame ***: terminated
*** longjmp causes uninitialized stack frame ***: terminated
*** longjmp causes uninitialized stack frame ***: terminated
*** longjmp causes uninitialized stack frame ***: terminated
*** longjmp causes uninitialized stack frame ***: terminated
*** longjmp causes uninitialized stack frame ***: terminated
*** longjmp causes uninitialized stack frame ***: terminated
*** longjmp causes uninitialized stack frame ***: terminated
*** longjmp causes uninitialized stack frame ***: terminated
*** longjmp causes uninitialized stack frame ***: terminated
*** longjmp causes uninitialized stack frame ***: terminated
*** longjmp causes uninitialized stack frame ***: terminated
*** longjmp causes uninitialized stack frame ***: terminated
*** longjmp causes uninitialized stack frame ***: terminated
*** longjmp causes uninitialized stack frame ***: terminated
*** longjmp causes uninitialized stack frame ***: terminated
*** longjmp causes uninitialized stack frame ***: terminated
*** longjmp causes uninitialized stack frame ***: terminated
*** longjmp causes uninitialized stack frame ***: terminated
*** longjmp causes uninitialized stack frame ***: terminated
*** longjmp causes uninitialized stack frame ***: terminated
*** longjmp causes uninitialized stack frame ***: terminated
*** longjmp causes uninitialized stack frame ***: terminated
*** longjmp causes uninitialized stack frame ***: terminated
*** longjmp causes uninitialized stack frame ***: terminated
*** longjmp causes uninitialized stack frame ***: terminated
*** longjmp causes uninitialized stack frame ***: terminated
*** longjmp causes uninitialized stack frame ***: terminated
*** longjmp causes uninitialized stack frame ***: terminated
*** longjmp causes uninitialized stack frame ***: terminated
*** longjmp causes uninitialized stack frame ***: terminated
*** longjmp causes uninitialized stack frame ***: terminated
*** longjmp causes uninitialized stack frame ***: terminated
*** longjmp causes uninitialized stack frame ***: terminated
*** longjmp causes uninitialized stack frame ***: terminated
*** longjmp causes uninitialized stack frame ***: terminated
*** longjmp causes uninitialized stack frame ***: terminated
*** longjmp causes uninitialized stack frame ***: terminated
*** longjmp causes uninitialized stack frame ***: terminated
*** longjmp causes uninitialized stack frame ***: terminated
*** longjmp causes uninitialized stack frame ***: terminated
*** longjmp causes uninitialized stack frame ***: terminated
*** longjmp causes uninitialized stack frame ***: terminated
*** longjmp causes uninitialized stack frame ***: terminated
*** longjmp causes uninitialized stack frame ***: terminated
*** longjmp causes uninitialized stack frame ***: terminated
*** longjmp causes uninitialized stack frame ***: terminated
*** longjmp causes uninitialized stack frame ***: terminated
*** longjmp causes uninitialized stack frame ***: terminated
*** longjmp causes uninitialized stack frame ***: terminated
*** longjmp causes uninitialized stack frame ***: terminated
*** longjmp causes uninitialized stack frame ***: terminated
*** longjmp causes uninitialized stack frame ***: terminated
*** longjmp causes uninitialized stack frame ***: terminated
*** longjmp causes uninitialized stack frame ***: terminated
*** longjmp causes uninitialized stack frame ***: terminated
*** longjmp causes uninitialized stack frame ***: terminated
*** longjmp causes uninitialized stack frame ***: terminated
*** longjmp causes uninitialized stack frame ***: terminated
*** longjmp causes uninitialized stack frame ***: terminated
*** longjmp causes uninitialized stack frame ***: terminated
*** longjmp causes uninitialized stack frame ***: terminated
*** longjmp causes uninitialized stack frame ***: terminated
*** longjmp causes uninitialized stack frame ***: terminated
*** longjmp causes uninitialized stack frame ***: terminated
*** longjmp causes uninitialized stack frame ***: terminated
*** longjmp causes uninitialized stack frame ***: terminated
*** longjmp causes uninitialized stack frame ***: terminated
*** longjmp causes uninitialized stack frame ***: terminated
*** longjmp causes uninitialized stack frame ***: terminated
*** longjmp causes uninitialized stack frame ***: terminated
*** longjmp causes uninitialized stack frame ***: terminated
*** longjmp causes uninitialized stack frame ***: terminated
*** longjmp causes uninitialized stack frame ***: terminated
*** longjmp causes uninitialized stack frame ***: terminated
*** longjmp causes uninitialized stack frame ***: terminated
*** longjmp causes uninitialized stack frame ***: terminated
*** longjmp causes uninitialized stack frame ***: terminated
*** longjmp causes uninitialized stack frame ***: terminated
*** longjmp causes uninitialized stack frame ***: terminated
*** longjmp causes uninitialized stack frame ***: terminated
*** longjmp causes uninitialized stack frame ***: terminated
*** longjmp causes uninitialized stack frame ***: terminated
*** longjmp causes uninitialized stack frame ***: terminated
*** longjmp causes uninitialized stack frame ***: terminated
*** longjmp causes uninitialized stack frame ***: terminated
*** longjmp causes uninitialized stack frame ***: terminated
*** longjmp causes uninitialized stack frame ***: terminated
*** longjmp causes uninitialized stack frame ***: terminated
*** longjmp causes uninitialized stack frame ***: terminated
*** longjmp causes uninitialized stack frame ***: terminated
*** longjmp causes uninitialized stack frame ***: terminated
*** longjmp causes uninitialized stack frame ***: terminated
*** longjmp causes uninitialized stack frame ***: terminated
*** longjmp causes uninitialized stack frame ***: terminated
*** longjmp causes uninitialized stack frame ***: terminated
*** longjmp causes uninitialized stack frame ***: terminated
*** longjmp causes uninitialized stack frame ***: terminated
*** longjmp causes uninitialized stack frame ***: terminated
*** longjmp causes uninitialized stack frame ***: terminated
*** longjmp causes uninitialized stack frame ***: terminated
*** longjmp causes uninitialized stack frame ***: terminated
*** longjmp causes uninitialized stack frame ***: terminated
*** longjmp causes uninitialized stack frame ***: terminated
*** longjmp causes uninitialized stack frame ***: terminated
*** longjmp causes uninitialized stack frame ***: terminated
*** longjmp causes uninitialized stack frame ***: terminated
*** longjmp causes uninitialized stack frame ***: terminated
*** longjmp causes uninitialized stack frame ***: terminated
*** longjmp causes uninitialized stack frame ***: terminated
*** longjmp causes uninitialized stack frame ***: terminated
*** longjmp causes uninitialized stack frame ***: terminated
*** longjmp causes uninitialized stack frame ***: terminated
*** longjmp causes uninitialized stack frame ***: terminated
*** longjmp causes uninitialized stack frame ***: terminated
*** longjmp causes uninitialized stack frame ***: terminated
*** longjmp causes uninitialized stack frame ***: terminated
*** longjmp causes uninitialized stack frame ***: terminated
*** longjmp causes uninitialized stack frame ***: terminated
*** longjmp causes uninitialized stack frame ***: terminated
*** longjmp causes uninitialized stack frame ***: terminated
*** longjmp causes uninitialized stack frame ***: terminated
*** longjmp causes uninitialized stack frame ***: terminated
*** longjmp causes uninitialized stack frame ***: terminated
*** longjmp causes uninitialized stack frame ***: terminated
*** longjmp causes uninitialized stack frame ***: terminated
*** longjmp causes uninitialized stack frame ***: terminated
*** longjmp causes uninitialized stack frame ***: terminated
*** longjmp causes uninitialized stack frame ***: terminated
*** longjmp causes uninitialized stack frame ***: terminated
*** longjmp causes uninitialized stack frame ***: terminated
*** longjmp causes uninitialized stack frame ***: terminated
*** longjmp causes uninitialized stack frame ***: terminated
*** longjmp causes uninitialized stack frame ***: terminated
*** longjmp causes uninitialized stack frame ***: terminated
*** longjmp causes uninitialized stack frame ***: terminated
*** longjmp causes uninitialized stack frame ***: terminated
*** longjmp causes uninitialized stack frame ***: terminated
*** longjmp causes uninitialized stack frame ***: terminated
*** longjmp causes uninitialized stack frame ***: terminated
*** longjmp causes uninitialized stack frame ***: terminated
*** longjmp causes uninitialized stack frame ***: terminated
*** longjmp causes uninitialized stack frame ***: terminated
*** longjmp causes uninitialized stack frame ***: terminated
*** longjmp causes uninitialized stack frame ***: terminated
*** longjmp causes uninitialized stack frame ***: terminated
*** longjmp causes uninitialized stack frame ***: terminated
*** longjmp causes uninitialized stack frame ***: terminated
*** longjmp causes uninitialized stack frame ***: terminated
*** longjmp causes uninitialized stack frame ***: terminated
*** longjmp causes uninitialized stack frame ***: terminated
*** longjmp causes uninitialized stack frame ***: terminated
*** longjmp causes uninitialized stack frame ***: terminated
*** longjmp causes uninitialized stack frame ***: terminated
*** longjmp causes uninitialized stack frame ***: terminated
*** longjmp causes uninitialized stack frame ***: terminated
*** longjmp causes uninitialized stack frame ***: terminated
*** longjmp causes uninitialized stack frame ***: terminated
*** longjmp causes uninitialized stack frame ***: terminated
*** longjmp causes uninitialized stack frame ***: terminated
*** longjmp causes uninitialized stack frame ***: terminated
*** longjmp causes uninitialized stack frame ***: terminated
*** longjmp causes uninitialized stack frame ***: terminated
*** longjmp causes uninitialized stack frame ***: terminated
*** longjmp causes uninitialized stack frame ***: terminated
*** longjmp causes uninitialized stack frame ***: terminated
*** longjmp causes uninitialized stack frame ***: terminated
*** longjmp causes uninitialized stack frame ***: terminated
*** longjmp causes uninitialized stack frame ***: terminated
*** longjmp causes uninitialized stack frame ***: terminated
*** longjmp causes uninitialized stack frame ***: terminated
*** longjmp causes uninitialized stack frame ***: terminated
*** longjmp causes uninitialized stack frame ***: terminated
*** longjmp causes uninitialized stack frame ***: terminated
*** longjmp causes uninitialized stack frame ***: terminated
*** longjmp causes uninitialized stack frame ***: terminated
*** longjmp causes uninitialized stack frame ***: terminated
*** longjmp causes uninitialized stack frame ***: terminated
*** longjmp causes uninitialized stack frame ***: terminated
*** longjmp causes uninitialized stack frame ***: terminated
*** longjmp causes uninitialized stack frame ***: terminated
*** longjmp causes uninitialized stack frame ***: terminated
*** longjmp causes uninitialized stack frame ***: terminated
*** longjmp causes uninitialized stack frame ***: terminated
*** longjmp causes uninitialized stack frame ***: terminated
*** longjmp causes uninitialized stack frame ***: terminated
*** longjmp causes uninitialized stack frame ***: terminated
*** longjmp causes uninitialized stack frame ***: terminated
*** longjmp causes uninitialized stack frame ***: terminated
*** longjmp causes uninitialized stack frame ***: terminated
*** longjmp causes uninitialized stack frame ***: terminated
*** longjmp causes uninitialized stack frame ***: terminated
*** longjmp causes uninitialized stack frame ***: terminated
*** longjmp causes uninitialized stack frame ***: terminated
*** longjmp causes uninitialized stack frame ***: terminated
*** longjmp causes uninitialized stack frame ***: terminated
*** longjmp causes uninitialized stack frame ***: terminated
*** longjmp causes uninitialized stack frame ***: terminated
*** longjmp causes uninitialized stack frame ***: terminated
*** longjmp causes uninitialized stack frame ***: terminated
*** longjmp causes uninitialized stack frame ***: terminated
*** longjmp causes uninitialized stack frame ***: terminated
*** longjmp causes uninitialized stack frame ***: terminated
*** longjmp causes uninitialized stack frame ***: terminated
*** longjmp causes uninitialized stack frame ***: terminated
*** longjmp causes uninitialized stack frame ***: terminated
*** longjmp causes uninitialized stack frame ***: terminated
*** longjmp causes uninitialized stack frame ***: terminated
*** longjmp causes uninitialized stack frame ***: terminated
*** longjmp causes uninitialized stack frame ***: terminated
*** longjmp causes uninitialized stack frame ***: terminated
*** longjmp causes uninitialized stack frame ***: terminated
*** longjmp causes uninitialized stack frame ***: terminated
*** longjmp causes uninitialized stack frame ***: terminated
*** longjmp causes uninitialized stack frame ***: terminated
*** longjmp causes uninitialized stack frame ***: terminated
*** longjmp causes uninitialized stack frame ***: terminated
*** longjmp causes uninitialized stack frame ***: terminated
*** longjmp causes uninitialized stack frame ***: terminated
*** longjmp causes uninitialized stack frame ***: terminated
*** longjmp causes uninitialized stack frame ***: terminated
*** longjmp causes uninitialized stack frame ***: terminated
*** longjmp causes uninitialized stack frame ***: terminated
*** longjmp causes uninitialized stack frame ***: terminated
*** longjmp causes uninitialized stack frame ***: terminated
*** longjmp causes uninitialized stack frame ***: terminated
*** longjmp causes uninitialized stack frame ***: terminated
*** longjmp causes uninitialized stack frame ***: terminated
*** longjmp causes uninitialized stack frame ***: terminated
*** longjmp causes uninitialized stack frame ***: terminated
*** longjmp causes uninitialized stack frame ***: terminated
*** longjmp causes uninitialized stack frame ***: terminated
*** longjmp causes uninitialized stack frame ***: terminated
*** longjmp causes uninitialized stack frame ***: terminated
*** longjmp causes uninitialized stack frame ***: terminated
*** longjmp causes uninitialized stack frame ***: terminated
*** longjmp causes uninitialized stack frame ***: terminated
*** longjmp causes uninitialized stack frame ***: terminated
*** longjmp causes uninitialized stack frame ***: terminated
*** longjmp causes uninitialized stack frame ***: terminated
*** longjmp causes uninitialized stack frame ***: terminated
*** longjmp causes uninitialized stack frame ***: terminated
*** longjmp causes uninitialized stack frame ***: terminated
*** longjmp causes uninitialized stack frame ***: terminated
*** longjmp causes uninitialized stack frame ***: terminated
*** longjmp causes uninitialized stack frame ***: terminated
*** longjmp causes uninitialized stack frame ***: terminated
*** longjmp causes uninitialized stack frame ***: terminated
*** longjmp causes uninitialized stack frame ***: terminated
*** longjmp causes uninitialized stack frame ***: terminated
*** longjmp causes uninitialized stack frame ***: terminated
*** longjmp causes uninitialized stack frame ***: terminated
*** longjmp causes uninitialized stack frame ***: terminated
*** longjmp causes uninitialized stack frame ***: terminated
*** longjmp causes uninitialized stack frame ***: terminated
*** longjmp causes uninitialized stack frame ***: terminated
*** longjmp causes uninitialized stack frame ***: terminated
*** longjmp causes uninitialized stack frame ***: terminated
*** longjmp causes uninitialized stack frame ***: terminated
*** longjmp causes uninitialized stack frame ***: terminated
*** longjmp causes uninitialized stack frame ***: terminated
*** longjmp causes uninitialized stack frame ***: terminated
*** longjmp causes uninitialized stack frame ***: terminated
*** longjmp causes uninitialized stack frame ***: terminated
*** longjmp causes uninitialized stack frame ***: terminated
*** longjmp causes uninitialized stack frame ***: terminated
*** longjmp causes uninitialized stack frame ***: terminated
*** longjmp causes uninitialized stack frame ***: terminated
*** longjmp causes uninitialized stack frame ***: terminated
*** longjmp causes uninitialized stack frame ***: terminated
*** longjmp causes uninitialized stack frame ***: terminated
*** longjmp causes uninitialized stack frame ***: terminated
*** longjmp causes uninitialized stack frame ***: terminated
*** longjmp causes uninitialized stack frame ***: terminated
*** longjmp causes uninitialized stack frame ***: terminated
*** longjmp causes uninitialized stack frame ***: terminated
*** longjmp causes uninitialized stack frame ***: terminated
*** longjmp causes uninitialized stack frame ***: terminated
*** longjmp causes uninitialized stack frame ***: terminated
*** longjmp causes uninitialized stack frame ***: terminated
*** longjmp causes uninitialized stack frame ***: terminated
*** longjmp causes uninitialized stack frame ***: terminated
*** longjmp causes uninitialized stack frame ***: terminated
*** longjmp causes uninitialized stack frame ***: terminated
*** longjmp causes uninitialized stack frame ***: terminated
*** longjmp causes uninitialized stack frame ***: terminated
*** longjmp causes uninitialized stack frame ***: terminated
*** longjmp causes uninitialized stack frame ***: terminated
*** longjmp causes uninitialized stack frame ***: terminated
*** longjmp causes uninitialized stack frame ***: terminated
*** longjmp causes uninitialized stack frame ***: terminated
*** longjmp causes uninitialized stack frame ***: terminated
*** longjmp causes uninitialized stack frame ***: terminated
*** longjmp causes uninitialized stack frame ***: terminated
*** longjmp causes uninitialized stack frame ***: terminated
*** longjmp causes uninitialized stack frame ***: terminated
*** longjmp causes uninitialized stack frame ***: terminated
*** longjmp causes uninitialized stack frame ***: terminated
*** longjmp causes uninitialized stack frame ***: terminated
*** longjmp causes uninitialized stack frame ***: terminated
*** longjmp causes uninitialized stack frame ***: terminated
*** longjmp causes uninitialized stack frame ***: terminated
*** longjmp causes uninitialized stack frame ***: terminated
*** longjmp causes uninitialized stack frame ***: terminated
*** longjmp causes uninitialized stack frame ***: terminated
*** longjmp causes uninitialized stack frame ***: terminated
*** longjmp causes uninitialized stack frame ***: terminated
*** longjmp causes uninitialized stack frame ***: terminated
*** longjmp causes uninitialized stack frame ***: terminated
*** longjmp causes uninitialized stack frame ***: terminated
*** longjmp causes uninitialized stack frame ***: terminated
*** longjmp causes uninitialized stack frame ***: terminated
*** longjmp causes uninitialized stack frame ***: terminated
*** longjmp causes uninitialized stack frame ***: terminated
*** longjmp causes uninitialized stack frame ***: terminated
*** longjmp causes uninitialized stack frame ***: terminated
*** longjmp causes uninitialized stack frame ***: terminated
*** longjmp causes uninitialized stack frame ***: terminated
*** longjmp causes uninitialized stack frame ***: terminated
*** longjmp causes uninitialized stack frame ***: terminated
*** longjmp causes uninitialized stack frame ***: terminated
*** longjmp causes uninitialized stack frame ***: terminated
*** longjmp causes uninitialized stack frame ***: terminated
*** longjmp causes uninitialized stack frame ***: terminated
*** longjmp causes uninitialized stack frame ***: terminated
*** longjmp causes uninitialized stack frame ***: terminated
*** longjmp causes uninitialized stack frame ***: terminated
*** longjmp causes uninitialized stack frame ***: terminated
*** longjmp causes uninitialized stack frame ***: terminated
*** longjmp causes uninitialized stack frame ***: terminated
*** longjmp causes uninitialized stack frame ***: terminated
*** longjmp causes uninitialized stack frame ***: terminated
*** longjmp causes uninitialized stack frame ***: terminated
*** longjmp causes uninitialized stack frame ***: terminated
*** longjmp causes uninitialized stack frame ***: terminated
*** longjmp causes uninitialized stack frame ***: terminated
*** longjmp causes uninitialized stack frame ***: terminated
*** longjmp causes uninitialized stack frame ***: terminated
*** longjmp causes uninitialized stack frame ***: terminated
*** longjmp causes uninitialized stack frame ***: terminated
*** longjmp causes uninitialized stack frame ***: terminated
*** longjmp causes uninitialized stack frame ***: terminated
*** longjmp causes uninitialized stack frame ***: terminated
*** longjmp causes uninitialized stack frame ***: terminated
*** longjmp causes uninitialized stack frame ***: terminated
*** longjmp causes uninitialized stack frame ***: terminated
*** longjmp causes uninitialized stack frame ***: terminated
*** longjmp causes uninitialized stack frame ***: terminated
*** longjmp causes uninitialized stack frame ***: terminated
*** longjmp causes uninitialized stack frame ***: terminated
*** longjmp causes uninitialized stack frame ***: terminated
*** longjmp causes uninitialized stack frame ***: terminated
*** longjmp causes uninitialized stack frame ***: terminated
*** longjmp causes uninitialized stack frame ***: terminated
*** longjmp causes uninitialized stack frame ***: terminated
*** longjmp causes uninitialized stack frame ***: terminated
*** longjmp causes uninitialized stack frame ***: terminated
*** longjmp causes uninitialized stack frame ***: terminated
*** longjmp causes uninitialized stack frame ***: terminated
*** longjmp causes uninitialized stack frame ***: terminated
*** longjmp causes uninitialized stack frame ***: terminated
*** longjmp causes uninitialized stack frame ***: terminated
*** longjmp causes uninitialized stack frame ***: terminated
*** longjmp causes uninitialized stack frame ***: terminated
*** longjmp causes uninitialized stack frame ***: terminated
*** longjmp causes uninitialized stack frame ***: terminated
*** longjmp causes uninitialized stack frame ***: terminated
*** longjmp causes uninitialized stack frame ***: terminated
*** longjmp causes uninitialized stack frame ***: terminated
*** longjmp causes uninitialized stack frame ***: terminated
*** longjmp causes uninitialized stack frame ***: terminated
*** longjmp causes uninitialized stack frame ***: terminated
*** longjmp causes uninitialized stack frame ***: terminated
*** longjmp causes uninitialized stack frame ***: terminated
*** longjmp causes uninitialized stack frame ***: terminated
*** longjmp causes uninitialized stack frame ***: terminated
*** longjmp causes uninitialized stack frame ***: terminated
*** longjmp causes uninitialized stack frame ***: terminated
*** longjmp causes uninitialized stack frame ***: terminated
*** longjmp causes uninitialized stack frame ***: terminated
*** longjmp causes uninitialized stack frame ***: terminated
*** longjmp causes uninitialized stack frame ***: terminated
*** longjmp causes uninitialized stack frame ***: terminated
*** longjmp causes uninitialized stack frame ***: terminated
*** longjmp causes uninitialized stack frame ***: terminated
*** longjmp causes uninitialized stack frame ***: terminated
*** longjmp causes uninitialized stack frame ***: terminated
*** longjmp causes uninitialized stack frame ***: terminated
*** longjmp causes uninitialized stack frame ***: terminated
*** longjmp causes uninitialized stack frame ***: terminated
*** longjmp causes uninitialized stack frame ***: terminated
*** longjmp causes uninitialized stack frame ***: terminated
*** longjmp causes uninitialized stack frame ***: terminated
*** longjmp causes uninitialized stack frame ***: terminated
*** longjmp causes uninitialized stack frame ***: terminated
*** longjmp causes uninitialized stack frame ***: terminated
*** longjmp causes uninitialized stack frame ***: terminated
*** longjmp causes uninitialized stack frame ***: terminated
*** longjmp causes uninitialized stack frame ***: terminated
*** longjmp causes uninitialized stack frame ***: terminated
*** longjmp causes uninitialized stack frame ***: terminated
*** longjmp causes uninitialized stack frame ***: terminated
*** longjmp causes uninitialized stack frame ***: terminated
*** longjmp causes uninitialized stack frame ***: terminated
*** longjmp causes uninitialized stack frame ***: terminated
*** longjmp causes uninitialized stack frame ***: terminated
*** longjmp causes uninitialized stack frame ***: terminated
*** longjmp causes uninitialized stack frame ***: terminated
*** longjmp causes uninitialized stack frame ***: terminated
*** longjmp causes uninitialized stack frame ***: terminated
*** longjmp causes uninitialized stack frame ***: terminated
*** longjmp causes uninitialized stack frame ***: terminated
*** longjmp causes uninitialized stack frame ***: terminated
*** longjmp causes uninitialized stack frame ***: terminated
*** longjmp causes uninitialized stack frame ***: terminated
*** longjmp causes uninitialized stack frame ***: terminated
*** longjmp causes uninitialized stack frame ***: terminated
