0:00:00.008447598 [31m    6[00m 0x622087a503b0 [37mDEBUG  [00m [00;34m          GST_TRACER gsttracer.c:182:gst_tracer_register:<tracerfactory0>[00m new tracer factory for buffer_tracer
0:00:00.008461310 [31m    6[00m 0x622087a503b0 [37mDEBUG  [00m [00;34m          GST_TRACER gsttracer.c:189:gst_tracer_register:<buffer_tracer>[00m tracer factory for 2275738096:BufferTracer
0:00:00.008523175 [31m    6[00m 0x622087a503b0 [37mDEBUG  [00m [00;34m          GST_TRACER gsttracer.c:182:gst_tracer_register:<tracerfactory1>[00m new tracer factory for latency_tracer
0:00:00.008526509 [31m    6[00m 0x622087a503b0 [37mDEBUG  [00m [00;34m          GST_TRACER gsttracer.c:189:gst_tracer_register:<latency_tracer>[00m tracer factory for 2275721632:LatencyTracer
0:00:00.009471749 [31m    6[00m 0x622087a503b0 [37mDEBUG  [00m [00;34m          GST_TRACER gsttracer.c:182:gst_tracer_register:<tracerfactory2>[00m new tracer factory for gvaitttracer
0:00:00.009476852 [31m    6[00m 0x622087a503b0 [37mDEBUG  [00m [00;34m          GST_TRACER gsttracer.c:189:gst_tracer_register:<gvaitttracer>[00m tracer factory for 2275785760:GstGvaITTTracer
0:00:00.211085604 [31m    6[00m 0x622087a503b0 [37mDEBUG  [00m [00;34m          GST_TRACER gsttracer.c:182:gst_tracer_register:<tracerfactory3>[00m new tracer factory for dots
0:00:00.211095281 [31m    6[00m 0x622087a503b0 [37mDEBUG  [00m [00;34m          GST_TRACER gsttracer.c:189:gst_tracer_register:<dots>[00m tracer factory for 2296900832:GstDotsTracer
0:00:00.211149937 [31m    6[00m 0x622087a503b0 [37mDEBUG  [00m [00;34m          GST_TRACER gsttracer.c:182:gst_tracer_register:<tracerfactory4>[00m new tracer factory for latency
0:00:00.211151875 [31m    6[00m 0x622087a503b0 [37mDEBUG  [00m [00;34m          GST_TRACER gsttracer.c:189:gst_tracer_register:<latency>[00m tracer factory for 2296952192:GstLatencyTracer
0:00:00.211200906 [31m    6[00m 0x622087a503b0 [37mDEBUG  [00m [00;34m          GST_TRACER gsttracer.c:182:gst_tracer_register:<tracerfactory5>[00m new tracer factory for log
0:00:00.211202493 [31m    6[00m 0x622087a503b0 [37mDEBUG  [00m [00;34m          GST_TRACER gsttracer.c:189:gst_tracer_register:<log>[00m tracer factory for 2297761776:GstLogTracer
0:00:00.211210030 [31m    6[00m 0x622087a503b0 [37mDEBUG  [00m [00;34m          GST_TRACER gsttracer.c:182:gst_tracer_register:<tracerfactory6>[00m new tracer factory for rusage
0:00:00.211211529 [31m    6[00m 0x622087a503b0 [37mDEBUG  [00m [00;34m          GST_TRACER gsttracer.c:189:gst_tracer_register:<rusage>[00m tracer factory for 2297710224:GstRUsageTracer
0:00:00.211219430 [31m    6[00m 0x622087a503b0 [37mDEBUG  [00m [00;34m          GST_TRACER gsttracer.c:182:gst_tracer_register:<tracerfactory7>[00m new tracer factory for stats
0:00:00.211220743 [31m    6[00m 0x622087a503b0 [37mDEBUG  [00m [00;34m          GST_TRACER gsttracer.c:189:gst_tracer_register:<stats>[00m tracer factory for 2296886224:GstStatsTracer
0:00:00.211227677 [31m    6[00m 0x622087a503b0 [37mDEBUG  [00m [00;34m          GST_TRACER gsttracer.c:182:gst_tracer_register:<tracerfactory8>[00m new tracer factory for leaks
0:00:00.211229148 [31m    6[00m 0x622087a503b0 [37mDEBUG  [00m [00;34m          GST_TRACER gsttracer.c:189:gst_tracer_register:<leaks>[00m tracer factory for 2293623920:GstLeaksTracer
0:00:00.211231746 [31m    6[00m 0x622087a503b0 [37mDEBUG  [00m [00;34m          GST_TRACER gsttracer.c:182:gst_tracer_register:<tracerfactory9>[00m new tracer factory for factories
0:00:00.211233046 [31m    6[00m 0x622087a503b0 [37mDEBUG  [00m [00;34m          GST_TRACER gsttracer.c:189:gst_tracer_register:<factories>[00m tracer factory for 2295448720:GstFactoriesTracer

(gst-plugin-scanner:6): GStreamer-WARNING **: 15:31:49.910: Failed to load plugin '/opt/intel/dlstreamer/gstreamer/lib/python3/dist-packages/gi/overrides/_gi_gst.cpython-312-x86_64-linux-gnu.so': /opt/intel/dlstreamer/gstreamer/lib/python3/dist-packages/gi/overrides/_gi_gst.cpython-312-x86_64-linux-gnu.so: undefined symbol: PyExc_ValueError

(gst-plugin-scanner:6): GStreamer-WARNING **: 15:31:49.910: Failed to load plugin '/opt/intel/dlstreamer/gstreamer/lib/python3/dist-packages/gi/overrides/_gi_gst_analytics.cpython-312-x86_64-linux-gnu.so': /opt/intel/dlstreamer/gstreamer/lib/python3/dist-packages/gi/overrides/_gi_gst_analytics.cpython-312-x86_64-linux-gnu.so: undefined symbol: PyCapsule_Type
0:00:00.250936850 [32m    1[00m 0x58571a32d200 [37mDEBUG  [00m [00;34m          GST_TRACER gsttracer.c:172:gst_tracer_register:<registry0>[00m update existing feature 0x58571a154be0 (latency_tracer)
0:00:00.250977369 [32m    1[00m 0x58571a32d200 [37mTRACE  [00m [00;34m          GST_TRACER gsttracerrecord.c:111:gst_tracer_record_build_format:[00m latency_tracer_pipeline.class, frame_latency=(structure)"value\,\ type\=\(type\)gdouble\,\ description\=\(string\)\"current\\\ frame\\\ latency\\\ in\\\ ms\"\;", avg=(structure)"value\,\ type\=\(type\)gdouble\,\ description\=\(string\)\"Average\\\ frame\\\ latency\\\ in\\\ ms\"\;", min=(structure)"value\,\ type\=\(type\)gdouble\,\ description\=\(string\)\"Min\\\ Per\\\ frame\\\ latency\\\ in\\\ ms\"\;", max=(structure)"value\,\ type\=\(type\)gdouble\,\ description\=\(string\)\"Max\\\ Per\\\ frame\\\ latency\\\ in\\\ ms\"\;", latency=(structure)"value\,\ type\=\(type\)gdouble\,\ description\=\(string\)\"pipeline\\\ latency\\\ in\\\ ms\\\(if\\\ frames\\\ dropped\\\ this\\\ may\\\ result\\\ in\\\ invalid\\\ value\\\)\"\;", fps=(structure)"value\,\ type\=\(type\)gdouble\,\ description\=\(string\)\"pipeline\\\ fps\\\(if\\\ frames\\\ dropped\\\ this\\\ may\\\ result\\\ in\\\ invalid\\\ value\\\)\"\;", frame_num=(structure)"value\,\ type\=\(type\)guint\,\ description\=\(string\)\"NUmber\\\ of\\\ frame\\\ processed\"\;";
0:00:00.250982944 [32m    1[00m 0x58571a32d200 [37mDEBUG  [00m [00;34m          GST_TRACER gsttracerrecord.c:125:gst_tracer_record_build_format:[00m new format string: latency_tracer_pipeline, frame_latency=(double)%lf, avg=(double)%lf, min=(double)%lf, max=(double)%lf, latency=(double)%lf, fps=(double)%lf, frame_num=(uint)%u;
0:00:00.250990047 [32m    1[00m 0x58571a32d200 [37mTRACE  [00m [00;34m          GST_TRACER gsttracerrecord.c:111:gst_tracer_record_build_format:[00m latency_tracer_pipeline_interval.class, interval=(structure)"value\,\ type\=\(type\)gdouble\,\ description\=\(string\)\"interval\\\ in\\\ ms\"\;", avg=(structure)"value\,\ type\=\(type\)gdouble\,\ description\=\(string\)\"Average\\\ interval\\\ frame\\\ latency\\\ in\\\ ms\"\;", min=(structure)"value\,\ type\=\(type\)gdouble\,\ description\=\(string\)\"Min\\\ interval\\\ Per\\\ frame\\\ latency\\\ in\\\ ms\"\;", max=(structure)"value\,\ type\=\(type\)gdouble\,\ description\=\(string\)\"Max\\\ interval\\\ Per\\\ frame\\\ latency\\\ in\\\ ms\"\;", latency=(structure)"value\,\ type\=\(type\)gdouble\,\ description\=\(string\)\"pipeline\\\ latency\\\ within\\\ the\\\ interval\\\ in\\\ ms\\\(if\\\ frames\\\ dropped\\\ this\\\ may\\\ result\\\ in\\\ invalid\\\ value\\\)\"\;", fps=(structure)"value\,\ type\=\(type\)gdouble\,\ description\=\(string\)\"pipeline\\\ fps\\\ ithin\\\ the\\\ interval\\\(if\\\ frames\\\ dropped\\\ this\\\ may\\\ result\\\ in\\\ invalid\\\ value\\\)\"\;";
0:00:00.250992639 [32m    1[00m 0x58571a32d200 [37mDEBUG  [00m [00;34m          GST_TRACER gsttracerrecord.c:125:gst_tracer_record_build_format:[00m new format string: latency_tracer_pipeline_interval, interval=(double)%lf, avg=(double)%lf, min=(double)%lf, max=(double)%lf, latency=(double)%lf, fps=(double)%lf;
0:00:00.250998725 [32m    1[00m 0x58571a32d200 [37mTRACE  [00m [00;34m          GST_TRACER gsttracerrecord.c:111:gst_tracer_record_build_format:[00m latency_tracer_element.class, name=(structure)"value\,\ type\=\(type\)gchararray\,\ description\=\(string\)\"Element\\\ Name\"\;", frame_latency=(structure)"value\,\ type\=\(type\)gdouble\,\ description\=\(string\)\"current\\\ frame\\\ latency\\\ in\\\ ms\"\;", avg=(structure)"value\,\ type\=\(type\)gdouble\,\ description\=\(string\)\"Average\\\ frame\\\ latency\\\ in\\\ ms\"\;", min=(structure)"value\,\ type\=\(type\)gdouble\,\ description\=\(string\)\"Min\\\ Per\\\ frame\\\ latency\\\ in\\\ ms\"\;", max=(structure)"value\,\ type\=\(type\)gdouble\,\ description\=\(string\)\"Max\\\ Per\\\ frame\\\ latency\\\ in\\\ ms\"\;", frame_num=(structure)"value\,\ type\=\(type\)guint\,\ description\=\(string\)\"Number\\\ of\\\ frame\\\ processed\"\;", is_bin=(structure)"value\,\ type\=\(type\)gboolean\,\ description\=\(string\)\"is\\\ element\\\ bin\"\;";
0:00:00.251001563 [32m    1[00m 0x58571a32d200 [37mDEBUG  [00m [00;34m          GST_TRACER gsttracerrecord.c:125:gst_tracer_record_build_format:[00m new format string: latency_tracer_element, name=(string)%s, frame_latency=(double)%lf, avg=(double)%lf, min=(double)%lf, max=(double)%lf, frame_num=(uint)%u, is_bin=(boolean)%i;
0:00:00.251006004 [32m    1[00m 0x58571a32d200 [37mTRACE  [00m [00;34m          GST_TRACER gsttracerrecord.c:111:gst_tracer_record_build_format:[00m latency_tracer_element_interval.class, name=(structure)"value\,\ type\=\(type\)gchararray\,\ description\=\(string\)\"Element\\\ Name\"\;", interval=(structure)"value\,\ type\=\(type\)gdouble\,\ description\=\(string\)\"Interval\\\ ms\"\;", avg=(structure)"value\,\ type\=\(type\)gdouble\,\ description\=\(string\)\"Average\\\ interval\\\ latency\\\ in\\\ ms\"\;", min=(structure)"value\,\ type\=\(type\)gdouble\,\ description\=\(string\)\"Min\\\ interval\\\ frame\\\ latency\\\ in\\\ ms\"\;", max=(structure)"value\,\ type\=\(type\)gdouble\,\ description\=\(string\)\"Max\\\ interval\\\ frame\\\ latency\\\ in\\\ ms\"\;";
0:00:00.251008410 [32m    1[00m 0x58571a32d200 [37mDEBUG  [00m [00;34m          GST_TRACER gsttracerrecord.c:125:gst_tracer_record_build_format:[00m new format string: latency_tracer_element_interval, name=(string)%s, interval=(double)%lf, avg=(double)%lf, min=(double)%lf, max=(double)%lf;
Setting pipeline to PAUSED ...
Pipeline is PREROLLING ...
Got context from element 'vapostproc3': gst.va.display.handle=context, gst-display=(GstObject)"\(GstVaDisplayDrm\)\ vadisplaydrm2", description=(string)"Intel\(R\)\ Gen\ Graphics", path=(string)/dev/dri/renderD128;
Redistribute latency...
Redistribute latency...
Redistribute latency...
Redistribute latency...
Redistribute latency...
Redistribute latency...
Redistribute latency...
Redistribute latency...

** (gst-launch-1.0:1): WARNING **: 15:31:50.125: Model quantization runtime (2023.3.0-13775-ceeafaf64f3-releases/2023/3) does not match current runtime (2025.2.0-19140-c01cd93e24d-releases/2025/2). Results may be inaccurate. Please re-quantize the model with the current runtime version.
Redistribute latency...
Redistribute latency...
Redistribute latency...
Pipeline is PREROLLED ...
Setting pipeline to PLAYING ...
Redistribute latency...
New clock: GstSystemClock
0:00:03.596798420 [32m    1[00m 0x708458001170 [37mTRACE  [00m [00;34m          GST_TRACER :0::[00m latency_tracer_pipeline, frame_latency=(double)0.277575, avg=(double)0.277575, min=(double)0.277575, max=(double)0.277575, latency=(double)22.279897, fps=(double)44.883511, frame_num=(uint)1;
0:00:03.597551153 [32m    1[00m 0x708458001170 [37mTRACE  [00m [00;34m          GST_TRACER :0::[00m latency_tracer_pipeline, frame_latency=(double)21.626487, avg=(double)10.952031, min=(double)0.277575, max=(double)21.626487, latency=(double)11.523807, fps=(double)86.776879, frame_num=(uint)2;
0:00:03.619881219 [32m    1[00m 0x708458001170 [37mTRACE  [00m [00;34m          GST_TRACER :0::[00m latency_tracer_pipeline, frame_latency=(double)41.358239, avg=(double)21.087434, min=(double)0.277575, max=(double)41.358239, latency=(double)15.127357, fps=(double)66.105400, frame_num=(uint)3;
0:00:03.620551758 [32m    1[00m 0x708458001170 [37mTRACE  [00m [00;34m          GST_TRACER :0::[00m latency_tracer_pipeline, frame_latency=(double)22.622979, avg=(double)21.471320, min=(double)0.277575, max=(double)41.358239, latency=(double)11.512301, fps=(double)86.863604, frame_num=(uint)4;
0:00:03.642259309 [32m    1[00m 0x708458001170 [37mTRACE  [00m [00;34m          GST_TRACER :0::[00m latency_tracer_pipeline, frame_latency=(double)41.614311, avg=(double)25.499918, min=(double)0.277575, max=(double)41.614311, latency=(double)13.552020, fps=(double)73.789739, frame_num=(uint)5;
0:00:03.643218683 [32m    1[00m 0x708458001170 [37mTRACE  [00m [00;34m          GST_TRACER :0::[00m latency_tracer_pipeline, frame_latency=(double)22.338569, avg=(double)24.973027, min=(double)0.277575, max=(double)41.614311, latency=(double)11.452375, fps=(double)87.318131, frame_num=(uint)6;
0:00:03.665400308 [32m    1[00m 0x708458001170 [37mTRACE  [00m [00;34m          GST_TRACER :0::[00m latency_tracer_pipeline, frame_latency=(double)41.640277, avg=(double)27.354062, min=(double)0.277575, max=(double)41.640277, latency=(double)12.986115, fps=(double)77.005325, frame_num=(uint)7;
0:00:03.666447103 [32m    1[00m 0x708458001170 [37mTRACE  [00m [00;34m          GST_TRACER :0::[00m latency_tracer_pipeline, frame_latency=(double)23.044028, avg=(double)26.815308, min=(double)0.277575, max=(double)41.640277, latency=(double)11.492423, fps=(double)87.013849, frame_num=(uint)8;
0:00:03.688966355 [32m    1[00m 0x708458001170 [37mTRACE  [00m [00;34m          GST_TRACER :0::[00m latency_tracer_pipeline, frame_latency=(double)41.372011, avg=(double)28.432720, min=(double)0.277575, max=(double)41.640277, latency=(double)12.718166, fps=(double)78.627688, frame_num=(uint)9;
0:00:03.689582824 [32m    1[00m 0x708458001170 [37mTRACE  [00m [00;34m          GST_TRACER :0::[00m latency_tracer_pipeline, frame_latency=(double)22.662878, avg=(double)27.855735, min=(double)0.277575, max=(double)41.640277, latency=(double)11.508895, fps=(double)86.889312, frame_num=(uint)10;
0:00:03.712664055 [32m    1[00m 0x708458001170 [37mTRACE  [00m [00;34m          GST_TRACER :0::[00m latency_tracer_pipeline, frame_latency=(double)41.720503, avg=(double)29.116169, min=(double)0.277575, max=(double)41.720503, latency=(double)12.560454, fps=(double)79.614958, frame_num=(uint)11;
0:00:03.713204544 [32m    1[00m 0x708458001170 [37mTRACE  [00m [00;34m          GST_TRACER :0::[00m latency_tracer_pipeline, frame_latency=(double)22.215344, avg=(double)28.541100, min=(double)0.277575, max=(double)41.720503, latency=(double)11.559287, fps=(double)86.510527, frame_num=(uint)12;
0:00:03.735846332 [32m    1[00m 0x708458001170 [37mTRACE  [00m [00;34m          GST_TRACER :0::[00m latency_tracer_pipeline, frame_latency=(double)41.414219, avg=(double)29.531340, min=(double)0.277575, max=(double)41.720503, latency=(double)12.411146, fps=(double)80.572738, frame_num=(uint)13;
0:00:03.736714615 [32m    1[00m 0x708458001170 [37mTRACE  [00m [00;34m          GST_TRACER :0::[00m latency_tracer_pipeline, frame_latency=(double)23.111327, avg=(double)29.072768, min=(double)0.277575, max=(double)41.720503, latency=(double)11.586948, fps=(double)86.304004, frame_num=(uint)14;
0:00:03.759313996 [32m    1[00m 0x708458001170 [37mTRACE  [00m [00;34m          GST_TRACER :0::[00m latency_tracer_pipeline, frame_latency=(double)42.015871, avg=(double)29.935641, min=(double)0.277575, max=(double)42.015871, latency=(double)12.320386, fps=(double)81.166287, frame_num=(uint)15;
0:00:03.760123734 [32m    1[00m 0x708458001170 [37mTRACE  [00m [00;34m          GST_TRACER :0::[00m latency_tracer_pipeline, frame_latency=(double)23.272315, avg=(double)29.519183, min=(double)0.277575, max=(double)42.015871, latency=(double)11.601812, fps=(double)86.193436, frame_num=(uint)16;
0:00:03.784018904 [32m    1[00m 0x708458001170 [37mTRACE  [00m [00;34m          GST_TRACER :0::[00m latency_tracer_pipeline, frame_latency=(double)44.512238, avg=(double)30.401128, min=(double)0.277575, max=(double)44.512238, latency=(double)12.324288, fps=(double)81.140588, frame_num=(uint)17;
0:00:03.784738308 [32m    1[00m 0x708458001170 [37mTRACE  [00m [00;34m          GST_TRACER :0::[00m latency_tracer_pipeline, frame_latency=(double)24.187639, avg=(double)30.055934, min=(double)0.277575, max=(double)44.512238, latency=(double)11.680234, fps=(double)85.614724, frame_num=(uint)18;
0:00:03.807407300 [32m    1[00m 0x708458001170 [37mTRACE  [00m [00;34m          GST_TRACER :0::[00m latency_tracer_pipeline, frame_latency=(double)43.300181, avg=(double)30.753000, min=(double)0.277575, max=(double)44.512238, latency=(double)12.258094, fps=(double)81.578751, frame_num=(uint)19;
0:00:03.808224346 [32m    1[00m 0x708458001170 [37mTRACE  [00m [00;34m          GST_TRACER :0::[00m latency_tracer_pipeline, frame_latency=(double)23.619953, avg=(double)30.396347, min=(double)0.277575, max=(double)44.512238, latency=(double)11.686161, fps=(double)85.571303, frame_num=(uint)20;
0:00:03.808256622 [32m    1[00m 0x708458001170 [37mTRACE  [00m [00;34m          GST_TRACER :0::[00m latency_tracer_pipeline, frame_latency=(double)21.252395, avg=(double)29.960921, min=(double)0.277575, max=(double)44.512238, latency=(double)11.131653, fps=(double)89.833922, frame_num=(uint)21;
0:00:03.831106028 [32m    1[00m 0x708458001170 [37mTRACE  [00m [00;34m          GST_TRACER :0::[00m latency_tracer_pipeline, frame_latency=(double)40.810886, avg=(double)30.454101, min=(double)0.277575, max=(double)44.512238, latency=(double)11.663709, fps=(double)85.736022, frame_num=(uint)22;
0:00:03.831983425 [32m    1[00m 0x708458001170 [37mTRACE  [00m [00;34m          GST_TRACER :0::[00m latency_tracer_pipeline, frame_latency=(double)21.600147, avg=(double)30.069147, min=(double)0.277575, max=(double)44.512238, latency=(double)11.194835, fps=(double)89.326907, frame_num=(uint)23;
0:00:03.855336007 [32m    1[00m 0x708458001170 [37mTRACE  [00m [00;34m          GST_TRACER :0::[00m latency_tracer_pipeline, frame_latency=(double)41.097160, avg=(double)30.528647, min=(double)0.277575, max=(double)44.512238, latency=(double)11.701337, fps=(double)85.460323, frame_num=(uint)24;
0:00:03.856073472 [32m    1[00m 0x708458001170 [37mTRACE  [00m [00;34m          GST_TRACER :0::[00m latency_tracer_pipeline, frame_latency=(double)22.118430, avg=(double)30.192238, min=(double)0.277575, max=(double)44.512238, latency=(double)11.262854, fps=(double)88.787439, frame_num=(uint)25;
0:00:03.879807433 [32m    1[00m 0x708458001170 [37mTRACE  [00m [00;34m          GST_TRACER :0::[00m latency_tracer_pipeline, frame_latency=(double)42.661691, avg=(double)30.671833, min=(double)0.277575, max=(double)44.512238, latency=(double)11.742325, fps=(double)85.162014, frame_num=(uint)26;
0:00:03.880991690 [32m    1[00m 0x708458001170 [37mTRACE  [00m [00;34m          GST_TRACER :0::[00m latency_tracer_pipeline, frame_latency=(double)22.120390, avg=(double)30.355113, min=(double)0.277575, max=(double)44.512238, latency=(double)11.351657, fps=(double)88.092868, frame_num=(uint)27;
0:00:03.904072952 [32m    1[00m 0x708458001170 [37mTRACE  [00m [00;34m          GST_TRACER :0::[00m latency_tracer_pipeline, frame_latency=(double)41.775196, avg=(double)30.762973, min=(double)0.277575, max=(double)44.512238, latency=(double)11.770460, fps=(double)84.958447, frame_num=(uint)28;
0:00:03.904511218 [32m    1[00m 0x708458001170 [37mTRACE  [00m [00;34m          GST_TRACER :0::[00m latency_tracer_pipeline, frame_latency=(double)22.878909, avg=(double)30.491109, min=(double)0.277575, max=(double)44.512238, latency=(double)11.379886, fps=(double)87.874343, frame_num=(uint)29;
0:00:03.927914173 [32m    1[00m 0x708458001170 [37mTRACE  [00m [00;34m          GST_TRACER :0::[00m latency_tracer_pipeline, frame_latency=(double)42.632033, avg=(double)30.895806, min=(double)0.277575, max=(double)44.512238, latency=(double)11.780454, fps=(double)84.886375, frame_num=(uint)30;
0:00:03.928904592 [32m    1[00m 0x708458001170 [37mTRACE  [00m [00;34m          GST_TRACER :0::[00m latency_tracer_pipeline, frame_latency=(double)24.214090, avg=(double)30.680267, min=(double)0.277575, max=(double)44.512238, latency=(double)11.432597, fps=(double)87.469187, frame_num=(uint)31;
0:00:03.952461117 [32m    1[00m 0x708458001170 [37mTRACE  [00m [00;34m          GST_TRACER :0::[00m latency_tracer_pipeline, frame_latency=(double)45.728552, avg=(double)31.150526, min=(double)0.277575, max=(double)45.728552, latency=(double)11.811211, fps=(double)84.665325, frame_num=(uint)32;
0:00:03.953344842 [32m    1[00m 0x708458001170 [37mTRACE  [00m [00;34m          GST_TRACER :0::[00m latency_tracer_pipeline, frame_latency=(double)25.189607, avg=(double)30.969892, min=(double)0.277575, max=(double)45.728552, latency=(double)11.480355, fps=(double)87.105324, frame_num=(uint)33;
0:00:03.975777859 [32m    1[00m 0x708458001170 [37mTRACE  [00m [00;34m          GST_TRACER :0::[00m latency_tracer_pipeline, frame_latency=(double)43.871383, avg=(double)31.349347, min=(double)0.277575, max=(double)45.728552, latency=(double)11.802328, fps=(double)84.729046, frame_num=(uint)34;
0:00:03.976538397 [32m    1[00m 0x708458001170 [37mTRACE  [00m [00;34m          GST_TRACER :0::[00m latency_tracer_pipeline, frame_latency=(double)23.893037, avg=(double)31.136310, min=(double)0.277575, max=(double)45.728552, latency=(double)11.486905, fps=(double)87.055648, frame_num=(uint)35;
0:00:03.976559065 [32m    1[00m 0x708458001170 [37mTRACE  [00m [00;34m          GST_TRACER :0::[00m latency_tracer_pipeline, frame_latency=(double)21.259762, avg=(double)30.861961, min=(double)0.277575, max=(double)45.728552, latency=(double)11.168578, fps=(double)89.536917, frame_num=(uint)36;
0:00:04.000152671 [32m    1[00m 0x708458001170 [37mTRACE  [00m [00;34m          GST_TRACER :0::[00m latency_tracer_pipeline, frame_latency=(double)42.205538, avg=(double)31.168545, min=(double)0.277575, max=(double)45.728552, latency=(double)11.504120, fps=(double)86.925380, frame_num=(uint)37;
0:00:04.000548809 [32m    1[00m 0x708458001170 [37mTRACE  [00m [00;34m          GST_TRACER :0::[00m latency_tracer_pipeline, frame_latency=(double)21.603778, avg=(double)30.916840, min=(double)0.277575, max=(double)45.728552, latency=(double)11.211732, fps=(double)89.192289, frame_num=(uint)38;
0:00:04.024127495 [32m    1[00m 0x708458001170 [37mTRACE  [00m [00;34m          GST_TRACER :0::[00m latency_tracer_pipeline, frame_latency=(double)41.728572, avg=(double)31.194064, min=(double)0.277575, max=(double)45.728552, latency=(double)11.528906, fps=(double)86.738500, frame_num=(uint)39;
0:00:04.024794158 [32m    1[00m 0x708458001170 [37mTRACE  [00m [00;34m          GST_TRACER :0::[00m latency_tracer_pipeline, frame_latency=(double)21.788073, avg=(double)30.958914, min=(double)0.277575, max=(double)45.728552, latency=(double)11.257119, fps=(double)88.832676, frame_num=(uint)40;
0:00:04.047971680 [32m    1[00m 0x708458001170 [37mTRACE  [00m [00;34m          GST_TRACER :0::[00m latency_tracer_pipeline, frame_latency=(double)41.230925, avg=(double)31.209451, min=(double)0.277575, max=(double)45.728552, latency=(double)11.548089, fps=(double)86.594417, frame_num=(uint)41;
0:00:04.048365640 [32m    1[00m 0x708458001170 [37mTRACE  [00m [00;34m          GST_TRACER :0::[00m latency_tracer_pipeline, frame_latency=(double)22.675638, avg=(double)31.006265, min=(double)0.277575, max=(double)45.728552, latency=(double)11.282515, fps=(double)88.632717, frame_num=(uint)42;
0:00:04.071325465 [32m    1[00m 0x708458001170 [37mTRACE  [00m [00;34m          GST_TRACER :0::[00m latency_tracer_pipeline, frame_latency=(double)40.585560, avg=(double)31.229039, min=(double)0.277575, max=(double)45.728552, latency=(double)11.553862, fps=(double)86.551146, frame_num=(uint)43;
0:00:04.071983115 [32m    1[00m 0x708458001170 [37mTRACE  [00m [00;34m          GST_TRACER :0::[00m latency_tracer_pipeline, frame_latency=(double)22.479041, avg=(double)31.030176, min=(double)0.277575, max=(double)45.728552, latency=(double)11.306660, fps=(double)88.443449, frame_num=(uint)44;
0:00:04.093862284 [32m    1[00m 0x708458001170 [37mTRACE  [00m [00;34m          GST_TRACER :0::[00m latency_tracer_pipeline, frame_latency=(double)42.217405, avg=(double)31.278781, min=(double)0.277575, max=(double)45.728552, latency=(double)11.541245, fps=(double)86.645766, frame_num=(uint)45;
0:00:04.094862690 [32m    1[00m 0x708458001170 [37mTRACE  [00m [00;34m          GST_TRACER :0::[00m latency_tracer_pipeline, frame_latency=(double)22.068795, avg=(double)31.078564, min=(double)0.277575, max=(double)45.728552, latency=(double)11.312458, fps=(double)88.398117, frame_num=(uint)46;
0:00:04.117083471 [32m    1[00m 0x708458001170 [37mTRACE  [00m [00;34m          GST_TRACER :0::[00m latency_tracer_pipeline, frame_latency=(double)42.073155, avg=(double)31.312491, min=(double)0.277575, max=(double)45.728552, latency=(double)11.544203, fps=(double)86.623566, frame_num=(uint)47;
0:00:04.118182030 [32m    1[00m 0x708458001170 [37mTRACE  [00m [00;34m          GST_TRACER :0::[00m latency_tracer_pipeline, frame_latency=(double)22.385785, avg=(double)31.126518, min=(double)0.277575, max=(double)45.728552, latency=(double)11.326785, fps=(double)88.286309, frame_num=(uint)48;
0:00:04.140383795 [32m    1[00m 0x708458001170 [37mTRACE  [00m [00;34m          GST_TRACER :0::[00m latency_tracer_pipeline, frame_latency=(double)42.664382, avg=(double)31.361985, min=(double)0.277575, max=(double)45.728552, latency=(double)11.548675, fps=(double)86.590024, frame_num=(uint)49;
0:00:04.141273755 [32m    1[00m 0x708458001170 [37mTRACE  [00m [00;34m          GST_TRACER :0::[00m latency_tracer_pipeline, frame_latency=(double)23.558079, avg=(double)31.205907, min=(double)0.277575, max=(double)45.728552, latency=(double)11.335547, fps=(double)88.218064, frame_num=(uint)50;
0:00:04.163458231 [32m    1[00m 0x708458001170 [37mTRACE  [00m [00;34m          GST_TRACER :0::[00m latency_tracer_pipeline, frame_latency=(double)42.034241, avg=(double)31.418227, min=(double)0.277575, max=(double)45.728552, latency=(double)11.548133, fps=(double)86.594083, frame_num=(uint)51;
0:00:04.164168692 [32m    1[00m 0x708458001170 [37mTRACE  [00m [00;34m          GST_TRACER :0::[00m latency_tracer_pipeline, frame_latency=(double)23.555643, avg=(double)31.267023, min=(double)0.277575, max=(double)45.728552, latency=(double)11.339957, fps=(double)88.183756, frame_num=(uint)52;
0:00:04.186877724 [32m    1[00m 0x708458001170 [37mTRACE  [00m [00;34m          GST_TRACER :0::[00m latency_tracer_pipeline, frame_latency=(double)43.647464, avg=(double)31.500617, min=(double)0.277575, max=(double)45.728552, latency=(double)11.554156, fps=(double)86.548942, frame_num=(uint)53;
0:00:04.187999117 [32m    1[00m 0x708458001170 [37mTRACE  [00m [00;34m          GST_TRACER :0::[00m latency_tracer_pipeline, frame_latency=(double)23.967236, avg=(double)31.361110, min=(double)0.277575, max=(double)45.728552, latency=(double)11.361031, fps=(double)88.020179, frame_num=(uint)54;
0:00:04.211077116 [32m    1[00m 0x708458001170 [37mTRACE  [00m [00;34m          GST_TRACER :0::[00m latency_tracer_pipeline, frame_latency=(double)43.988706, avg=(double)31.590702, min=(double)0.277575, max=(double)45.728552, latency=(double)11.573940, fps=(double)86.401001, frame_num=(uint)55;
0:00:04.211753595 [32m    1[00m 0x708458001170 [37mTRACE  [00m [00;34m          GST_TRACER :0::[00m latency_tracer_pipeline, frame_latency=(double)24.277575, avg=(double)31.460111, min=(double)0.277575, max=(double)45.728552, latency=(double)11.379431, fps=(double)87.877856, frame_num=(uint)56;
0:00:04.234573521 [32m    1[00m 0x708458001170 [37mTRACE  [00m [00;34m          GST_TRACER :0::[00m latency_tracer_pipeline, frame_latency=(double)42.916245, avg=(double)31.661096, min=(double)0.277575, max=(double)45.728552, latency=(double)11.580080, fps=(double)86.355191, frame_num=(uint)57;
0:00:04.235553263 [32m    1[00m 0x708458001170 [37mTRACE  [00m [00;34m          GST_TRACER :0::[00m latency_tracer_pipeline, frame_latency=(double)24.153431, avg=(double)31.531653, min=(double)0.277575, max=(double)45.728552, latency=(double)11.397555, fps=(double)87.738120, frame_num=(uint)58;
0:00:04.257029103 [32m    1[00m 0x708458001170 [37mTRACE  [00m [00;34m          GST_TRACER :0::[00m latency_tracer_pipeline, frame_latency=(double)42.865787, avg=(double)31.723757, min=(double)0.277575, max=(double)45.728552, latency=(double)11.568330, fps=(double)86.442898, frame_num=(uint)59;
0:00:04.258479269 [32m    1[00m 0x708458001170 [37mTRACE  [00m [00;34m          GST_TRACER :0::[00m latency_tracer_pipeline, frame_latency=(double)23.503307, avg=(double)31.586750, min=(double)0.277575, max=(double)45.728552, latency=(double)11.399451, fps=(double)87.723520, frame_num=(uint)60;
0:00:04.280927276 [32m    1[00m 0x708458001170 [37mTRACE  [00m [00;34m          GST_TRACER :0::[00m latency_tracer_pipeline, frame_latency=(double)43.004695, avg=(double)31.773929, min=(double)0.277575, max=(double)45.728552, latency=(double)11.580619, fps=(double)86.351169, frame_num=(uint)61;
0:00:04.281725689 [32m    1[00m 0x708458001170 [37mTRACE  [00m [00;34m          GST_TRACER :0::[00m latency_tracer_pipeline, frame_latency=(double)23.771582, avg=(double)31.644859, min=(double)0.277575, max=(double)45.728552, latency=(double)11.406963, fps=(double)87.665755, frame_num=(uint)62;
0:00:04.303746929 [32m    1[00m 0x708458001170 [37mTRACE  [00m [00;34m          GST_TRACER :0::[00m latency_tracer_pipeline, frame_latency=(double)41.040455, avg=(double)31.793995, min=(double)0.277575, max=(double)45.728552, latency=(double)11.575319, fps=(double)86.390706, frame_num=(uint)63;
0:00:04.304861254 [32m    1[00m 0x708458001170 [37mTRACE  [00m [00;34m          GST_TRACER :0::[00m latency_tracer_pipeline, frame_latency=(double)22.251861, avg=(double)31.644899, min=(double)0.277575, max=(double)45.728552, latency=(double)11.411970, fps=(double)87.627287, frame_num=(uint)64;
0:00:04.326887185 [32m    1[00m 0x708458001170 [37mTRACE  [00m [00;34m          GST_TRACER :0::[00m latency_tracer_pipeline, frame_latency=(double)40.207329, avg=(double)31.776629, min=(double)0.277575, max=(double)45.728552, latency=(double)11.575212, fps=(double)86.391506, frame_num=(uint)65;
0:00:04.327415131 [32m    1[00m 0x708458001170 [37mTRACE  [00m [00;34m          GST_TRACER :0::[00m latency_tracer_pipeline, frame_latency=(double)21.170824, avg=(double)31.615935, min=(double)0.277575, max=(double)45.728552, latency=(double)11.407944, fps=(double)87.658215, frame_num=(uint)66;
0:00:04.350438132 [32m    1[00m 0x708458001170 [37mTRACE  [00m [00;34m          GST_TRACER :0::[00m latency_tracer_pipeline, frame_latency=(double)40.873490, avg=(double)31.754108, min=(double)0.277575, max=(double)45.728552, latency=(double)11.581192, fps=(double)86.346898, frame_num=(uint)67;
0:00:04.351760224 [32m    1[00m 0x708458001170 [37mTRACE  [00m [00;34m          GST_TRACER :0::[00m latency_tracer_pipeline, frame_latency=(double)22.141313, avg=(double)31.612743, min=(double)0.277575, max=(double)45.728552, latency=(double)11.430379, fps=(double)87.486163, frame_num=(uint)68;
0:00:04.373553673 [32m    1[00m 0x708458001170 [37mTRACE  [00m [00;34m          GST_TRACER :0::[00m latency_tracer_pipeline, frame_latency=(double)40.870288, avg=(double)31.746910, min=(double)0.277575, max=(double)45.728552, latency=(double)11.580438, fps=(double)86.352523, frame_num=(uint)69;
0:00:04.374286649 [32m    1[00m 0x708458001170 [37mTRACE  [00m [00;34m          GST_TRACER :0::[00m latency_tracer_pipeline, frame_latency=(double)21.646931, avg=(double)31.602625, min=(double)0.277575, max=(double)45.728552, latency=(double)11.425603, fps=(double)87.522736, frame_num=(uint)70;
0:00:04.396864633 [32m    1[00m 0x708458001170 [37mTRACE  [00m [00;34m          GST_TRACER :0::[00m latency_tracer_pipeline, frame_latency=(double)41.344299, avg=(double)31.739832, min=(double)0.277575, max=(double)45.728552, latency=(double)11.582636, fps=(double)86.336134, frame_num=(uint)71;
0:00:04.397684157 [32m    1[00m 0x708458001170 [37mTRACE  [00m [00;34m          GST_TRACER :0::[00m latency_tracer_pipeline, frame_latency=(double)21.877175, avg=(double)31.602850, min=(double)0.277575, max=(double)45.728552, latency=(double)11.433172, fps=(double)87.464792, frame_num=(uint)72;
0:00:04.420542427 [32m    1[00m 0x708458001170 [37mTRACE  [00m [00;34m          GST_TRACER :0::[00m latency_tracer_pipeline, frame_latency=(double)41.298988, avg=(double)31.735674, min=(double)0.277575, max=(double)45.728552, latency=(double)11.589631, fps=(double)86.284025, frame_num=(uint)73;
0:00:04.421409443 [32m    1[00m 0x708458001170 [37mTRACE  [00m [00;34m          GST_TRACER :0::[00m latency_tracer_pipeline, frame_latency=(double)22.297968, avg=(double)31.608137, min=(double)0.277575, max=(double)45.728552, latency=(double)11.444788, fps=(double)87.376017, frame_num=(uint)74;
0:00:04.443936025 [32m    1[00m 0x708458001170 [37mTRACE  [00m [00;34m          GST_TRACER :0::[00m latency_tracer_pipeline, frame_latency=(double)41.845658, avg=(double)31.744638, min=(double)0.277575, max=(double)45.728552, latency=(double)11.592490, fps=(double)86.262744, frame_num=(uint)75;
0:00:04.444546383 [32m    1[00m 0x708458001170 [37mTRACE  [00m [00;34m          GST_TRACER :0::[00m latency_tracer_pipeline, frame_latency=(double)21.795974, avg=(double)31.613734, min=(double)0.277575, max=(double)45.728552, latency=(double)11.447937, fps=(double)87.351981, frame_num=(uint)76;
0:00:04.466937386 [32m    1[00m 0x708458001170 [37mTRACE  [00m [00;34m          GST_TRACER :0::[00m latency_tracer_pipeline, frame_latency=(double)42.305614, avg=(double)31.752590, min=(double)0.277575, max=(double)45.728552, latency=(double)11.589978, fps=(double)86.281443, frame_num=(uint)77;
0:00:04.467780848 [32m    1[00m 0x708458001170 [37mTRACE  [00m [00;34m          GST_TRACER :0::[00m latency_tracer_pipeline, frame_latency=(double)23.545635, avg=(double)31.647372, min=(double)0.277575, max=(double)45.728552, latency=(double)11.452378, fps=(double)87.318113, frame_num=(uint)78;
0:00:04.489918475 [32m    1[00m 0x708458001170 [37mTRACE  [00m [00;34m          GST_TRACER :0::[00m latency_tracer_pipeline, frame_latency=(double)41.981026, avg=(double)31.778178, min=(double)0.277575, max=(double)45.728552, latency=(double)11.587498, fps=(double)86.299908, frame_num=(uint)79;
0:00:04.490487629 [32m    1[00m 0x708458001170 [37mTRACE  [00m [00;34m          GST_TRACER :0::[00m latency_tracer_pipeline, frame_latency=(double)22.912750, avg=(double)31.667360, min=(double)0.277575, max=(double)45.728552, latency=(double)11.449888, fps=(double)87.337102, frame_num=(uint)80;
0:00:04.490528926 [32m    1[00m 0x708458001170 [37mTRACE  [00m [00;34m          GST_TRACER :0::[00m latency_tracer_pipeline, frame_latency=(double)20.991156, avg=(double)31.535555, min=(double)0.277575, max=(double)45.728552, latency=(double)11.309063, fps=(double)88.424654, frame_num=(uint)81;
0:00:04.513845149 [32m    1[00m 0x708458001170 [37mTRACE  [00m [00;34m          GST_TRACER :0::[00m latency_tracer_pipeline, frame_latency=(double)42.182244, avg=(double)31.665393, min=(double)0.277575, max=(double)45.728552, latency=(double)11.455375, fps=(double)87.295267, frame_num=(uint)82;
0:00:04.514536790 [32m    1[00m 0x708458001170 [37mTRACE  [00m [00;34m          GST_TRACER :0::[00m latency_tracer_pipeline, frame_latency=(double)23.849483, avg=(double)31.571225, min=(double)0.277575, max=(double)45.728552, latency=(double)11.325815, fps=(double)88.293867, frame_num=(uint)83;
0:00:04.537597750 [32m    1[00m 0x708458001170 [37mTRACE  [00m [00;34m          GST_TRACER :0::[00m latency_tracer_pipeline, frame_latency=(double)44.073793, avg=(double)31.720066, min=(double)0.277575, max=(double)45.728552, latency=(double)11.465407, fps=(double)87.218881, frame_num=(uint)84;
0:00:04.538347492 [32m    1[00m 0x708458001170 [37mTRACE  [00m [00;34m          GST_TRACER :0::[00m latency_tracer_pipeline, frame_latency=(double)24.172863, avg=(double)31.631275, min=(double)0.277575, max=(double)45.728552, latency=(double)11.339381, fps=(double)88.188237, frame_num=(uint)85;
0:00:04.538382998 [32m    1[00m 0x708458001170 [37mTRACE  [00m [00;34m          GST_TRACER :0::[00m latency_tracer_pipeline, frame_latency=(double)21.389465, avg=(double)31.512184, min=(double)0.277575, max=(double)45.728552, latency=(double)11.208021, fps=(double)89.221820, frame_num=(uint)86;
0:00:04.561810470 [32m    1[00m 0x708458001170 [37mTRACE  [00m [00;34m          GST_TRACER :0::[00m latency_tracer_pipeline, frame_latency=(double)42.182522, avg=(double)31.634832, min=(double)0.277575, max=(double)45.728552, latency=(double)11.348324, fps=(double)88.118736, frame_num=(uint)87;
0:00:04.562504186 [32m    1[00m 0x708458001170 [37mTRACE  [00m [00;34m          GST_TRACER :0::[00m latency_tracer_pipeline, frame_latency=(double)23.241566, avg=(double)31.539454, min=(double)0.277575, max=(double)45.728552, latency=(double)11.227297, fps=(double)89.068635, frame_num=(uint)88;
FpsCounter(last 1.01sec): total=341.06 fps, number-streams=4, per-stream=85.27 fps (88.97, 87.00, 84.03, 81.06)
latency: -1175.95ms (-1233.09, -1227.08, -1142.52, -1093.01)
0:00:04.585154030 [32m    1[00m 0x708458001170 [37mTRACE  [00m [00;34m          GST_TRACER :0::[00m latency_tracer_pipeline, frame_latency=(double)43.326272, avg=(double)31.671890, min=(double)0.277575, max=(double)45.728552, latency=(double)11.355623, fps=(double)88.062097, frame_num=(uint)89;
0:00:04.585172158 [32m    1[00m 0x708458001170 [37mTRACE  [00m [00;34m          GST_TRACER :0::[00m latency_tracer_pipeline_interval, interval=(double)1010.650478, avg=(double)31.671890, min=(double)0.277575, max=(double)45.728552, latency=(double)11.355623, fps=(double)88.062097;
0:00:04.586020934 [32m    1[00m 0x708458001170 [37mTRACE  [00m [00;34m          GST_TRACER :0::[00m latency_tracer_pipeline, frame_latency=(double)23.791439, avg=(double)31.584329, min=(double)0.277575, max=(double)45.728552, latency=(double)11.239099, fps=(double)88.975104, frame_num=(uint)90;
0:00:04.586061342 [32m    1[00m 0x708458001170 [37mTRACE  [00m [00;34m          GST_TRACER :0::[00m latency_tracer_pipeline, frame_latency=(double)21.432268, avg=(double)31.472768, min=(double)0.277575, max=(double)45.728552, latency=(double)11.116131, fps=(double)89.959355, frame_num=(uint)91;
0:00:04.608228969 [32m    1[00m 0x708458001170 [37mTRACE  [00m [00;34m          GST_TRACER :0::[00m latency_tracer_pipeline, frame_latency=(double)41.680067, avg=(double)31.583717, min=(double)0.277575, max=(double)45.728552, latency=(double)11.236143, fps=(double)88.998513, frame_num=(uint)92;
0:00:04.609036162 [32m    1[00m 0x708458001170 [37mTRACE  [00m [00;34m          GST_TRACER :0::[00m latency_tracer_pipeline, frame_latency=(double)23.425565, avg=(double)31.495995, min=(double)0.277575, max=(double)45.728552, latency=(double)11.124051, fps=(double)89.895308, frame_num=(uint)93;
0:00:04.631117580 [32m    1[00m 0x708458001170 [37mTRACE  [00m [00;34m          GST_TRACER :0::[00m latency_tracer_pipeline, frame_latency=(double)42.074046, avg=(double)31.608527, min=(double)0.277575, max=(double)45.728552, latency=(double)11.240562, fps=(double)88.963522, frame_num=(uint)94;
0:00:04.632628820 [32m    1[00m 0x708458001170 [37mTRACE  [00m [00;34m          GST_TRACER :0::[00m latency_tracer_pipeline, frame_latency=(double)24.176015, avg=(double)31.530290, min=(double)0.277575, max=(double)45.728552, latency=(double)11.138186, fps=(double)89.781228, frame_num=(uint)95;
0:00:04.654694035 [32m    1[00m 0x708458001170 [37mTRACE  [00m [00;34m          GST_TRACER :0::[00m latency_tracer_pipeline, frame_latency=(double)43.757991, avg=(double)31.657662, min=(double)0.277575, max=(double)45.728552, latency=(double)11.251981, fps=(double)88.873239, frame_num=(uint)96;
0:00:04.656133713 [32m    1[00m 0x708458001170 [37mTRACE  [00m [00;34m          GST_TRACER :0::[00m latency_tracer_pipeline, frame_latency=(double)24.758986, avg=(double)31.586542, min=(double)0.277575, max=(double)45.728552, latency=(double)11.150662, fps=(double)89.680777, frame_num=(uint)97;
0:00:04.678488313 [32m    1[00m 0x708458001170 [37mTRACE  [00m [00;34m          GST_TRACER :0::[00m latency_tracer_pipeline, frame_latency=(double)43.360620, avg=(double)31.706686, min=(double)0.277575, max=(double)45.728552, latency=(double)11.264961, fps=(double)88.770832, frame_num=(uint)98;
0:00:04.679801784 [32m    1[00m 0x708458001170 [37mTRACE  [00m [00;34m          GST_TRACER :0::[00m latency_tracer_pipeline, frame_latency=(double)24.847852, avg=(double)31.637404, min=(double)0.277575, max=(double)45.728552, latency=(double)11.164639, fps=(double)89.568500, frame_num=(uint)99;
0:00:04.702514658 [32m    1[00m 0x708458001170 [37mTRACE  [00m [00;34m          GST_TRACER :0::[00m latency_tracer_pipeline, frame_latency=(double)43.806068, avg=(double)31.759091, min=(double)0.277575, max=(double)45.728552, latency=(double)11.280057, fps=(double)88.652034, frame_num=(uint)100;
0:00:04.704020264 [32m    1[00m 0x708458001170 [37mTRACE  [00m [00;34m          GST_TRACER :0::[00m latency_tracer_pipeline, frame_latency=(double)25.282847, avg=(double)31.694970, min=(double)0.277575, max=(double)45.728552, latency=(double)11.183252, fps=(double)89.419429, frame_num=(uint)101;
0:00:04.725751536 [32m    1[00m 0x708458001170 [37mTRACE  [00m [00;34m          GST_TRACER :0::[00m latency_tracer_pipeline, frame_latency=(double)44.086053, avg=(double)31.816451, min=(double)0.277575, max=(double)45.728552, latency=(double)11.286682, fps=(double)88.600000, frame_num=(uint)102;
0:00:04.727393514 [32m    1[00m 0x708458001170 [37mTRACE  [00m [00;34m          GST_TRACER :0::[00m latency_tracer_pipeline, frame_latency=(double)23.515622, avg=(double)31.735860, min=(double)0.277575, max=(double)45.728552, latency=(double)11.193074, fps=(double)89.340962, frame_num=(uint)103;
0:00:04.749488080 [32m    1[00m 0x708458001170 [37mTRACE  [00m [00;34m          GST_TRACER :0::[00m latency_tracer_pipeline, frame_latency=(double)42.845458, avg=(double)31.842684, min=(double)0.277575, max=(double)45.728552, latency=(double)11.297719, fps=(double)88.513441, frame_num=(uint)104;
0:00:04.750936957 [32m    1[00m 0x708458001170 [37mTRACE  [00m [00;34m          GST_TRACER :0::[00m latency_tracer_pipeline, frame_latency=(double)23.703118, avg=(double)31.765164, min=(double)0.277575, max=(double)45.728552, latency=(double)11.204106, fps=(double)89.252994, frame_num=(uint)105;
0:00:04.773494653 [32m    1[00m 0x708458001170 [37mTRACE  [00m [00;34m          GST_TRACER :0::[00m latency_tracer_pipeline, frame_latency=(double)43.021107, avg=(double)31.871352, min=(double)0.277575, max=(double)45.728552, latency=(double)11.310986, fps=(double)88.409624, frame_num=(uint)106;
0:00:04.774037075 [32m    1[00m 0x708458001170 [37mTRACE  [00m [00;34m          GST_TRACER :0::[00m latency_tracer_pipeline, frame_latency=(double)24.202048, avg=(double)31.799676, min=(double)0.277575, max=(double)45.728552, latency=(double)11.210600, fps=(double)89.201290, frame_num=(uint)107;
0:00:04.797118642 [32m    1[00m 0x708458001170 [37mTRACE  [00m [00;34m          GST_TRACER :0::[00m latency_tracer_pipeline, frame_latency=(double)43.843630, avg=(double)31.911194, min=(double)0.277575, max=(double)45.728552, latency=(double)11.320472, fps=(double)88.335537, frame_num=(uint)108;
0:00:04.797754060 [32m    1[00m 0x708458001170 [37mTRACE  [00m [00;34m          GST_TRACER :0::[00m latency_tracer_pipeline, frame_latency=(double)23.315623, avg=(double)31.832336, min=(double)0.277575, max=(double)45.728552, latency=(double)11.222494, fps=(double)89.106750, frame_num=(uint)109;
0:00:04.820339823 [32m    1[00m 0x708458001170 [37mTRACE  [00m [00;34m          GST_TRACER :0::[00m latency_tracer_pipeline, frame_latency=(double)42.331644, avg=(double)31.927784, min=(double)0.277575, max=(double)45.728552, latency=(double)11.325742, fps=(double)88.294436, frame_num=(uint)110;
0:00:04.843821008 [32m    1[00m 0x708458001170 [37mTRACE  [00m [00;34m          GST_TRACER :0::[00m latency_tracer_pipeline, frame_latency=(double)44.835229, avg=(double)32.044067, min=(double)0.277575, max=(double)45.728552, latency=(double)11.435272, fps=(double)87.448725, frame_num=(uint)111;
0:00:04.844510790 [32m    1[00m 0x708458001170 [37mTRACE  [00m [00;34m          GST_TRACER :0::[00m latency_tracer_pipeline, frame_latency=(double)23.841137, avg=(double)31.970827, min=(double)0.277575, max=(double)45.728552, latency=(double)11.339320, fps=(double)88.188712, frame_num=(uint)112;
0:00:04.867594561 [32m    1[00m 0x708458001170 [37mTRACE  [00m [00;34m          GST_TRACER :0::[00m latency_tracer_pipeline, frame_latency=(double)43.285587, avg=(double)32.070958, min=(double)0.277575, max=(double)45.728552, latency=(double)11.443335, fps=(double)87.387113, frame_num=(uint)113;
0:00:04.868348020 [32m    1[00m 0x708458001170 [37mTRACE  [00m [00;34m          GST_TRACER :0::[00m latency_tracer_pipeline, frame_latency=(double)23.836289, avg=(double)31.998724, min=(double)0.277575, max=(double)45.728552, latency=(double)11.349604, fps=(double)88.108800, frame_num=(uint)114;
0:00:04.890647339 [32m    1[00m 0x708458001170 [37mTRACE  [00m [00;34m          GST_TRACER :0::[00m latency_tracer_pipeline, frame_latency=(double)41.945346, avg=(double)32.085216, min=(double)0.277575, max=(double)45.728552, latency=(double)11.444773, fps=(double)87.376129, frame_num=(uint)115;
0:00:04.891548894 [32m    1[00m 0x708458001170 [37mTRACE  [00m [00;34m          GST_TRACER :0::[00m latency_tracer_pipeline, frame_latency=(double)23.447795, avg=(double)32.010756, min=(double)0.277575, max=(double)45.728552, latency=(double)11.353878, fps=(double)88.075637, frame_num=(uint)116;
0:00:04.912633645 [32m    1[00m 0x708458001170 [37mTRACE  [00m [00;34m          GST_TRACER :0::[00m latency_tracer_pipeline, frame_latency=(double)40.510211, avg=(double)32.083400, min=(double)0.277575, max=(double)45.728552, latency=(double)11.437070, fps=(double)87.434984, frame_num=(uint)117;
0:00:04.912650266 [32m    1[00m 0x708458001170 [37mTRACE  [00m [00;34m          GST_TRACER :0::[00m latency_tracer_pipeline, frame_latency=(double)21.311656, avg=(double)31.992114, min=(double)0.277575, max=(double)45.728552, latency=(double)11.340350, fps=(double)88.180697, frame_num=(uint)118;
0:00:04.913513806 [32m    1[00m 0x708458001170 [37mTRACE  [00m [00;34m          GST_TRACER :0::[00m latency_tracer_pipeline, frame_latency=(double)20.849123, avg=(double)31.898476, min=(double)0.277575, max=(double)45.728552, latency=(double)11.252272, fps=(double)88.870937, frame_num=(uint)119;
0:00:04.935963218 [32m    1[00m 0x708458001170 [37mTRACE  [00m [00;34m          GST_TRACER :0::[00m latency_tracer_pipeline, frame_latency=(double)42.265198, avg=(double)31.984865, min=(double)0.277575, max=(double)45.728552, latency=(double)11.345555, fps=(double)88.140244, frame_num=(uint)120;
0:00:04.936422982 [32m    1[00m 0x708458001170 [37mTRACE  [00m [00;34m          GST_TRACER :0::[00m latency_tracer_pipeline, frame_latency=(double)22.234857, avg=(double)31.904287, min=(double)0.277575, max=(double)45.728552, latency=(double)11.255642, fps=(double)88.844331, frame_num=(uint)121;
0:00:04.958362874 [32m    1[00m 0x708458001170 [37mTRACE  [00m [00;34m          GST_TRACER :0::[00m latency_tracer_pipeline, frame_latency=(double)41.250899, avg=(double)31.980898, min=(double)0.277575, max=(double)45.728552, latency=(double)11.343147, fps=(double)88.158958, frame_num=(uint)122;
0:00:04.959110206 [32m    1[00m 0x708458001170 [37mTRACE  [00m [00;34m          GST_TRACER :0::[00m latency_tracer_pipeline, frame_latency=(double)21.817259, avg=(double)31.898267, min=(double)0.277575, max=(double)45.728552, latency=(double)11.257060, fps=(double)88.833141, frame_num=(uint)123;
0:00:04.959127022 [32m    1[00m 0x708458001170 [37mTRACE  [00m [00;34m          GST_TRACER :0::[00m latency_tracer_pipeline, frame_latency=(double)19.970306, avg=(double)31.802074, min=(double)0.277575, max=(double)45.728552, latency=(double)11.166433, fps=(double)89.554114, frame_num=(uint)124;
0:00:04.981640218 [32m    1[00m 0x708458001170 [37mTRACE  [00m [00;34m          GST_TRACER :0::[00m latency_tracer_pipeline, frame_latency=(double)40.752335, avg=(double)31.873676, min=(double)0.277575, max=(double)45.728552, latency=(double)11.257148, fps=(double)88.832446, frame_num=(uint)125;
0:00:04.982561992 [32m    1[00m 0x708458001170 [37mTRACE  [00m [00;34m          GST_TRACER :0::[00m latency_tracer_pipeline, frame_latency=(double)21.804457, avg=(double)31.793761, min=(double)0.277575, max=(double)45.728552, latency=(double)11.175133, fps=(double)89.484390, frame_num=(uint)126;
0:00:05.004809677 [32m    1[00m 0x708458001170 [37mTRACE  [00m [00;34m          GST_TRACER :0::[00m latency_tracer_pipeline, frame_latency=(double)41.587034, avg=(double)31.870874, min=(double)0.277575, max=(double)45.728552, latency=(double)11.262288, fps=(double)88.791905, frame_num=(uint)127;
0:00:05.005477960 [32m    1[00m 0x708458001170 [37mTRACE  [00m [00;34m          GST_TRACER :0::[00m latency_tracer_pipeline, frame_latency=(double)22.212238, avg=(double)31.795416, min=(double)0.277575, max=(double)45.728552, latency=(double)11.179493, fps=(double)89.449498, frame_num=(uint)128;
0:00:05.026839564 [32m    1[00m 0x708458001170 [37mTRACE  [00m [00;34m          GST_TRACER :0::[00m latency_tracer_pipeline, frame_latency=(double)41.205606, avg=(double)31.868363, min=(double)0.277575, max=(double)45.728552, latency=(double)11.258444, fps=(double)88.822223, frame_num=(uint)129;
0:00:05.027281425 [32m    1[00m 0x708458001170 [37mTRACE  [00m [00;34m          GST_TRACER :0::[00m latency_tracer_pipeline, frame_latency=(double)20.617035, avg=(double)31.781814, min=(double)0.277575, max=(double)45.728552, latency=(double)11.175298, fps=(double)89.483072, frame_num=(uint)130;
0:00:05.049989829 [32m    1[00m 0x708458001170 [37mTRACE  [00m [00;34m          GST_TRACER :0::[00m latency_tracer_pipeline, frame_latency=(double)42.074701, avg=(double)31.860386, min=(double)0.277575, max=(double)45.728552, latency=(double)11.263287, fps=(double)88.784032, frame_num=(uint)131;
0:00:05.073481031 [32m    1[00m 0x708458001170 [37mTRACE  [00m [00;34m          GST_TRACER :0::[00m latency_tracer_pipeline, frame_latency=(double)44.969622, avg=(double)31.959698, min=(double)0.277575, max=(double)45.728552, latency=(double)11.355900, fps=(double)88.059949, frame_num=(uint)132;
0:00:05.073958921 [32m    1[00m 0x708458001170 [37mTRACE  [00m [00;34m          GST_TRACER :0::[00m latency_tracer_pipeline, frame_latency=(double)23.599700, avg=(double)31.896841, min=(double)0.277575, max=(double)45.728552, latency=(double)11.274135, fps=(double)88.698597, frame_num=(uint)133;
0:00:05.096594826 [32m    1[00m 0x708458001170 [37mTRACE  [00m [00;34m          GST_TRACER :0::[00m latency_tracer_pipeline, frame_latency=(double)43.377137, avg=(double)31.982515, min=(double)0.277575, max=(double)45.728552, latency=(double)11.358932, fps=(double)88.036444, frame_num=(uint)134;
0:00:05.097438605 [32m    1[00m 0x708458001170 [37mTRACE  [00m [00;34m          GST_TRACER :0::[00m latency_tracer_pipeline, frame_latency=(double)23.694622, avg=(double)31.921123, min=(double)0.277575, max=(double)45.728552, latency=(double)11.281061, fps=(double)88.644145, frame_num=(uint)135;
0:00:05.097455022 [32m    1[00m 0x708458001170 [37mTRACE  [00m [00;34m          GST_TRACER :0::[00m latency_tracer_pipeline, frame_latency=(double)22.054243, avg=(double)31.848573, min=(double)0.277575, max=(double)45.728552, latency=(double)11.198273, fps=(double)89.299483, frame_num=(uint)136;
0:00:05.119645973 [32m    1[00m 0x708458001170 [37mTRACE  [00m [00;34m          GST_TRACER :0::[00m latency_tracer_pipeline, frame_latency=(double)40.053678, avg=(double)31.908464, min=(double)0.277575, max=(double)45.728552, latency=(double)11.278452, fps=(double)88.664647, frame_num=(uint)137;
0:00:05.120585766 [32m    1[00m 0x708458001170 [37mTRACE  [00m [00;34m          GST_TRACER :0::[00m latency_tracer_pipeline, frame_latency=(double)21.723547, avg=(double)31.834660, min=(double)0.277575, max=(double)45.728552, latency=(double)11.203570, fps=(double)89.257266, frame_num=(uint)138;
0:00:05.143216947 [32m    1[00m 0x708458001170 [37mTRACE  [00m [00;34m          GST_TRACER :0::[00m latency_tracer_pipeline, frame_latency=(double)41.752747, avg=(double)31.906013, min=(double)0.277575, max=(double)45.728552, latency=(double)11.285780, fps=(double)88.607077, frame_num=(uint)139;
0:00:05.144351609 [32m    1[00m 0x708458001170 [37mTRACE  [00m [00;34m          GST_TRACER :0::[00m latency_tracer_pipeline, frame_latency=(double)22.423972, avg=(double)31.838284, min=(double)0.277575, max=(double)45.728552, latency=(double)11.213275, fps=(double)89.180011, frame_num=(uint)140;
0:00:05.165394470 [32m    1[00m 0x708458001170 [37mTRACE  [00m [00;34m          GST_TRACER :0::[00m latency_tracer_pipeline, frame_latency=(double)39.807184, avg=(double)31.894801, min=(double)0.277575, max=(double)45.728552, latency=(double)11.282980, fps=(double)88.629071, frame_num=(uint)141;
0:00:05.166661088 [32m    1[00m 0x708458001170 [37mTRACE  [00m [00;34m          GST_TRACER :0::[00m latency_tracer_pipeline, frame_latency=(double)22.120560, avg=(double)31.825969, min=(double)0.277575, max=(double)45.728552, latency=(double)11.212449, fps=(double)89.186579, frame_num=(uint)142;
0:00:05.188565687 [32m    1[00m 0x708458001170 [37mTRACE  [00m [00;34m          GST_TRACER :0::[00m latency_tracer_pipeline, frame_latency=(double)41.480357, avg=(double)31.893482, min=(double)0.277575, max=(double)45.728552, latency=(double)11.287170, fps=(double)88.596169, frame_num=(uint)143;
0:00:05.189901559 [32m    1[00m 0x708458001170 [37mTRACE  [00m [00;34m          GST_TRACER :0::[00m latency_tracer_pipeline, frame_latency=(double)22.428034, avg=(double)31.827750, min=(double)0.277575, max=(double)45.728552, latency=(double)11.218100, fps=(double)89.141655, frame_num=(uint)144;
0:00:05.212093087 [32m    1[00m 0x708458001170 [37mTRACE  [00m [00;34m          GST_TRACER :0::[00m latency_tracer_pipeline, frame_latency=(double)40.972001, avg=(double)31.890814, min=(double)0.277575, max=(double)45.728552, latency=(double)11.293762, fps=(double)88.544458, frame_num=(uint)145;
0:00:05.236216892 [32m    1[00m 0x708458001170 [37mTRACE  [00m [00;34m          GST_TRACER :0::[00m latency_tracer_pipeline, frame_latency=(double)45.259623, avg=(double)31.982381, min=(double)0.277575, max=(double)45.728552, latency=(double)11.381626, fps=(double)87.860910, frame_num=(uint)146;
0:00:05.237068265 [32m    1[00m 0x708458001170 [37mTRACE  [00m [00;34m          GST_TRACER :0::[00m latency_tracer_pipeline, frame_latency=(double)24.337988, avg=(double)31.930378, min=(double)0.277575, max=(double)45.728552, latency=(double)11.310012, fps=(double)88.417238, frame_num=(uint)147;
0:00:05.259854354 [32m    1[00m 0x708458001170 [37mTRACE  [00m [00;34m          GST_TRACER :0::[00m latency_tracer_pipeline, frame_latency=(double)43.380729, avg=(double)32.007745, min=(double)0.277575, max=(double)45.728552, latency=(double)11.387538, fps=(double)87.815295, frame_num=(uint)148;
0:00:05.260403977 [32m    1[00m 0x708458001170 [37mTRACE  [00m [00;34m          GST_TRACER :0::[00m latency_tracer_pipeline, frame_latency=(double)22.803859, avg=(double)31.945974, min=(double)0.277575, max=(double)45.728552, latency=(double)11.314837, fps=(double)88.379533, frame_num=(uint)149;
0:00:05.283393735 [32m    1[00m 0x708458001170 [37mTRACE  [00m [00;34m          GST_TRACER :0::[00m latency_tracer_pipeline, frame_latency=(double)42.675464, avg=(double)32.017504, min=(double)0.277575, max=(double)45.728552, latency=(double)11.392625, fps=(double)87.776087, frame_num=(uint)150;
0:00:05.306820019 [32m    1[00m 0x708458001170 [37mTRACE  [00m [00;34m          GST_TRACER :0::[00m latency_tracer_pipeline, frame_latency=(double)45.967359, avg=(double)32.109887, min=(double)0.277575, max=(double)45.967359, latency=(double)11.472268, fps=(double)87.166721, frame_num=(uint)151;
0:00:05.307789653 [32m    1[00m 0x708458001170 [37mTRACE  [00m [00;34m          GST_TRACER :0::[00m latency_tracer_pipeline, frame_latency=(double)23.655769, avg=(double)32.054268, min=(double)0.277575, max=(double)45.967359, latency=(double)11.403263, fps=(double)87.694201, frame_num=(uint)152;
0:00:05.329326461 [32m    1[00m 0x708458001170 [37mTRACE  [00m [00;34m          GST_TRACER :0::[00m latency_tracer_pipeline, frame_latency=(double)41.013934, avg=(double)32.112828, min=(double)0.277575, max=(double)45.967359, latency=(double)11.469457, fps=(double)87.188086, frame_num=(uint)153;
0:00:05.330524651 [32m    1[00m 0x708458001170 [37mTRACE  [00m [00;34m          GST_TRACER :0::[00m latency_tracer_pipeline, frame_latency=(double)22.585282, avg=(double)32.050961, min=(double)0.277575, max=(double)45.967359, latency=(double)11.402787, fps=(double)87.697859, frame_num=(uint)154;
0:00:05.351454216 [32m    1[00m 0x708458001170 [37mTRACE  [00m [00;34m          GST_TRACER :0::[00m latency_tracer_pipeline, frame_latency=(double)40.423560, avg=(double)32.104978, min=(double)0.277575, max=(double)45.967359, latency=(double)11.464240, fps=(double)87.227765, frame_num=(uint)155;
0:00:05.353041819 [32m    1[00m 0x708458001170 [37mTRACE  [00m [00;34m          GST_TRACER :0::[00m latency_tracer_pipeline, frame_latency=(double)22.439199, avg=(double)32.043017, min=(double)0.277575, max=(double)45.967359, latency=(double)11.400932, fps=(double)87.712127, frame_num=(uint)156;
0:00:05.374727687 [32m    1[00m 0x708458001170 [37mTRACE  [00m [00;34m          GST_TRACER :0::[00m latency_tracer_pipeline, frame_latency=(double)40.372190, avg=(double)32.096070, min=(double)0.277575, max=(double)45.967359, latency=(double)11.466423, fps=(double)87.211158, frame_num=(uint)157;
0:00:05.375717738 [32m    1[00m 0x708458001170 [37mTRACE  [00m [00;34m          GST_TRACER :0::[00m latency_tracer_pipeline, frame_latency=(double)23.476329, avg=(double)32.041514, min=(double)0.277575, max=(double)45.967359, latency=(double)11.400140, fps=(double)87.718219, frame_num=(uint)158;
0:00:05.399274561 [32m    1[00m 0x708458001170 [37mTRACE  [00m [00;34m          GST_TRACER :0::[00m latency_tracer_pipeline, frame_latency=(double)41.462409, avg=(double)32.100765, min=(double)0.277575, max=(double)45.967359, latency=(double)11.476576, fps=(double)87.134002, frame_num=(uint)159;
0:00:05.423096375 [32m    1[00m 0x708458001170 [37mTRACE  [00m [00;34m          GST_TRACER :0::[00m latency_tracer_pipeline, frame_latency=(double)45.426558, avg=(double)32.184051, min=(double)0.277575, max=(double)45.967359, latency=(double)11.553731, fps=(double)86.552128, frame_num=(uint)160;
0:00:05.423796317 [32m    1[00m 0x708458001170 [37mTRACE  [00m [00;34m          GST_TRACER :0::[00m latency_tracer_pipeline, frame_latency=(double)23.824232, avg=(double)32.132127, min=(double)0.277575, max=(double)45.967359, latency=(double)11.486360, fps=(double)87.059786, frame_num=(uint)161;
0:00:05.447031992 [32m    1[00m 0x708458001170 [37mTRACE  [00m [00;34m          GST_TRACER :0::[00m latency_tracer_pipeline, frame_latency=(double)42.887803, avg=(double)32.198520, min=(double)0.277575, max=(double)45.967359, latency=(double)11.558842, fps=(double)86.513860, frame_num=(uint)162;
0:00:05.448383752 [32m    1[00m 0x708458001170 [37mTRACE  [00m [00;34m          GST_TRACER :0::[00m latency_tracer_pipeline, frame_latency=(double)23.304493, avg=(double)32.143955, min=(double)0.277575, max=(double)45.967359, latency=(double)11.496254, fps=(double)86.984858, frame_num=(uint)163;
0:00:05.470563573 [32m    1[00m 0x708458001170 [37mTRACE  [00m [00;34m          GST_TRACER :0::[00m latency_tracer_pipeline, frame_latency=(double)41.964425, avg=(double)32.203836, min=(double)0.277575, max=(double)45.967359, latency=(double)11.561359, fps=(double)86.495026, frame_num=(uint)164;
0:00:05.471364704 [32m    1[00m 0x708458001170 [37mTRACE  [00m [00;34m          GST_TRACER :0::[00m latency_tracer_pipeline, frame_latency=(double)22.627606, avg=(double)32.145799, min=(double)0.277575, max=(double)45.967359, latency=(double)11.496131, fps=(double)86.985785, frame_num=(uint)165;
0:00:05.494189860 [32m    1[00m 0x708458001170 [37mTRACE  [00m [00;34m          GST_TRACER :0::[00m latency_tracer_pipeline, frame_latency=(double)41.084961, avg=(double)32.199649, min=(double)0.277575, max=(double)45.967359, latency=(double)11.564347, fps=(double)86.472673, frame_num=(uint)166;
0:00:05.495339826 [32m    1[00m 0x708458001170 [37mTRACE  [00m [00;34m          GST_TRACER :0::[00m latency_tracer_pipeline, frame_latency=(double)22.685161, avg=(double)32.142676, min=(double)0.277575, max=(double)45.967359, latency=(double)11.502015, fps=(double)86.941290, frame_num=(uint)167;
0:00:05.517759391 [32m    1[00m 0x708458001170 [37mTRACE  [00m [00;34m          GST_TRACER :0::[00m latency_tracer_pipeline, frame_latency=(double)41.502589, avg=(double)32.198390, min=(double)0.277575, max=(double)45.967359, latency=(double)11.567028, fps=(double)86.452634, frame_num=(uint)168;
0:00:05.519067225 [32m    1[00m 0x708458001170 [37mTRACE  [00m [00;34m          GST_TRACER :0::[00m latency_tracer_pipeline, frame_latency=(double)23.568530, avg=(double)32.147326, min=(double)0.277575, max=(double)45.967359, latency=(double)11.506338, fps=(double)86.908625, frame_num=(uint)169;
0:00:05.540538934 [32m    1[00m 0x708458001170 [37mTRACE  [00m [00;34m          GST_TRACER :0::[00m latency_tracer_pipeline, frame_latency=(double)41.819646, avg=(double)32.204222, min=(double)0.277575, max=(double)45.967359, latency=(double)11.564823, fps=(double)86.469111, frame_num=(uint)170;
0:00:05.562207386 [32m    1[00m 0x708458001170 [37mTRACE  [00m [00;34m          GST_TRACER :0::[00m latency_tracer_pipeline, frame_latency=(double)41.477269, avg=(double)32.258450, min=(double)0.277575, max=(double)45.967359, latency=(double)11.623983, fps=(double)86.029032, frame_num=(uint)171;
0:00:05.584729354 [32m    1[00m 0x708458001170 [37mTRACE  [00m [00;34m          GST_TRACER :0::[00m latency_tracer_pipeline, frame_latency=(double)44.610899, avg=(double)32.330266, min=(double)0.277575, max=(double)45.967359, latency=(double)11.687355, fps=(double)85.562560, frame_num=(uint)172;
0:00:05.585369715 [32m    1[00m 0x708458001170 [37mTRACE  [00m [00;34m          GST_TRACER :0::[00m latency_tracer_pipeline, frame_latency=(double)22.731053, avg=(double)32.274780, min=(double)0.277575, max=(double)45.967359, latency=(double)11.623556, fps=(double)86.032193, frame_num=(uint)173;
0:00:05.585380832 [32m    1[00m 0x708458001170 [37mTRACE  [00m [00;34m          GST_TRACER :0::[00m latency_tracer_pipeline_interval, interval=(double)1000.224690, avg=(double)32.913556, min=(double)19.970306, max=(double)45.967359, latency=(double)11.907437, fps=(double)83.981130;
FpsCounter(last 1.00sec): total=347.91 fps, number-streams=4, per-stream=86.98 fps (83.98, 91.98, 84.98, 86.98)
latency: -3627.53ms (-3730.97, -3780.84, -3536.10, -3454.87)
0:00:05.607512181 [32m    1[00m 0x708458001170 [37mTRACE  [00m [00;34m          GST_TRACER :0::[00m latency_tracer_pipeline, frame_latency=(double)42.732110, avg=(double)32.334879, min=(double)0.277575, max=(double)45.967359, latency=(double)11.683953, fps=(double)85.587470, frame_num=(uint)174;
0:00:05.608936152 [32m    1[00m 0x708458001170 [37mTRACE  [00m [00;34m          GST_TRACER :0::[00m latency_tracer_pipeline, frame_latency=(double)23.951454, avg=(double)32.286974, min=(double)0.277575, max=(double)45.967359, latency=(double)11.625310, fps=(double)86.019215, frame_num=(uint)175;
0:00:05.630004525 [32m    1[00m 0x708458001170 [37mTRACE  [00m [00;34m          GST_TRACER :0::[00m latency_tracer_pipeline, frame_latency=(double)42.694962, avg=(double)32.346110, min=(double)0.277575, max=(double)45.967359, latency=(double)11.678979, fps=(double)85.623922, frame_num=(uint)176;
0:00:05.630646777 [32m    1[00m 0x708458001170 [37mTRACE  [00m [00;34m          GST_TRACER :0::[00m latency_tracer_pipeline, frame_latency=(double)22.853942, avg=(double)32.292482, min=(double)0.277575, max=(double)45.967359, latency=(double)11.616684, fps=(double)86.083083, frame_num=(uint)177;
0:00:05.651706295 [32m    1[00m 0x708458001170 [37mTRACE  [00m [00;34m          GST_TRACER :0::[00m latency_tracer_pipeline, frame_latency=(double)42.760730, avg=(double)32.351293, min=(double)0.277575, max=(double)45.967359, latency=(double)11.669704, fps=(double)85.691974, frame_num=(uint)178;
0:00:05.652826475 [32m    1[00m 0x708458001170 [37mTRACE  [00m [00;34m          GST_TRACER :0::[00m latency_tracer_pipeline, frame_latency=(double)22.606694, avg=(double)32.296853, min=(double)0.277575, max=(double)45.967359, latency=(double)11.610789, fps=(double)86.126790, frame_num=(uint)179;
0:00:05.674840141 [32m    1[00m 0x708458001170 [37mTRACE  [00m [00;34m          GST_TRACER :0::[00m latency_tracer_pipeline, frame_latency=(double)42.156393, avg=(double)32.351629, min=(double)0.277575, max=(double)45.967359, latency=(double)11.668566, fps=(double)85.700331, frame_num=(uint)180;
0:00:05.675941645 [32m    1[00m 0x708458001170 [37mTRACE  [00m [00;34m          GST_TRACER :0::[00m latency_tracer_pipeline, frame_latency=(double)24.006641, avg=(double)32.305524, min=(double)0.277575, max=(double)45.967359, latency=(double)11.610205, fps=(double)86.131127, frame_num=(uint)181;
0:00:05.675959812 [32m    1[00m 0x708458001170 [37mTRACE  [00m [00;34m          GST_TRACER :0::[00m latency_tracer_pipeline, frame_latency=(double)21.248615, avg=(double)32.244772, min=(double)0.277575, max=(double)45.967359, latency=(double)11.546538, fps=(double)86.606044, frame_num=(uint)182;
0:00:05.697872324 [32m    1[00m 0x708458001170 [37mTRACE  [00m [00;34m          GST_TRACER :0::[00m latency_tracer_pipeline, frame_latency=(double)41.088858, avg=(double)32.293100, min=(double)0.277575, max=(double)45.967359, latency=(double)11.603135, fps=(double)86.183608, frame_num=(uint)183;
0:00:05.698771132 [32m    1[00m 0x708458001170 [37mTRACE  [00m [00;34m          GST_TRACER :0::[00m latency_tracer_pipeline, frame_latency=(double)21.107665, avg=(double)32.232309, min=(double)0.277575, max=(double)45.967359, latency=(double)11.544986, fps=(double)86.617689, frame_num=(uint)184;
0:00:05.721082641 [32m    1[00m 0x708458001170 [37mTRACE  [00m [00;34m          GST_TRACER :0::[00m latency_tracer_pipeline, frame_latency=(double)40.966268, avg=(double)32.279520, min=(double)0.277575, max=(double)45.967359, latency=(double)11.603154, fps=(double)86.183463, frame_num=(uint)185;
0:00:05.744549127 [32m    1[00m 0x708458001170 [37mTRACE  [00m [00;34m          GST_TRACER :0::[00m latency_tracer_pipeline, frame_latency=(double)44.400421, avg=(double)32.344686, min=(double)0.277575, max=(double)45.967359, latency=(double)11.666934, fps=(double)85.712320, frame_num=(uint)186;
0:00:05.745767802 [32m    1[00m 0x708458001170 [37mTRACE  [00m [00;34m          GST_TRACER :0::[00m latency_tracer_pipeline, frame_latency=(double)23.488283, avg=(double)32.297326, min=(double)0.277575, max=(double)45.967359, latency=(double)11.611088, fps=(double)86.124572, frame_num=(uint)187;
0:00:05.767504953 [32m    1[00m 0x708458001170 [37mTRACE  [00m [00;34m          GST_TRACER :0::[00m latency_tracer_pipeline, frame_latency=(double)41.387530, avg=(double)32.345678, min=(double)0.277575, max=(double)45.967359, latency=(double)11.664926, fps=(double)85.727073, frame_num=(uint)188;
0:00:05.768141505 [32m    1[00m 0x708458001170 [37mTRACE  [00m [00;34m          GST_TRACER :0::[00m latency_tracer_pipeline, frame_latency=(double)22.184830, avg=(double)32.291917, min=(double)0.277575, max=(double)45.967359, latency=(double)11.606605, fps=(double)86.157841, frame_num=(uint)189;
0:00:05.790637588 [32m    1[00m 0x708458001170 [37mTRACE  [00m [00;34m          GST_TRACER :0::[00m latency_tracer_pipeline, frame_latency=(double)41.197616, avg=(double)32.338789, min=(double)0.277575, max=(double)45.967359, latency=(double)11.663890, fps=(double)85.734690, frame_num=(uint)190;
0:00:05.791481014 [32m    1[00m 0x708458001170 [37mTRACE  [00m [00;34m          GST_TRACER :0::[00m latency_tracer_pipeline, frame_latency=(double)22.083171, avg=(double)32.285095, min=(double)0.277575, max=(double)45.967359, latency=(double)11.607217, fps=(double)86.153299, frame_num=(uint)191;
0:00:05.813441726 [32m    1[00m 0x708458001170 [37mTRACE  [00m [00;34m          GST_TRACER :0::[00m latency_tracer_pipeline, frame_latency=(double)41.339521, avg=(double)32.332253, min=(double)0.277575, max=(double)45.967359, latency=(double)11.661145, fps=(double)85.754871, frame_num=(uint)192;
0:00:05.814164791 [32m    1[00m 0x708458001170 [37mTRACE  [00m [00;34m          GST_TRACER :0::[00m latency_tracer_pipeline, frame_latency=(double)22.702788, avg=(double)32.282359, min=(double)0.277575, max=(double)45.967359, latency=(double)11.604474, fps=(double)86.173659, frame_num=(uint)193;
0:00:05.836535243 [32m    1[00m 0x708458001170 [37mTRACE  [00m [00;34m          GST_TRACER :0::[00m latency_tracer_pipeline, frame_latency=(double)42.651916, avg=(double)32.335811, min=(double)0.277575, max=(double)45.967359, latency=(double)11.659947, fps=(double)85.763683, frame_num=(uint)194;
0:00:05.837629066 [32m    1[00m 0x708458001170 [37mTRACE  [00m [00;34m          GST_TRACER :0::[00m latency_tracer_pipeline, frame_latency=(double)23.415320, avg=(double)32.290065, min=(double)0.277575, max=(double)45.967359, latency=(double)11.605744, fps=(double)86.164232, frame_num=(uint)195;
0:00:05.859713080 [32m    1[00m 0x708458001170 [37mTRACE  [00m [00;34m          GST_TRACER :0::[00m latency_tracer_pipeline, frame_latency=(double)42.783966, avg=(double)32.343605, min=(double)0.277575, max=(double)45.967359, latency=(double)11.659226, fps=(double)85.768985, frame_num=(uint)196;
0:00:05.861025900 [32m    1[00m 0x708458001170 [37mTRACE  [00m [00;34m          GST_TRACER :0::[00m latency_tracer_pipeline, frame_latency=(double)23.908283, avg=(double)32.300786, min=(double)0.277575, max=(double)45.967359, latency=(double)11.606712, fps=(double)86.157045, frame_num=(uint)197;
0:00:05.861062972 [32m    1[00m 0x708458001170 [37mTRACE  [00m [00;34m          GST_TRACER :0::[00m latency_tracer_pipeline, frame_latency=(double)21.759186, avg=(double)32.247546, min=(double)0.277575, max=(double)45.967359, latency=(double)11.548332, fps=(double)86.592592, frame_num=(uint)198;
0:00:05.884505325 [32m    1[00m 0x708458001170 [37mTRACE  [00m [00;34m          GST_TRACER :0::[00m latency_tracer_pipeline, frame_latency=(double)41.514381, avg=(double)32.294113, min=(double)0.277575, max=(double)45.967359, latency=(double)11.608037, fps=(double)86.147211, frame_num=(uint)199;
0:00:05.885488738 [32m    1[00m 0x708458001170 [37mTRACE  [00m [00;34m          GST_TRACER :0::[00m latency_tracer_pipeline, frame_latency=(double)23.761315, avg=(double)32.251449, min=(double)0.277575, max=(double)45.967359, latency=(double)11.554886, fps=(double)86.543473, frame_num=(uint)200;
0:00:05.908380209 [32m    1[00m 0x708458001170 [37mTRACE  [00m [00;34m          GST_TRACER :0::[00m latency_tracer_pipeline, frame_latency=(double)42.211553, avg=(double)32.301001, min=(double)0.277575, max=(double)45.967359, latency=(double)11.611307, fps=(double)86.122951, frame_num=(uint)201;
0:00:05.909499457 [32m    1[00m 0x708458001170 [37mTRACE  [00m [00;34m          GST_TRACER :0::[00m latency_tracer_pipeline, frame_latency=(double)23.471687, avg=(double)32.257292, min=(double)0.277575, max=(double)45.967359, latency=(double)11.559392, fps=(double)86.509737, frame_num=(uint)202;
0:00:05.932507929 [32m    1[00m 0x708458001170 [37mTRACE  [00m [00;34m          GST_TRACER :0::[00m latency_tracer_pipeline, frame_latency=(double)43.065516, avg=(double)32.310534, min=(double)0.277575, max=(double)45.967359, latency=(double)11.615777, fps=(double)86.089806, frame_num=(uint)203;
0:00:05.933364250 [32m    1[00m 0x708458001170 [37mTRACE  [00m [00;34m          GST_TRACER :0::[00m latency_tracer_pipeline, frame_latency=(double)23.439424, avg=(double)32.267049, min=(double)0.277575, max=(double)45.967359, latency=(double)11.563084, fps=(double)86.482122, frame_num=(uint)204;
0:00:05.955580765 [32m    1[00m 0x708458001170 [37mTRACE  [00m [00;34m          GST_TRACER :0::[00m latency_tracer_pipeline, frame_latency=(double)41.954714, avg=(double)32.314306, min=(double)0.277575, max=(double)45.967359, latency=(double)11.615044, fps=(double)86.095242, frame_num=(uint)205;
0:00:05.956705650 [32m    1[00m 0x708458001170 [37mTRACE  [00m [00;34m          GST_TRACER :0::[00m latency_tracer_pipeline, frame_latency=(double)23.520607, avg=(double)32.271618, min=(double)0.277575, max=(double)45.967359, latency=(double)11.564131, fps=(double)86.474288, frame_num=(uint)206;
0:00:05.978534838 [32m    1[00m 0x708458001170 [37mTRACE  [00m [00;34m          GST_TRACER :0::[00m latency_tracer_pipeline, frame_latency=(double)40.073486, avg=(double)32.309308, min=(double)0.277575, max=(double)45.967359, latency=(double)11.613679, fps=(double)86.105359, frame_num=(uint)207;
0:00:05.979670305 [32m    1[00m 0x708458001170 [37mTRACE  [00m [00;34m          GST_TRACER :0::[00m latency_tracer_pipeline, frame_latency=(double)21.580387, avg=(double)32.257727, min=(double)0.277575, max=(double)45.967359, latency=(double)11.563302, fps=(double)86.480488, frame_num=(uint)208;
0:00:06.000716478 [32m    1[00m 0x708458001170 [37mTRACE  [00m [00;34m          GST_TRACER :0::[00m latency_tracer_pipeline, frame_latency=(double)38.962840, avg=(double)32.289808, min=(double)0.277575, max=(double)45.967359, latency=(double)11.608666, fps=(double)86.142545, frame_num=(uint)209;
0:00:06.001626562 [32m    1[00m 0x708458001170 [37mTRACE  [00m [00;34m          GST_TRACER :0::[00m latency_tracer_pipeline, frame_latency=(double)21.245252, avg=(double)32.237215, min=(double)0.277575, max=(double)45.967359, latency=(double)11.557750, fps=(double)86.522030, frame_num=(uint)210;
0:00:06.022772117 [32m    1[00m 0x708458001170 [37mTRACE  [00m [00;34m          GST_TRACER :0::[00m latency_tracer_pipeline, frame_latency=(double)39.697715, avg=(double)32.272573, min=(double)0.277575, max=(double)45.967359, latency=(double)11.603164, fps=(double)86.183389, frame_num=(uint)211;
0:00:06.024015879 [32m    1[00m 0x708458001170 [37mTRACE  [00m [00;34m          GST_TRACER :0::[00m latency_tracer_pipeline, frame_latency=(double)20.937451, avg=(double)32.219106, min=(double)0.277575, max=(double)45.967359, latency=(double)11.554301, fps=(double)86.547861, frame_num=(uint)212;
0:00:06.045651685 [32m    1[00m 0x708458001170 [37mTRACE  [00m [00;34m          GST_TRACER :0::[00m latency_tracer_pipeline, frame_latency=(double)40.136530, avg=(double)32.256277, min=(double)0.277575, max=(double)45.967359, latency=(double)11.601650, fps=(double)86.194632, frame_num=(uint)213;
0:00:06.046123617 [32m    1[00m 0x708458001170 [37mTRACE  [00m [00;34m          GST_TRACER :0::[00m latency_tracer_pipeline, frame_latency=(double)21.418222, avg=(double)32.205631, min=(double)0.277575, max=(double)45.967359, latency=(double)11.549666, fps=(double)86.582588, frame_num=(uint)214;
0:00:06.068974819 [32m    1[00m 0x708458001170 [37mTRACE  [00m [00;34m          GST_TRACER :0::[00m latency_tracer_pipeline, frame_latency=(double)41.512000, avg=(double)32.248917, min=(double)0.277575, max=(double)45.967359, latency=(double)11.602212, fps=(double)86.190463, frame_num=(uint)215;
0:00:06.069483469 [32m    1[00m 0x708458001170 [37mTRACE  [00m [00;34m          GST_TRACER :0::[00m latency_tracer_pipeline, frame_latency=(double)22.042945, avg=(double)32.201667, min=(double)0.277575, max=(double)45.967359, latency=(double)11.550803, fps=(double)86.574067, frame_num=(uint)216;
0:00:06.092500313 [32m    1[00m 0x708458001170 [37mTRACE  [00m [00;34m          GST_TRACER :0::[00m latency_tracer_pipeline, frame_latency=(double)41.855532, avg=(double)32.246155, min=(double)0.277575, max=(double)45.967359, latency=(double)11.603665, fps=(double)86.179668, frame_num=(uint)217;
0:00:06.093218553 [32m    1[00m 0x708458001170 [37mTRACE  [00m [00;34m          GST_TRACER :0::[00m latency_tracer_pipeline, frame_latency=(double)23.572379, avg=(double)32.206367, min=(double)0.277575, max=(double)45.967359, latency=(double)11.553789, fps=(double)86.551692, frame_num=(uint)218;
0:00:06.116635019 [32m    1[00m 0x708458001170 [37mTRACE  [00m [00;34m          GST_TRACER :0::[00m latency_tracer_pipeline, frame_latency=(double)41.785889, avg=(double)32.250109, min=(double)0.277575, max=(double)45.967359, latency=(double)11.607942, fps=(double)86.147915, frame_num=(uint)219;
0:00:06.117134082 [32m    1[00m 0x708458001170 [37mTRACE  [00m [00;34m          GST_TRACER :0::[00m latency_tracer_pipeline, frame_latency=(double)22.275496, avg=(double)32.204770, min=(double)0.277575, max=(double)45.967359, latency=(double)11.557427, fps=(double)86.524445, frame_num=(uint)220;
0:00:06.140134787 [32m    1[00m 0x708458001170 [37mTRACE  [00m [00;34m          GST_TRACER :0::[00m latency_tracer_pipeline, frame_latency=(double)41.547296, avg=(double)32.247044, min=(double)0.277575, max=(double)45.967359, latency=(double)11.609192, fps=(double)86.138640, frame_num=(uint)221;
0:00:06.140692946 [32m    1[00m 0x708458001170 [37mTRACE  [00m [00;34m          GST_TRACER :0::[00m latency_tracer_pipeline, frame_latency=(double)22.159937, avg=(double)32.201606, min=(double)0.277575, max=(double)45.967359, latency=(double)11.559392, fps=(double)86.509743, frame_num=(uint)222;
0:00:06.164062085 [32m    1[00m 0x708458001170 [37mTRACE  [00m [00;34m          GST_TRACER :0::[00m latency_tracer_pipeline, frame_latency=(double)41.379207, avg=(double)32.242761, min=(double)0.277575, max=(double)45.967359, latency=(double)11.612352, fps=(double)86.115202, frame_num=(uint)223;
0:00:06.164424615 [32m    1[00m 0x708458001170 [37mTRACE  [00m [00;34m          GST_TRACER :0::[00m latency_tracer_pipeline, frame_latency=(double)22.015898, avg=(double)32.197106, min=(double)0.277575, max=(double)45.967359, latency=(double)11.562186, fps=(double)86.488832, frame_num=(uint)224;
0:00:06.188307592 [32m    1[00m 0x708458001170 [37mTRACE  [00m [00;34m          GST_TRACER :0::[00m latency_tracer_pipeline, frame_latency=(double)42.776358, avg=(double)32.244125, min=(double)0.277575, max=(double)45.967359, latency=(double)11.616883, fps=(double)86.081608, frame_num=(uint)225;
0:00:06.188996886 [32m    1[00m 0x708458001170 [37mTRACE  [00m [00;34m          GST_TRACER :0::[00m latency_tracer_pipeline, frame_latency=(double)23.325072, avg=(double)32.204660, min=(double)0.277575, max=(double)45.967359, latency=(double)11.568579, fps=(double)86.441042, frame_num=(uint)226;
0:00:06.212638260 [32m    1[00m 0x708458001170 [37mTRACE  [00m [00;34m          GST_TRACER :0::[00m latency_tracer_pipeline, frame_latency=(double)43.264041, avg=(double)32.253380, min=(double)0.277575, max=(double)45.967359, latency=(double)11.621720, fps=(double)86.045782, frame_num=(uint)227;
0:00:06.213626561 [32m    1[00m 0x708458001170 [37mTRACE  [00m [00;34m          GST_TRACER :0::[00m latency_tracer_pipeline, frame_latency=(double)24.283344, avg=(double)32.218423, min=(double)0.277575, max=(double)45.967359, latency=(double)11.575107, fps=(double)86.392287, frame_num=(uint)228;
0:00:06.236610574 [32m    1[00m 0x708458001170 [37mTRACE  [00m [00;34m          GST_TRACER :0::[00m latency_tracer_pipeline, frame_latency=(double)43.960688, avg=(double)32.269700, min=(double)0.277575, max=(double)45.967359, latency=(double)11.624918, fps=(double)86.022113, frame_num=(uint)229;
0:00:06.237671887 [32m    1[00m 0x708458001170 [37mTRACE  [00m [00;34m          GST_TRACER :0::[00m latency_tracer_pipeline, frame_latency=(double)24.456625, avg=(double)32.235730, min=(double)0.277575, max=(double)45.967359, latency=(double)11.579028, fps=(double)86.363038, frame_num=(uint)230;
0:00:06.261388782 [32m    1[00m 0x708458001170 [37mTRACE  [00m [00;34m          GST_TRACER :0::[00m latency_tracer_pipeline, frame_latency=(double)42.384294, avg=(double)32.279663, min=(double)0.277575, max=(double)45.967359, latency=(double)11.631525, fps=(double)85.973253, frame_num=(uint)231;
0:00:06.262091097 [32m    1[00m 0x708458001170 [37mTRACE  [00m [00;34m          GST_TRACER :0::[00m latency_tracer_pipeline, frame_latency=(double)22.677874, avg=(double)32.238276, min=(double)0.277575, max=(double)45.967359, latency=(double)11.584421, fps=(double)86.322830, frame_num=(uint)232;
0:00:06.286165925 [32m    1[00m 0x708458001170 [37mTRACE  [00m [00;34m          GST_TRACER :0::[00m latency_tracer_pipeline, frame_latency=(double)43.377846, avg=(double)32.286085, min=(double)0.277575, max=(double)45.967359, latency=(double)11.638007, fps=(double)85.925364, frame_num=(uint)233;
0:00:06.286741576 [32m    1[00m 0x708458001170 [37mTRACE  [00m [00;34m          GST_TRACER :0::[00m latency_tracer_pipeline, frame_latency=(double)23.831280, avg=(double)32.249954, min=(double)0.277575, max=(double)45.967359, latency=(double)11.590754, fps=(double)86.275668, frame_num=(uint)234;
0:00:06.310272433 [32m    1[00m 0x708458001170 [37mTRACE  [00m [00;34m          GST_TRACER :0::[00m latency_tracer_pipeline, frame_latency=(double)42.706919, avg=(double)32.294451, min=(double)0.277575, max=(double)45.967359, latency=(double)11.641561, fps=(double)85.899137, frame_num=(uint)235;
0:00:06.311433710 [32m    1[00m 0x708458001170 [37mTRACE  [00m [00;34m          GST_TRACER :0::[00m latency_tracer_pipeline, frame_latency=(double)24.035917, avg=(double)32.259457, min=(double)0.277575, max=(double)45.967359, latency=(double)11.597165, fps=(double)86.227972, frame_num=(uint)236;
0:00:06.333566012 [32m    1[00m 0x708458001170 [37mTRACE  [00m [00;34m          GST_TRACER :0::[00m latency_tracer_pipeline, frame_latency=(double)43.668076, avg=(double)32.307595, min=(double)0.277575, max=(double)45.967359, latency=(double)11.641637, fps=(double)85.898572, frame_num=(uint)237;
0:00:06.333594048 [32m    1[00m 0x708458001170 [37mTRACE  [00m [00;34m          GST_TRACER :0::[00m latency_tracer_pipeline, frame_latency=(double)23.177149, avg=(double)32.269232, min=(double)0.277575, max=(double)45.967359, latency=(double)11.592877, fps=(double)86.259862, frame_num=(uint)238;
0:00:06.334839615 [32m    1[00m 0x708458001170 [37mTRACE  [00m [00;34m          GST_TRACER :0::[00m latency_tracer_pipeline, frame_latency=(double)22.741817, avg=(double)32.229368, min=(double)0.277575, max=(double)45.967359, latency=(double)11.549513, fps=(double)86.583741, frame_num=(uint)239;
0:00:06.357110809 [32m    1[00m 0x708458001170 [37mTRACE  [00m [00;34m          GST_TRACER :0::[00m latency_tracer_pipeline, frame_latency=(double)41.381249, avg=(double)32.267501, min=(double)0.277575, max=(double)45.967359, latency=(double)11.594217, fps=(double)86.249899, frame_num=(uint)240;
0:00:06.357674086 [32m    1[00m 0x708458001170 [37mTRACE  [00m [00;34m          GST_TRACER :0::[00m latency_tracer_pipeline, frame_latency=(double)21.607730, avg=(double)32.223270, min=(double)0.277575, max=(double)45.967359, latency=(double)11.548466, fps=(double)86.591585, frame_num=(uint)241;
0:00:06.379944708 [32m    1[00m 0x708458001170 [37mTRACE  [00m [00;34m          GST_TRACER :0::[00m latency_tracer_pipeline, frame_latency=(double)41.997871, avg=(double)32.263661, min=(double)0.277575, max=(double)45.967359, latency=(double)11.592752, fps=(double)86.260791, frame_num=(uint)242;
0:00:06.380817027 [32m    1[00m 0x708458001170 [37mTRACE  [00m [00;34m          GST_TRACER :0::[00m latency_tracer_pipeline, frame_latency=(double)23.517938, avg=(double)32.227670, min=(double)0.277575, max=(double)45.967359, latency=(double)11.548628, fps=(double)86.590376, frame_num=(uint)243;
0:00:06.403388979 [32m    1[00m 0x708458001170 [37mTRACE  [00m [00;34m          GST_TRACER :0::[00m latency_tracer_pipeline, frame_latency=(double)42.802619, avg=(double)32.271010, min=(double)0.277575, max=(double)45.967359, latency=(double)11.593810, fps=(double)86.252922, frame_num=(uint)244;
0:00:06.404584139 [32m    1[00m 0x708458001170 [37mTRACE  [00m [00;34m          GST_TRACER :0::[00m latency_tracer_pipeline, frame_latency=(double)23.298330, avg=(double)32.234387, min=(double)0.277575, max=(double)45.967359, latency=(double)11.551382, fps=(double)86.569728, frame_num=(uint)245;
0:00:06.426737457 [32m    1[00m 0x708458001170 [37mTRACE  [00m [00;34m          GST_TRACER :0::[00m latency_tracer_pipeline, frame_latency=(double)43.770100, avg=(double)32.281280, min=(double)0.277575, max=(double)45.967359, latency=(double)11.594468, fps=(double)86.248025, frame_num=(uint)246;
0:00:06.427164868 [32m    1[00m 0x708458001170 [37mTRACE  [00m [00;34m          GST_TRACER :0::[00m latency_tracer_pipeline, frame_latency=(double)23.514637, avg=(double)32.245787, min=(double)0.277575, max=(double)45.967359, latency=(double)11.549280, fps=(double)86.585485, frame_num=(uint)247;
0:00:06.450616799 [32m    1[00m 0x708458001170 [37mTRACE  [00m [00;34m          GST_TRACER :0::[00m latency_tracer_pipeline, frame_latency=(double)44.154622, avg=(double)32.293807, min=(double)0.277575, max=(double)45.967359, latency=(double)11.597204, fps=(double)86.227683, frame_num=(uint)248;
0:00:06.451330524 [32m    1[00m 0x708458001170 [37mTRACE  [00m [00;34m          GST_TRACER :0::[00m latency_tracer_pipeline, frame_latency=(double)24.271543, avg=(double)32.261589, min=(double)0.277575, max=(double)45.967359, latency=(double)11.553565, fps=(double)86.553374, frame_num=(uint)249;
0:00:06.474499032 [32m    1[00m 0x708458001170 [37mTRACE  [00m [00;34m          GST_TRACER :0::[00m latency_tracer_pipeline, frame_latency=(double)44.163819, avg=(double)32.309198, min=(double)0.277575, max=(double)45.967359, latency=(double)11.599979, fps=(double)86.207055, frame_num=(uint)250;
0:00:06.475351522 [32m    1[00m 0x708458001170 [37mTRACE  [00m [00;34m          GST_TRACER :0::[00m latency_tracer_pipeline, frame_latency=(double)24.283083, avg=(double)32.277221, min=(double)0.277575, max=(double)45.967359, latency=(double)11.557198, fps=(double)86.526165, frame_num=(uint)251;
0:00:06.499329026 [32m    1[00m 0x708458001170 [37mTRACE  [00m [00;34m          GST_TRACER :0::[00m latency_tracer_pipeline, frame_latency=(double)44.415991, avg=(double)32.325391, min=(double)0.277575, max=(double)45.967359, latency=(double)11.606455, fps=(double)86.158956, frame_num=(uint)252;
0:00:06.499761038 [32m    1[00m 0x708458001170 [37mTRACE  [00m [00;34m          GST_TRACER :0::[00m latency_tracer_pipeline, frame_latency=(double)24.723240, avg=(double)32.295343, min=(double)0.277575, max=(double)45.967359, latency=(double)11.562315, fps=(double)86.487869, frame_num=(uint)253;
0:00:06.523224041 [32m    1[00m 0x708458001170 [37mTRACE  [00m [00;34m          GST_TRACER :0::[00m latency_tracer_pipeline, frame_latency=(double)42.993155, avg=(double)32.337460, min=(double)0.277575, max=(double)45.967359, latency=(double)11.609154, fps=(double)86.138922, frame_num=(uint)254;
0:00:06.523464306 [32m    1[00m 0x708458001170 [37mTRACE  [00m [00;34m          GST_TRACER :0::[00m latency_tracer_pipeline, frame_latency=(double)21.578109, avg=(double)32.295267, min=(double)0.277575, max=(double)45.967359, latency=(double)11.564586, fps=(double)86.470883, frame_num=(uint)255;
0:00:06.547438727 [32m    1[00m 0x708458001170 [37mTRACE  [00m [00;34m          GST_TRACER :0::[00m latency_tracer_pipeline, frame_latency=(double)42.606553, avg=(double)32.335545, min=(double)0.277575, max=(double)45.967359, latency=(double)11.613013, fps=(double)86.110300, frame_num=(uint)256;
0:00:06.548452833 [32m    1[00m 0x708458001170 [37mTRACE  [00m [00;34m          GST_TRACER :0::[00m latency_tracer_pipeline, frame_latency=(double)22.834404, avg=(double)32.298576, min=(double)0.277575, max=(double)45.967359, latency=(double)11.571795, fps=(double)86.417013, frame_num=(uint)257;
0:00:06.570996598 [32m    1[00m 0x708458001170 [37mTRACE  [00m [00;34m          GST_TRACER :0::[00m latency_tracer_pipeline, frame_latency=(double)40.923123, avg=(double)32.332004, min=(double)0.277575, max=(double)45.967359, latency=(double)11.614302, fps=(double)86.100741, frame_num=(uint)258;
0:00:06.571484143 [32m    1[00m 0x708458001170 [37mTRACE  [00m [00;34m          GST_TRACER :0::[00m latency_tracer_pipeline, frame_latency=(double)21.330877, avg=(double)32.289529, min=(double)0.277575, max=(double)45.967359, latency=(double)11.571385, fps=(double)86.420076, frame_num=(uint)259;
FpsCounter(last 1.01sec): total=336.78 fps, number-streams=4, per-stream=84.20 fps (85.19, 80.23, 89.15, 82.21)
latency: -6065.08ms (-6113.60, -6270.63, -6022.91, -5859.92)
0:00:06.595452108 [32m    1[00m 0x708458001170 [37mTRACE  [00m [00;34m          GST_TRACER :0::[00m latency_tracer_pipeline, frame_latency=(double)42.138454, avg=(double)32.327409, min=(double)0.277575, max=(double)45.967359, latency=(double)11.619031, fps=(double)86.065698, frame_num=(uint)260;
0:00:06.595480020 [32m    1[00m 0x708458001170 [37mTRACE  [00m [00;34m          GST_TRACER :0::[00m latency_tracer_pipeline_interval, interval=(double)1010.072845, avg=(double)32.432064, min=(double)20.937451, max=(double)44.415991, latency=(double)11.610033, fps=(double)86.132402;
0:00:06.595685797 [32m    1[00m 0x708458001170 [37mTRACE  [00m [00;34m          GST_TRACER :0::[00m latency_tracer_pipeline, frame_latency=(double)22.424510, avg=(double)32.289467, min=(double)0.277575, max=(double)45.967359, latency=(double)11.575445, fps=(double)86.389765, frame_num=(uint)261;
0:00:06.619313232 [32m    1[00m 0x708458001170 [37mTRACE  [00m [00;34m          GST_TRACER :0::[00m latency_tracer_pipeline, frame_latency=(double)41.517980, avg=(double)32.324691, min=(double)0.277575, max=(double)45.967359, latency=(double)11.621428, fps=(double)86.047947, frame_num=(uint)262;
0:00:06.641136303 [32m    1[00m 0x708458001170 [37mTRACE  [00m [00;34m          GST_TRACER :0::[00m latency_tracer_pipeline, frame_latency=(double)41.867200, avg=(double)32.360974, min=(double)0.277575, max=(double)45.967359, latency=(double)11.660218, fps=(double)85.761689, frame_num=(uint)263;
0:00:06.642554413 [32m    1[00m 0x708458001170 [37mTRACE  [00m [00;34m          GST_TRACER :0::[00m latency_tracer_pipeline, frame_latency=(double)23.623935, avg=(double)32.327879, min=(double)0.277575, max=(double)45.967359, latency=(double)11.621429, fps=(double)86.047936, frame_num=(uint)264;
0:00:06.664185298 [32m    1[00m 0x708458001170 [37mTRACE  [00m [00;34m          GST_TRACER :0::[00m latency_tracer_pipeline, frame_latency=(double)41.178016, avg=(double)32.361276, min=(double)0.277575, max=(double)45.967359, latency=(double)11.659194, fps=(double)85.769220, frame_num=(uint)265;
0:00:06.665260278 [32m    1[00m 0x708458001170 [37mTRACE  [00m [00;34m          GST_TRACER :0::[00m latency_tracer_pipeline, frame_latency=(double)23.270264, avg=(double)32.327099, min=(double)0.277575, max=(double)45.967359, latency=(double)11.619419, fps=(double)86.062819, frame_num=(uint)266;
0:00:06.687306100 [32m    1[00m 0x708458001170 [37mTRACE  [00m [00;34m          GST_TRACER :0::[00m latency_tracer_pipeline, frame_latency=(double)42.915760, avg=(double)32.366757, min=(double)0.277575, max=(double)45.967359, latency=(double)11.658447, fps=(double)85.774715, frame_num=(uint)267;
0:00:06.688383822 [32m    1[00m 0x708458001170 [37mTRACE  [00m [00;34m          GST_TRACER :0::[00m latency_tracer_pipeline, frame_latency=(double)23.889920, avg=(double)32.335127, min=(double)0.277575, max=(double)45.967359, latency=(double)11.618953, fps=(double)86.066277, frame_num=(uint)268;
0:00:06.710973370 [32m    1[00m 0x708458001170 [37mTRACE  [00m [00;34m          GST_TRACER :0::[00m latency_tracer_pipeline, frame_latency=(double)42.224265, avg=(double)32.371890, min=(double)0.277575, max=(double)45.967359, latency=(double)11.659728, fps=(double)85.765297, frame_num=(uint)269;
0:00:06.711719725 [32m    1[00m 0x708458001170 [37mTRACE  [00m [00;34m          GST_TRACER :0::[00m latency_tracer_pipeline, frame_latency=(double)22.455360, avg=(double)32.335162, min=(double)0.277575, max=(double)45.967359, latency=(double)11.619326, fps=(double)86.063514, frame_num=(uint)270;
0:00:06.734236963 [32m    1[00m 0x708458001170 [37mTRACE  [00m [00;34m          GST_TRACER :0::[00m latency_tracer_pipeline, frame_latency=(double)41.970093, avg=(double)32.370715, min=(double)0.277575, max=(double)45.967359, latency=(double)11.659511, fps=(double)85.766891, frame_num=(uint)271;
0:00:06.735510231 [32m    1[00m 0x708458001170 [37mTRACE  [00m [00;34m          GST_TRACER :0::[00m latency_tracer_pipeline, frame_latency=(double)23.192744, avg=(double)32.336972, min=(double)0.277575, max=(double)45.967359, latency=(double)11.621341, fps=(double)86.048590, frame_num=(uint)272;
0:00:06.757916948 [32m    1[00m 0x708458001170 [37mTRACE  [00m [00;34m          GST_TRACER :0::[00m latency_tracer_pipeline, frame_latency=(double)42.803769, avg=(double)32.375312, min=(double)0.277575, max=(double)45.967359, latency=(double)11.660840, fps=(double)85.757118, frame_num=(uint)273;
0:00:06.758619987 [32m    1[00m 0x708458001170 [37mTRACE  [00m [00;34m          GST_TRACER :0::[00m latency_tracer_pipeline, frame_latency=(double)22.546684, avg=(double)32.339441, min=(double)0.277575, max=(double)45.967359, latency=(double)11.620856, fps=(double)86.052181, frame_num=(uint)274;
0:00:06.780968564 [32m    1[00m 0x708458001170 [37mTRACE  [00m [00;34m          GST_TRACER :0::[00m latency_tracer_pipeline, frame_latency=(double)41.483488, avg=(double)32.372692, min=(double)0.277575, max=(double)45.967359, latency=(double)11.659849, fps=(double)85.764406, frame_num=(uint)275;
0:00:06.782103717 [32m    1[00m 0x708458001170 [37mTRACE  [00m [00;34m          GST_TRACER :0::[00m latency_tracer_pipeline, frame_latency=(double)23.212551, avg=(double)32.339504, min=(double)0.277575, max=(double)45.967359, latency=(double)11.621770, fps=(double)86.045411, frame_num=(uint)276;
0:00:06.804913452 [32m    1[00m 0x708458001170 [37mTRACE  [00m [00;34m          GST_TRACER :0::[00m latency_tracer_pipeline, frame_latency=(double)42.523825, avg=(double)32.376270, min=(double)0.277575, max=(double)45.967359, latency=(double)11.662138, fps=(double)85.747570, frame_num=(uint)277;
0:00:06.805638482 [32m    1[00m 0x708458001170 [37mTRACE  [00m [00;34m          GST_TRACER :0::[00m latency_tracer_pipeline, frame_latency=(double)22.876399, avg=(double)32.342098, min=(double)0.277575, max=(double)45.967359, latency=(double)11.622807, fps=(double)86.037733, frame_num=(uint)278;
0:00:06.828508877 [32m    1[00m 0x708458001170 [37mTRACE  [00m [00;34m          GST_TRACER :0::[00m latency_tracer_pipeline, frame_latency=(double)42.483121, avg=(double)32.378446, min=(double)0.277575, max=(double)45.967359, latency=(double)11.663095, fps=(double)85.740531, frame_num=(uint)279;
0:00:06.829436802 [32m    1[00m 0x708458001170 [37mTRACE  [00m [00;34m          GST_TRACER :0::[00m latency_tracer_pipeline, frame_latency=(double)23.687694, avg=(double)32.347407, min=(double)0.277575, max=(double)45.967359, latency=(double)11.624779, fps=(double)86.023141, frame_num=(uint)280;
0:00:06.851676185 [32m    1[00m 0x708458001170 [37mTRACE  [00m [00;34m          GST_TRACER :0::[00m latency_tracer_pipeline, frame_latency=(double)42.924703, avg=(double)32.385049, min=(double)0.277575, max=(double)45.967359, latency=(double)11.662539, fps=(double)85.744623, frame_num=(uint)281;
0:00:06.852615099 [32m    1[00m 0x708458001170 [37mTRACE  [00m [00;34m          GST_TRACER :0::[00m latency_tracer_pipeline, frame_latency=(double)23.865022, avg=(double)32.354836, min=(double)0.277575, max=(double)45.967359, latency=(double)11.624550, fps=(double)86.024837, frame_num=(uint)282;
0:00:06.852640057 [32m    1[00m 0x708458001170 [37mTRACE  [00m [00;34m          GST_TRACER :0::[00m latency_tracer_pipeline, frame_latency=(double)21.393982, avg=(double)32.316105, min=(double)0.277575, max=(double)45.967359, latency=(double)11.583570, fps=(double)86.329171, frame_num=(uint)283;
0:00:06.875557424 [32m    1[00m 0x708458001170 [37mTRACE  [00m [00;34m          GST_TRACER :0::[00m latency_tracer_pipeline, frame_latency=(double)40.450921, avg=(double)32.344749, min=(double)0.277575, max=(double)45.967359, latency=(double)11.623448, fps=(double)86.032994, frame_num=(uint)284;
0:00:06.876611867 [32m    1[00m 0x708458001170 [37mTRACE  [00m [00;34m          GST_TRACER :0::[00m latency_tracer_pipeline, frame_latency=(double)21.748160, avg=(double)32.307568, min=(double)0.277575, max=(double)45.967359, latency=(double)11.586375, fps=(double)86.308273, frame_num=(uint)285;
0:00:06.900251242 [32m    1[00m 0x708458001170 [37mTRACE  [00m [00;34m          GST_TRACER :0::[00m latency_tracer_pipeline, frame_latency=(double)39.942768, avg=(double)32.334264, min=(double)0.277575, max=(double)45.967359, latency=(double)11.628504, fps=(double)85.995583, frame_num=(uint)286;
0:00:06.923529446 [32m    1[00m 0x708458001170 [37mTRACE  [00m [00;34m          GST_TRACER :0::[00m latency_tracer_pipeline, frame_latency=(double)42.514157, avg=(double)32.369734, min=(double)0.277575, max=(double)45.967359, latency=(double)11.669089, fps=(double)85.696489, frame_num=(uint)287;
0:00:06.923555107 [32m    1[00m 0x708458001170 [37mTRACE  [00m [00;34m          GST_TRACER :0::[00m latency_tracer_pipeline, frame_latency=(double)23.683153, avg=(double)32.339573, min=(double)0.277575, max=(double)45.967359, latency=(double)11.628698, fps=(double)85.994149, frame_num=(uint)288;
0:00:06.946485691 [32m    1[00m 0x708458001170 [37mTRACE  [00m [00;34m          GST_TRACER :0::[00m latency_tracer_pipeline, frame_latency=(double)42.574203, avg=(double)32.374986, min=(double)0.277575, max=(double)45.967359, latency=(double)11.667748, fps=(double)85.706339, frame_num=(uint)289;
0:00:06.947301694 [32m    1[00m 0x708458001170 [37mTRACE  [00m [00;34m          GST_TRACER :0::[00m latency_tracer_pipeline, frame_latency=(double)23.537576, avg=(double)32.344513, min=(double)0.277575, max=(double)45.967359, latency=(double)11.630369, fps=(double)85.981797, frame_num=(uint)290;
0:00:06.970087161 [32m    1[00m 0x708458001170 [37mTRACE  [00m [00;34m          GST_TRACER :0::[00m latency_tracer_pipeline, frame_latency=(double)41.458154, avg=(double)32.375831, min=(double)0.277575, max=(double)45.967359, latency=(double)11.668680, fps=(double)85.699494, frame_num=(uint)291;
0:00:06.970899930 [32m    1[00m 0x708458001170 [37mTRACE  [00m [00;34m          GST_TRACER :0::[00m latency_tracer_pipeline, frame_latency=(double)22.896592, avg=(double)32.343368, min=(double)0.277575, max=(double)45.967359, latency=(double)11.631528, fps=(double)85.973226, frame_num=(uint)292;
0:00:06.993320098 [32m    1[00m 0x708458001170 [37mTRACE  [00m [00;34m          GST_TRACER :0::[00m latency_tracer_pipeline, frame_latency=(double)42.111744, avg=(double)32.376707, min=(double)0.277575, max=(double)45.967359, latency=(double)11.668297, fps=(double)85.702312, frame_num=(uint)293;
0:00:06.994258350 [32m    1[00m 0x708458001170 [37mTRACE  [00m [00;34m          GST_TRACER :0::[00m latency_tracer_pipeline, frame_latency=(double)22.643633, avg=(double)32.343601, min=(double)0.277575, max=(double)45.967359, latency=(double)11.631854, fps=(double)85.970821, frame_num=(uint)294;
0:00:07.016936508 [32m    1[00m 0x708458001170 [37mTRACE  [00m [00;34m          GST_TRACER :0::[00m latency_tracer_pipeline, frame_latency=(double)41.594851, avg=(double)32.374962, min=(double)0.277575, max=(double)45.967359, latency=(double)11.669279, fps=(double)85.695096, frame_num=(uint)295;
0:00:07.017884562 [32m    1[00m 0x708458001170 [37mTRACE  [00m [00;34m          GST_TRACER :0::[00m latency_tracer_pipeline, frame_latency=(double)23.628091, avg=(double)32.345411, min=(double)0.277575, max=(double)45.967359, latency=(double)11.633065, fps=(double)85.961867, frame_num=(uint)296;
0:00:07.040517585 [32m    1[00m 0x708458001170 [37mTRACE  [00m [00;34m          GST_TRACER :0::[00m latency_tracer_pipeline, frame_latency=(double)43.257946, avg=(double)32.382154, min=(double)0.277575, max=(double)45.967359, latency=(double)11.670071, fps=(double)85.689281, frame_num=(uint)297;
0:00:07.041097728 [32m    1[00m 0x708458001170 [37mTRACE  [00m [00;34m          GST_TRACER :0::[00m latency_tracer_pipeline, frame_latency=(double)23.016027, avg=(double)32.350724, min=(double)0.277575, max=(double)45.967359, latency=(double)11.632871, fps=(double)85.963300, frame_num=(uint)298;
0:00:07.064074897 [32m    1[00m 0x708458001170 [37mTRACE  [00m [00;34m          GST_TRACER :0::[00m latency_tracer_pipeline, frame_latency=(double)42.438960, avg=(double)32.384464, min=(double)0.277575, max=(double)45.967359, latency=(double)11.670799, fps=(double)85.683940, frame_num=(uint)299;
0:00:07.064720150 [32m    1[00m 0x708458001170 [37mTRACE  [00m [00;34m          GST_TRACER :0::[00m latency_tracer_pipeline, frame_latency=(double)22.846963, avg=(double)32.352672, min=(double)0.277575, max=(double)45.967359, latency=(double)11.634071, fps=(double)85.954436, frame_num=(uint)300;
0:00:07.087964283 [32m    1[00m 0x708458001170 [37mTRACE  [00m [00;34m          GST_TRACER :0::[00m latency_tracer_pipeline, frame_latency=(double)42.056232, avg=(double)32.384910, min=(double)0.277575, max=(double)45.967359, latency=(double)11.672625, fps=(double)85.670533, frame_num=(uint)301;
0:00:07.088903932 [32m    1[00m 0x708458001170 [37mTRACE  [00m [00;34m          GST_TRACER :0::[00m latency_tracer_pipeline, frame_latency=(double)22.603174, avg=(double)32.352520, min=(double)0.277575, max=(double)45.967359, latency=(double)11.637091, fps=(double)85.932127, frame_num=(uint)302;
0:00:07.111353450 [32m    1[00m 0x708458001170 [37mTRACE  [00m [00;34m          GST_TRACER :0::[00m latency_tracer_pipeline, frame_latency=(double)40.925297, avg=(double)32.380813, min=(double)0.277575, max=(double)45.967359, latency=(double)11.672758, fps=(double)85.669557, frame_num=(uint)303;
0:00:07.112331158 [32m    1[00m 0x708458001170 [37mTRACE  [00m [00;34m          GST_TRACER :0::[00m latency_tracer_pipeline, frame_latency=(double)21.681434, avg=(double)32.345618, min=(double)0.277575, max=(double)45.967359, latency=(double)11.637573, fps=(double)85.928573, frame_num=(uint)304;
0:00:07.136102718 [32m    1[00m 0x708458001170 [37mTRACE  [00m [00;34m          GST_TRACER :0::[00m latency_tracer_pipeline, frame_latency=(double)41.071984, avg=(double)32.374229, min=(double)0.277575, max=(double)45.967359, latency=(double)11.677355, fps=(double)85.635834, frame_num=(uint)305;
0:00:07.160797637 [32m    1[00m 0x708458001170 [37mTRACE  [00m [00;34m          GST_TRACER :0::[00m latency_tracer_pipeline, frame_latency=(double)45.324380, avg=(double)32.416549, min=(double)0.277575, max=(double)45.967359, latency=(double)11.719906, fps=(double)85.324920, frame_num=(uint)306;
0:00:07.161770945 [32m    1[00m 0x708458001170 [37mTRACE  [00m [00;34m          GST_TRACER :0::[00m latency_tracer_pipeline, frame_latency=(double)25.027687, avg=(double)32.392482, min=(double)0.277575, max=(double)45.967359, latency=(double)11.684913, fps=(double)85.580438, frame_num=(uint)307;
0:00:07.185409708 [32m    1[00m 0x708458001170 [37mTRACE  [00m [00;34m          GST_TRACER :0::[00m latency_tracer_pipeline, frame_latency=(double)44.889141, avg=(double)32.433055, min=(double)0.277575, max=(double)45.967359, latency=(double)11.723709, fps=(double)85.297238, frame_num=(uint)308;
0:00:07.186219525 [32m    1[00m 0x708458001170 [37mTRACE  [00m [00;34m          GST_TRACER :0::[00m latency_tracer_pipeline, frame_latency=(double)24.706906, avg=(double)32.408051, min=(double)0.277575, max=(double)45.967359, latency=(double)11.688405, fps=(double)85.554870, frame_num=(uint)309;
0:00:07.209519908 [32m    1[00m 0x708458001170 [37mTRACE  [00m [00;34m          GST_TRACER :0::[00m latency_tracer_pipeline, frame_latency=(double)43.837076, avg=(double)32.444919, min=(double)0.277575, max=(double)45.967359, latency=(double)11.725882, fps=(double)85.281434, frame_num=(uint)310;
0:00:07.210158551 [32m    1[00m 0x708458001170 [37mTRACE  [00m [00;34m          GST_TRACER :0::[00m latency_tracer_pipeline, frame_latency=(double)24.099425, avg=(double)32.418085, min=(double)0.277575, max=(double)45.967359, latency=(double)11.690207, fps=(double)85.541684, frame_num=(uint)311;
0:00:07.233785179 [32m    1[00m 0x708458001170 [37mTRACE  [00m [00;34m          GST_TRACER :0::[00m latency_tracer_pipeline, frame_latency=(double)44.348118, avg=(double)32.456322, min=(double)0.277575, max=(double)45.967359, latency=(double)11.728485, fps=(double)85.262501, frame_num=(uint)312;
0:00:07.234758176 [32m    1[00m 0x708458001170 [37mTRACE  [00m [00;34m          GST_TRACER :0::[00m latency_tracer_pipeline, frame_latency=(double)24.483696, avg=(double)32.430850, min=(double)0.277575, max=(double)45.967359, latency=(double)11.694086, fps=(double)85.513311, frame_num=(uint)313;
0:00:07.258488164 [32m    1[00m 0x708458001170 [37mTRACE  [00m [00;34m          GST_TRACER :0::[00m latency_tracer_pipeline, frame_latency=(double)44.596569, avg=(double)32.469595, min=(double)0.277575, max=(double)45.967359, latency=(double)11.732343, fps=(double)85.234470, frame_num=(uint)314;
0:00:07.258937904 [32m    1[00m 0x708458001170 [37mTRACE  [00m [00;34m          GST_TRACER :0::[00m latency_tracer_pipeline, frame_latency=(double)24.618405, avg=(double)32.444670, min=(double)0.277575, max=(double)45.967359, latency=(double)11.696623, fps=(double)85.494765, frame_num=(uint)315;
0:00:07.283350710 [32m    1[00m 0x708458001170 [37mTRACE  [00m [00;34m          GST_TRACER :0::[00m latency_tracer_pipeline, frame_latency=(double)44.136757, avg=(double)32.481671, min=(double)0.277575, max=(double)45.967359, latency=(double)11.736819, fps=(double)85.201964, frame_num=(uint)316;
0:00:07.284319636 [32m    1[00m 0x708458001170 [37mTRACE  [00m [00;34m          GST_TRACER :0::[00m latency_tracer_pipeline, frame_latency=(double)24.251926, avg=(double)32.455709, min=(double)0.277575, max=(double)45.967359, latency=(double)11.702892, fps=(double)85.448964, frame_num=(uint)317;
0:00:07.308345014 [32m    1[00m 0x708458001170 [37mTRACE  [00m [00;34m          GST_TRACER :0::[00m latency_tracer_pipeline, frame_latency=(double)43.187593, avg=(double)32.489457, min=(double)0.277575, max=(double)45.967359, latency=(double)11.741615, fps=(double)85.167158, frame_num=(uint)318;
0:00:07.308395944 [32m    1[00m 0x708458001170 [37mTRACE  [00m [00;34m          GST_TRACER :0::[00m latency_tracer_pipeline, frame_latency=(double)23.369226, avg=(double)32.460867, min=(double)0.277575, max=(double)45.967359, latency=(double)11.705020, fps=(double)85.433433, frame_num=(uint)319;
0:00:07.332807318 [32m    1[00m 0x708458001170 [37mTRACE  [00m [00;34m          GST_TRACER :0::[00m latency_tracer_pipeline, frame_latency=(double)43.432220, avg=(double)32.495153, min=(double)0.277575, max=(double)45.967359, latency=(double)11.744680, fps=(double)85.144935, frame_num=(uint)320;
0:00:07.333798831 [32m    1[00m 0x708458001170 [37mTRACE  [00m [00;34m          GST_TRACER :0::[00m latency_tracer_pipeline, frame_latency=(double)24.499893, avg=(double)32.470245, min=(double)0.277575, max=(double)45.967359, latency=(double)11.711199, fps=(double)85.388353, frame_num=(uint)321;
0:00:07.358326986 [32m    1[00m 0x708458001170 [37mTRACE  [00m [00;34m          GST_TRACER :0::[00m latency_tracer_pipeline, frame_latency=(double)44.983476, avg=(double)32.509106, min=(double)0.277575, max=(double)45.967359, latency=(double)11.750999, fps=(double)85.099151, frame_num=(uint)322;
0:00:07.359879026 [32m    1[00m 0x708458001170 [37mTRACE  [00m [00;34m          GST_TRACER :0::[00m latency_tracer_pipeline, frame_latency=(double)25.131849, avg=(double)32.486267, min=(double)0.277575, max=(double)45.967359, latency=(double)11.719460, fps=(double)85.328163, frame_num=(uint)323;
0:00:07.382913140 [32m    1[00m 0x708458001170 [37mTRACE  [00m [00;34m          GST_TRACER :0::[00m latency_tracer_pipeline, frame_latency=(double)41.746905, avg=(double)32.514849, min=(double)0.277575, max=(double)45.967359, latency=(double)11.754347, fps=(double)85.074908, frame_num=(uint)324;
0:00:07.383479423 [32m    1[00m 0x708458001170 [37mTRACE  [00m [00;34m          GST_TRACER :0::[00m latency_tracer_pipeline, frame_latency=(double)22.836317, avg=(double)32.485069, min=(double)0.277575, max=(double)45.967359, latency=(double)11.719908, fps=(double)85.324903, frame_num=(uint)325;
0:00:07.406981769 [32m    1[00m 0x708458001170 [37mTRACE  [00m [00;34m          GST_TRACER :0::[00m latency_tracer_pipeline, frame_latency=(double)41.531847, avg=(double)32.512820, min=(double)0.277575, max=(double)45.967359, latency=(double)11.756047, fps=(double)85.062609, frame_num=(uint)326;
0:00:07.407662405 [32m    1[00m 0x708458001170 [37mTRACE  [00m [00;34m          GST_TRACER :0::[00m latency_tracer_pipeline, frame_latency=(double)22.231663, avg=(double)32.481379, min=(double)0.277575, max=(double)45.967359, latency=(double)11.722205, fps=(double)85.308185, frame_num=(uint)327;
0:00:07.431502131 [32m    1[00m 0x708458001170 [37mTRACE  [00m [00;34m          GST_TRACER :0::[00m latency_tracer_pipeline, frame_latency=(double)41.404123, avg=(double)32.508582, min=(double)0.277575, max=(double)45.967359, latency=(double)11.759128, fps=(double)85.040319, frame_num=(uint)328;
0:00:07.432532062 [32m    1[00m 0x708458001170 [37mTRACE  [00m [00;34m          GST_TRACER :0::[00m latency_tracer_pipeline, frame_latency=(double)22.395591, avg=(double)32.477844, min=(double)0.277575, max=(double)45.967359, latency=(double)11.726544, fps=(double)85.276620, frame_num=(uint)329;
0:00:07.456150276 [32m    1[00m 0x708458001170 [37mTRACE  [00m [00;34m          GST_TRACER :0::[00m latency_tracer_pipeline, frame_latency=(double)41.046825, avg=(double)32.503810, min=(double)0.277575, max=(double)45.967359, latency=(double)11.762582, fps=(double)85.015350, frame_num=(uint)330;
0:00:07.457223328 [32m    1[00m 0x708458001170 [37mTRACE  [00m [00;34m          GST_TRACER :0::[00m latency_tracer_pipeline, frame_latency=(double)22.307021, avg=(double)32.473004, min=(double)0.277575, max=(double)45.967359, latency=(double)11.730302, fps=(double)85.249298, frame_num=(uint)331;
0:00:07.480987260 [32m    1[00m 0x708458001170 [37mTRACE  [00m [00;34m          GST_TRACER :0::[00m latency_tracer_pipeline, frame_latency=(double)41.394100, avg=(double)32.499875, min=(double)0.277575, max=(double)45.967359, latency=(double)11.766524, fps=(double)84.986863, frame_num=(uint)332;
FpsCounter(average 1.01sec): total=332.07 fps, number-streams=4, per-stream=83.02 fps (79.54, 83.52, 85.50, 83.52)
0:00:07.505486616 [32m    1[00m 0x708458001170 [37mTRACE  [00m [00;34m          GST_TRACER :0::[00m latency_tracer_pipeline, frame_latency=(double)45.553878, avg=(double)32.539076, min=(double)0.277575, max=(double)45.967359, latency=(double)11.804704, fps=(double)84.711992, frame_num=(uint)333;
0:00:07.506260938 [32m    1[00m 0x708458001170 [37mTRACE  [00m [00;34m          GST_TRACER :0::[00m latency_tracer_pipeline, frame_latency=(double)24.675049, avg=(double)32.515531, min=(double)0.277575, max=(double)45.967359, latency=(double)11.771759, fps=(double)84.949069, frame_num=(uint)334;
0:00:07.529134229 [32m    1[00m 0x708458001170 [37mTRACE  [00m [00;34m          GST_TRACER :0::[00m latency_tracer_pipeline, frame_latency=(double)43.937468, avg=(double)32.549627, min=(double)0.277575, max=(double)45.967359, latency=(double)11.804883, fps=(double)84.710705, frame_num=(uint)335;
0:00:07.530487994 [32m    1[00m 0x708458001170 [37mTRACE  [00m [00;34m          GST_TRACER :0::[00m latency_tracer_pipeline, frame_latency=(double)24.207965, avg=(double)32.524800, min=(double)0.277575, max=(double)45.967359, latency=(double)11.773780, fps=(double)84.934492, frame_num=(uint)336;
0:00:07.552918200 [32m    1[00m 0x708458001170 [37mTRACE  [00m [00;34m          GST_TRACER :0::[00m latency_tracer_pipeline, frame_latency=(double)42.023210, avg=(double)32.552985, min=(double)0.277575, max=(double)45.967359, latency=(double)11.805397, fps=(double)84.707021, frame_num=(uint)337;
0:00:07.553580404 [32m    1[00m 0x708458001170 [37mTRACE  [00m [00;34m          GST_TRACER :0::[00m latency_tracer_pipeline, frame_latency=(double)23.631190, avg=(double)32.526589, min=(double)0.277575, max=(double)45.967359, latency=(double)11.772418, fps=(double)84.944319, frame_num=(uint)338;
0:00:07.577572561 [32m    1[00m 0x708458001170 [37mTRACE  [00m [00;34m          GST_TRACER :0::[00m latency_tracer_pipeline, frame_latency=(double)42.958363, avg=(double)32.557362, min=(double)0.277575, max=(double)45.967359, latency=(double)11.808475, fps=(double)84.684937, frame_num=(uint)339;
0:00:07.578690604 [32m    1[00m 0x708458001170 [37mTRACE  [00m [00;34m          GST_TRACER :0::[00m latency_tracer_pipeline, frame_latency=(double)23.745601, avg=(double)32.531445, min=(double)0.277575, max=(double)45.967359, latency=(double)11.777053, fps=(double)84.910889, frame_num=(uint)340;
FpsCounter(last 1.01sec): total=333.71 fps, number-streams=4, per-stream=83.43 fps (80.45, 85.41, 85.41, 82.44)
latency: -8446.86ms (-8458.00, -8587.86, -8551.45, -8181.50)
0:00:07.601797086 [32m    1[00m 0x708458001170 [37mTRACE  [00m [00;34m          GST_TRACER :0::[00m latency_tracer_pipeline, frame_latency=(double)44.347744, avg=(double)32.566097, min=(double)0.277575, max=(double)45.967359, latency=(double)11.810250, fps=(double)84.672210, frame_num=(uint)341;
0:00:07.601815919 [32m    1[00m 0x708458001170 [37mTRACE  [00m [00;34m          GST_TRACER :0::[00m latency_tracer_pipeline_interval, interval=(double)1006.347388, avg=(double)33.332253, min=(double)21.393982, max=(double)45.553878, latency=(double)12.424042, fps=(double)80.489104;
0:00:07.602331206 [32m    1[00m 0x708458001170 [37mTRACE  [00m [00;34m          GST_TRACER :0::[00m latency_tracer_pipeline, frame_latency=(double)22.956250, avg=(double)32.537998, min=(double)0.277575, max=(double)45.967359, latency=(double)11.777262, fps=(double)84.909379, frame_num=(uint)342;
0:00:07.624322881 [32m    1[00m 0x708458001170 [37mTRACE  [00m [00;34m          GST_TRACER :0::[00m latency_tracer_pipeline, frame_latency=(double)41.400364, avg=(double)32.563835, min=(double)0.277575, max=(double)45.967359, latency=(double)11.807045, fps=(double)84.695194, frame_num=(uint)343;
0:00:07.625004968 [32m    1[00m 0x708458001170 [37mTRACE  [00m [00;34m          GST_TRACER :0::[00m latency_tracer_pipeline, frame_latency=(double)21.455291, avg=(double)32.531543, min=(double)0.277575, max=(double)45.967359, latency=(double)11.774735, fps=(double)84.927604, frame_num=(uint)344;
0:00:07.646803985 [32m    1[00m 0x708458001170 [37mTRACE  [00m [00;34m          GST_TRACER :0::[00m latency_tracer_pipeline, frame_latency=(double)40.176350, avg=(double)32.553702, min=(double)0.277575, max=(double)45.967359, latency=(double)11.803792, fps=(double)84.718540, frame_num=(uint)345;
0:00:07.647662562 [32m    1[00m 0x708458001170 [37mTRACE  [00m [00;34m          GST_TRACER :0::[00m latency_tracer_pipeline, frame_latency=(double)21.657765, avg=(double)32.522211, min=(double)0.277575, max=(double)45.967359, latency=(double)11.772164, fps=(double)84.946151, frame_num=(uint)346;
0:00:07.669791437 [32m    1[00m 0x708458001170 [37mTRACE  [00m [00;34m          GST_TRACER :0::[00m latency_tracer_pipeline, frame_latency=(double)41.900276, avg=(double)32.549237, min=(double)0.277575, max=(double)45.967359, latency=(double)11.801982, fps=(double)84.731532, frame_num=(uint)347;
0:00:07.671021979 [32m    1[00m 0x708458001170 [37mTRACE  [00m [00;34m          GST_TRACER :0::[00m latency_tracer_pipeline, frame_latency=(double)23.913018, avg=(double)32.524420, min=(double)0.277575, max=(double)45.967359, latency=(double)11.771577, fps=(double)84.950384, frame_num=(uint)348;
0:00:07.693953758 [32m    1[00m 0x708458001170 [37mTRACE  [00m [00;34m          GST_TRACER :0::[00m latency_tracer_pipeline, frame_latency=(double)44.307460, avg=(double)32.558183, min=(double)0.277575, max=(double)45.967359, latency=(double)11.803569, fps=(double)84.720140, frame_num=(uint)349;
0:00:07.694960610 [32m    1[00m 0x708458001170 [37mTRACE  [00m [00;34m          GST_TRACER :0::[00m latency_tracer_pipeline, frame_latency=(double)24.895521, avg=(double)32.536289, min=(double)0.277575, max=(double)45.967359, latency=(double)11.772728, fps=(double)84.942079, frame_num=(uint)350;
0:00:07.718325140 [32m    1[00m 0x708458001170 [37mTRACE  [00m [00;34m          GST_TRACER :0::[00m latency_tracer_pipeline, frame_latency=(double)45.186366, avg=(double)32.572329, min=(double)0.277575, max=(double)45.967359, latency=(double)11.805771, fps=(double)84.704334, frame_num=(uint)351;
0:00:07.718916546 [32m    1[00m 0x708458001170 [37mTRACE  [00m [00;34m          GST_TRACER :0::[00m latency_tracer_pipeline, frame_latency=(double)24.672908, avg=(double)32.549888, min=(double)0.277575, max=(double)45.967359, latency=(double)11.773895, fps=(double)84.933659, frame_num=(uint)352;
0:00:07.743155028 [32m    1[00m 0x708458001170 [37mTRACE  [00m [00;34m          GST_TRACER :0::[00m latency_tracer_pipeline, frame_latency=(double)45.309968, avg=(double)32.586035, min=(double)0.277575, max=(double)45.967359, latency=(double)11.809135, fps=(double)84.680211, frame_num=(uint)353;
0:00:07.744250652 [32m    1[00m 0x708458001170 [37mTRACE  [00m [00;34m          GST_TRACER :0::[00m latency_tracer_pipeline, frame_latency=(double)25.629721, avg=(double)32.566385, min=(double)0.277575, max=(double)45.967359, latency=(double)11.778941, fps=(double)84.897274, frame_num=(uint)354;
0:00:07.768341299 [32m    1[00m 0x708458001170 [37mTRACE  [00m [00;34m          GST_TRACER :0::[00m latency_tracer_pipeline, frame_latency=(double)45.884146, avg=(double)32.603900, min=(double)0.277575, max=(double)45.967359, latency=(double)11.813607, fps=(double)84.648151, frame_num=(uint)355;
0:00:07.769132773 [32m    1[00m 0x708458001170 [37mTRACE  [00m [00;34m          GST_TRACER :0::[00m latency_tracer_pipeline, frame_latency=(double)25.835101, avg=(double)32.584886, min=(double)0.277575, max=(double)45.967359, latency=(double)11.782689, fps=(double)84.870274, frame_num=(uint)356;
0:00:07.793605555 [32m    1[00m 0x708458001170 [37mTRACE  [00m [00;34m          GST_TRACER :0::[00m latency_tracer_pipeline, frame_latency=(double)46.036524, avg=(double)32.622566, min=(double)0.277575, max=(double)46.036524, latency=(double)11.818222, fps=(double)84.615099, frame_num=(uint)357;
0:00:07.794378219 [32m    1[00m 0x708458001170 [37mTRACE  [00m [00;34m          GST_TRACER :0::[00m latency_tracer_pipeline, frame_latency=(double)25.856876, avg=(double)32.603667, min=(double)0.277575, max=(double)46.036524, latency=(double)11.787382, fps=(double)84.836482, frame_num=(uint)358;
0:00:07.794406070 [32m    1[00m 0x708458001170 [37mTRACE  [00m [00;34m          GST_TRACER :0::[00m latency_tracer_pipeline, frame_latency=(double)21.603877, avg=(double)32.573027, min=(double)0.277575, max=(double)46.036524, latency=(double)11.754632, fps=(double)85.072845, frame_num=(uint)359;
0:00:07.816626960 [32m    1[00m 0x708458001170 [37mTRACE  [00m [00;34m          GST_TRACER :0::[00m latency_tracer_pipeline, frame_latency=(double)41.190041, avg=(double)32.596963, min=(double)0.277575, max=(double)46.036524, latency=(double)11.783687, fps=(double)84.863082, frame_num=(uint)360;
0:00:07.818054099 [32m    1[00m 0x708458001170 [37mTRACE  [00m [00;34m          GST_TRACER :0::[00m latency_tracer_pipeline, frame_latency=(double)22.940683, avg=(double)32.570215, min=(double)0.277575, max=(double)46.036524, latency=(double)11.755018, fps=(double)85.070051, frame_num=(uint)361;
0:00:07.840682512 [32m    1[00m 0x708458001170 [37mTRACE  [00m [00;34m          GST_TRACER :0::[00m latency_tracer_pipeline, frame_latency=(double)42.708259, avg=(double)32.598220, min=(double)0.277575, max=(double)46.036524, latency=(double)11.785012, fps=(double)84.853543, frame_num=(uint)362;
0:00:07.841969902 [32m    1[00m 0x708458001170 [37mTRACE  [00m [00;34m          GST_TRACER :0::[00m latency_tracer_pipeline, frame_latency=(double)23.779913, avg=(double)32.573927, min=(double)0.277575, max=(double)46.036524, latency=(double)11.756124, fps=(double)85.062050, frame_num=(uint)363;
0:00:07.864147208 [32m    1[00m 0x708458001170 [37mTRACE  [00m [00;34m          GST_TRACER :0::[00m latency_tracer_pipeline, frame_latency=(double)42.584018, avg=(double)32.601428, min=(double)0.277575, max=(double)46.036524, latency=(double)11.784751, fps=(double)84.855421, frame_num=(uint)364;
0:00:07.865667954 [32m    1[00m 0x708458001170 [37mTRACE  [00m [00;34m          GST_TRACER :0::[00m latency_tracer_pipeline, frame_latency=(double)23.572860, avg=(double)32.576692, min=(double)0.277575, max=(double)46.036524, latency=(double)11.756632, fps=(double)85.058375, frame_num=(uint)365;
0:00:07.887162553 [32m    1[00m 0x708458001170 [37mTRACE  [00m [00;34m          GST_TRACER :0::[00m latency_tracer_pipeline, frame_latency=(double)39.731194, avg=(double)32.596240, min=(double)0.277575, max=(double)46.036524, latency=(double)11.783236, fps=(double)84.866328, frame_num=(uint)366;
0:00:07.888551975 [32m    1[00m 0x708458001170 [37mTRACE  [00m [00;34m          GST_TRACER :0::[00m latency_tracer_pipeline, frame_latency=(double)21.408577, avg=(double)32.565756, min=(double)0.277575, max=(double)46.036524, latency=(double)11.754927, fps=(double)85.070708, frame_num=(uint)367;
0:00:07.909721797 [32m    1[00m 0x708458001170 [37mTRACE  [00m [00;34m          GST_TRACER :0::[00m latency_tracer_pipeline, frame_latency=(double)40.705287, avg=(double)32.587874, min=(double)0.277575, max=(double)46.036524, latency=(double)11.780500, fps=(double)84.886042, frame_num=(uint)368;
0:00:07.911545725 [32m    1[00m 0x708458001170 [37mTRACE  [00m [00;34m          GST_TRACER :0::[00m latency_tracer_pipeline, frame_latency=(double)23.168752, avg=(double)32.562348, min=(double)0.277575, max=(double)46.036524, latency=(double)11.753518, fps=(double)85.080906, frame_num=(uint)369;
0:00:07.932565639 [32m    1[00m 0x708458001170 [37mTRACE  [00m [00;34m          GST_TRACER :0::[00m latency_tracer_pipeline, frame_latency=(double)41.162192, avg=(double)32.585591, min=(double)0.277575, max=(double)46.036524, latency=(double)11.778560, fps=(double)84.900020, frame_num=(uint)370;
0:00:07.934017786 [32m    1[00m 0x708458001170 [37mTRACE  [00m [00;34m          GST_TRACER :0::[00m latency_tracer_pipeline, frame_latency=(double)22.533111, avg=(double)32.558495, min=(double)0.277575, max=(double)46.036524, latency=(double)11.750740, fps=(double)85.101024, frame_num=(uint)371;
0:00:07.955058130 [32m    1[00m 0x708458001170 [37mTRACE  [00m [00;34m          GST_TRACER :0::[00m latency_tracer_pipeline, frame_latency=(double)40.786770, avg=(double)32.580614, min=(double)0.277575, max=(double)46.036524, latency=(double)11.775682, fps=(double)84.920773, frame_num=(uint)372;
0:00:07.956514855 [32m    1[00m 0x708458001170 [37mTRACE  [00m [00;34m          GST_TRACER :0::[00m latency_tracer_pipeline, frame_latency=(double)21.998375, avg=(double)32.552243, min=(double)0.277575, max=(double)46.036524, latency=(double)11.748045, fps=(double)85.120542, frame_num=(uint)373;
0:00:07.978103286 [32m    1[00m 0x708458001170 [37mTRACE  [00m [00;34m          GST_TRACER :0::[00m latency_tracer_pipeline, frame_latency=(double)40.692921, avg=(double)32.574010, min=(double)0.277575, max=(double)46.036524, latency=(double)11.774338, fps=(double)84.930463, frame_num=(uint)374;
0:00:07.979605657 [32m    1[00m 0x708458001170 [37mTRACE  [00m [00;34m          GST_TRACER :0::[00m latency_tracer_pipeline, frame_latency=(double)23.692930, avg=(double)32.550327, min=(double)0.277575, max=(double)46.036524, latency=(double)11.746965, fps=(double)85.128373, frame_num=(uint)375;
0:00:08.001239083 [32m    1[00m 0x708458001170 [37mTRACE  [00m [00;34m          GST_TRACER :0::[00m latency_tracer_pipeline, frame_latency=(double)42.057202, avg=(double)32.575611, min=(double)0.277575, max=(double)46.036524, latency=(double)11.773241, fps=(double)84.938377, frame_num=(uint)376;
0:00:08.002879249 [32m    1[00m 0x708458001170 [37mTRACE  [00m [00;34m          GST_TRACER :0::[00m latency_tracer_pipeline, frame_latency=(double)24.111678, avg=(double)32.553160, min=(double)0.277575, max=(double)46.036524, latency=(double)11.746372, fps=(double)85.132672, frame_num=(uint)377;
0:00:08.024381735 [32m    1[00m 0x708458001170 [37mTRACE  [00m [00;34m          GST_TRACER :0::[00m latency_tracer_pipeline, frame_latency=(double)42.862642, avg=(double)32.580434, min=(double)0.277575, max=(double)46.036524, latency=(double)11.772180, fps=(double)84.946034, frame_num=(uint)378;
0:00:08.026093891 [32m    1[00m 0x708458001170 [37mTRACE  [00m [00;34m          GST_TRACER :0::[00m latency_tracer_pipeline, frame_latency=(double)22.136233, avg=(double)32.552877, min=(double)0.277575, max=(double)46.036524, latency=(double)11.745615, fps=(double)85.138156, frame_num=(uint)379;
0:00:08.047071130 [32m    1[00m 0x708458001170 [37mTRACE  [00m [00;34m          GST_TRACER :0::[00m latency_tracer_pipeline, frame_latency=(double)40.430827, avg=(double)32.573608, min=(double)0.277575, max=(double)46.036524, latency=(double)11.769931, fps=(double)84.962267, frame_num=(uint)380;
0:00:08.048791993 [32m    1[00m 0x708458001170 [37mTRACE  [00m [00;34m          GST_TRACER :0::[00m latency_tracer_pipeline, frame_latency=(double)22.486791, avg=(double)32.547134, min=(double)0.277575, max=(double)46.036524, latency=(double)11.743556, fps=(double)85.153086, frame_num=(uint)381;
0:00:08.070803248 [32m    1[00m 0x708458001170 [37mTRACE  [00m [00;34m          GST_TRACER :0::[00m latency_tracer_pipeline, frame_latency=(double)42.206128, avg=(double)32.572419, min=(double)0.277575, max=(double)46.036524, latency=(double)11.770434, fps=(double)84.958631, frame_num=(uint)382;
0:00:08.072777992 [32m    1[00m 0x708458001170 [37mTRACE  [00m [00;34m          GST_TRACER :0::[00m latency_tracer_pipeline, frame_latency=(double)22.404563, avg=(double)32.545871, min=(double)0.277575, max=(double)46.036524, latency=(double)11.744862, fps=(double)85.143616, frame_num=(uint)383;
0:00:08.094485776 [32m    1[00m 0x708458001170 [37mTRACE  [00m [00;34m          GST_TRACER :0::[00m latency_tracer_pipeline, frame_latency=(double)40.447719, avg=(double)32.566449, min=(double)0.277575, max=(double)46.036524, latency=(double)11.770739, fps=(double)84.956435, frame_num=(uint)384;
0:00:08.095976621 [32m    1[00m 0x708458001170 [37mTRACE  [00m [00;34m          GST_TRACER :0::[00m latency_tracer_pipeline, frame_latency=(double)24.116679, avg=(double)32.544502, min=(double)0.277575, max=(double)46.036524, latency=(double)11.744067, fps=(double)85.149378, frame_num=(uint)385;
0:00:08.117698104 [32m    1[00m 0x708458001170 [37mTRACE  [00m [00;34m          GST_TRACER :0::[00m latency_tracer_pipeline, frame_latency=(double)43.215690, avg=(double)32.572147, min=(double)0.277575, max=(double)46.036524, latency=(double)11.769931, fps=(double)84.962266, frame_num=(uint)386;
0:00:08.119108666 [32m    1[00m 0x708458001170 [37mTRACE  [00m [00;34m          GST_TRACER :0::[00m latency_tracer_pipeline, frame_latency=(double)24.061790, avg=(double)32.550156, min=(double)0.277575, max=(double)46.036524, latency=(double)11.743168, fps=(double)85.155897, frame_num=(uint)387;
0:00:08.140275076 [32m    1[00m 0x708458001170 [37mTRACE  [00m [00;34m          GST_TRACER :0::[00m latency_tracer_pipeline, frame_latency=(double)40.754474, avg=(double)32.571302, min=(double)0.277575, max=(double)46.036524, latency=(double)11.767453, fps=(double)84.980157, frame_num=(uint)388;
0:00:08.141797032 [32m    1[00m 0x708458001170 [37mTRACE  [00m [00;34m          GST_TRACER :0::[00m latency_tracer_pipeline, frame_latency=(double)22.578225, avg=(double)32.545613, min=(double)0.277575, max=(double)46.036524, latency=(double)11.741072, fps=(double)85.171099, frame_num=(uint)389;
0:00:08.163040228 [32m    1[00m 0x708458001170 [37mTRACE  [00m [00;34m          GST_TRACER :0::[00m latency_tracer_pipeline, frame_latency=(double)40.759097, avg=(double)32.566673, min=(double)0.277575, max=(double)46.036524, latency=(double)11.765482, fps=(double)84.994391, frame_num=(uint)390;
0:00:08.164443032 [32m    1[00m 0x708458001170 [37mTRACE  [00m [00;34m          GST_TRACER :0::[00m latency_tracer_pipeline, frame_latency=(double)22.655887, avg=(double)32.541325, min=(double)0.277575, max=(double)46.036524, latency=(double)11.738975, fps=(double)85.186310, frame_num=(uint)391;
0:00:08.185771568 [32m    1[00m 0x708458001170 [37mTRACE  [00m [00;34m          GST_TRACER :0::[00m latency_tracer_pipeline, frame_latency=(double)41.385838, avg=(double)32.563888, min=(double)0.277575, max=(double)46.036524, latency=(double)11.763439, fps=(double)85.009156, frame_num=(uint)392;
0:00:08.209019180 [32m    1[00m 0x708458001170 [37mTRACE  [00m [00;34m          GST_TRACER :0::[00m latency_tracer_pipeline, frame_latency=(double)43.746459, avg=(double)32.592342, min=(double)0.277575, max=(double)46.036524, latency=(double)11.792649, fps=(double)84.798589, frame_num=(uint)393;
0:00:08.210428894 [32m    1[00m 0x708458001170 [37mTRACE  [00m [00;34m          GST_TRACER :0::[00m latency_tracer_pipeline, frame_latency=(double)24.434306, avg=(double)32.571637, min=(double)0.277575, max=(double)46.036524, latency=(double)11.766295, fps=(double)84.988523, frame_num=(uint)394;
0:00:08.232827685 [32m    1[00m 0x708458001170 [37mTRACE  [00m [00;34m          GST_TRACER :0::[00m latency_tracer_pipeline, frame_latency=(double)44.219127, avg=(double)32.601124, min=(double)0.277575, max=(double)46.036524, latency=(double)11.793212, fps=(double)84.794540, frame_num=(uint)395;
0:00:08.234124322 [32m    1[00m 0x708458001170 [37mTRACE  [00m [00;34m          GST_TRACER :0::[00m latency_tracer_pipeline, frame_latency=(double)24.776201, avg=(double)32.581364, min=(double)0.277575, max=(double)46.036524, latency=(double)11.766711, fps=(double)84.985515, frame_num=(uint)396;
0:00:08.234165419 [32m    1[00m 0x708458001170 [37mTRACE  [00m [00;34m          GST_TRACER :0::[00m latency_tracer_pipeline, frame_latency=(double)22.165956, avg=(double)32.555129, min=(double)0.277575, max=(double)46.036524, latency=(double)11.737207, fps=(double)85.199146, frame_num=(uint)397;
0:00:08.254628131 [32m    1[00m 0x708458001170 [37mTRACE  [00m [00;34m          GST_TRACER :0::[00m latency_tracer_pipeline, frame_latency=(double)40.890672, avg=(double)32.576072, min=(double)0.277575, max=(double)46.036524, latency=(double)11.759100, fps=(double)85.040523, frame_num=(uint)398;
0:00:08.256220810 [32m    1[00m 0x708458001170 [37mTRACE  [00m [00;34m          GST_TRACER :0::[00m latency_tracer_pipeline, frame_latency=(double)22.374434, avg=(double)32.550504, min=(double)0.277575, max=(double)46.036524, latency=(double)11.733618, fps=(double)85.225206, frame_num=(uint)399;
0:00:08.278356020 [32m    1[00m 0x708458001170 [37mTRACE  [00m [00;34m          GST_TRACER :0::[00m latency_tracer_pipeline, frame_latency=(double)42.264260, avg=(double)32.574789, min=(double)0.277575, max=(double)46.036524, latency=(double)11.759621, fps=(double)85.036753, frame_num=(uint)400;
0:00:08.279390966 [32m    1[00m 0x708458001170 [37mTRACE  [00m [00;34m          GST_TRACER :0::[00m latency_tracer_pipeline, frame_latency=(double)23.831987, avg=(double)32.552986, min=(double)0.277575, max=(double)46.036524, latency=(double)11.732890, fps=(double)85.230491, frame_num=(uint)401;
0:00:08.301774976 [32m    1[00m 0x708458001170 [37mTRACE  [00m [00;34m          GST_TRACER :0::[00m latency_tracer_pipeline, frame_latency=(double)42.105908, avg=(double)32.576750, min=(double)0.277575, max=(double)46.036524, latency=(double)11.759365, fps=(double)85.038607, frame_num=(uint)402;
0:00:08.303210554 [32m    1[00m 0x708458001170 [37mTRACE  [00m [00;34m          GST_TRACER :0::[00m latency_tracer_pipeline, frame_latency=(double)23.353376, avg=(double)32.553863, min=(double)0.277575, max=(double)46.036524, latency=(double)11.733754, fps=(double)85.224214, frame_num=(uint)403;
0:00:08.324732553 [32m    1[00m 0x708458001170 [37mTRACE  [00m [00;34m          GST_TRACER :0::[00m latency_tracer_pipeline, frame_latency=(double)42.524248, avg=(double)32.578542, min=(double)0.277575, max=(double)46.036524, latency=(double)11.757991, fps=(double)85.048543, frame_num=(uint)404;
0:00:08.326140064 [32m    1[00m 0x708458001170 [37mTRACE  [00m [00;34m          GST_TRACER :0::[00m latency_tracer_pipeline, frame_latency=(double)24.252475, avg=(double)32.557984, min=(double)0.277575, max=(double)46.036524, latency=(double)11.732455, fps=(double)85.233650, frame_num=(uint)405;
0:00:08.348524596 [32m    1[00m 0x708458001170 [37mTRACE  [00m [00;34m          GST_TRACER :0::[00m latency_tracer_pipeline, frame_latency=(double)44.264659, avg=(double)32.586818, min=(double)0.277575, max=(double)46.036524, latency=(double)11.758678, fps=(double)85.043572, frame_num=(uint)406;
0:00:08.349345993 [32m    1[00m 0x708458001170 [37mTRACE  [00m [00;34m          GST_TRACER :0::[00m latency_tracer_pipeline, frame_latency=(double)24.419660, avg=(double)32.566751, min=(double)0.277575, max=(double)46.036524, latency=(double)11.731826, fps=(double)85.238220, frame_num=(uint)407;
0:00:08.372234887 [32m    1[00m 0x708458001170 [37mTRACE  [00m [00;34m          GST_TRACER :0::[00m latency_tracer_pipeline, frame_latency=(double)44.141192, avg=(double)32.595120, min=(double)0.277575, max=(double)46.036524, latency=(double)11.759155, fps=(double)85.040126, frame_num=(uint)408;
0:00:08.372966834 [32m    1[00m 0x708458001170 [37mTRACE  [00m [00;34m          GST_TRACER :0::[00m latency_tracer_pipeline, frame_latency=(double)24.123969, avg=(double)32.574408, min=(double)0.277575, max=(double)46.036524, latency=(double)11.732209, fps=(double)85.235439, frame_num=(uint)409;
0:00:08.395603732 [32m    1[00m 0x708458001170 [37mTRACE  [00m [00;34m          GST_TRACER :0::[00m latency_tracer_pipeline, frame_latency=(double)43.601325, avg=(double)32.601303, min=(double)0.277575, max=(double)46.036524, latency=(double)11.758790, fps=(double)85.042764, frame_num=(uint)410;
0:00:08.395630172 [32m    1[00m 0x708458001170 [37mTRACE  [00m [00;34m          GST_TRACER :0::[00m latency_tracer_pipeline, frame_latency=(double)23.135005, avg=(double)32.578271, min=(double)0.277575, max=(double)46.036524, latency=(double)11.730269, fps=(double)85.249536, frame_num=(uint)411;
0:00:08.396401835 [32m    1[00m 0x708458001170 [37mTRACE  [00m [00;34m          GST_TRACER :0::[00m latency_tracer_pipeline, frame_latency=(double)22.443403, avg=(double)32.553672, min=(double)0.277575, max=(double)46.036524, latency=(double)11.703662, fps=(double)85.443346, frame_num=(uint)412;
0:00:08.418841966 [32m    1[00m 0x708458001170 [37mTRACE  [00m [00;34m          GST_TRACER :0::[00m latency_tracer_pipeline, frame_latency=(double)43.371361, avg=(double)32.579865, min=(double)0.277575, max=(double)46.036524, latency=(double)11.729644, fps=(double)85.254081, frame_num=(uint)413;
0:00:08.419534374 [32m    1[00m 0x708458001170 [37mTRACE  [00m [00;34m          GST_TRACER :0::[00m latency_tracer_pipeline, frame_latency=(double)23.712667, avg=(double)32.558446, min=(double)0.277575, max=(double)46.036524, latency=(double)11.702994, fps=(double)85.448221, frame_num=(uint)414;
0:00:08.441353373 [32m    1[00m 0x708458001170 [37mTRACE  [00m [00;34m          GST_TRACER :0::[00m latency_tracer_pipeline, frame_latency=(double)43.261724, avg=(double)32.584237, min=(double)0.277575, max=(double)46.036524, latency=(double)11.727335, fps=(double)85.270862, frame_num=(uint)415;
0:00:08.441403472 [32m    1[00m 0x708458001170 [37mTRACE  [00m [00;34m          GST_TRACER :0::[00m latency_tracer_pipeline, frame_latency=(double)22.530536, avg=(double)32.560070, min=(double)0.277575, max=(double)46.036524, latency=(double)11.699300, fps=(double)85.475197, frame_num=(uint)416;
0:00:08.442311971 [32m    1[00m 0x708458001170 [37mTRACE  [00m [00;34m          GST_TRACER :0::[00m latency_tracer_pipeline, frame_latency=(double)21.890589, avg=(double)32.534483, min=(double)0.277575, max=(double)46.036524, latency=(double)11.673425, fps=(double)85.664662, frame_num=(uint)417;
0:00:08.463730981 [32m    1[00m 0x708458001170 [37mTRACE  [00m [00;34m          GST_TRACER :0::[00m latency_tracer_pipeline, frame_latency=(double)42.249795, avg=(double)32.557726, min=(double)0.277575, max=(double)46.036524, latency=(double)11.696711, fps=(double)85.494119, frame_num=(uint)418;
0:00:08.465023297 [32m    1[00m 0x708458001170 [37mTRACE  [00m [00;34m          GST_TRACER :0::[00m latency_tracer_pipeline, frame_latency=(double)23.191357, avg=(double)32.535372, min=(double)0.277575, max=(double)46.036524, latency=(double)11.671901, fps=(double)85.675848, frame_num=(uint)419;
0:00:08.487533805 [32m    1[00m 0x708458001170 [37mTRACE  [00m [00;34m          GST_TRACER :0::[00m latency_tracer_pipeline, frame_latency=(double)42.735864, avg=(double)32.559659, min=(double)0.277575, max=(double)46.036524, latency=(double)11.697688, fps=(double)85.486978, frame_num=(uint)420;
0:00:08.488518107 [32m    1[00m 0x708458001170 [37mTRACE  [00m [00;34m          GST_TRACER :0::[00m latency_tracer_pipeline, frame_latency=(double)23.705207, avg=(double)32.538627, min=(double)0.277575, max=(double)46.036524, latency=(double)11.672271, fps=(double)85.673131, frame_num=(uint)421;
FpsCounter(average 2.01sec): total=336.93 fps, number-streams=4, per-stream=84.23 fps (83.98, 82.99, 86.47, 83.49)
0:00:08.511666279 [32m    1[00m 0x708458001170 [37mTRACE  [00m [00;34m          GST_TRACER :0::[00m latency_tracer_pipeline, frame_latency=(double)42.745444, avg=(double)32.562813, min=(double)0.277575, max=(double)46.036524, latency=(double)11.699429, fps=(double)85.474258, frame_num=(uint)422;
0:00:08.512656868 [32m    1[00m 0x708458001170 [37mTRACE  [00m [00;34m          GST_TRACER :0::[00m latency_tracer_pipeline, frame_latency=(double)24.009234, avg=(double)32.542592, min=(double)0.277575, max=(double)46.036524, latency=(double)11.674144, fps=(double)85.659384, frame_num=(uint)423;
0:00:08.535684774 [32m    1[00m 0x708458001170 [37mTRACE  [00m [00;34m          GST_TRACER :0::[00m latency_tracer_pipeline, frame_latency=(double)43.948591, avg=(double)32.569493, min=(double)0.277575, max=(double)46.036524, latency=(double)11.700890, fps=(double)85.463588, frame_num=(uint)424;
0:00:08.536977058 [32m    1[00m 0x708458001170 [37mTRACE  [00m [00;34m          GST_TRACER :0::[00m latency_tracer_pipeline, frame_latency=(double)24.407471, avg=(double)32.550288, min=(double)0.277575, max=(double)46.036524, latency=(double)11.676429, fps=(double)85.642621, frame_num=(uint)425;
0:00:08.559193532 [32m    1[00m 0x708458001170 [37mTRACE  [00m [00;34m          GST_TRACER :0::[00m latency_tracer_pipeline, frame_latency=(double)41.944227, avg=(double)32.572340, min=(double)0.277575, max=(double)46.036524, latency=(double)11.701115, fps=(double)85.461944, frame_num=(uint)426;
0:00:08.560211208 [32m    1[00m 0x708458001170 [37mTRACE  [00m [00;34m          GST_TRACER :0::[00m latency_tracer_pipeline, frame_latency=(double)23.525961, avg=(double)32.551154, min=(double)0.277575, max=(double)46.036524, latency=(double)11.676147, fps=(double)85.644690, frame_num=(uint)427;
0:00:08.583010890 [32m    1[00m 0x708458001170 [37mTRACE  [00m [00;34m          GST_TRACER :0::[00m latency_tracer_pipeline, frame_latency=(double)42.324497, avg=(double)32.573989, min=(double)0.277575, max=(double)46.036524, latency=(double)11.702112, fps=(double)85.454657, frame_num=(uint)428;
0:00:08.583727422 [32m    1[00m 0x708458001170 [37mTRACE  [00m [00;34m          GST_TRACER :0::[00m latency_tracer_pipeline, frame_latency=(double)22.155475, avg=(double)32.549703, min=(double)0.277575, max=(double)46.036524, latency=(double)11.676535, fps=(double)85.641847, frame_num=(uint)429;
FpsCounter(last 1.01sec): total=342.24 fps, number-streams=4, per-stream=85.56 fps (89.54, 82.58, 85.56, 84.57)
latency: -10832.14ms (-10854.79, -10964.95, -10986.25, -10522.54)
0:00:08.606935303 [32m    1[00m 0x708458001170 [37mTRACE  [00m [00;34m          GST_TRACER :0::[00m latency_tracer_pipeline, frame_latency=(double)41.263607, avg=(double)32.569968, min=(double)0.277575, max=(double)46.036524, latency=(double)11.703341, fps=(double)85.445689, frame_num=(uint)430;
0:00:08.606951176 [32m    1[00m 0x708458001170 [37mTRACE  [00m [00;34m          GST_TRACER :0::[00m latency_tracer_pipeline_interval, interval=(double)1005.141031, avg=(double)32.584802, min=(double)21.408577, max=(double)46.036524, latency=(double)11.293719, fps=(double)88.544788;
0:00:08.607731732 [32m    1[00m 0x708458001170 [37mTRACE  [00m [00;34m          GST_TRACER :0::[00m latency_tracer_pipeline, frame_latency=(double)21.590619, avg=(double)32.544494, min=(double)0.277575, max=(double)46.036524, latency=(double)11.678046, fps=(double)85.630761, frame_num=(uint)431;
0:00:08.629644361 [32m    1[00m 0x708458001170 [37mTRACE  [00m [00;34m          GST_TRACER :0::[00m latency_tracer_pipeline, frame_latency=(double)39.416965, avg=(double)32.560403, min=(double)0.277575, max=(double)46.036524, latency=(double)11.701728, fps=(double)85.457461, frame_num=(uint)432;
0:00:08.630353848 [32m    1[00m 0x708458001170 [37mTRACE  [00m [00;34m          GST_TRACER :0::[00m latency_tracer_pipeline, frame_latency=(double)20.902439, avg=(double)32.533479, min=(double)0.277575, max=(double)46.036524, latency=(double)11.676356, fps=(double)85.643156, frame_num=(uint)433;
0:00:08.652678489 [32m    1[00m 0x708458001170 [37mTRACE  [00m [00;34m          GST_TRACER :0::[00m latency_tracer_pipeline, frame_latency=(double)40.643613, avg=(double)32.552166, min=(double)0.277575, max=(double)46.036524, latency=(double)11.700869, fps=(double)85.463734, frame_num=(uint)434;
0:00:08.653425756 [32m    1[00m 0x708458001170 [37mTRACE  [00m [00;34m          GST_TRACER :0::[00m latency_tracer_pipeline, frame_latency=(double)21.181178, avg=(double)32.526026, min=(double)0.277575, max=(double)46.036524, latency=(double)11.675704, fps=(double)85.647944, frame_num=(uint)435;
0:00:08.675872695 [32m    1[00m 0x708458001170 [37mTRACE  [00m [00;34m          GST_TRACER :0::[00m latency_tracer_pipeline, frame_latency=(double)40.581129, avg=(double)32.544501, min=(double)0.277575, max=(double)46.036524, latency=(double)11.700398, fps=(double)85.467178, frame_num=(uint)436;
0:00:08.676486638 [32m    1[00m 0x708458001170 [37mTRACE  [00m [00;34m          GST_TRACER :0::[00m latency_tracer_pipeline, frame_latency=(double)20.899632, avg=(double)32.517853, min=(double)0.277575, max=(double)46.036524, latency=(double)11.675040, fps=(double)85.652809, frame_num=(uint)437;
0:00:08.699163950 [32m    1[00m 0x708458001170 [37mTRACE  [00m [00;34m          GST_TRACER :0::[00m latency_tracer_pipeline, frame_latency=(double)40.597001, avg=(double)32.536299, min=(double)0.277575, max=(double)46.036524, latency=(double)11.700133, fps=(double)85.469115, frame_num=(uint)438;
0:00:08.699673510 [32m    1[00m 0x708458001170 [37mTRACE  [00m [00;34m          GST_TRACER :0::[00m latency_tracer_pipeline, frame_latency=(double)21.312588, avg=(double)32.510732, min=(double)0.277575, max=(double)46.036524, latency=(double)11.674665, fps=(double)85.655566, frame_num=(uint)439;
0:00:08.723614192 [32m    1[00m 0x708458001170 [37mTRACE  [00m [00;34m          GST_TRACER :0::[00m latency_tracer_pipeline, frame_latency=(double)42.087809, avg=(double)32.532498, min=(double)0.277575, max=(double)46.036524, latency=(double)11.702525, fps=(double)85.451647, frame_num=(uint)440;
0:00:08.724830583 [32m    1[00m 0x708458001170 [37mTRACE  [00m [00;34m          GST_TRACER :0::[00m latency_tracer_pipeline, frame_latency=(double)22.300384, avg=(double)32.509296, min=(double)0.277575, max=(double)46.036524, latency=(double)11.678766, fps=(double)85.625488, frame_num=(uint)441;
0:00:08.747826701 [32m    1[00m 0x708458001170 [37mTRACE  [00m [00;34m          GST_TRACER :0::[00m latency_tracer_pipeline, frame_latency=(double)40.136229, avg=(double)32.526552, min=(double)0.277575, max=(double)46.036524, latency=(double)11.704365, fps=(double)85.438207, frame_num=(uint)442;
0:00:08.771284659 [32m    1[00m 0x708458001170 [37mTRACE  [00m [00;34m          GST_TRACER :0::[00m latency_tracer_pipeline, frame_latency=(double)44.337659, avg=(double)32.553213, min=(double)0.277575, max=(double)46.036524, latency=(double)11.730871, fps=(double)85.245160, frame_num=(uint)443;
0:00:08.771330130 [32m    1[00m 0x708458001170 [37mTRACE  [00m [00;34m          GST_TRACER :0::[00m latency_tracer_pipeline, frame_latency=(double)23.240627, avg=(double)32.532239, min=(double)0.277575, max=(double)46.036524, latency=(double)11.704585, fps=(double)85.436603, frame_num=(uint)444;
0:00:08.772194444 [32m    1[00m 0x708458001170 [37mTRACE  [00m [00;34m          GST_TRACER :0::[00m latency_tracer_pipeline, frame_latency=(double)21.247386, avg=(double)32.506880, min=(double)0.277575, max=(double)46.036524, latency=(double)11.680205, fps=(double)85.614939, frame_num=(uint)445;
0:00:08.794654773 [32m    1[00m 0x708458001170 [37mTRACE  [00m [00;34m          GST_TRACER :0::[00m latency_tracer_pipeline, frame_latency=(double)40.231657, avg=(double)32.524200, min=(double)0.277575, max=(double)46.036524, latency=(double)11.704380, fps=(double)85.438101, frame_num=(uint)446;
0:00:08.795544146 [32m    1[00m 0x708458001170 [37mTRACE  [00m [00;34m          GST_TRACER :0::[00m latency_tracer_pipeline, frame_latency=(double)21.576729, avg=(double)32.499709, min=(double)0.277575, max=(double)46.036524, latency=(double)11.680193, fps=(double)85.615027, frame_num=(uint)447;
0:00:08.817724621 [32m    1[00m 0x708458001170 [37mTRACE  [00m [00;34m          GST_TRACER :0::[00m latency_tracer_pipeline, frame_latency=(double)40.635045, avg=(double)32.517868, min=(double)0.277575, max=(double)46.036524, latency=(double)11.703611, fps=(double)85.443717, frame_num=(uint)448;
0:00:08.818173604 [32m    1[00m 0x708458001170 [37mTRACE  [00m [00;34m          GST_TRACER :0::[00m latency_tracer_pipeline, frame_latency=(double)21.030404, avg=(double)32.492284, min=(double)0.277575, max=(double)46.036524, latency=(double)11.678567, fps=(double)85.626947, frame_num=(uint)449;
0:00:08.840848820 [32m    1[00m 0x708458001170 [37mTRACE  [00m [00;34m          GST_TRACER :0::[00m latency_tracer_pipeline, frame_latency=(double)41.268043, avg=(double)32.511785, min=(double)0.277575, max=(double)46.036524, latency=(double)11.702982, fps=(double)85.448311, frame_num=(uint)450;
0:00:08.841417034 [32m    1[00m 0x708458001170 [37mTRACE  [00m [00;34m          GST_TRACER :0::[00m latency_tracer_pipeline, frame_latency=(double)22.205023, avg=(double)32.488932, min=(double)0.277575, max=(double)46.036524, latency=(double)11.678312, fps=(double)85.628812, frame_num=(uint)451;
0:00:08.864773538 [32m    1[00m 0x708458001170 [37mTRACE  [00m [00;34m          GST_TRACER :0::[00m latency_tracer_pipeline, frame_latency=(double)42.043559, avg=(double)32.510071, min=(double)0.277575, max=(double)46.036524, latency=(double)11.704133, fps=(double)85.439903, frame_num=(uint)452;
0:00:08.865271655 [32m    1[00m 0x708458001170 [37mTRACE  [00m [00;34m          GST_TRACER :0::[00m latency_tracer_pipeline, frame_latency=(double)22.371644, avg=(double)32.487690, min=(double)0.277575, max=(double)46.036524, latency=(double)11.679412, fps=(double)85.620750, frame_num=(uint)453;
0:00:08.888771057 [32m    1[00m 0x708458001170 [37mTRACE  [00m [00;34m          GST_TRACER :0::[00m latency_tracer_pipeline, frame_latency=(double)41.786406, avg=(double)32.508172, min=(double)0.277575, max=(double)46.036524, latency=(double)11.705451, fps=(double)85.430282, frame_num=(uint)454;
0:00:08.911560826 [32m    1[00m 0x708458001170 [37mTRACE  [00m [00;34m          GST_TRACER :0::[00m latency_tracer_pipeline, frame_latency=(double)43.326051, avg=(double)32.531948, min=(double)0.277575, max=(double)46.036524, latency=(double)11.729807, fps=(double)85.252897, frame_num=(uint)455;
0:00:08.912636725 [32m    1[00m 0x708458001170 [37mTRACE  [00m [00;34m          GST_TRACER :0::[00m latency_tracer_pipeline, frame_latency=(double)24.222740, avg=(double)32.513726, min=(double)0.277575, max=(double)46.036524, latency=(double)11.706442, fps=(double)85.423055, frame_num=(uint)456;
0:00:08.935014207 [32m    1[00m 0x708458001170 [37mTRACE  [00m [00;34m          GST_TRACER :0::[00m latency_tracer_pipeline, frame_latency=(double)42.874448, avg=(double)32.536397, min=(double)0.277575, max=(double)46.036524, latency=(double)11.729782, fps=(double)85.253078, frame_num=(uint)457;
0:00:08.935495294 [32m    1[00m 0x708458001170 [37mTRACE  [00m [00;34m          GST_TRACER :0::[00m latency_tracer_pipeline, frame_latency=(double)22.520914, avg=(double)32.514529, min=(double)0.277575, max=(double)46.036524, latency=(double)11.705227, fps=(double)85.431915, frame_num=(uint)458;
0:00:08.959073406 [32m    1[00m 0x708458001170 [37mTRACE  [00m [00;34m          GST_TRACER :0::[00m latency_tracer_pipeline, frame_latency=(double)43.791995, avg=(double)32.539099, min=(double)0.277575, max=(double)46.036524, latency=(double)11.731082, fps=(double)85.243626, frame_num=(uint)459;
0:00:08.959734434 [32m    1[00m 0x708458001170 [37mTRACE  [00m [00;34m          GST_TRACER :0::[00m latency_tracer_pipeline, frame_latency=(double)24.273650, avg=(double)32.521130, min=(double)0.277575, max=(double)46.036524, latency=(double)11.707037, fps=(double)85.418708, frame_num=(uint)460;
0:00:08.983999758 [32m    1[00m 0x708458001170 [37mTRACE  [00m [00;34m          GST_TRACER :0::[00m latency_tracer_pipeline, frame_latency=(double)43.129297, avg=(double)32.544141, min=(double)0.277575, max=(double)46.036524, latency=(double)11.734256, fps=(double)85.220572, frame_num=(uint)461;
0:00:08.985026697 [32m    1[00m 0x708458001170 [37mTRACE  [00m [00;34m          GST_TRACER :0::[00m latency_tracer_pipeline, frame_latency=(double)23.719664, avg=(double)32.525041, min=(double)0.277575, max=(double)46.036524, latency=(double)11.711069, fps=(double)85.389302, frame_num=(uint)462;
0:00:09.008954646 [32m    1[00m 0x708458001170 [37mTRACE  [00m [00;34m          GST_TRACER :0::[00m latency_tracer_pipeline, frame_latency=(double)43.670090, avg=(double)32.549112, min=(double)0.277575, max=(double)46.036524, latency=(double)11.737460, fps=(double)85.197311, frame_num=(uint)463;
0:00:09.009491900 [32m    1[00m 0x708458001170 [37mTRACE  [00m [00;34m          GST_TRACER :0::[00m latency_tracer_pipeline, frame_latency=(double)23.511579, avg=(double)32.529635, min=(double)0.277575, max=(double)46.036524, latency=(double)11.713364, fps=(double)85.372572, frame_num=(uint)464;
0:00:09.034023372 [32m    1[00m 0x708458001170 [37mTRACE  [00m [00;34m          GST_TRACER :0::[00m latency_tracer_pipeline, frame_latency=(double)42.231579, avg=(double)32.550499, min=(double)0.277575, max=(double)46.036524, latency=(double)11.740909, fps=(double)85.172284, frame_num=(uint)465;
0:00:09.034699443 [32m    1[00m 0x708458001170 [37mTRACE  [00m [00;34m          GST_TRACER :0::[00m latency_tracer_pipeline, frame_latency=(double)22.296537, avg=(double)32.528495, min=(double)0.277575, max=(double)46.036524, latency=(double)11.717174, fps=(double)85.344808, frame_num=(uint)466;
0:00:09.059500901 [32m    1[00m 0x708458001170 [37mTRACE  [00m [00;34m          GST_TRACER :0::[00m latency_tracer_pipeline, frame_latency=(double)43.591630, avg=(double)32.552185, min=(double)0.277575, max=(double)46.036524, latency=(double)11.745185, fps=(double)85.141275, frame_num=(uint)467;
0:00:09.060412807 [32m    1[00m 0x708458001170 [37mTRACE  [00m [00;34m          GST_TRACER :0::[00m latency_tracer_pipeline, frame_latency=(double)23.112285, avg=(double)32.532014, min=(double)0.277575, max=(double)46.036524, latency=(double)11.722042, fps=(double)85.309366, frame_num=(uint)468;
0:00:09.084355440 [32m    1[00m 0x708458001170 [37mTRACE  [00m [00;34m          GST_TRACER :0::[00m latency_tracer_pipeline, frame_latency=(double)40.419657, avg=(double)32.548832, min=(double)0.277575, max=(double)46.036524, latency=(double)11.748094, fps=(double)85.120189, frame_num=(uint)469;
0:00:09.108618263 [32m    1[00m 0x708458001170 [37mTRACE  [00m [00;34m          GST_TRACER :0::[00m latency_tracer_pipeline, frame_latency=(double)45.544377, avg=(double)32.576482, min=(double)0.277575, max=(double)46.036524, latency=(double)11.774722, fps=(double)84.927696, frame_num=(uint)470;
0:00:09.109549701 [32m    1[00m 0x708458001170 [37mTRACE  [00m [00;34m          GST_TRACER :0::[00m latency_tracer_pipeline, frame_latency=(double)24.822220, avg=(double)32.560019, min=(double)0.277575, max=(double)46.036524, latency=(double)11.751710, fps=(double)85.093996, frame_num=(uint)471;
0:00:09.132668141 [32m    1[00m 0x708458001170 [37mTRACE  [00m [00;34m          GST_TRACER :0::[00m latency_tracer_pipeline, frame_latency=(double)44.001732, avg=(double)32.584260, min=(double)0.277575, max=(double)46.036524, latency=(double)11.775779, fps=(double)84.920069, frame_num=(uint)472;
0:00:09.133829312 [32m    1[00m 0x708458001170 [37mTRACE  [00m [00;34m          GST_TRACER :0::[00m latency_tracer_pipeline, frame_latency=(double)24.862841, avg=(double)32.567935, min=(double)0.277575, max=(double)46.036524, latency=(double)11.753351, fps=(double)85.082119, frame_num=(uint)473;
0:00:09.156989229 [32m    1[00m 0x708458001170 [37mTRACE  [00m [00;34m          GST_TRACER :0::[00m latency_tracer_pipeline, frame_latency=(double)44.221259, avg=(double)32.592520, min=(double)0.277575, max=(double)46.036524, latency=(double)11.777398, fps=(double)84.908395, frame_num=(uint)474;
0:00:09.157667865 [32m    1[00m 0x708458001170 [37mTRACE  [00m [00;34m          GST_TRACER :0::[00m latency_tracer_pipeline, frame_latency=(double)24.509677, avg=(double)32.575504, min=(double)0.277575, max=(double)46.036524, latency=(double)11.754051, fps=(double)85.077054, frame_num=(uint)475;
0:00:09.181668521 [32m    1[00m 0x708458001170 [37mTRACE  [00m [00;34m          GST_TRACER :0::[00m latency_tracer_pipeline, frame_latency=(double)44.451160, avg=(double)32.600453, min=(double)0.277575, max=(double)46.036524, latency=(double)11.779763, fps=(double)84.891351, frame_num=(uint)476;
0:00:09.182649413 [32m    1[00m 0x708458001170 [37mTRACE  [00m [00;34m          GST_TRACER :0::[00m latency_tracer_pipeline, frame_latency=(double)25.209374, avg=(double)32.584958, min=(double)0.277575, max=(double)46.036524, latency=(double)11.757139, fps=(double)85.054705, frame_num=(uint)477;
0:00:09.205840627 [32m    1[00m 0x708458001170 [37mTRACE  [00m [00;34m          GST_TRACER :0::[00m latency_tracer_pipeline, frame_latency=(double)44.510662, avg=(double)32.609907, min=(double)0.277575, max=(double)46.036524, latency=(double)11.781044, fps=(double)84.882118, frame_num=(uint)478;
0:00:09.206784898 [32m    1[00m 0x708458001170 [37mTRACE  [00m [00;34m          GST_TRACER :0::[00m latency_tracer_pipeline, frame_latency=(double)24.688865, avg=(double)32.593370, min=(double)0.277575, max=(double)46.036524, latency=(double)11.758438, fps=(double)85.045311, frame_num=(uint)479;
0:00:09.230659069 [32m    1[00m 0x708458001170 [37mTRACE  [00m [00;34m          GST_TRACER :0::[00m latency_tracer_pipeline, frame_latency=(double)44.638331, avg=(double)32.618464, min=(double)0.277575, max=(double)46.036524, latency=(double)11.783661, fps=(double)84.863269, frame_num=(uint)480;
0:00:09.231422994 [32m    1[00m 0x708458001170 [37mTRACE  [00m [00;34m          GST_TRACER :0::[00m latency_tracer_pipeline, frame_latency=(double)25.135076, avg=(double)32.602906, min=(double)0.277575, max=(double)46.036524, latency=(double)11.760768, fps=(double)85.028462, frame_num=(uint)481;
0:00:09.254945559 [32m    1[00m 0x708458001170 [37mTRACE  [00m [00;34m          GST_TRACER :0::[00m latency_tracer_pipeline, frame_latency=(double)45.174465, avg=(double)32.628988, min=(double)0.277575, max=(double)46.036524, latency=(double)11.785154, fps=(double)84.852522, frame_num=(uint)482;
0:00:09.256072570 [32m    1[00m 0x708458001170 [37mTRACE  [00m [00;34m          GST_TRACER :0::[00m latency_tracer_pipeline, frame_latency=(double)24.976105, avg=(double)32.613144, min=(double)0.277575, max=(double)46.036524, latency=(double)11.763095, fps=(double)85.011643, frame_num=(uint)483;
0:00:09.278950597 [32m    1[00m 0x708458001170 [37mTRACE  [00m [00;34m          GST_TRACER :0::[00m latency_tracer_pipeline, frame_latency=(double)43.541982, avg=(double)32.635724, min=(double)0.277575, max=(double)46.036524, latency=(double)11.786056, fps=(double)84.846023, frame_num=(uint)484;
0:00:09.279848551 [32m    1[00m 0x708458001170 [37mTRACE  [00m [00;34m          GST_TRACER :0::[00m latency_tracer_pipeline, frame_latency=(double)24.386579, avg=(double)32.618715, min=(double)0.277575, max=(double)46.036524, latency=(double)11.763619, fps=(double)85.007856, frame_num=(uint)485;
0:00:09.302322581 [32m    1[00m 0x708458001170 [37mTRACE  [00m [00;34m          GST_TRACER :0::[00m latency_tracer_pipeline, frame_latency=(double)41.898719, avg=(double)32.637810, min=(double)0.277575, max=(double)46.036524, latency=(double)11.785645, fps=(double)84.848984, frame_num=(uint)486;
0:00:09.303247097 [32m    1[00m 0x708458001170 [37mTRACE  [00m [00;34m          GST_TRACER :0::[00m latency_tracer_pipeline, frame_latency=(double)22.504420, avg=(double)32.617002, min=(double)0.277575, max=(double)46.036524, latency=(double)11.763348, fps=(double)85.009810, frame_num=(uint)487;
0:00:09.327124514 [32m    1[00m 0x708458001170 [37mTRACE  [00m [00;34m          GST_TRACER :0::[00m latency_tracer_pipeline, frame_latency=(double)43.806989, avg=(double)32.639932, min=(double)0.277575, max=(double)46.036524, latency=(double)11.788166, fps=(double)84.830836, frame_num=(uint)488;
0:00:09.328167525 [32m    1[00m 0x708458001170 [37mTRACE  [00m [00;34m          GST_TRACER :0::[00m latency_tracer_pipeline, frame_latency=(double)25.558058, avg=(double)32.625450, min=(double)0.277575, max=(double)46.036524, latency=(double)11.766182, fps=(double)84.989337, frame_num=(uint)489;
0:00:09.352661500 [32m    1[00m 0x708458001170 [37mTRACE  [00m [00;34m          GST_TRACER :0::[00m latency_tracer_pipeline, frame_latency=(double)44.599725, avg=(double)32.649887, min=(double)0.277575, max=(double)46.036524, latency=(double)11.792158, fps=(double)84.802120, frame_num=(uint)490;
0:00:09.353808590 [32m    1[00m 0x708458001170 [37mTRACE  [00m [00;34m          GST_TRACER :0::[00m latency_tracer_pipeline, frame_latency=(double)25.394676, avg=(double)32.635111, min=(double)0.277575, max=(double)46.036524, latency=(double)11.770475, fps=(double)84.958337, frame_num=(uint)491;
0:00:09.376497268 [32m    1[00m 0x708458001170 [37mTRACE  [00m [00;34m          GST_TRACER :0::[00m latency_tracer_pipeline, frame_latency=(double)42.325974, avg=(double)32.654808, min=(double)0.277575, max=(double)46.036524, latency=(double)11.792639, fps=(double)84.798660, frame_num=(uint)492;
0:00:09.377610742 [32m    1[00m 0x708458001170 [37mTRACE  [00m [00;34m          GST_TRACER :0::[00m latency_tracer_pipeline, frame_latency=(double)23.219632, avg=(double)32.635670, min=(double)0.277575, max=(double)46.036524, latency=(double)11.771005, fps=(double)84.954516, frame_num=(uint)493;
0:00:09.400845140 [32m    1[00m 0x708458001170 [37mTRACE  [00m [00;34m          GST_TRACER :0::[00m latency_tracer_pipeline, frame_latency=(double)42.105055, avg=(double)32.654838, min=(double)0.277575, max=(double)46.036524, latency=(double)11.794210, fps=(double)84.787368, frame_num=(uint)494;
0:00:09.401738619 [32m    1[00m 0x708458001170 [37mTRACE  [00m [00;34m          GST_TRACER :0::[00m latency_tracer_pipeline, frame_latency=(double)22.644114, avg=(double)32.634615, min=(double)0.277575, max=(double)46.036524, latency=(double)11.772188, fps=(double)84.945974, frame_num=(uint)495;
0:00:09.425018247 [32m    1[00m 0x708458001170 [37mTRACE  [00m [00;34m          GST_TRACER :0::[00m latency_tracer_pipeline, frame_latency=(double)41.896742, avg=(double)32.653288, min=(double)0.277575, max=(double)46.036524, latency=(double)11.795387, fps=(double)84.778904, frame_num=(uint)496;
0:00:09.425861651 [32m    1[00m 0x708458001170 [37mTRACE  [00m [00;34m          GST_TRACER :0::[00m latency_tracer_pipeline, frame_latency=(double)23.387910, avg=(double)32.634646, min=(double)0.277575, max=(double)46.036524, latency=(double)11.773359, fps=(double)84.937528, frame_num=(uint)497;
0:00:09.449061605 [32m    1[00m 0x708458001170 [37mTRACE  [00m [00;34m          GST_TRACER :0::[00m latency_tracer_pipeline, frame_latency=(double)43.372084, avg=(double)32.656207, min=(double)0.277575, max=(double)46.036524, latency=(double)11.796297, fps=(double)84.772363, frame_num=(uint)498;
0:00:09.450895075 [32m    1[00m 0x708458001170 [37mTRACE  [00m [00;34m          GST_TRACER :0::[00m latency_tracer_pipeline, frame_latency=(double)25.608090, avg=(double)32.642082, min=(double)0.277575, max=(double)46.036524, latency=(double)11.776311, fps=(double)84.916238, frame_num=(uint)499;
0:00:09.472348501 [32m    1[00m 0x708458001170 [37mTRACE  [00m [00;34m          GST_TRACER :0::[00m latency_tracer_pipeline, frame_latency=(double)42.427960, avg=(double)32.661654, min=(double)0.277575, max=(double)46.036524, latency=(double)11.795684, fps=(double)84.776774, frame_num=(uint)500;
0:00:09.472525623 [32m    1[00m 0x708458001170 [37mTRACE  [00m [00;34m          GST_TRACER :0::[00m latency_tracer_pipeline, frame_latency=(double)22.135952, avg=(double)32.640645, min=(double)0.277575, max=(double)46.036524, latency=(double)11.772525, fps=(double)84.943546, frame_num=(uint)501;
0:00:09.495982038 [32m    1[00m 0x708458001170 [37mTRACE  [00m [00;34m          GST_TRACER :0::[00m latency_tracer_pipeline, frame_latency=(double)43.671699, avg=(double)32.662619, min=(double)0.277575, max=(double)46.036524, latency=(double)11.795758, fps=(double)84.776236, frame_num=(uint)502;
0:00:09.496797893 [32m    1[00m 0x708458001170 [37mTRACE  [00m [00;34m          GST_TRACER :0::[00m latency_tracer_pipeline, frame_latency=(double)24.049665, avg=(double)32.645496, min=(double)0.277575, max=(double)46.036524, latency=(double)11.773947, fps=(double)84.933288, frame_num=(uint)503;
FpsCounter(average 3.02sec): total=335.69 fps, number-streams=4, per-stream=83.92 fps (83.09, 83.09, 85.41, 84.09)
0:00:09.520396943 [32m    1[00m 0x708458001170 [37mTRACE  [00m [00;34m          GST_TRACER :0::[00m latency_tracer_pipeline, frame_latency=(double)45.681332, avg=(double)32.671361, min=(double)0.277575, max=(double)46.036524, latency=(double)11.797402, fps=(double)84.764425, frame_num=(uint)504;
0:00:09.520616011 [32m    1[00m 0x708458001170 [37mTRACE  [00m [00;34m          GST_TRACER :0::[00m latency_tracer_pipeline, frame_latency=(double)24.603225, avg=(double)32.655384, min=(double)0.277575, max=(double)46.036524, latency=(double)11.774484, fps=(double)84.929408, frame_num=(uint)505;
0:00:09.544995523 [32m    1[00m 0x708458001170 [37mTRACE  [00m [00;34m          GST_TRACER :0::[00m latency_tracer_pipeline, frame_latency=(double)42.769705, avg=(double)32.675373, min=(double)0.277575, max=(double)46.036524, latency=(double)11.799388, fps=(double)84.750160, frame_num=(uint)506;
0:00:09.546077069 [32m    1[00m 0x708458001170 [37mTRACE  [00m [00;34m          GST_TRACER :0::[00m latency_tracer_pipeline, frame_latency=(double)24.178220, avg=(double)32.658613, min=(double)0.277575, max=(double)46.036524, latency=(double)11.778252, fps=(double)84.902244, frame_num=(uint)507;
0:00:09.569140742 [32m    1[00m 0x708458001170 [37mTRACE  [00m [00;34m          GST_TRACER :0::[00m latency_tracer_pipeline, frame_latency=(double)41.529793, avg=(double)32.676076, min=(double)0.277575, max=(double)46.036524, latency=(double)11.800459, fps=(double)84.742467, frame_num=(uint)508;
0:00:09.569948077 [32m    1[00m 0x708458001170 [37mTRACE  [00m [00;34m          GST_TRACER :0::[00m latency_tracer_pipeline, frame_latency=(double)23.400803, avg=(double)32.657854, min=(double)0.277575, max=(double)46.036524, latency=(double)11.778870, fps=(double)84.897790, frame_num=(uint)509;
0:00:09.594359282 [32m    1[00m 0x708458001170 [37mTRACE  [00m [00;34m          GST_TRACER :0::[00m latency_tracer_pipeline, frame_latency=(double)44.690921, avg=(double)32.681448, min=(double)0.277575, max=(double)46.036524, latency=(double)11.803623, fps=(double)84.719748, frame_num=(uint)510;
0:00:09.595595663 [32m    1[00m 0x708458001170 [37mTRACE  [00m [00;34m          GST_TRACER :0::[00m latency_tracer_pipeline, frame_latency=(double)25.395220, avg=(double)32.667189, min=(double)0.277575, max=(double)46.036524, latency=(double)11.782954, fps=(double)84.868361, frame_num=(uint)511;
FpsCounter(last 1.01sec): total=332.25 fps, number-streams=4, per-stream=83.06 fps (80.09, 83.06, 84.05, 85.04)
latency: -13226.74ms (-13272.26, -13303.76, -13397.31, -12940.05)
0:00:09.618555277 [32m    1[00m 0x708458001170 [37mTRACE  [00m [00;34m          GST_TRACER :0::[00m latency_tracer_pipeline, frame_latency=(double)43.975574, avg=(double)32.689276, min=(double)0.277575, max=(double)46.036524, latency=(double)11.804785, fps=(double)84.711414, frame_num=(uint)512;
0:00:09.618590299 [32m    1[00m 0x708458001170 [37mTRACE  [00m [00;34m          GST_TRACER :0::[00m latency_tracer_pipeline_interval, interval=(double)1011.613345, avg=(double)33.314913, min=(double)20.899632, max=(double)45.681332, latency=(double)12.336748, fps=(double)81.058638;
0:00:09.619542659 [32m    1[00m 0x708458001170 [37mTRACE  [00m [00;34m          GST_TRACER :0::[00m latency_tracer_pipeline, frame_latency=(double)24.211560, avg=(double)32.672750, min=(double)0.277575, max=(double)46.036524, latency=(double)11.783696, fps=(double)84.863015, frame_num=(uint)513;
0:00:09.642522359 [32m    1[00m 0x708458001170 [37mTRACE  [00m [00;34m          GST_TRACER :0::[00m latency_tracer_pipeline, frame_latency=(double)42.660283, avg=(double)32.692181, min=(double)0.277575, max=(double)46.036524, latency=(double)11.805478, fps=(double)84.706435, frame_num=(uint)514;
0:00:09.643295872 [32m    1[00m 0x708458001170 [37mTRACE  [00m [00;34m          GST_TRACER :0::[00m latency_tracer_pipeline, frame_latency=(double)23.414160, avg=(double)32.674165, min=(double)0.277575, max=(double)46.036524, latency=(double)11.784058, fps=(double)84.860411, frame_num=(uint)515;
0:00:09.666287781 [32m    1[00m 0x708458001170 [37mTRACE  [00m [00;34m          GST_TRACER :0::[00m latency_tracer_pipeline, frame_latency=(double)42.091318, avg=(double)32.692416, min=(double)0.277575, max=(double)46.036524, latency=(double)11.805772, fps=(double)84.704326, frame_num=(uint)516;
0:00:09.666823432 [32m    1[00m 0x708458001170 [37mTRACE  [00m [00;34m          GST_TRACER :0::[00m latency_tracer_pipeline, frame_latency=(double)22.547001, avg=(double)32.672792, min=(double)0.277575, max=(double)46.036524, latency=(double)11.783981, fps=(double)84.860968, frame_num=(uint)517;
0:00:09.689744774 [32m    1[00m 0x708458001170 [37mTRACE  [00m [00;34m          GST_TRACER :0::[00m latency_tracer_pipeline, frame_latency=(double)42.750433, avg=(double)32.692247, min=(double)0.277575, max=(double)46.036524, latency=(double)11.805482, fps=(double)84.706413, frame_num=(uint)518;
0:00:09.690742155 [32m    1[00m 0x708458001170 [37mTRACE  [00m [00;34m          GST_TRACER :0::[00m latency_tracer_pipeline, frame_latency=(double)24.170765, avg=(double)32.675828, min=(double)0.277575, max=(double)46.036524, latency=(double)11.784662, fps=(double)84.856059, frame_num=(uint)519;
0:00:09.713034557 [32m    1[00m 0x708458001170 [37mTRACE  [00m [00;34m          GST_TRACER :0::[00m latency_tracer_pipeline, frame_latency=(double)42.601743, avg=(double)32.694916, min=(double)0.277575, max=(double)46.036524, latency=(double)11.804859, fps=(double)84.710883, frame_num=(uint)520;
0:00:09.713713118 [32m    1[00m 0x708458001170 [37mTRACE  [00m [00;34m          GST_TRACER :0::[00m latency_tracer_pipeline, frame_latency=(double)23.681522, avg=(double)32.677616, min=(double)0.277575, max=(double)46.036524, latency=(double)11.783507, fps=(double)84.864376, frame_num=(uint)521;
0:00:09.713756352 [32m    1[00m 0x708458001170 [37mTRACE  [00m [00;34m          GST_TRACER :0::[00m latency_tracer_pipeline, frame_latency=(double)20.510819, avg=(double)32.654308, min=(double)0.277575, max=(double)46.036524, latency=(double)11.761037, fps=(double)85.026516, frame_num=(uint)522;
0:00:09.736431549 [32m    1[00m 0x708458001170 [37mTRACE  [00m [00;34m          GST_TRACER :0::[00m latency_tracer_pipeline, frame_latency=(double)41.440671, avg=(double)32.671108, min=(double)0.277575, max=(double)46.036524, latency=(double)11.781883, fps=(double)84.876074, frame_num=(uint)523;
0:00:09.737445691 [32m    1[00m 0x708458001170 [37mTRACE  [00m [00;34m          GST_TRACER :0::[00m latency_tracer_pipeline, frame_latency=(double)22.725627, avg=(double)32.652128, min=(double)0.277575, max=(double)46.036524, latency=(double)11.761336, fps=(double)85.024355, frame_num=(uint)524;
0:00:09.759860611 [32m    1[00m 0x708458001170 [37mTRACE  [00m [00;34m          GST_TRACER :0::[00m latency_tracer_pipeline, frame_latency=(double)41.407782, avg=(double)32.668805, min=(double)0.277575, max=(double)46.036524, latency=(double)11.781622, fps=(double)84.877957, frame_num=(uint)525;
0:00:09.782911391 [32m    1[00m 0x708458001170 [37mTRACE  [00m [00;34m          GST_TRACER :0::[00m latency_tracer_pipeline, frame_latency=(double)44.011027, avg=(double)32.690369, min=(double)0.277575, max=(double)46.036524, latency=(double)11.803045, fps=(double)84.723898, frame_num=(uint)526;
0:00:09.784040612 [32m    1[00m 0x708458001170 [37mTRACE  [00m [00;34m          GST_TRACER :0::[00m latency_tracer_pipeline, frame_latency=(double)23.979633, avg=(double)32.673840, min=(double)0.277575, max=(double)46.036524, latency=(double)11.782804, fps=(double)84.869441, frame_num=(uint)527;
0:00:09.806499665 [32m    1[00m 0x708458001170 [37mTRACE  [00m [00;34m          GST_TRACER :0::[00m latency_tracer_pipeline, frame_latency=(double)43.708684, avg=(double)32.694739, min=(double)0.277575, max=(double)46.036524, latency=(double)11.803034, fps=(double)84.723981, frame_num=(uint)528;
0:00:09.806525332 [32m    1[00m 0x708458001170 [37mTRACE  [00m [00;34m          GST_TRACER :0::[00m latency_tracer_pipeline, frame_latency=(double)23.438303, avg=(double)32.677241, min=(double)0.277575, max=(double)46.036524, latency=(double)11.780786, fps=(double)84.883978, frame_num=(uint)529;
0:00:09.807449055 [32m    1[00m 0x708458001170 [37mTRACE  [00m [00;34m          GST_TRACER :0::[00m latency_tracer_pipeline, frame_latency=(double)22.780129, avg=(double)32.658567, min=(double)0.277575, max=(double)46.036524, latency=(double)11.760278, fps=(double)85.032006, frame_num=(uint)530;
0:00:09.829838903 [32m    1[00m 0x708458001170 [37mTRACE  [00m [00;34m          GST_TRACER :0::[00m latency_tracer_pipeline, frame_latency=(double)42.828708, avg=(double)32.677720, min=(double)0.277575, max=(double)46.036524, latency=(double)11.780280, fps=(double)84.887623, frame_num=(uint)531;
0:00:09.831363440 [32m    1[00m 0x708458001170 [37mTRACE  [00m [00;34m          GST_TRACER :0::[00m latency_tracer_pipeline, frame_latency=(double)24.324750, avg=(double)32.662019, min=(double)0.277575, max=(double)46.036524, latency=(double)11.761011, fps=(double)85.026704, frame_num=(uint)532;
0:00:09.854487473 [32m    1[00m 0x708458001170 [37mTRACE  [00m [00;34m          GST_TRACER :0::[00m latency_tracer_pipeline, frame_latency=(double)43.170069, avg=(double)32.681734, min=(double)0.277575, max=(double)46.036524, latency=(double)11.782307, fps=(double)84.873023, frame_num=(uint)533;
0:00:09.855645124 [32m    1[00m 0x708458001170 [37mTRACE  [00m [00;34m          GST_TRACER :0::[00m latency_tracer_pipeline, frame_latency=(double)24.501091, avg=(double)32.666414, min=(double)0.277575, max=(double)46.036524, latency=(double)11.762453, fps=(double)85.016281, frame_num=(uint)534;
0:00:09.878022431 [32m    1[00m 0x708458001170 [37mTRACE  [00m [00;34m          GST_TRACER :0::[00m latency_tracer_pipeline, frame_latency=(double)43.298647, avg=(double)32.686288, min=(double)0.277575, max=(double)46.036524, latency=(double)11.782272, fps=(double)84.873272, frame_num=(uint)535;
0:00:09.879669167 [32m    1[00m 0x708458001170 [37mTRACE  [00m [00;34m          GST_TRACER :0::[00m latency_tracer_pipeline, frame_latency=(double)24.501935, avg=(double)32.671018, min=(double)0.277575, max=(double)46.036524, latency=(double)11.763343, fps=(double)85.009847, frame_num=(uint)536;
0:00:09.901727336 [32m    1[00m 0x708458001170 [37mTRACE  [00m [00;34m          GST_TRACER :0::[00m latency_tracer_pipeline, frame_latency=(double)42.338138, avg=(double)32.689020, min=(double)0.277575, max=(double)46.036524, latency=(double)11.782537, fps=(double)84.871364, frame_num=(uint)537;
0:00:09.903247165 [32m    1[00m 0x708458001170 [37mTRACE  [00m [00;34m          GST_TRACER :0::[00m latency_tracer_pipeline, frame_latency=(double)24.513829, avg=(double)32.673825, min=(double)0.277575, max=(double)46.036524, latency=(double)11.763457, fps=(double)85.009028, frame_num=(uint)538;
0:00:09.925393630 [32m    1[00m 0x708458001170 [37mTRACE  [00m [00;34m          GST_TRACER :0::[00m latency_tracer_pipeline, frame_latency=(double)43.242123, avg=(double)32.693432, min=(double)0.277575, max=(double)46.036524, latency=(double)11.782715, fps=(double)84.870084, frame_num=(uint)539;
0:00:09.926819331 [32m    1[00m 0x708458001170 [37mTRACE  [00m [00;34m          GST_TRACER :0::[00m latency_tracer_pipeline, frame_latency=(double)25.081664, avg=(double)32.679336, min=(double)0.277575, max=(double)46.036524, latency=(double)11.763544, fps=(double)85.008396, frame_num=(uint)540;
0:00:09.949040181 [32m    1[00m 0x708458001170 [37mTRACE  [00m [00;34m          GST_TRACER :0::[00m latency_tracer_pipeline, frame_latency=(double)43.003175, avg=(double)32.698419, min=(double)0.277575, max=(double)46.036524, latency=(double)11.782880, fps=(double)84.868896, frame_num=(uint)541;
0:00:09.950793977 [32m    1[00m 0x708458001170 [37mTRACE  [00m [00;34m          GST_TRACER :0::[00m latency_tracer_pipeline, frame_latency=(double)22.850318, avg=(double)32.680249, min=(double)0.277575, max=(double)46.036524, latency=(double)11.764375, fps=(double)85.002389, frame_num=(uint)542;
0:00:09.971498744 [32m    1[00m 0x708458001170 [37mTRACE  [00m [00;34m          GST_TRACER :0::[00m latency_tracer_pipeline, frame_latency=(double)40.238454, avg=(double)32.694169, min=(double)0.277575, max=(double)46.036524, latency=(double)11.780794, fps=(double)84.883925, frame_num=(uint)543;
0:00:09.972887887 [32m    1[00m 0x708458001170 [37mTRACE  [00m [00;34m          GST_TRACER :0::[00m latency_tracer_pipeline, frame_latency=(double)23.432664, avg=(double)32.677144, min=(double)0.277575, max=(double)46.036524, latency=(double)11.761733, fps=(double)85.021486, frame_num=(uint)544;
0:00:09.993694073 [32m    1[00m 0x708458001170 [37mTRACE  [00m [00;34m          GST_TRACER :0::[00m latency_tracer_pipeline, frame_latency=(double)42.282911, avg=(double)32.694769, min=(double)0.277575, max=(double)46.036524, latency=(double)11.778328, fps=(double)84.901692, frame_num=(uint)545;
0:00:09.995073876 [32m    1[00m 0x708458001170 [37mTRACE  [00m [00;34m          GST_TRACER :0::[00m latency_tracer_pipeline, frame_latency=(double)23.521397, avg=(double)32.677968, min=(double)0.277575, max=(double)46.036524, latency=(double)11.759288, fps=(double)85.039161, frame_num=(uint)546;
0:00:10.015523159 [32m    1[00m 0x708458001170 [37mTRACE  [00m [00;34m          GST_TRACER :0::[00m latency_tracer_pipeline, frame_latency=(double)41.940404, avg=(double)32.694901, min=(double)0.277575, max=(double)46.036524, latency=(double)11.775161, fps=(double)84.924527, frame_num=(uint)547;
0:00:10.016693867 [32m    1[00m 0x708458001170 [37mTRACE  [00m [00;34m          GST_TRACER :0::[00m latency_tracer_pipeline, frame_latency=(double)22.928916, avg=(double)32.677080, min=(double)0.277575, max=(double)46.036524, latency=(double)11.755825, fps=(double)85.064215, frame_num=(uint)548;
0:00:10.038180748 [32m    1[00m 0x708458001170 [37mTRACE  [00m [00;34m          GST_TRACER :0::[00m latency_tracer_pipeline, frame_latency=(double)42.261774, avg=(double)32.694538, min=(double)0.277575, max=(double)46.036524, latency=(double)11.773538, fps=(double)84.936234, frame_num=(uint)549;
0:00:10.039557591 [32m    1[00m 0x708458001170 [37mTRACE  [00m [00;34m          GST_TRACER :0::[00m latency_tracer_pipeline, frame_latency=(double)23.906086, avg=(double)32.678559, min=(double)0.277575, max=(double)46.036524, latency=(double)11.754644, fps=(double)85.072763, frame_num=(uint)550;
0:00:10.060610169 [32m    1[00m 0x708458001170 [37mTRACE  [00m [00;34m          GST_TRACER :0::[00m latency_tracer_pipeline, frame_latency=(double)41.941186, avg=(double)32.695370, min=(double)0.277575, max=(double)46.036524, latency=(double)11.771510, fps=(double)84.950866, frame_num=(uint)551;
0:00:10.060653928 [32m    1[00m 0x708458001170 [37mTRACE  [00m [00;34m          GST_TRACER :0::[00m latency_tracer_pipeline, frame_latency=(double)22.305166, avg=(double)32.676547, min=(double)0.277575, max=(double)46.036524, latency=(double)11.750291, fps=(double)85.104274, frame_num=(uint)552;
0:00:10.082207536 [32m    1[00m 0x708458001170 [37mTRACE  [00m [00;34m          GST_TRACER :0::[00m latency_tracer_pipeline, frame_latency=(double)41.633889, avg=(double)32.692745, min=(double)0.277575, max=(double)46.036524, latency=(double)11.767990, fps=(double)84.976282, frame_num=(uint)553;
0:00:10.082805043 [32m    1[00m 0x708458001170 [37mTRACE  [00m [00;34m          GST_TRACER :0::[00m latency_tracer_pipeline, frame_latency=(double)22.429154, avg=(double)32.674219, min=(double)0.277575, max=(double)46.036524, latency=(double)11.747834, fps=(double)85.122075, frame_num=(uint)554;
0:00:10.105770352 [32m    1[00m 0x708458001170 [37mTRACE  [00m [00;34m          GST_TRACER :0::[00m latency_tracer_pipeline, frame_latency=(double)42.823708, avg=(double)32.692506, min=(double)0.277575, max=(double)46.036524, latency=(double)11.768047, fps=(double)84.975864, frame_num=(uint)555;
0:00:10.106599686 [32m    1[00m 0x708458001170 [37mTRACE  [00m [00;34m          GST_TRACER :0::[00m latency_tracer_pipeline, frame_latency=(double)24.301053, avg=(double)32.677413, min=(double)0.277575, max=(double)46.036524, latency=(double)11.748392, fps=(double)85.118030, frame_num=(uint)556;
0:00:10.106616833 [32m    1[00m 0x708458001170 [37mTRACE  [00m [00;34m          GST_TRACER :0::[00m latency_tracer_pipeline, frame_latency=(double)22.426795, avg=(double)32.659010, min=(double)0.277575, max=(double)46.036524, latency=(double)11.727338, fps=(double)85.270845, frame_num=(uint)557;
0:00:10.129371000 [32m    1[00m 0x708458001170 [37mTRACE  [00m [00;34m          GST_TRACER :0::[00m latency_tracer_pipeline, frame_latency=(double)42.294659, avg=(double)32.676278, min=(double)0.277575, max=(double)46.036524, latency=(double)11.747073, fps=(double)85.127591, frame_num=(uint)558;
0:00:10.130261585 [32m    1[00m 0x708458001170 [37mTRACE  [00m [00;34m          GST_TRACER :0::[00m latency_tracer_pipeline, frame_latency=(double)23.556140, avg=(double)32.659963, min=(double)0.277575, max=(double)46.036524, latency=(double)11.727675, fps=(double)85.268390, frame_num=(uint)559;
0:00:10.153685939 [32m    1[00m 0x708458001170 [37mTRACE  [00m [00;34m          GST_TRACER :0::[00m latency_tracer_pipeline, frame_latency=(double)44.042142, avg=(double)32.680289, min=(double)0.277575, max=(double)46.036524, latency=(double)11.748547, fps=(double)85.116906, frame_num=(uint)560;
0:00:10.154346886 [32m    1[00m 0x708458001170 [37mTRACE  [00m [00;34m          GST_TRACER :0::[00m latency_tracer_pipeline, frame_latency=(double)24.594650, avg=(double)32.665876, min=(double)0.277575, max=(double)46.036524, latency=(double)11.728797, fps=(double)85.260234, frame_num=(uint)561;
0:00:10.177184412 [32m    1[00m 0x708458001170 [37mTRACE  [00m [00;34m          GST_TRACER :0::[00m latency_tracer_pipeline, frame_latency=(double)43.683871, avg=(double)32.685481, min=(double)0.277575, max=(double)46.036524, latency=(double)11.748551, fps=(double)85.116876, frame_num=(uint)562;
0:00:10.178008063 [32m    1[00m 0x708458001170 [37mTRACE  [00m [00;34m          GST_TRACER :0::[00m latency_tracer_pipeline, frame_latency=(double)23.909884, avg=(double)32.669893, min=(double)0.277575, max=(double)46.036524, latency=(double)11.729156, fps=(double)85.257630, frame_num=(uint)563;
0:00:10.178022559 [32m    1[00m 0x708458001170 [37mTRACE  [00m [00;34m          GST_TRACER :0::[00m latency_tracer_pipeline, frame_latency=(double)21.372251, avg=(double)32.649862, min=(double)0.277575, max=(double)46.036524, latency=(double)11.708393, fps=(double)85.408821, frame_num=(uint)564;
0:00:10.200513092 [32m    1[00m 0x708458001170 [37mTRACE  [00m [00;34m          GST_TRACER :0::[00m latency_tracer_pipeline, frame_latency=(double)41.615937, avg=(double)32.665731, min=(double)0.277575, max=(double)46.036524, latency=(double)11.727450, fps=(double)85.270026, frame_num=(uint)565;
0:00:10.201485818 [32m    1[00m 0x708458001170 [37mTRACE  [00m [00;34m          GST_TRACER :0::[00m latency_tracer_pipeline, frame_latency=(double)21.962349, avg=(double)32.646821, min=(double)0.277575, max=(double)46.036524, latency=(double)11.708464, fps=(double)85.408299, frame_num=(uint)566;
0:00:10.224282916 [32m    1[00m 0x708458001170 [37mTRACE  [00m [00;34m          GST_TRACER :0::[00m latency_tracer_pipeline, frame_latency=(double)43.622733, avg=(double)32.666179, min=(double)0.277575, max=(double)46.036524, latency=(double)11.728013, fps=(double)85.265933, frame_num=(uint)567;
0:00:10.224742829 [32m    1[00m 0x708458001170 [37mTRACE  [00m [00;34m          GST_TRACER :0::[00m latency_tracer_pipeline, frame_latency=(double)23.964836, avg=(double)32.650859, min=(double)0.277575, max=(double)46.036524, latency=(double)11.708183, fps=(double)85.410350, frame_num=(uint)568;
0:00:10.248241319 [32m    1[00m 0x708458001170 [37mTRACE  [00m [00;34m          GST_TRACER :0::[00m latency_tracer_pipeline, frame_latency=(double)45.001741, avg=(double)32.672566, min=(double)0.277575, max=(double)46.036524, latency=(double)11.728898, fps=(double)85.259501, frame_num=(uint)569;
0:00:10.248265422 [32m    1[00m 0x708458001170 [37mTRACE  [00m [00;34m          GST_TRACER :0::[00m latency_tracer_pipeline, frame_latency=(double)23.647239, avg=(double)32.656732, min=(double)0.277575, max=(double)46.036524, latency=(double)11.708379, fps=(double)85.408921, frame_num=(uint)570;
0:00:10.249192389 [32m    1[00m 0x708458001170 [37mTRACE  [00m [00;34m          GST_TRACER :0::[00m latency_tracer_pipeline, frame_latency=(double)22.792210, avg=(double)32.639456, min=(double)0.277575, max=(double)46.036524, latency=(double)11.689464, fps=(double)85.547123, frame_num=(uint)571;
0:00:10.271257294 [32m    1[00m 0x708458001170 [37mTRACE  [00m [00;34m          GST_TRACER :0::[00m latency_tracer_pipeline, frame_latency=(double)42.195324, avg=(double)32.656162, min=(double)0.277575, max=(double)46.036524, latency=(double)11.707595, fps=(double)85.414641, frame_num=(uint)572;
0:00:10.272256290 [32m    1[00m 0x708458001170 [37mTRACE  [00m [00;34m          GST_TRACER :0::[00m latency_tracer_pipeline, frame_latency=(double)23.515749, avg=(double)32.640210, min=(double)0.277575, max=(double)46.036524, latency=(double)11.688919, fps=(double)85.551114, frame_num=(uint)573;
0:00:10.294336694 [32m    1[00m 0x708458001170 [37mTRACE  [00m [00;34m          GST_TRACER :0::[00m latency_tracer_pipeline, frame_latency=(double)42.176483, avg=(double)32.656824, min=(double)0.277575, max=(double)46.036524, latency=(double)11.707025, fps=(double)85.418801, frame_num=(uint)574;
0:00:10.295165031 [32m    1[00m 0x708458001170 [37mTRACE  [00m [00;34m          GST_TRACER :0::[00m latency_tracer_pipeline, frame_latency=(double)22.833061, avg=(double)32.639739, min=(double)0.277575, max=(double)46.036524, latency=(double)11.688104, fps=(double)85.557079, frame_num=(uint)575;
0:00:10.317696734 [32m    1[00m 0x708458001170 [37mTRACE  [00m [00;34m          GST_TRACER :0::[00m latency_tracer_pipeline, frame_latency=(double)42.844649, avg=(double)32.657456, min=(double)0.277575, max=(double)46.036524, latency=(double)11.706923, fps=(double)85.419545, frame_num=(uint)576;
0:00:10.318553507 [32m    1[00m 0x708458001170 [37mTRACE  [00m [00;34m          GST_TRACER :0::[00m latency_tracer_pipeline, frame_latency=(double)22.862212, avg=(double)32.640480, min=(double)0.277575, max=(double)46.036524, latency=(double)11.688124, fps=(double)85.556929, frame_num=(uint)577;
0:00:10.340642370 [32m    1[00m 0x708458001170 [37mTRACE  [00m [00;34m          GST_TRACER :0::[00m latency_tracer_pipeline, frame_latency=(double)42.474869, avg=(double)32.657494, min=(double)0.277575, max=(double)46.036524, latency=(double)11.706113, fps=(double)85.425451, frame_num=(uint)578;
0:00:10.341430490 [32m    1[00m 0x708458001170 [37mTRACE  [00m [00;34m          GST_TRACER :0::[00m latency_tracer_pipeline, frame_latency=(double)23.381418, avg=(double)32.641473, min=(double)0.277575, max=(double)46.036524, latency=(double)11.687263, fps=(double)85.563231, frame_num=(uint)579;
0:00:10.362795135 [32m    1[00m 0x708458001170 [37mTRACE  [00m [00;34m          GST_TRACER :0::[00m latency_tracer_pipeline, frame_latency=(double)41.493924, avg=(double)32.656736, min=(double)0.277575, max=(double)46.036524, latency=(double)11.703949, fps=(double)85.441248, frame_num=(uint)580;
0:00:10.363862085 [32m    1[00m 0x708458001170 [37mTRACE  [00m [00;34m          GST_TRACER :0::[00m latency_tracer_pipeline, frame_latency=(double)21.986672, avg=(double)32.638371, min=(double)0.277575, max=(double)46.036524, latency=(double)11.685639, fps=(double)85.575123, frame_num=(uint)581;
0:00:10.386200369 [32m    1[00m 0x708458001170 [37mTRACE  [00m [00;34m          GST_TRACER :0::[00m latency_tracer_pipeline, frame_latency=(double)40.689727, avg=(double)32.652205, min=(double)0.277575, max=(double)46.036524, latency=(double)11.703937, fps=(double)85.441333, frame_num=(uint)582;
0:00:10.386799676 [32m    1[00m 0x708458001170 [37mTRACE  [00m [00;34m          GST_TRACER :0::[00m latency_tracer_pipeline, frame_latency=(double)22.320873, avg=(double)32.634484, min=(double)0.277575, max=(double)46.036524, latency=(double)11.684902, fps=(double)85.580521, frame_num=(uint)583;
0:00:10.408642361 [32m    1[00m 0x708458001170 [37mTRACE  [00m [00;34m          GST_TRACER :0::[00m latency_tracer_pipeline, frame_latency=(double)40.833656, avg=(double)32.648524, min=(double)0.277575, max=(double)46.036524, latency=(double)11.702290, fps=(double)85.453363, frame_num=(uint)584;
0:00:10.409779621 [32m    1[00m 0x708458001170 [37mTRACE  [00m [00;34m          GST_TRACER :0::[00m latency_tracer_pipeline, frame_latency=(double)22.171881, avg=(double)32.630615, min=(double)0.277575, max=(double)46.036524, latency=(double)11.684229, fps=(double)85.585453, frame_num=(uint)585;
0:00:10.431813925 [32m    1[00m 0x708458001170 [37mTRACE  [00m [00;34m          GST_TRACER :0::[00m latency_tracer_pipeline, frame_latency=(double)41.775414, avg=(double)32.646220, min=(double)0.277575, max=(double)46.036524, latency=(double)11.701887, fps=(double)85.456302, frame_num=(uint)586;
0:00:10.432981901 [32m    1[00m 0x708458001170 [37mTRACE  [00m [00;34m          GST_TRACER :0::[00m latency_tracer_pipeline, frame_latency=(double)23.878284, avg=(double)32.631284, min=(double)0.277575, max=(double)46.036524, latency=(double)11.683950, fps=(double)85.587495, frame_num=(uint)587;
0:00:10.456405491 [32m    1[00m 0x708458001170 [37mTRACE  [00m [00;34m          GST_TRACER :0::[00m latency_tracer_pipeline, frame_latency=(double)44.466270, avg=(double)32.651411, min=(double)0.277575, max=(double)46.036524, latency=(double)11.703908, fps=(double)85.441545, frame_num=(uint)588;
0:00:10.457442032 [32m    1[00m 0x708458001170 [37mTRACE  [00m [00;34m          GST_TRACER :0::[00m latency_tracer_pipeline, frame_latency=(double)25.393704, avg=(double)32.639089, min=(double)0.277575, max=(double)46.036524, latency=(double)11.685806, fps=(double)85.573897, frame_num=(uint)589;
0:00:10.480352108 [32m    1[00m 0x708458001170 [37mTRACE  [00m [00;34m          GST_TRACER :0::[00m latency_tracer_pipeline, frame_latency=(double)43.277475, avg=(double)32.657120, min=(double)0.277575, max=(double)46.036524, latency=(double)11.704827, fps=(double)85.434840, frame_num=(uint)590;
0:00:10.481305243 [32m    1[00m 0x708458001170 [37mTRACE  [00m [00;34m          GST_TRACER :0::[00m latency_tracer_pipeline, frame_latency=(double)23.911918, avg=(double)32.642323, min=(double)0.277575, max=(double)46.036524, latency=(double)11.686654, fps=(double)85.567693, frame_num=(uint)591;
0:00:10.504838988 [32m    1[00m 0x708458001170 [37mTRACE  [00m [00;34m          GST_TRACER :0::[00m latency_tracer_pipeline, frame_latency=(double)42.838475, avg=(double)32.659546, min=(double)0.277575, max=(double)46.036524, latency=(double)11.706639, fps=(double)85.421617, frame_num=(uint)592;
0:00:10.505616117 [32m    1[00m 0x708458001170 [37mTRACE  [00m [00;34m          GST_TRACER :0::[00m latency_tracer_pipeline, frame_latency=(double)23.256151, avg=(double)32.643689, min=(double)0.277575, max=(double)46.036524, latency=(double)11.688214, fps=(double)85.556273, frame_num=(uint)593;
FpsCounter(average 4.03sec): total=337.12 fps, number-streams=4, per-stream=84.28 fps (84.65, 82.17, 85.89, 84.41)
0:00:10.527664281 [32m    1[00m 0x708458001170 [37mTRACE  [00m [00;34m          GST_TRACER :0::[00m latency_tracer_pipeline, frame_latency=(double)41.449851, avg=(double)32.658514, min=(double)0.277575, max=(double)46.036524, latency=(double)11.705656, fps=(double)85.428786, frame_num=(uint)594;
0:00:10.528948094 [32m    1[00m 0x708458001170 [37mTRACE  [00m [00;34m          GST_TRACER :0::[00m latency_tracer_pipeline, frame_latency=(double)22.759674, avg=(double)32.641877, min=(double)0.277575, max=(double)46.036524, latency=(double)11.688143, fps=(double)85.556790, frame_num=(uint)595;
0:00:10.528985242 [32m    1[00m 0x708458001170 [37mTRACE  [00m [00;34m          GST_TRACER :0::[00m latency_tracer_pipeline, frame_latency=(double)20.706622, avg=(double)32.621852, min=(double)0.277575, max=(double)46.036524, latency=(double)11.668612, fps=(double)85.699999, frame_num=(uint)596;
0:00:10.550799378 [32m    1[00m 0x708458001170 [37mTRACE  [00m [00;34m          GST_TRACER :0::[00m latency_tracer_pipeline, frame_latency=(double)40.644116, avg=(double)32.635289, min=(double)0.277575, max=(double)46.036524, latency=(double)11.685580, fps=(double)85.575558, frame_num=(uint)597;
0:00:10.551886735 [32m    1[00m 0x708458001170 [37mTRACE  [00m [00;34m          GST_TRACER :0::[00m latency_tracer_pipeline, frame_latency=(double)22.085005, avg=(double)32.617647, min=(double)0.277575, max=(double)46.036524, latency=(double)11.667857, fps=(double)85.705538, frame_num=(uint)598;
0:00:10.573635180 [32m    1[00m 0x708458001170 [37mTRACE  [00m [00;34m          GST_TRACER :0::[00m latency_tracer_pipeline, frame_latency=(double)40.465180, avg=(double)32.630748, min=(double)0.277575, max=(double)46.036524, latency=(double)11.684691, fps=(double)85.582069, frame_num=(uint)599;
0:00:10.574462569 [32m    1[00m 0x708458001170 [37mTRACE  [00m [00;34m          GST_TRACER :0::[00m latency_tracer_pipeline, frame_latency=(double)21.225109, avg=(double)32.611738, min=(double)0.277575, max=(double)46.036524, latency=(double)11.666601, fps=(double)85.714766, frame_num=(uint)600;
0:00:10.596557415 [32m    1[00m 0x708458001170 [37mTRACE  [00m [00;34m          GST_TRACER :0::[00m latency_tracer_pipeline, frame_latency=(double)41.270390, avg=(double)32.626145, min=(double)0.277575, max=(double)46.036524, latency=(double)11.683942, fps=(double)85.587553, frame_num=(uint)601;
FpsCounter(last 1.00sec): total=343.87 fps, number-streams=4, per-stream=85.97 fps (89.97, 81.97, 86.97, 84.97)
latency: -15619.47ms (-15692.22, -15590.17, -15831.87, -15353.29)
0:00:10.618743624 [32m    1[00m 0x708458001170 [37mTRACE  [00m [00;34m          GST_TRACER :0::[00m latency_tracer_pipeline, frame_latency=(double)42.500187, avg=(double)32.642547, min=(double)0.277575, max=(double)46.036524, latency=(double)11.701387, fps=(double)85.459953, frame_num=(uint)602;
0:00:10.618773493 [32m    1[00m 0x708458001170 [37mTRACE  [00m [00;34m          GST_TRACER :0::[00m latency_tracer_pipeline_interval, interval=(double)1000.185322, avg=(double)32.376716, min=(double)20.510819, max=(double)45.001741, latency=(double)11.113170, fps=(double)89.983324;
0:00:10.619579053 [32m    1[00m 0x708458001170 [37mTRACE  [00m [00;34m          GST_TRACER :0::[00m latency_tracer_pipeline, frame_latency=(double)22.777993, avg=(double)32.626188, min=(double)0.277575, max=(double)46.036524, latency=(double)11.683371, fps=(double)85.591732, frame_num=(uint)603;
0:00:10.641510003 [32m    1[00m 0x708458001170 [37mTRACE  [00m [00;34m          GST_TRACER :0::[00m latency_tracer_pipeline, frame_latency=(double)42.221122, avg=(double)32.642074, min=(double)0.277575, max=(double)46.036524, latency=(double)11.700330, fps=(double)85.467673, frame_num=(uint)604;
0:00:10.642187635 [32m    1[00m 0x708458001170 [37mTRACE  [00m [00;34m          GST_TRACER :0::[00m latency_tracer_pipeline, frame_latency=(double)23.186143, avg=(double)32.626444, min=(double)0.277575, max=(double)46.036524, latency=(double)11.682124, fps=(double)85.600869, frame_num=(uint)605;
0:00:10.664387093 [32m    1[00m 0x708458001170 [37mTRACE  [00m [00;34m          GST_TRACER :0::[00m latency_tracer_pipeline, frame_latency=(double)42.677649, avg=(double)32.643031, min=(double)0.277575, max=(double)46.036524, latency=(double)11.699476, fps=(double)85.473913, frame_num=(uint)606;
0:00:10.665323069 [32m    1[00m 0x708458001170 [37mTRACE  [00m [00;34m          GST_TRACER :0::[00m latency_tracer_pipeline, frame_latency=(double)23.476054, avg=(double)32.627928, min=(double)0.277575, max=(double)46.036524, latency=(double)11.681761, fps=(double)85.603530, frame_num=(uint)607;
0:00:10.687329620 [32m    1[00m 0x708458001170 [37mTRACE  [00m [00;34m          GST_TRACER :0::[00m latency_tracer_pipeline, frame_latency=(double)42.477712, avg=(double)32.644129, min=(double)0.277575, max=(double)46.036524, latency=(double)11.698738, fps=(double)85.479307, frame_num=(uint)608;
0:00:10.688191960 [32m    1[00m 0x708458001170 [37mTRACE  [00m [00;34m          GST_TRACER :0::[00m latency_tracer_pipeline, frame_latency=(double)23.329409, avg=(double)32.628834, min=(double)0.277575, max=(double)46.036524, latency=(double)11.680940, fps=(double)85.609545, frame_num=(uint)609;
0:00:10.709782816 [32m    1[00m 0x708458001170 [37mTRACE  [00m [00;34m          GST_TRACER :0::[00m latency_tracer_pipeline, frame_latency=(double)41.227331, avg=(double)32.642930, min=(double)0.277575, max=(double)46.036524, latency=(double)11.697188, fps=(double)85.490632, frame_num=(uint)610;
0:00:10.710633100 [32m    1[00m 0x708458001170 [37mTRACE  [00m [00;34m          GST_TRACER :0::[00m latency_tracer_pipeline, frame_latency=(double)22.900707, avg=(double)32.626985, min=(double)0.277575, max=(double)46.036524, latency=(double)11.679442, fps=(double)85.620529, frame_num=(uint)611;
0:00:10.710648580 [32m    1[00m 0x708458001170 [37mTRACE  [00m [00;34m          GST_TRACER :0::[00m latency_tracer_pipeline, frame_latency=(double)20.662615, avg=(double)32.607435, min=(double)0.277575, max=(double)46.036524, latency=(double)11.660391, fps=(double)85.760421, frame_num=(uint)612;
0:00:10.732240877 [32m    1[00m 0x708458001170 [37mTRACE  [00m [00;34m          GST_TRACER :0::[00m latency_tracer_pipeline, frame_latency=(double)41.047308, avg=(double)32.621203, min=(double)0.277575, max=(double)46.036524, latency=(double)11.676579, fps=(double)85.641522, frame_num=(uint)613;
0:00:10.733334783 [32m    1[00m 0x708458001170 [37mTRACE  [00m [00;34m          GST_TRACER :0::[00m latency_tracer_pipeline, frame_latency=(double)22.600397, avg=(double)32.604883, min=(double)0.277575, max=(double)46.036524, latency=(double)11.659348, fps=(double)85.768086, frame_num=(uint)614;
0:00:10.754356986 [32m    1[00m 0x708458001170 [37mTRACE  [00m [00;34m          GST_TRACER :0::[00m latency_tracer_pipeline, frame_latency=(double)41.044826, avg=(double)32.618606, min=(double)0.277575, max=(double)46.036524, latency=(double)11.674572, fps=(double)85.656243, frame_num=(uint)615;
0:00:10.755346272 [32m    1[00m 0x708458001170 [37mTRACE  [00m [00;34m          GST_TRACER :0::[00m latency_tracer_pipeline, frame_latency=(double)22.759652, avg=(double)32.602601, min=(double)0.277575, max=(double)46.036524, latency=(double)11.657220, fps=(double)85.783743, frame_num=(uint)616;
0:00:10.777624050 [32m    1[00m 0x708458001170 [37mTRACE  [00m [00;34m          GST_TRACER :0::[00m latency_tracer_pipeline, frame_latency=(double)43.161767, avg=(double)32.619715, min=(double)0.277575, max=(double)46.036524, latency=(double)11.674436, fps=(double)85.657245, frame_num=(uint)617;
0:00:10.778560264 [32m    1[00m 0x708458001170 [37mTRACE  [00m [00;34m          GST_TRACER :0::[00m latency_tracer_pipeline, frame_latency=(double)23.935522, avg=(double)32.605663, min=(double)0.277575, max=(double)46.036524, latency=(double)11.657068, fps=(double)85.784866, frame_num=(uint)618;
0:00:10.800465962 [32m    1[00m 0x708458001170 [37mTRACE  [00m [00;34m          GST_TRACER :0::[00m latency_tracer_pipeline, frame_latency=(double)43.504377, avg=(double)32.623270, min=(double)0.277575, max=(double)46.036524, latency=(double)11.673617, fps=(double)85.663254, frame_num=(uint)619;
0:00:10.801648252 [32m    1[00m 0x708458001170 [37mTRACE  [00m [00;34m          GST_TRACER :0::[00m latency_tracer_pipeline, frame_latency=(double)23.423031, avg=(double)32.608431, min=(double)0.277575, max=(double)46.036524, latency=(double)11.656700, fps=(double)85.787572, frame_num=(uint)620;
0:00:10.823885847 [32m    1[00m 0x708458001170 [37mTRACE  [00m [00;34m          GST_TRACER :0::[00m latency_tracer_pipeline, frame_latency=(double)43.484164, avg=(double)32.625944, min=(double)0.277575, max=(double)46.036524, latency=(double)11.673735, fps=(double)85.662387, frame_num=(uint)621;
0:00:10.824485959 [32m    1[00m 0x708458001170 [37mTRACE  [00m [00;34m          GST_TRACER :0::[00m latency_tracer_pipeline, frame_latency=(double)23.672638, avg=(double)32.611550, min=(double)0.277575, max=(double)46.036524, latency=(double)11.655942, fps=(double)85.793151, frame_num=(uint)622;
0:00:10.847133616 [32m    1[00m 0x708458001170 [37mTRACE  [00m [00;34m          GST_TRACER :0::[00m latency_tracer_pipeline, frame_latency=(double)43.436416, avg=(double)32.628925, min=(double)0.277575, max=(double)46.036524, latency=(double)11.673575, fps=(double)85.663561, frame_num=(uint)623;
0:00:10.869647058 [32m    1[00m 0x708458001170 [37mTRACE  [00m [00;34m          GST_TRACER :0::[00m latency_tracer_pipeline, frame_latency=(double)43.956354, avg=(double)32.647078, min=(double)0.277575, max=(double)46.036524, latency=(double)11.690944, fps=(double)85.536295, frame_num=(uint)624;
0:00:10.870567137 [32m    1[00m 0x708458001170 [37mTRACE  [00m [00;34m          GST_TRACER :0::[00m latency_tracer_pipeline, frame_latency=(double)22.936498, avg=(double)32.631541, min=(double)0.277575, max=(double)46.036524, latency=(double)11.673721, fps=(double)85.662487, frame_num=(uint)625;
0:00:10.893280046 [32m    1[00m 0x708458001170 [37mTRACE  [00m [00;34m          GST_TRACER :0::[00m latency_tracer_pipeline, frame_latency=(double)43.682099, avg=(double)32.649194, min=(double)0.277575, max=(double)46.036524, latency=(double)11.691349, fps=(double)85.533328, frame_num=(uint)626;
0:00:10.894022769 [32m    1[00m 0x708458001170 [37mTRACE  [00m [00;34m          GST_TRACER :0::[00m latency_tracer_pipeline, frame_latency=(double)24.038720, avg=(double)32.635461, min=(double)0.277575, max=(double)46.036524, latency=(double)11.673894, fps=(double)85.661223, frame_num=(uint)627;
0:00:10.894037131 [32m    1[00m 0x708458001170 [37mTRACE  [00m [00;34m          GST_TRACER :0::[00m latency_tracer_pipeline, frame_latency=(double)21.241147, avg=(double)32.617317, min=(double)0.277575, max=(double)46.036524, latency=(double)11.655332, fps=(double)85.797645, frame_num=(uint)628;
0:00:10.916022450 [32m    1[00m 0x708458001170 [37mTRACE  [00m [00;34m          GST_TRACER :0::[00m latency_tracer_pipeline, frame_latency=(double)41.071311, avg=(double)32.630758, min=(double)0.277575, max=(double)46.036524, latency=(double)11.671743, fps=(double)85.677005, frame_num=(uint)629;
0:00:10.916631684 [32m    1[00m 0x708458001170 [37mTRACE  [00m [00;34m          GST_TRACER :0::[00m latency_tracer_pipeline, frame_latency=(double)20.557328, avg=(double)32.611593, min=(double)0.277575, max=(double)46.036524, latency=(double)11.654184, fps=(double)85.806094, frame_num=(uint)630;
0:00:10.939505442 [32m    1[00m 0x708458001170 [37mTRACE  [00m [00;34m          GST_TRACER :0::[00m latency_tracer_pipeline, frame_latency=(double)40.720736, avg=(double)32.624445, min=(double)0.277575, max=(double)46.036524, latency=(double)11.671958, fps=(double)85.675427, frame_num=(uint)631;
0:00:10.940414995 [32m    1[00m 0x708458001170 [37mTRACE  [00m [00;34m          GST_TRACER :0::[00m latency_tracer_pipeline, frame_latency=(double)22.485851, avg=(double)32.608403, min=(double)0.277575, max=(double)46.036524, latency=(double)11.654936, fps=(double)85.800560, frame_num=(uint)632;
0:00:10.963069179 [32m    1[00m 0x708458001170 [37mTRACE  [00m [00;34m          GST_TRACER :0::[00m latency_tracer_pipeline, frame_latency=(double)41.103879, avg=(double)32.621824, min=(double)0.277575, max=(double)46.036524, latency=(double)11.672301, fps=(double)85.672907, frame_num=(uint)633;
0:00:10.963663807 [32m    1[00m 0x708458001170 [37mTRACE  [00m [00;34m          GST_TRACER :0::[00m latency_tracer_pipeline, frame_latency=(double)22.230455, avg=(double)32.605433, min=(double)0.277575, max=(double)46.036524, latency=(double)11.654841, fps=(double)85.801259, frame_num=(uint)634;
0:00:10.987262413 [32m    1[00m 0x708458001170 [37mTRACE  [00m [00;34m          GST_TRACER :0::[00m latency_tracer_pipeline, frame_latency=(double)41.525614, avg=(double)32.619481, min=(double)0.277575, max=(double)46.036524, latency=(double)11.673640, fps=(double)85.663085, frame_num=(uint)635;
0:00:10.987964207 [32m    1[00m 0x708458001170 [37mTRACE  [00m [00;34m          GST_TRACER :0::[00m latency_tracer_pipeline, frame_latency=(double)22.740703, avg=(double)32.603948, min=(double)0.277575, max=(double)46.036524, latency=(double)11.656402, fps=(double)85.789767, frame_num=(uint)636;
0:00:11.011286444 [32m    1[00m 0x708458001170 [37mTRACE  [00m [00;34m          GST_TRACER :0::[00m latency_tracer_pipeline, frame_latency=(double)40.293987, avg=(double)32.616021, min=(double)0.277575, max=(double)46.036524, latency=(double)11.674700, fps=(double)85.655303, frame_num=(uint)637;
0:00:11.035371345 [32m    1[00m 0x708458001170 [37mTRACE  [00m [00;34m          GST_TRACER :0::[00m latency_tracer_pipeline, frame_latency=(double)45.513875, avg=(double)32.636237, min=(double)0.277575, max=(double)46.036524, latency=(double)11.694158, fps=(double)85.512787, frame_num=(uint)638;
0:00:11.036109687 [32m    1[00m 0x708458001170 [37mTRACE  [00m [00;34m          GST_TRACER :0::[00m latency_tracer_pipeline, frame_latency=(double)23.224782, avg=(double)32.621508, min=(double)0.277575, max=(double)46.036524, latency=(double)11.677013, fps=(double)85.638341, frame_num=(uint)639;
0:00:11.060559735 [32m    1[00m 0x708458001170 [37mTRACE  [00m [00;34m          GST_TRACER :0::[00m latency_tracer_pipeline, frame_latency=(double)44.086030, avg=(double)32.639422, min=(double)0.277575, max=(double)46.036524, latency=(double)11.696968, fps=(double)85.492243, frame_num=(uint)640;
0:00:11.086032880 [32m    1[00m 0x708458001170 [37mTRACE  [00m [00;34m          GST_TRACER :0::[00m latency_tracer_pipeline, frame_latency=(double)46.765412, avg=(double)32.661459, min=(double)0.277575, max=(double)46.765412, latency=(double)11.718462, fps=(double)85.335433, frame_num=(uint)641;
0:00:11.087290797 [32m    1[00m 0x708458001170 [37mTRACE  [00m [00;34m          GST_TRACER :0::[00m latency_tracer_pipeline, frame_latency=(double)26.271162, avg=(double)32.651505, min=(double)0.277575, max=(double)46.765412, latency=(double)11.702170, fps=(double)85.454234, frame_num=(uint)642;
0:00:11.087317927 [32m    1[00m 0x708458001170 [37mTRACE  [00m [00;34m          GST_TRACER :0::[00m latency_tracer_pipeline, frame_latency=(double)21.822993, avg=(double)32.634665, min=(double)0.277575, max=(double)46.765412, latency=(double)11.684024, fps=(double)85.586950, frame_num=(uint)643;
0:00:11.111201255 [32m    1[00m 0x708458001170 [37mTRACE  [00m [00;34m          GST_TRACER :0::[00m latency_tracer_pipeline, frame_latency=(double)42.318968, avg=(double)32.649702, min=(double)0.277575, max=(double)46.765412, latency=(double)11.702955, fps=(double)85.448501, frame_num=(uint)644;
0:00:11.112522380 [32m    1[00m 0x708458001170 [37mTRACE  [00m [00;34m          GST_TRACER :0::[00m latency_tracer_pipeline, frame_latency=(double)21.844280, avg=(double)32.632950, min=(double)0.277575, max=(double)46.765412, latency=(double)11.686853, fps=(double)85.566236, frame_num=(uint)645;
0:00:11.135795328 [32m    1[00m 0x708458001170 [37mTRACE  [00m [00;34m          GST_TRACER :0::[00m latency_tracer_pipeline, frame_latency=(double)40.061000, avg=(double)32.644448, min=(double)0.277575, max=(double)46.765412, latency=(double)11.704793, fps=(double)85.435086, frame_num=(uint)646;
0:00:11.136475100 [32m    1[00m 0x708458001170 [37mTRACE  [00m [00;34m          GST_TRACER :0::[00m latency_tracer_pipeline, frame_latency=(double)22.871041, avg=(double)32.629343, min=(double)0.277575, max=(double)46.765412, latency=(double)11.687754, fps=(double)85.559639, frame_num=(uint)647;
0:00:11.160254977 [32m    1[00m 0x708458001170 [37mTRACE  [00m [00;34m          GST_TRACER :0::[00m latency_tracer_pipeline, frame_latency=(double)42.065637, avg=(double)32.643905, min=(double)0.277575, max=(double)46.765412, latency=(double)11.706410, fps=(double)85.423282, frame_num=(uint)648;
0:00:11.161122009 [32m    1[00m 0x708458001170 [37mTRACE  [00m [00;34m          GST_TRACER :0::[00m latency_tracer_pipeline, frame_latency=(double)21.866774, avg=(double)32.627299, min=(double)0.277575, max=(double)46.765412, latency=(double)11.689720, fps=(double)85.545252, frame_num=(uint)649;
0:00:11.184515118 [32m    1[00m 0x708458001170 [37mTRACE  [00m [00;34m          GST_TRACER :0::[00m latency_tracer_pipeline, frame_latency=(double)41.447189, avg=(double)32.640868, min=(double)0.277575, max=(double)46.765412, latency=(double)11.707716, fps=(double)85.413753, frame_num=(uint)650;
0:00:11.185526039 [32m    1[00m 0x708458001170 [37mTRACE  [00m [00;34m          GST_TRACER :0::[00m latency_tracer_pipeline, frame_latency=(double)21.584775, avg=(double)32.623885, min=(double)0.277575, max=(double)46.765412, latency=(double)11.691294, fps=(double)85.533735, frame_num=(uint)651;
0:00:11.209673953 [32m    1[00m 0x708458001170 [37mTRACE  [00m [00;34m          GST_TRACER :0::[00m latency_tracer_pipeline, frame_latency=(double)41.996668, avg=(double)32.638260, min=(double)0.277575, max=(double)46.765412, latency=(double)11.710389, fps=(double)85.394263, frame_num=(uint)652;
0:00:11.210552735 [32m    1[00m 0x708458001170 [37mTRACE  [00m [00;34m          GST_TRACER :0::[00m latency_tracer_pipeline, frame_latency=(double)23.095215, avg=(double)32.623646, min=(double)0.277575, max=(double)46.765412, latency=(double)11.693812, fps=(double)85.515316, frame_num=(uint)653;
0:00:11.234452905 [32m    1[00m 0x708458001170 [37mTRACE  [00m [00;34m          GST_TRACER :0::[00m latency_tracer_pipeline, frame_latency=(double)42.086714, avg=(double)32.638116, min=(double)0.277575, max=(double)46.765412, latency=(double)11.712466, fps=(double)85.379119, frame_num=(uint)654;
0:00:11.235288362 [32m    1[00m 0x708458001170 [37mTRACE  [00m [00;34m          GST_TRACER :0::[00m latency_tracer_pipeline, frame_latency=(double)24.100983, avg=(double)32.625082, min=(double)0.277575, max=(double)46.765412, latency=(double)11.695858, fps=(double)85.500357, frame_num=(uint)655;
0:00:11.258557951 [32m    1[00m 0x708458001170 [37mTRACE  [00m [00;34m          GST_TRACER :0::[00m latency_tracer_pipeline, frame_latency=(double)43.940313, avg=(double)32.642331, min=(double)0.277575, max=(double)46.765412, latency=(double)11.713492, fps=(double)85.371641, frame_num=(uint)656;
0:00:11.259452131 [32m    1[00m 0x708458001170 [37mTRACE  [00m [00;34m          GST_TRACER :0::[00m latency_tracer_pipeline, frame_latency=(double)23.524240, avg=(double)32.628452, min=(double)0.277575, max=(double)46.765412, latency=(double)11.697028, fps=(double)85.491798, frame_num=(uint)657;
0:00:11.282884748 [32m    1[00m 0x708458001170 [37mTRACE  [00m [00;34m          GST_TRACER :0::[00m latency_tracer_pipeline, frame_latency=(double)42.632556, avg=(double)32.643656, min=(double)0.277575, max=(double)46.765412, latency=(double)11.714861, fps=(double)85.361664, frame_num=(uint)658;
0:00:11.283550924 [32m    1[00m 0x708458001170 [37mTRACE  [00m [00;34m          GST_TRACER :0::[00m latency_tracer_pipeline, frame_latency=(double)23.319552, avg=(double)32.629507, min=(double)0.277575, max=(double)46.765412, latency=(double)11.698113, fps=(double)85.483873, frame_num=(uint)659;
0:00:11.306776225 [32m    1[00m 0x708458001170 [37mTRACE  [00m [00;34m          GST_TRACER :0::[00m latency_tracer_pipeline, frame_latency=(double)42.295549, avg=(double)32.644153, min=(double)0.277575, max=(double)46.765412, latency=(double)11.715561, fps=(double)85.356564, frame_num=(uint)660;
0:00:11.307599140 [32m    1[00m 0x708458001170 [37mTRACE  [00m [00;34m          GST_TRACER :0::[00m latency_tracer_pipeline, frame_latency=(double)23.319821, avg=(double)32.630046, min=(double)0.277575, max=(double)46.765412, latency=(double)11.699099, fps=(double)85.476668, frame_num=(uint)661;
0:00:11.331787152 [32m    1[00m 0x708458001170 [37mTRACE  [00m [00;34m          GST_TRACER :0::[00m latency_tracer_pipeline, frame_latency=(double)43.792162, avg=(double)32.646908, min=(double)0.277575, max=(double)46.765412, latency=(double)11.717945, fps=(double)85.339194, frame_num=(uint)662;
0:00:11.332495061 [32m    1[00m 0x708458001170 [37mTRACE  [00m [00;34m          GST_TRACER :0::[00m latency_tracer_pipeline, frame_latency=(double)23.851460, avg=(double)32.633641, min=(double)0.277575, max=(double)46.765412, latency=(double)11.701358, fps=(double)85.460170, frame_num=(uint)663;
0:00:11.356509416 [32m    1[00m 0x708458001170 [37mTRACE  [00m [00;34m          GST_TRACER :0::[00m latency_tracer_pipeline, frame_latency=(double)43.562165, avg=(double)32.650100, min=(double)0.277575, max=(double)46.765412, latency=(double)11.719883, fps=(double)85.325081, frame_num=(uint)664;
0:00:11.357133859 [32m    1[00m 0x708458001170 [37mTRACE  [00m [00;34m          GST_TRACER :0::[00m latency_tracer_pipeline, frame_latency=(double)23.747684, avg=(double)32.636713, min=(double)0.277575, max=(double)46.765412, latency=(double)11.703218, fps=(double)85.446585, frame_num=(uint)665;
0:00:11.357159657 [32m    1[00m 0x708458001170 [37mTRACE  [00m [00;34m          GST_TRACER :0::[00m latency_tracer_pipeline, frame_latency=(double)19.404664, avg=(double)32.616845, min=(double)0.277575, max=(double)46.765412, latency=(double)11.685688, fps=(double)85.574763, frame_num=(uint)666;
0:00:11.380030259 [32m    1[00m 0x708458001170 [37mTRACE  [00m [00;34m          GST_TRACER :0::[00m latency_tracer_pipeline, frame_latency=(double)39.103825, avg=(double)32.626571, min=(double)0.277575, max=(double)46.765412, latency=(double)11.702431, fps=(double)85.452327, frame_num=(uint)667;
0:00:11.403558859 [32m    1[00m 0x708458001170 [37mTRACE  [00m [00;34m          GST_TRACER :0::[00m latency_tracer_pipeline, frame_latency=(double)44.175647, avg=(double)32.643860, min=(double)0.277575, max=(double)46.765412, latency=(double)11.720140, fps=(double)85.323215, frame_num=(uint)668;
0:00:11.404508765 [32m    1[00m 0x708458001170 [37mTRACE  [00m [00;34m          GST_TRACER :0::[00m latency_tracer_pipeline, frame_latency=(double)24.144204, avg=(double)32.631155, min=(double)0.277575, max=(double)46.765412, latency=(double)11.704058, fps=(double)85.440451, frame_num=(uint)669;
0:00:11.426999389 [32m    1[00m 0x708458001170 [37mTRACE  [00m [00;34m          GST_TRACER :0::[00m latency_tracer_pipeline, frame_latency=(double)42.948365, avg=(double)32.646553, min=(double)0.277575, max=(double)46.765412, latency=(double)11.720141, fps=(double)85.323206, frame_num=(uint)670;
0:00:11.427040719 [32m    1[00m 0x708458001170 [37mTRACE  [00m [00;34m          GST_TRACER :0::[00m latency_tracer_pipeline, frame_latency=(double)22.946568, avg=(double)32.632097, min=(double)0.277575, max=(double)46.765412, latency=(double)11.702755, fps=(double)85.449966, frame_num=(uint)671;
0:00:11.427770605 [32m    1[00m 0x708458001170 [37mTRACE  [00m [00;34m          GST_TRACER :0::[00m latency_tracer_pipeline, frame_latency=(double)22.465298, avg=(double)32.616968, min=(double)0.277575, max=(double)46.765412, latency=(double)11.686416, fps=(double)85.569433, frame_num=(uint)672;
0:00:11.450526211 [32m    1[00m 0x708458001170 [37mTRACE  [00m [00;34m          GST_TRACER :0::[00m latency_tracer_pipeline, frame_latency=(double)41.012639, avg=(double)32.629443, min=(double)0.277575, max=(double)46.765412, latency=(double)11.702845, fps=(double)85.449307, frame_num=(uint)673;
0:00:11.451540531 [32m    1[00m 0x708458001170 [37mTRACE  [00m [00;34m          GST_TRACER :0::[00m latency_tracer_pipeline, frame_latency=(double)22.875973, avg=(double)32.614972, min=(double)0.277575, max=(double)46.765412, latency=(double)11.686999, fps=(double)85.565163, frame_num=(uint)674;
0:00:11.473292358 [32m    1[00m 0x708458001170 [37mTRACE  [00m [00;34m          GST_TRACER :0::[00m latency_tracer_pipeline, frame_latency=(double)42.642852, avg=(double)32.629828, min=(double)0.277575, max=(double)46.765412, latency=(double)11.701908, fps=(double)85.456153, frame_num=(uint)675;
0:00:11.474413177 [32m    1[00m 0x708458001170 [37mTRACE  [00m [00;34m          GST_TRACER :0::[00m latency_tracer_pipeline, frame_latency=(double)22.488064, avg=(double)32.614826, min=(double)0.277575, max=(double)46.765412, latency=(double)11.686252, fps=(double)85.570638, frame_num=(uint)676;
0:00:11.497043240 [32m    1[00m 0x708458001170 [37mTRACE  [00m [00;34m          GST_TRACER :0::[00m latency_tracer_pipeline, frame_latency=(double)41.470498, avg=(double)32.627907, min=(double)0.277575, max=(double)46.765412, latency=(double)11.702414, fps=(double)85.452456, frame_num=(uint)677;
0:00:11.497646271 [32m    1[00m 0x708458001170 [37mTRACE  [00m [00;34m          GST_TRACER :0::[00m latency_tracer_pipeline, frame_latency=(double)21.498831, avg=(double)32.611492, min=(double)0.277575, max=(double)46.765412, latency=(double)11.686063, fps=(double)85.572022, frame_num=(uint)678;
0:00:11.519747194 [32m    1[00m 0x708458001170 [37mTRACE  [00m [00;34m          GST_TRACER :0::[00m latency_tracer_pipeline, frame_latency=(double)40.847113, avg=(double)32.623621, min=(double)0.277575, max=(double)46.765412, latency=(double)11.701382, fps=(double)85.459988, frame_num=(uint)679;
0:00:11.520618877 [32m    1[00m 0x708458001170 [37mTRACE  [00m [00;34m          GST_TRACER :0::[00m latency_tracer_pipeline, frame_latency=(double)22.409618, avg=(double)32.608600, min=(double)0.277575, max=(double)46.765412, latency=(double)11.685460, fps=(double)85.576438, frame_num=(uint)680;
FpsCounter(average 5.04sec): total=337.48 fps, number-streams=4, per-stream=84.37 fps (84.87, 82.69, 86.65, 83.28)
0:00:11.542773073 [32m    1[00m 0x708458001170 [37mTRACE  [00m [00;34m          GST_TRACER :0::[00m latency_tracer_pipeline, frame_latency=(double)42.442791, avg=(double)32.623041, min=(double)0.277575, max=(double)46.765412, latency=(double)11.700826, fps=(double)85.464053, frame_num=(uint)681;
0:00:11.543646489 [32m    1[00m 0x708458001170 [37mTRACE  [00m [00;34m          GST_TRACER :0::[00m latency_tracer_pipeline, frame_latency=(double)23.652756, avg=(double)32.609888, min=(double)0.277575, max=(double)46.765412, latency=(double)11.684960, fps=(double)85.580099, frame_num=(uint)682;
0:00:11.565545222 [32m    1[00m 0x708458001170 [37mTRACE  [00m [00;34m          GST_TRACER :0::[00m latency_tracer_pipeline, frame_latency=(double)42.691456, avg=(double)32.624649, min=(double)0.277575, max=(double)46.765412, latency=(double)11.699904, fps=(double)85.470784, frame_num=(uint)683;
0:00:11.566394946 [32m    1[00m 0x708458001170 [37mTRACE  [00m [00;34m          GST_TRACER :0::[00m latency_tracer_pipeline, frame_latency=(double)23.378033, avg=(double)32.611131, min=(double)0.277575, max=(double)46.765412, latency=(double)11.684048, fps=(double)85.586775, frame_num=(uint)684;
0:00:11.588654315 [32m    1[00m 0x708458001170 [37mTRACE  [00m [00;34m          GST_TRACER :0::[00m latency_tracer_pipeline, frame_latency=(double)43.177184, avg=(double)32.626555, min=(double)0.277575, max=(double)46.765412, latency=(double)11.699481, fps=(double)85.473874, frame_num=(uint)685;
0:00:11.589489482 [32m    1[00m 0x708458001170 [37mTRACE  [00m [00;34m          GST_TRACER :0::[00m latency_tracer_pipeline, frame_latency=(double)23.802252, avg=(double)32.613692, min=(double)0.277575, max=(double)46.765412, latency=(double)11.683666, fps=(double)85.589576, frame_num=(uint)686;
0:00:11.589527427 [32m    1[00m 0x708458001170 [37mTRACE  [00m [00;34m          GST_TRACER :0::[00m latency_tracer_pipeline, frame_latency=(double)21.407363, avg=(double)32.597380, min=(double)0.277575, max=(double)46.765412, latency=(double)11.666713, fps=(double)85.713948, frame_num=(uint)687;
0:00:11.611865804 [32m    1[00m 0x708458001170 [37mTRACE  [00m [00;34m          GST_TRACER :0::[00m latency_tracer_pipeline, frame_latency=(double)41.510588, avg=(double)32.610335, min=(double)0.277575, max=(double)46.765412, latency=(double)11.682207, fps=(double)85.600262, frame_num=(uint)688;
0:00:11.612713056 [32m    1[00m 0x708458001170 [37mTRACE  [00m [00;34m          GST_TRACER :0::[00m latency_tracer_pipeline, frame_latency=(double)22.949104, avg=(double)32.596313, min=(double)0.277575, max=(double)46.765412, latency=(double)11.666492, fps=(double)85.715570, frame_num=(uint)689;
FpsCounter(last 1.02sec): total=338.47 fps, number-streams=4, per-stream=84.62 fps (86.58, 81.66, 91.50, 78.71)
latency: -18069.70ms (-18239.44, -17900.17, -18406.70, -17667.10)
0:00:11.635007738 [32m    1[00m 0x708458001170 [37mTRACE  [00m [00;34m          GST_TRACER :0::[00m latency_tracer_pipeline, frame_latency=(double)41.361959, avg=(double)32.609017, min=(double)0.277575, max=(double)46.765412, latency=(double)11.681887, fps=(double)85.602605, frame_num=(uint)690;
0:00:11.635031333 [32m    1[00m 0x708458001170 [37mTRACE  [00m [00;34m          GST_TRACER :0::[00m latency_tracer_pipeline_interval, interval=(double)1016.267274, avg=(double)32.379638, min=(double)19.404664, max=(double)46.765412, latency=(double)11.548492, fps=(double)86.591394;
0:00:11.635534300 [32m    1[00m 0x708458001170 [37mTRACE  [00m [00;34m          GST_TRACER :0::[00m latency_tracer_pipeline, frame_latency=(double)22.342523, avg=(double)32.594160, min=(double)0.277575, max=(double)46.765412, latency=(double)11.665753, fps=(double)85.720997, frame_num=(uint)691;
0:00:11.658206127 [32m    1[00m 0x708458001170 [37mTRACE  [00m [00;34m          GST_TRACER :0::[00m latency_tracer_pipeline, frame_latency=(double)42.978620, avg=(double)32.609166, min=(double)0.277575, max=(double)46.765412, latency=(double)11.681646, fps=(double)85.604375, frame_num=(uint)692;
0:00:11.659001878 [32m    1[00m 0x708458001170 [37mTRACE  [00m [00;34m          GST_TRACER :0::[00m latency_tracer_pipeline, frame_latency=(double)22.266748, avg=(double)32.594242, min=(double)0.277575, max=(double)46.765412, latency=(double)11.665938, fps=(double)85.719641, frame_num=(uint)693;
0:00:11.681258106 [32m    1[00m 0x708458001170 [37mTRACE  [00m [00;34m          GST_TRACER :0::[00m latency_tracer_pipeline, frame_latency=(double)41.480387, avg=(double)32.607046, min=(double)0.277575, max=(double)46.765412, latency=(double)11.681199, fps=(double)85.607648, frame_num=(uint)694;
0:00:11.682615375 [32m    1[00m 0x708458001170 [37mTRACE  [00m [00;34m          GST_TRACER :0::[00m latency_tracer_pipeline, frame_latency=(double)22.822547, avg=(double)32.592968, min=(double)0.277575, max=(double)46.765412, latency=(double)11.666338, fps=(double)85.716699, frame_num=(uint)695;
0:00:11.706542566 [32m    1[00m 0x708458001170 [37mTRACE  [00m [00;34m          GST_TRACER :0::[00m latency_tracer_pipeline, frame_latency=(double)43.640011, avg=(double)32.608840, min=(double)0.277575, max=(double)46.765412, latency=(double)11.683960, fps=(double)85.587422, frame_num=(uint)696;
0:00:11.707173155 [32m    1[00m 0x708458001170 [37mTRACE  [00m [00;34m          GST_TRACER :0::[00m latency_tracer_pipeline, frame_latency=(double)25.464109, avg=(double)32.598589, min=(double)0.277575, max=(double)46.765412, latency=(double)11.668107, fps=(double)85.703706, frame_num=(uint)697;
0:00:11.707210794 [32m    1[00m 0x708458001170 [37mTRACE  [00m [00;34m          GST_TRACER :0::[00m latency_tracer_pipeline, frame_latency=(double)22.504549, avg=(double)32.584128, min=(double)0.277575, max=(double)46.765412, latency=(double)11.651458, fps=(double)85.826166, frame_num=(uint)698;
0:00:11.731051488 [32m    1[00m 0x708458001170 [37mTRACE  [00m [00;34m          GST_TRACER :0::[00m latency_tracer_pipeline, frame_latency=(double)44.170936, avg=(double)32.600704, min=(double)0.277575, max=(double)46.765412, latency=(double)11.668872, fps=(double)85.698084, frame_num=(uint)699;
0:00:11.732435547 [32m    1[00m 0x708458001170 [37mTRACE  [00m [00;34m          GST_TRACER :0::[00m latency_tracer_pipeline, frame_latency=(double)23.462673, avg=(double)32.587650, min=(double)0.277575, max=(double)46.765412, latency=(double)11.654186, fps=(double)85.806077, frame_num=(uint)700;
0:00:11.756263292 [32m    1[00m 0x708458001170 [37mTRACE  [00m [00;34m          GST_TRACER :0::[00m latency_tracer_pipeline, frame_latency=(double)44.008716, avg=(double)32.603942, min=(double)0.277575, max=(double)46.765412, latency=(double)11.671547, fps=(double)85.678446, frame_num=(uint)701;
0:00:11.757932736 [32m    1[00m 0x708458001170 [37mTRACE  [00m [00;34m          GST_TRACER :0::[00m latency_tracer_pipeline, frame_latency=(double)24.922006, avg=(double)32.592999, min=(double)0.277575, max=(double)46.765412, latency=(double)11.657302, fps=(double)85.783143, frame_num=(uint)702;
0:00:11.757973819 [32m    1[00m 0x708458001170 [37mTRACE  [00m [00;34m          GST_TRACER :0::[00m latency_tracer_pipeline, frame_latency=(double)22.334546, avg=(double)32.578407, min=(double)0.277575, max=(double)46.765412, latency=(double)11.640796, fps=(double)85.904776, frame_num=(uint)703;
0:00:11.780505631 [32m    1[00m 0x708458001170 [37mTRACE  [00m [00;34m          GST_TRACER :0::[00m latency_tracer_pipeline, frame_latency=(double)41.508064, avg=(double)32.591091, min=(double)0.277575, max=(double)46.765412, latency=(double)11.656251, fps=(double)85.790875, frame_num=(uint)704;
0:00:11.781600784 [32m    1[00m 0x708458001170 [37mTRACE  [00m [00;34m          GST_TRACER :0::[00m latency_tracer_pipeline, frame_latency=(double)23.505453, avg=(double)32.578204, min=(double)0.277575, max=(double)46.765412, latency=(double)11.641275, fps=(double)85.901241, frame_num=(uint)705;
0:00:11.804232439 [32m    1[00m 0x708458001170 [37mTRACE  [00m [00;34m          GST_TRACER :0::[00m latency_tracer_pipeline, frame_latency=(double)42.335142, avg=(double)32.592024, min=(double)0.277575, max=(double)46.765412, latency=(double)11.656838, fps=(double)85.786560, frame_num=(uint)706;
0:00:11.828069166 [32m    1[00m 0x708458001170 [37mTRACE  [00m [00;34m          GST_TRACER :0::[00m latency_tracer_pipeline, frame_latency=(double)45.815551, avg=(double)32.610727, min=(double)0.277575, max=(double)46.765412, latency=(double)11.674058, fps=(double)85.660014, frame_num=(uint)707;
0:00:11.828983910 [32m    1[00m 0x708458001170 [37mTRACE  [00m [00;34m          GST_TRACER :0::[00m latency_tracer_pipeline, frame_latency=(double)24.775671, avg=(double)32.599661, min=(double)0.277575, max=(double)46.765412, latency=(double)11.658864, fps=(double)85.771650, frame_num=(uint)708;
0:00:11.852543488 [32m    1[00m 0x708458001170 [37mTRACE  [00m [00;34m          GST_TRACER :0::[00m latency_tracer_pipeline, frame_latency=(double)45.217394, avg=(double)32.617458, min=(double)0.277575, max=(double)46.765412, latency=(double)11.675652, fps=(double)85.648321, frame_num=(uint)709;
0:00:11.853653917 [32m    1[00m 0x708458001170 [37mTRACE  [00m [00;34m          GST_TRACER :0::[00m latency_tracer_pipeline, frame_latency=(double)25.406081, avg=(double)32.607301, min=(double)0.277575, max=(double)46.765412, latency=(double)11.660771, fps=(double)85.757619, frame_num=(uint)710;
0:00:11.876568824 [32m    1[00m 0x708458001170 [37mTRACE  [00m [00;34m          GST_TRACER :0::[00m latency_tracer_pipeline, frame_latency=(double)44.805573, avg=(double)32.624457, min=(double)0.277575, max=(double)46.765412, latency=(double)11.676597, fps=(double)85.641393, frame_num=(uint)711;
0:00:11.877539793 [32m    1[00m 0x708458001170 [37mTRACE  [00m [00;34m          GST_TRACER :0::[00m latency_tracer_pipeline, frame_latency=(double)24.863010, avg=(double)32.613556, min=(double)0.277575, max=(double)46.765412, latency=(double)11.661566, fps=(double)85.751778, frame_num=(uint)712;
0:00:11.900852352 [32m    1[00m 0x708458001170 [37mTRACE  [00m [00;34m          GST_TRACER :0::[00m latency_tracer_pipeline, frame_latency=(double)45.447126, avg=(double)32.631556, min=(double)0.277575, max=(double)46.765412, latency=(double)11.677907, fps=(double)85.631780, frame_num=(uint)713;
0:00:11.901618058 [32m    1[00m 0x708458001170 [37mTRACE  [00m [00;34m          GST_TRACER :0::[00m latency_tracer_pipeline, frame_latency=(double)25.061061, avg=(double)32.620953, min=(double)0.277575, max=(double)46.765412, latency=(double)11.662623, fps=(double)85.744005, frame_num=(uint)714;
0:00:11.923850704 [32m    1[00m 0x708458001170 [37mTRACE  [00m [00;34m          GST_TRACER :0::[00m latency_tracer_pipeline, frame_latency=(double)44.098040, avg=(double)32.637005, min=(double)0.277575, max=(double)46.765412, latency=(double)11.677405, fps=(double)85.635467, frame_num=(uint)715;
0:00:11.924750720 [32m    1[00m 0x708458001170 [37mTRACE  [00m [00;34m          GST_TRACER :0::[00m latency_tracer_pipeline, frame_latency=(double)23.947961, avg=(double)32.624869, min=(double)0.277575, max=(double)46.765412, latency=(double)11.662359, fps=(double)85.745943, frame_num=(uint)716;
0:00:11.947332549 [32m    1[00m 0x708458001170 [37mTRACE  [00m [00;34m          GST_TRACER :0::[00m latency_tracer_pipeline, frame_latency=(double)44.517684, avg=(double)32.641456, min=(double)0.277575, max=(double)46.765412, latency=(double)11.677581, fps=(double)85.634176, frame_num=(uint)717;
0:00:11.948110316 [32m    1[00m 0x708458001170 [37mTRACE  [00m [00;34m          GST_TRACER :0::[00m latency_tracer_pipeline, frame_latency=(double)24.040167, avg=(double)32.629476, min=(double)0.277575, max=(double)46.765412, latency=(double)11.662406, fps=(double)85.745600, frame_num=(uint)718;
0:00:11.948175382 [32m    1[00m 0x708458001170 [37mTRACE  [00m [00;34m          GST_TRACER :0::[00m latency_tracer_pipeline, frame_latency=(double)21.439689, avg=(double)32.613913, min=(double)0.277575, max=(double)46.765412, latency=(double)11.646263, fps=(double)85.864450, frame_num=(uint)719;
0:00:11.969446528 [32m    1[00m 0x708458001170 [37mTRACE  [00m [00;34m          GST_TRACER :0::[00m latency_tracer_pipeline, frame_latency=(double)40.728951, avg=(double)32.625184, min=(double)0.277575, max=(double)46.765412, latency=(double)11.659638, fps=(double)85.765958, frame_num=(uint)720;
0:00:11.970582624 [32m    1[00m 0x708458001170 [37mTRACE  [00m [00;34m          GST_TRACER :0::[00m latency_tracer_pipeline, frame_latency=(double)22.552336, avg=(double)32.611214, min=(double)0.277575, max=(double)46.765412, latency=(double)11.645037, fps=(double)85.873493, frame_num=(uint)721;
0:00:11.992134744 [32m    1[00m 0x708458001170 [37mTRACE  [00m [00;34m          GST_TRACER :0::[00m latency_tracer_pipeline, frame_latency=(double)41.900213, avg=(double)32.624079, min=(double)0.277575, max=(double)46.765412, latency=(double)11.658767, fps=(double)85.772366, frame_num=(uint)722;
0:00:11.993362377 [32m    1[00m 0x708458001170 [37mTRACE  [00m [00;34m          GST_TRACER :0::[00m latency_tracer_pipeline, frame_latency=(double)23.614361, avg=(double)32.611618, min=(double)0.277575, max=(double)46.765412, latency=(double)11.644346, fps=(double)85.878591, frame_num=(uint)723;
0:00:12.015806147 [32m    1[00m 0x708458001170 [37mTRACE  [00m [00;34m          GST_TRACER :0::[00m latency_tracer_pipeline, frame_latency=(double)44.127959, avg=(double)32.627524, min=(double)0.277575, max=(double)46.765412, latency=(double)11.659252, fps=(double)85.768798, frame_num=(uint)724;
0:00:12.016794231 [32m    1[00m 0x708458001170 [37mTRACE  [00m [00;34m          GST_TRACER :0::[00m latency_tracer_pipeline, frame_latency=(double)24.455189, avg=(double)32.616252, min=(double)0.277575, max=(double)46.765412, latency=(double)11.644538, fps=(double)85.877171, frame_num=(uint)725;
0:00:12.016839941 [32m    1[00m 0x708458001170 [37mTRACE  [00m [00;34m          GST_TRACER :0::[00m latency_tracer_pipeline, frame_latency=(double)21.372615, avg=(double)32.600765, min=(double)0.277575, max=(double)46.765412, latency=(double)11.628574, fps=(double)85.995070, frame_num=(uint)726;
0:00:12.039047381 [32m    1[00m 0x708458001170 [37mTRACE  [00m [00;34m          GST_TRACER :0::[00m latency_tracer_pipeline, frame_latency=(double)41.656564, avg=(double)32.613221, min=(double)0.277575, max=(double)46.765412, latency=(double)11.643110, fps=(double)85.887702, frame_num=(uint)727;
0:00:12.039911058 [32m    1[00m 0x708458001170 [37mTRACE  [00m [00;34m          GST_TRACER :0::[00m latency_tracer_pipeline, frame_latency=(double)23.495915, avg=(double)32.600698, min=(double)0.277575, max=(double)46.765412, latency=(double)11.628302, fps=(double)85.997082, frame_num=(uint)728;
0:00:12.062270722 [32m    1[00m 0x708458001170 [37mTRACE  [00m [00;34m          GST_TRACER :0::[00m latency_tracer_pipeline, frame_latency=(double)42.086882, avg=(double)32.613710, min=(double)0.277575, max=(double)46.765412, latency=(double)11.643031, fps=(double)85.888288, frame_num=(uint)729;
0:00:12.063224618 [32m    1[00m 0x708458001170 [37mTRACE  [00m [00;34m          GST_TRACER :0::[00m latency_tracer_pipeline, frame_latency=(double)23.086015, avg=(double)32.600659, min=(double)0.277575, max=(double)46.765412, latency=(double)11.628385, fps=(double)85.996463, frame_num=(uint)730;
0:00:12.084617836 [32m    1[00m 0x708458001170 [37mTRACE  [00m [00;34m          GST_TRACER :0::[00m latency_tracer_pipeline, frame_latency=(double)40.927619, avg=(double)32.612050, min=(double)0.277575, max=(double)46.765412, latency=(double)11.641736, fps=(double)85.897841, frame_num=(uint)731;
0:00:12.085484610 [32m    1[00m 0x708458001170 [37mTRACE  [00m [00;34m          GST_TRACER :0::[00m latency_tracer_pipeline, frame_latency=(double)21.939185, avg=(double)32.597469, min=(double)0.277575, max=(double)46.765412, latency=(double)11.627008, fps=(double)86.006650, frame_num=(uint)732;
0:00:12.108253215 [32m    1[00m 0x708458001170 [37mTRACE  [00m [00;34m          GST_TRACER :0::[00m latency_tracer_pipeline, frame_latency=(double)42.910016, avg=(double)32.611538, min=(double)0.277575, max=(double)46.765412, latency=(double)11.642222, fps=(double)85.894258, frame_num=(uint)733;
0:00:12.109458455 [32m    1[00m 0x708458001170 [37mTRACE  [00m [00;34m          GST_TRACER :0::[00m latency_tracer_pipeline, frame_latency=(double)24.349094, avg=(double)32.600282, min=(double)0.277575, max=(double)46.765412, latency=(double)11.627994, fps=(double)85.999353, frame_num=(uint)734;
0:00:12.132321477 [32m    1[00m 0x708458001170 [37mTRACE  [00m [00;34m          GST_TRACER :0::[00m latency_tracer_pipeline, frame_latency=(double)44.385981, avg=(double)32.616317, min=(double)0.277575, max=(double)46.765412, latency=(double)11.643279, fps=(double)85.886460, frame_num=(uint)735;
0:00:12.132838052 [32m    1[00m 0x708458001170 [37mTRACE  [00m [00;34m          GST_TRACER :0::[00m latency_tracer_pipeline, frame_latency=(double)24.052562, avg=(double)32.604681, min=(double)0.277575, max=(double)46.765412, latency=(double)11.628169, fps=(double)85.998064, frame_num=(uint)736;
0:00:12.156769079 [32m    1[00m 0x708458001170 [37mTRACE  [00m [00;34m          GST_TRACER :0::[00m latency_tracer_pipeline, frame_latency=(double)44.177564, avg=(double)32.620384, min=(double)0.277575, max=(double)46.765412, latency=(double)11.644857, fps=(double)85.874818, frame_num=(uint)737;
0:00:12.157202895 [32m    1[00m 0x708458001170 [37mTRACE  [00m [00;34m          GST_TRACER :0::[00m latency_tracer_pipeline, frame_latency=(double)24.593948, avg=(double)32.609508, min=(double)0.277575, max=(double)46.765412, latency=(double)11.629693, fps=(double)85.986793, frame_num=(uint)738;
0:00:12.157498387 [32m    1[00m 0x708458001170 [37mTRACE  [00m [00;34m          GST_TRACER :0::[00m latency_tracer_pipeline, frame_latency=(double)21.515644, avg=(double)32.594496, min=(double)0.277575, max=(double)46.765412, latency=(double)11.614340, fps=(double)86.100459, frame_num=(uint)739;
0:00:12.181213672 [32m    1[00m 0x708458001170 [37mTRACE  [00m [00;34m          GST_TRACER :0::[00m latency_tracer_pipeline, frame_latency=(double)41.416429, avg=(double)32.606417, min=(double)0.277575, max=(double)46.765412, latency=(double)11.630695, fps=(double)85.979385, frame_num=(uint)740;
0:00:12.181942239 [32m    1[00m 0x708458001170 [37mTRACE  [00m [00;34m          GST_TRACER :0::[00m latency_tracer_pipeline, frame_latency=(double)22.284924, avg=(double)32.592488, min=(double)0.277575, max=(double)46.765412, latency=(double)11.615991, fps=(double)86.088218, frame_num=(uint)741;
0:00:12.206110986 [32m    1[00m 0x708458001170 [37mTRACE  [00m [00;34m          GST_TRACER :0::[00m latency_tracer_pipeline, frame_latency=(double)41.666394, avg=(double)32.604717, min=(double)0.277575, max=(double)46.765412, latency=(double)11.632886, fps=(double)85.963187, frame_num=(uint)742;
0:00:12.206519109 [32m    1[00m 0x708458001170 [37mTRACE  [00m [00;34m          GST_TRACER :0::[00m latency_tracer_pipeline, frame_latency=(double)23.410958, avg=(double)32.592343, min=(double)0.277575, max=(double)46.765412, latency=(double)11.617802, fps=(double)86.074800, frame_num=(uint)743;
0:00:12.230463036 [32m    1[00m 0x708458001170 [37mTRACE  [00m [00;34m          GST_TRACER :0::[00m latency_tracer_pipeline, frame_latency=(double)42.849414, avg=(double)32.606130, min=(double)0.277575, max=(double)46.765412, latency=(double)11.634348, fps=(double)85.952388, frame_num=(uint)744;
0:00:12.231111649 [32m    1[00m 0x708458001170 [37mTRACE  [00m [00;34m          GST_TRACER :0::[00m latency_tracer_pipeline, frame_latency=(double)24.612537, avg=(double)32.595400, min=(double)0.277575, max=(double)46.765412, latency=(double)11.619623, fps=(double)86.061310, frame_num=(uint)745;
0:00:12.231125756 [32m    1[00m 0x708458001170 [37mTRACE  [00m [00;34m          GST_TRACER :0::[00m latency_tracer_pipeline, frame_latency=(double)20.563719, avg=(double)32.579272, min=(double)0.277575, max=(double)46.765412, latency=(double)11.604070, fps=(double)86.176658, frame_num=(uint)746;
0:00:12.255225230 [32m    1[00m 0x708458001170 [37mTRACE  [00m [00;34m          GST_TRACER :0::[00m latency_tracer_pipeline, frame_latency=(double)41.873885, avg=(double)32.591714, min=(double)0.277575, max=(double)46.765412, latency=(double)11.620781, fps=(double)86.052733, frame_num=(uint)747;
0:00:12.256066887 [32m    1[00m 0x708458001170 [37mTRACE  [00m [00;34m          GST_TRACER :0::[00m latency_tracer_pipeline, frame_latency=(double)21.682134, avg=(double)32.577129, min=(double)0.277575, max=(double)46.765412, latency=(double)11.606382, fps=(double)86.159492, frame_num=(uint)748;
0:00:12.279015179 [32m    1[00m 0x708458001170 [37mTRACE  [00m [00;34m          GST_TRACER :0::[00m latency_tracer_pipeline, frame_latency=(double)41.578998, avg=(double)32.589148, min=(double)0.277575, max=(double)46.765412, latency=(double)11.621512, fps=(double)86.047327, frame_num=(uint)749;
0:00:12.279972751 [32m    1[00m 0x708458001170 [37mTRACE  [00m [00;34m          GST_TRACER :0::[00m latency_tracer_pipeline, frame_latency=(double)21.825333, avg=(double)32.574796, min=(double)0.277575, max=(double)46.765412, latency=(double)11.607305, fps=(double)86.152640, frame_num=(uint)750;
0:00:12.303594015 [32m    1[00m 0x708458001170 [37mTRACE  [00m [00;34m          GST_TRACER :0::[00m latency_tracer_pipeline, frame_latency=(double)40.740474, avg=(double)32.585669, min=(double)0.277575, max=(double)46.765412, latency=(double)11.623295, fps=(double)86.034120, frame_num=(uint)751;
0:00:12.304387226 [32m    1[00m 0x708458001170 [37mTRACE  [00m [00;34m          GST_TRACER :0::[00m latency_tracer_pipeline, frame_latency=(double)22.395188, avg=(double)32.572118, min=(double)0.277575, max=(double)46.765412, latency=(double)11.608901, fps=(double)86.140801, frame_num=(uint)752;
0:00:12.328197706 [32m    1[00m 0x708458001170 [37mTRACE  [00m [00;34m          GST_TRACER :0::[00m latency_tracer_pipeline, frame_latency=(double)41.593711, avg=(double)32.584099, min=(double)0.277575, max=(double)46.765412, latency=(double)11.625104, fps=(double)86.020732, frame_num=(uint)753;
0:00:12.328713494 [32m    1[00m 0x708458001170 [37mTRACE  [00m [00;34m          GST_TRACER :0::[00m latency_tracer_pipeline, frame_latency=(double)24.359895, avg=(double)32.573192, min=(double)0.277575, max=(double)46.765412, latency=(double)11.610373, fps=(double)86.129875, frame_num=(uint)754;
0:00:12.352382727 [32m    1[00m 0x708458001170 [37mTRACE  [00m [00;34m          GST_TRACER :0::[00m latency_tracer_pipeline, frame_latency=(double)44.190991, avg=(double)32.588579, min=(double)0.277575, max=(double)46.765412, latency=(double)11.626331, fps=(double)86.011656, frame_num=(uint)755;
0:00:12.353195519 [32m    1[00m 0x708458001170 [37mTRACE  [00m [00;34m          GST_TRACER :0::[00m latency_tracer_pipeline, frame_latency=(double)24.729455, avg=(double)32.578184, min=(double)0.277575, max=(double)46.765412, latency=(double)11.612041, fps=(double)86.117505, frame_num=(uint)756;
0:00:12.353211837 [32m    1[00m 0x708458001170 [37mTRACE  [00m [00;34m          GST_TRACER :0::[00m latency_tracer_pipeline, frame_latency=(double)21.458644, avg=(double)32.563495, min=(double)0.277575, max=(double)46.765412, latency=(double)11.596727, fps=(double)86.231228, frame_num=(uint)757;
0:00:12.376594808 [32m    1[00m 0x708458001170 [37mTRACE  [00m [00;34m          GST_TRACER :0::[00m latency_tracer_pipeline, frame_latency=(double)41.373956, avg=(double)32.575118, min=(double)0.277575, max=(double)46.765412, latency=(double)11.612266, fps=(double)86.115838, frame_num=(uint)758;
0:00:12.377367417 [32m    1[00m 0x708458001170 [37mTRACE  [00m [00;34m          GST_TRACER :0::[00m latency_tracer_pipeline, frame_latency=(double)23.380392, avg=(double)32.563004, min=(double)0.277575, max=(double)46.765412, latency=(double)11.597989, fps=(double)86.221847, frame_num=(uint)759;
0:00:12.401266891 [32m    1[00m 0x708458001170 [37mTRACE  [00m [00;34m          GST_TRACER :0::[00m latency_tracer_pipeline, frame_latency=(double)44.368127, avg=(double)32.578537, min=(double)0.277575, max=(double)46.765412, latency=(double)11.614167, fps=(double)86.101742, frame_num=(uint)760;
0:00:12.401949430 [32m    1[00m 0x708458001170 [37mTRACE  [00m [00;34m          GST_TRACER :0::[00m latency_tracer_pipeline, frame_latency=(double)24.549503, avg=(double)32.567986, min=(double)0.277575, max=(double)46.765412, latency=(double)11.599813, fps=(double)86.208289, frame_num=(uint)761;
0:00:12.401962350 [32m    1[00m 0x708458001170 [37mTRACE  [00m [00;34m          GST_TRACER :0::[00m latency_tracer_pipeline, frame_latency=(double)21.050993, avg=(double)32.552872, min=(double)0.277575, max=(double)46.765412, latency=(double)11.584610, fps=(double)86.321421, frame_num=(uint)762;
0:00:12.425802915 [32m    1[00m 0x708458001170 [37mTRACE  [00m [00;34m          GST_TRACER :0::[00m latency_tracer_pipeline, frame_latency=(double)41.734757, avg=(double)32.564906, min=(double)0.277575, max=(double)46.765412, latency=(double)11.600659, fps=(double)86.202001, frame_num=(uint)763;
0:00:12.426048146 [32m    1[00m 0x708458001170 [37mTRACE  [00m [00;34m          GST_TRACER :0::[00m latency_tracer_pipeline, frame_latency=(double)21.926475, avg=(double)32.550981, min=(double)0.277575, max=(double)46.765412, latency=(double)11.585806, fps=(double)86.312507, frame_num=(uint)764;
0:00:12.449821548 [32m    1[00m 0x708458001170 [37mTRACE  [00m [00;34m          GST_TRACER :0::[00m latency_tracer_pipeline, frame_latency=(double)42.589496, avg=(double)32.564104, min=(double)0.277575, max=(double)46.765412, latency=(double)11.601714, fps=(double)86.194160, frame_num=(uint)765;
0:00:12.450623812 [32m    1[00m 0x708458001170 [37mTRACE  [00m [00;34m          GST_TRACER :0::[00m latency_tracer_pipeline, frame_latency=(double)23.330729, avg=(double)32.552049, min=(double)0.277575, max=(double)46.765412, latency=(double)11.587620, fps=(double)86.298996, frame_num=(uint)766;
0:00:12.474208557 [32m    1[00m 0x708458001170 [37mTRACE  [00m [00;34m          GST_TRACER :0::[00m latency_tracer_pipeline, frame_latency=(double)43.253700, avg=(double)32.566002, min=(double)0.277575, max=(double)46.765412, latency=(double)11.603262, fps=(double)86.182660, frame_num=(uint)767;
0:00:12.474737801 [32m    1[00m 0x708458001170 [37mTRACE  [00m [00;34m          GST_TRACER :0::[00m latency_tracer_pipeline, frame_latency=(double)24.679807, avg=(double)32.555734, min=(double)0.277575, max=(double)46.765412, latency=(double)11.588860, fps=(double)86.289765, frame_num=(uint)768;
0:00:12.474755284 [32m    1[00m 0x708458001170 [37mTRACE  [00m [00;34m          GST_TRACER :0::[00m latency_tracer_pipeline, frame_latency=(double)21.494600, avg=(double)32.541350, min=(double)0.277575, max=(double)46.765412, latency=(double)11.573818, fps=(double)86.401913, frame_num=(uint)769;
0:00:12.498387935 [32m    1[00m 0x708458001170 [37mTRACE  [00m [00;34m          GST_TRACER :0::[00m latency_tracer_pipeline, frame_latency=(double)42.780869, avg=(double)32.554648, min=(double)0.277575, max=(double)46.765412, latency=(double)11.589456, fps=(double)86.285328, frame_num=(uint)770;
0:00:12.499031062 [32m    1[00m 0x708458001170 [37mTRACE  [00m [00;34m          GST_TRACER :0::[00m latency_tracer_pipeline, frame_latency=(double)22.193448, avg=(double)32.541209, min=(double)0.277575, max=(double)46.765412, latency=(double)11.575273, fps=(double)86.391053, frame_num=(uint)771;
0:00:12.522922138 [32m    1[00m 0x708458001170 [37mTRACE  [00m [00;34m          GST_TRACER :0::[00m latency_tracer_pipeline, frame_latency=(double)41.708680, avg=(double)32.553084, min=(double)0.277575, max=(double)46.765412, latency=(double)11.591217, fps=(double)86.272216, frame_num=(uint)772;
0:00:12.523711036 [32m    1[00m 0x708458001170 [37mTRACE  [00m [00;34m          GST_TRACER :0::[00m latency_tracer_pipeline, frame_latency=(double)22.394890, avg=(double)32.539943, min=(double)0.277575, max=(double)46.765412, latency=(double)11.577254, fps=(double)86.376265, frame_num=(uint)773;
FpsCounter(average 6.05sec): total=336.99 fps, number-streams=4, per-stream=84.25 fps (86.31, 82.51, 85.49, 82.68)
0:00:12.547007562 [32m    1[00m 0x708458001170 [37mTRACE  [00m [00;34m          GST_TRACER :0::[00m latency_tracer_pipeline, frame_latency=(double)42.987291, avg=(double)32.553441, min=(double)0.277575, max=(double)46.765412, latency=(double)11.592393, fps=(double)86.263469, frame_num=(uint)774;
0:00:12.547465635 [32m    1[00m 0x708458001170 [37mTRACE  [00m [00;34m          GST_TRACER :0::[00m latency_tracer_pipeline, frame_latency=(double)24.399026, avg=(double)32.542919, min=(double)0.277575, max=(double)46.765412, latency=(double)11.578017, fps=(double)86.370576, frame_num=(uint)775;
0:00:12.547507419 [32m    1[00m 0x708458001170 [37mTRACE  [00m [00;34m          GST_TRACER :0::[00m latency_tracer_pipeline, frame_latency=(double)21.404050, avg=(double)32.528565, min=(double)0.277575, max=(double)46.765412, latency=(double)11.563163, fps=(double)86.481529, frame_num=(uint)776;
0:00:12.570653785 [32m    1[00m 0x708458001170 [37mTRACE  [00m [00;34m          GST_TRACER :0::[00m latency_tracer_pipeline, frame_latency=(double)41.779052, avg=(double)32.540470, min=(double)0.277575, max=(double)46.765412, latency=(double)11.578053, fps=(double)86.370308, frame_num=(uint)777;
0:00:12.571695695 [32m    1[00m 0x708458001170 [37mTRACE  [00m [00;34m          GST_TRACER :0::[00m latency_tracer_pipeline, frame_latency=(double)23.077103, avg=(double)32.528306, min=(double)0.277575, max=(double)46.765412, latency=(double)11.564516, fps=(double)86.471406, frame_num=(uint)778;
0:00:12.595024276 [32m    1[00m 0x708458001170 [37mTRACE  [00m [00;34m          GST_TRACER :0::[00m latency_tracer_pipeline, frame_latency=(double)41.931021, avg=(double)32.540377, min=(double)0.277575, max=(double)46.765412, latency=(double)11.579620, fps=(double)86.358616, frame_num=(uint)779;
0:00:12.595840958 [32m    1[00m 0x708458001170 [37mTRACE  [00m [00;34m          GST_TRACER :0::[00m latency_tracer_pipeline, frame_latency=(double)24.590572, avg=(double)32.530185, min=(double)0.277575, max=(double)46.765412, latency=(double)11.565831, fps=(double)86.461575, frame_num=(uint)780;
0:00:12.618214206 [32m    1[00m 0x708458001170 [37mTRACE  [00m [00;34m          GST_TRACER :0::[00m latency_tracer_pipeline, frame_latency=(double)43.082387, avg=(double)32.543696, min=(double)0.277575, max=(double)46.765412, latency=(double)11.579646, fps=(double)86.358423, frame_num=(uint)781;
0:00:12.619197695 [32m    1[00m 0x708458001170 [37mTRACE  [00m [00;34m          GST_TRACER :0::[00m latency_tracer_pipeline, frame_latency=(double)23.520810, avg=(double)32.532158, min=(double)0.277575, max=(double)46.765412, latency=(double)11.566100, fps=(double)86.459568, frame_num=(uint)782;
FpsCounter(last 1.01sec): total=333.87 fps, number-streams=4, per-stream=83.47 fps (92.41, 82.47, 77.51, 81.48)
latency: -20448.33ms (-20846.03, -20217.09, -20839.08, -19859.65)
0:00:12.641460871 [32m    1[00m 0x708458001170 [37mTRACE  [00m [00;34m          GST_TRACER :0::[00m latency_tracer_pipeline, frame_latency=(double)43.441092, avg=(double)32.546090, min=(double)0.277575, max=(double)46.765412, latency=(double)11.579760, fps=(double)86.357573, frame_num=(uint)783;
0:00:12.641507904 [32m    1[00m 0x708458001170 [37mTRACE  [00m [00;34m          GST_TRACER :0::[00m latency_tracer_pipeline_interval, interval=(double)1006.449975, avg=(double)32.079210, min=(double)20.563719, max=(double)45.815551, latency=(double)10.822043, fps=(double)92.403997;
0:00:12.642834765 [32m    1[00m 0x708458001170 [37mTRACE  [00m [00;34m          GST_TRACER :0::[00m latency_tracer_pipeline, frame_latency=(double)24.327860, avg=(double)32.535607, min=(double)0.277575, max=(double)46.765412, latency=(double)11.566761, fps=(double)86.454629, frame_num=(uint)784;
0:00:12.664404284 [32m    1[00m 0x708458001170 [37mTRACE  [00m [00;34m          GST_TRACER :0::[00m latency_tracer_pipeline, frame_latency=(double)43.263197, avg=(double)32.549273, min=(double)0.277575, max=(double)46.765412, latency=(double)11.579490, fps=(double)86.359587, frame_num=(uint)785;
0:00:12.665351335 [32m    1[00m 0x708458001170 [37mTRACE  [00m [00;34m          GST_TRACER :0::[00m latency_tracer_pipeline, frame_latency=(double)23.629784, avg=(double)32.537925, min=(double)0.277575, max=(double)46.765412, latency=(double)11.565966, fps=(double)86.460566, frame_num=(uint)786;
0:00:12.687528532 [32m    1[00m 0x708458001170 [37mTRACE  [00m [00;34m          GST_TRACER :0::[00m latency_tracer_pipeline, frame_latency=(double)42.832964, avg=(double)32.551006, min=(double)0.277575, max=(double)46.765412, latency=(double)11.579445, fps=(double)86.359923, frame_num=(uint)787;
0:00:12.688355447 [32m    1[00m 0x708458001170 [37mTRACE  [00m [00;34m          GST_TRACER :0::[00m latency_tracer_pipeline, frame_latency=(double)23.629217, avg=(double)32.539684, min=(double)0.277575, max=(double)46.765412, latency=(double)11.565804, fps=(double)86.461777, frame_num=(uint)788;
0:00:12.711538564 [32m    1[00m 0x708458001170 [37mTRACE  [00m [00;34m          GST_TRACER :0::[00m latency_tracer_pipeline, frame_latency=(double)44.128016, avg=(double)32.554372, min=(double)0.277575, max=(double)46.765412, latency=(double)11.580522, fps=(double)86.351893, frame_num=(uint)789;
0:00:12.712215634 [32m    1[00m 0x708458001170 [37mTRACE  [00m [00;34m          GST_TRACER :0::[00m latency_tracer_pipeline, frame_latency=(double)24.494277, avg=(double)32.544169, min=(double)0.277575, max=(double)46.765412, latency=(double)11.566738, fps=(double)86.454801, frame_num=(uint)790;
0:00:12.712230598 [32m    1[00m 0x708458001170 [37mTRACE  [00m [00;34m          GST_TRACER :0::[00m latency_tracer_pipeline, frame_latency=(double)21.714762, avg=(double)32.530478, min=(double)0.277575, max=(double)46.765412, latency=(double)11.552139, fps=(double)86.564057, frame_num=(uint)791;
0:00:12.736305588 [32m    1[00m 0x708458001170 [37mTRACE  [00m [00;34m          GST_TRACER :0::[00m latency_tracer_pipeline, frame_latency=(double)42.245771, avg=(double)32.542745, min=(double)0.277575, max=(double)46.765412, latency=(double)11.567910, fps=(double)86.446040, frame_num=(uint)792;
0:00:12.736793297 [32m    1[00m 0x708458001170 [37mTRACE  [00m [00;34m          GST_TRACER :0::[00m latency_tracer_pipeline, frame_latency=(double)24.549725, avg=(double)32.532666, min=(double)0.277575, max=(double)46.765412, latency=(double)11.553962, fps=(double)86.550400, frame_num=(uint)793;
0:00:12.760431199 [32m    1[00m 0x708458001170 [37mTRACE  [00m [00;34m          GST_TRACER :0::[00m latency_tracer_pipeline, frame_latency=(double)43.065887, avg=(double)32.545932, min=(double)0.277575, max=(double)46.765412, latency=(double)11.569173, fps=(double)86.436601, frame_num=(uint)794;
0:00:12.760489105 [32m    1[00m 0x708458001170 [37mTRACE  [00m [00;34m          GST_TRACER :0::[00m latency_tracer_pipeline, frame_latency=(double)24.455138, avg=(double)32.535755, min=(double)0.277575, max=(double)46.765412, latency=(double)11.554710, fps=(double)86.544797, frame_num=(uint)795;
0:00:12.784394617 [32m    1[00m 0x708458001170 [37mTRACE  [00m [00;34m          GST_TRACER :0::[00m latency_tracer_pipeline, frame_latency=(double)43.333078, avg=(double)32.549319, min=(double)0.277575, max=(double)46.765412, latency=(double)11.570210, fps=(double)86.428857, frame_num=(uint)796;
0:00:12.785450046 [32m    1[00m 0x708458001170 [37mTRACE  [00m [00;34m          GST_TRACER :0::[00m latency_tracer_pipeline, frame_latency=(double)22.831532, avg=(double)32.537126, min=(double)0.277575, max=(double)46.765412, latency=(double)11.557020, fps=(double)86.527499, frame_num=(uint)797;
0:00:12.808857285 [32m    1[00m 0x708458001170 [37mTRACE  [00m [00;34m          GST_TRACER :0::[00m latency_tracer_pipeline, frame_latency=(double)41.604307, avg=(double)32.548489, min=(double)0.277575, max=(double)46.765412, latency=(double)11.571880, fps=(double)86.416384, frame_num=(uint)798;
0:00:12.809679209 [32m    1[00m 0x708458001170 [37mTRACE  [00m [00;34m          GST_TRACER :0::[00m latency_tracer_pipeline, frame_latency=(double)23.209998, avg=(double)32.536801, min=(double)0.277575, max=(double)46.765412, latency=(double)11.558423, fps=(double)86.516995, frame_num=(uint)799;
0:00:12.832568597 [32m    1[00m 0x708458001170 [37mTRACE  [00m [00;34m          GST_TRACER :0::[00m latency_tracer_pipeline, frame_latency=(double)43.415740, avg=(double)32.550399, min=(double)0.277575, max=(double)46.765412, latency=(double)11.572575, fps=(double)86.411195, frame_num=(uint)800;
0:00:12.833604438 [32m    1[00m 0x708458001170 [37mTRACE  [00m [00;34m          GST_TRACER :0::[00m latency_tracer_pipeline, frame_latency=(double)24.133309, avg=(double)32.539891, min=(double)0.277575, max=(double)46.765412, latency=(double)11.559434, fps=(double)86.509429, frame_num=(uint)801;
0:00:12.855462683 [32m    1[00m 0x708458001170 [37mTRACE  [00m [00;34m          GST_TRACER :0::[00m latency_tracer_pipeline, frame_latency=(double)43.041468, avg=(double)32.552985, min=(double)0.277575, max=(double)46.765412, latency=(double)11.572274, fps=(double)86.413439, frame_num=(uint)802;
0:00:12.856256590 [32m    1[00m 0x708458001170 [37mTRACE  [00m [00;34m          GST_TRACER :0::[00m latency_tracer_pipeline, frame_latency=(double)23.108047, avg=(double)32.541223, min=(double)0.277575, max=(double)46.765412, latency=(double)11.558854, fps=(double)86.513769, frame_num=(uint)803;
0:00:12.856284103 [32m    1[00m 0x708458001170 [37mTRACE  [00m [00;34m          GST_TRACER :0::[00m latency_tracer_pipeline, frame_latency=(double)21.397822, avg=(double)32.527363, min=(double)0.277575, max=(double)46.765412, latency=(double)11.544517, fps=(double)86.621205, frame_num=(uint)804;
0:00:12.878667029 [32m    1[00m 0x708458001170 [37mTRACE  [00m [00;34m          GST_TRACER :0::[00m latency_tracer_pipeline, frame_latency=(double)41.108775, avg=(double)32.538024, min=(double)0.277575, max=(double)46.765412, latency=(double)11.557969, fps=(double)86.520393, frame_num=(uint)805;
0:00:12.879528573 [32m    1[00m 0x708458001170 [37mTRACE  [00m [00;34m          GST_TRACER :0::[00m latency_tracer_pipeline, frame_latency=(double)22.462659, avg=(double)32.525523, min=(double)0.277575, max=(double)46.765412, latency=(double)11.544702, fps=(double)86.619817, frame_num=(uint)806;
0:00:12.900983321 [32m    1[00m 0x708458001170 [37mTRACE  [00m [00;34m          GST_TRACER :0::[00m latency_tracer_pipeline, frame_latency=(double)41.741955, avg=(double)32.536944, min=(double)0.277575, max=(double)46.765412, latency=(double)11.556972, fps=(double)86.527856, frame_num=(uint)807;
0:00:12.901484725 [32m    1[00m 0x708458001170 [37mTRACE  [00m [00;34m          GST_TRACER :0::[00m latency_tracer_pipeline, frame_latency=(double)22.508534, avg=(double)32.524532, min=(double)0.277575, max=(double)46.765412, latency=(double)11.543287, fps=(double)86.630439, frame_num=(uint)808;
0:00:12.923546595 [32m    1[00m 0x708458001170 [37mTRACE  [00m [00;34m          GST_TRACER :0::[00m latency_tracer_pipeline, frame_latency=(double)42.013142, avg=(double)32.536261, min=(double)0.277575, max=(double)46.765412, latency=(double)11.556296, fps=(double)86.532915, frame_num=(uint)809;
0:00:12.924515668 [32m    1[00m 0x708458001170 [37mTRACE  [00m [00;34m          GST_TRACER :0::[00m latency_tracer_pipeline, frame_latency=(double)22.905533, avg=(double)32.524371, min=(double)0.277575, max=(double)46.765412, latency=(double)11.543218, fps=(double)86.630953, frame_num=(uint)810;
0:00:12.946353870 [32m    1[00m 0x708458001170 [37mTRACE  [00m [00;34m          GST_TRACER :0::[00m latency_tracer_pipeline, frame_latency=(double)42.254280, avg=(double)32.536369, min=(double)0.277575, max=(double)46.765412, latency=(double)11.555916, fps=(double)86.535764, frame_num=(uint)811;
0:00:12.947135672 [32m    1[00m 0x708458001170 [37mTRACE  [00m [00;34m          GST_TRACER :0::[00m latency_tracer_pipeline, frame_latency=(double)23.276208, avg=(double)32.524965, min=(double)0.277575, max=(double)46.765412, latency=(double)11.542659, fps=(double)86.635153, frame_num=(uint)812;
0:00:12.947167126 [32m    1[00m 0x708458001170 [37mTRACE  [00m [00;34m          GST_TRACER :0::[00m latency_tracer_pipeline, frame_latency=(double)20.838683, avg=(double)32.510590, min=(double)0.277575, max=(double)46.765412, latency=(double)11.528505, fps=(double)86.741513, frame_num=(uint)813;
0:00:12.968591452 [32m    1[00m 0x708458001170 [37mTRACE  [00m [00;34m          GST_TRACER :0::[00m latency_tracer_pipeline, frame_latency=(double)40.174224, avg=(double)32.520005, min=(double)0.277575, max=(double)46.765412, latency=(double)11.540645, fps=(double)86.650273, frame_num=(uint)814;
0:00:12.969479964 [32m    1[00m 0x708458001170 [37mTRACE  [00m [00;34m          GST_TRACER :0::[00m latency_tracer_pipeline, frame_latency=(double)21.460127, avg=(double)32.506435, min=(double)0.277575, max=(double)46.765412, latency=(double)11.527568, fps=(double)86.748565, frame_num=(uint)815;
0:00:12.990998343 [32m    1[00m 0x708458001170 [37mTRACE  [00m [00;34m          GST_TRACER :0::[00m latency_tracer_pipeline, frame_latency=(double)40.622264, avg=(double)32.516381, min=(double)0.277575, max=(double)46.765412, latency=(double)11.539816, fps=(double)86.656493, frame_num=(uint)816;
0:00:12.991631838 [32m    1[00m 0x708458001170 [37mTRACE  [00m [00;34m          GST_TRACER :0::[00m latency_tracer_pipeline, frame_latency=(double)21.514032, avg=(double)32.502914, min=(double)0.277575, max=(double)46.765412, latency=(double)11.526471, fps=(double)86.756823, frame_num=(uint)817;
0:00:13.013984461 [32m    1[00m 0x708458001170 [37mTRACE  [00m [00;34m          GST_TRACER :0::[00m latency_tracer_pipeline, frame_latency=(double)41.898594, avg=(double)32.514400, min=(double)0.277575, max=(double)46.765412, latency=(double)11.539703, fps=(double)86.657346, frame_num=(uint)818;
0:00:13.014538525 [32m    1[00m 0x708458001170 [37mTRACE  [00m [00;34m          GST_TRACER :0::[00m latency_tracer_pipeline, frame_latency=(double)21.019164, avg=(double)32.500364, min=(double)0.277575, max=(double)46.765412, latency=(double)11.526302, fps=(double)86.758098, frame_num=(uint)819;
0:00:13.037896122 [32m    1[00m 0x708458001170 [37mTRACE  [00m [00;34m          GST_TRACER :0::[00m latency_tracer_pipeline, frame_latency=(double)42.258641, avg=(double)32.512265, min=(double)0.277575, max=(double)46.765412, latency=(double)11.540718, fps=(double)86.649721, frame_num=(uint)820;
0:00:13.038911675 [32m    1[00m 0x708458001170 [37mTRACE  [00m [00;34m          GST_TRACER :0::[00m latency_tracer_pipeline, frame_latency=(double)22.960346, avg=(double)32.500630, min=(double)0.277575, max=(double)46.765412, latency=(double)11.527909, fps=(double)86.745999, frame_num=(uint)821;
0:00:13.062356435 [32m    1[00m 0x708458001170 [37mTRACE  [00m [00;34m          GST_TRACER :0::[00m latency_tracer_pipeline, frame_latency=(double)41.950549, avg=(double)32.512126, min=(double)0.277575, max=(double)46.765412, latency=(double)11.542396, fps=(double)86.637122, frame_num=(uint)822;
0:00:13.063173377 [32m    1[00m 0x708458001170 [37mTRACE  [00m [00;34m          GST_TRACER :0::[00m latency_tracer_pipeline, frame_latency=(double)21.957300, avg=(double)32.499302, min=(double)0.277575, max=(double)46.765412, latency=(double)11.529376, fps=(double)86.734966, frame_num=(uint)823;
0:00:13.085561382 [32m    1[00m 0x708458001170 [37mTRACE  [00m [00;34m          GST_TRACER :0::[00m latency_tracer_pipeline, frame_latency=(double)39.553472, avg=(double)32.507862, min=(double)0.277575, max=(double)46.765412, latency=(double)11.542542, fps=(double)86.636025, frame_num=(uint)824;
0:00:13.086402852 [32m    1[00m 0x708458001170 [37mTRACE  [00m [00;34m          GST_TRACER :0::[00m latency_tracer_pipeline, frame_latency=(double)22.244633, avg=(double)32.495422, min=(double)0.277575, max=(double)46.765412, latency=(double)11.529581, fps=(double)86.733422, frame_num=(uint)825;
0:00:13.108584354 [32m    1[00m 0x708458001170 [37mTRACE  [00m [00;34m          GST_TRACER :0::[00m latency_tracer_pipeline, frame_latency=(double)41.669666, avg=(double)32.506529, min=(double)0.277575, max=(double)46.765412, latency=(double)11.542472, fps=(double)86.636551, frame_num=(uint)826;
0:00:13.109378312 [32m    1[00m 0x708458001170 [37mTRACE  [00m [00;34m          GST_TRACER :0::[00m latency_tracer_pipeline, frame_latency=(double)21.752391, avg=(double)32.493525, min=(double)0.277575, max=(double)46.765412, latency=(double)11.529466, fps=(double)86.734288, frame_num=(uint)827;
0:00:13.130887412 [32m    1[00m 0x708458001170 [37mTRACE  [00m [00;34m          GST_TRACER :0::[00m latency_tracer_pipeline, frame_latency=(double)40.084363, avg=(double)32.502693, min=(double)0.277575, max=(double)46.765412, latency=(double)11.541508, fps=(double)86.643788, frame_num=(uint)828;
0:00:13.131718609 [32m    1[00m 0x708458001170 [37mTRACE  [00m [00;34m          GST_TRACER :0::[00m latency_tracer_pipeline, frame_latency=(double)21.880306, avg=(double)32.489879, min=(double)0.277575, max=(double)46.765412, latency=(double)11.528604, fps=(double)86.740774, frame_num=(uint)829;
0:00:13.155538463 [32m    1[00m 0x708458001170 [37mTRACE  [00m [00;34m          GST_TRACER :0::[00m latency_tracer_pipeline, frame_latency=(double)42.969532, avg=(double)32.502506, min=(double)0.277575, max=(double)46.765412, latency=(double)11.543420, fps=(double)86.629439, frame_num=(uint)830;
0:00:13.179156617 [32m    1[00m 0x708458001170 [37mTRACE  [00m [00;34m          GST_TRACER :0::[00m latency_tracer_pipeline, frame_latency=(double)44.286940, avg=(double)32.516687, min=(double)0.277575, max=(double)46.765412, latency=(double)11.557947, fps=(double)86.520555, frame_num=(uint)831;
0:00:13.179910741 [32m    1[00m 0x708458001170 [37mTRACE  [00m [00;34m          GST_TRACER :0::[00m latency_tracer_pipeline, frame_latency=(double)24.599186, avg=(double)32.507170, min=(double)0.277575, max=(double)46.765412, latency=(double)11.544970, fps=(double)86.617808, frame_num=(uint)832;
0:00:13.203844138 [32m    1[00m 0x708458001170 [37mTRACE  [00m [00;34m          GST_TRACER :0::[00m latency_tracer_pipeline, frame_latency=(double)44.658686, avg=(double)32.521758, min=(double)0.277575, max=(double)46.765412, latency=(double)11.559835, fps=(double)86.506422, frame_num=(uint)833;
0:00:13.205059143 [32m    1[00m 0x708458001170 [37mTRACE  [00m [00;34m          GST_TRACER :0::[00m latency_tracer_pipeline, frame_latency=(double)25.759089, avg=(double)32.513649, min=(double)0.277575, max=(double)46.765412, latency=(double)11.547430, fps=(double)86.599356, frame_num=(uint)834;
0:00:13.229037209 [32m    1[00m 0x708458001170 [37mTRACE  [00m [00;34m          GST_TRACER :0::[00m latency_tracer_pipeline, frame_latency=(double)44.354499, avg=(double)32.527830, min=(double)0.277575, max=(double)46.765412, latency=(double)11.562318, fps=(double)86.487845, frame_num=(uint)835;
0:00:13.229669855 [32m    1[00m 0x708458001170 [37mTRACE  [00m [00;34m          GST_TRACER :0::[00m latency_tracer_pipeline, frame_latency=(double)25.157941, avg=(double)32.519014, min=(double)0.277575, max=(double)46.765412, latency=(double)11.549242, fps=(double)86.585767, frame_num=(uint)836;
0:00:13.229705974 [32m    1[00m 0x708458001170 [37mTRACE  [00m [00;34m          GST_TRACER :0::[00m latency_tracer_pipeline, frame_latency=(double)21.293659, avg=(double)32.505603, min=(double)0.277575, max=(double)46.765412, latency=(double)11.535500, fps=(double)86.688919, frame_num=(uint)837;
0:00:13.254512774 [32m    1[00m 0x708458001170 [37mTRACE  [00m [00;34m          GST_TRACER :0::[00m latency_tracer_pipeline, frame_latency=(double)42.435223, avg=(double)32.517452, min=(double)0.277575, max=(double)46.765412, latency=(double)11.551319, fps=(double)86.570201, frame_num=(uint)838;
0:00:13.255292406 [32m    1[00m 0x708458001170 [37mTRACE  [00m [00;34m          GST_TRACER :0::[00m latency_tracer_pipeline, frame_latency=(double)24.589780, avg=(double)32.508003, min=(double)0.277575, max=(double)46.765412, latency=(double)11.538487, fps=(double)86.666473, frame_num=(uint)839;
0:00:13.279023254 [32m    1[00m 0x708458001170 [37mTRACE  [00m [00;34m          GST_TRACER :0::[00m latency_tracer_pipeline, frame_latency=(double)42.383374, avg=(double)32.519759, min=(double)0.277575, max=(double)46.765412, latency=(double)11.552991, fps=(double)86.557673, frame_num=(uint)840;
0:00:13.279883522 [32m    1[00m 0x708458001170 [37mTRACE  [00m [00;34m          GST_TRACER :0::[00m latency_tracer_pipeline, frame_latency=(double)22.343096, avg=(double)32.507659, min=(double)0.277575, max=(double)46.765412, latency=(double)11.540283, fps=(double)86.652987, frame_num=(uint)841;
0:00:13.303758792 [32m    1[00m 0x708458001170 [37mTRACE  [00m [00;34m          GST_TRACER :0::[00m latency_tracer_pipeline, frame_latency=(double)41.407355, avg=(double)32.518229, min=(double)0.277575, max=(double)46.765412, latency=(double)11.554927, fps=(double)86.543168, frame_num=(uint)842;
0:00:13.304513702 [32m    1[00m 0x708458001170 [37mTRACE  [00m [00;34m          GST_TRACER :0::[00m latency_tracer_pipeline, frame_latency=(double)24.278335, avg=(double)32.508454, min=(double)0.277575, max=(double)46.765412, latency=(double)11.542126, fps=(double)86.639153, frame_num=(uint)843;
0:00:13.328912991 [32m    1[00m 0x708458001170 [37mTRACE  [00m [00;34m          GST_TRACER :0::[00m latency_tracer_pipeline, frame_latency=(double)45.311859, avg=(double)32.523624, min=(double)0.277575, max=(double)46.765412, latency=(double)11.557356, fps=(double)86.524982, frame_num=(uint)844;
0:00:13.329568083 [32m    1[00m 0x708458001170 [37mTRACE  [00m [00;34m          GST_TRACER :0::[00m latency_tracer_pipeline, frame_latency=(double)25.316207, avg=(double)32.515094, min=(double)0.277575, max=(double)46.765412, latency=(double)11.544467, fps=(double)86.621585, frame_num=(uint)845;
0:00:13.352829226 [32m    1[00m 0x708458001170 [37mTRACE  [00m [00;34m          GST_TRACER :0::[00m latency_tracer_pipeline, frame_latency=(double)43.154613, avg=(double)32.527671, min=(double)0.277575, max=(double)46.765412, latency=(double)11.558305, fps=(double)86.517879, frame_num=(uint)846;
0:00:13.353243892 [32m    1[00m 0x708458001170 [37mTRACE  [00m [00;34m          GST_TRACER :0::[00m latency_tracer_pipeline, frame_latency=(double)24.032035, avg=(double)32.517640, min=(double)0.277575, max=(double)46.765412, latency=(double)11.545160, fps=(double)86.616386, frame_num=(uint)847;
0:00:13.377248632 [32m    1[00m 0x708458001170 [37mTRACE  [00m [00;34m          GST_TRACER :0::[00m latency_tracer_pipeline, frame_latency=(double)44.886597, avg=(double)32.532226, min=(double)0.277575, max=(double)46.765412, latency=(double)11.559846, fps=(double)86.506341, frame_num=(uint)848;
0:00:13.377949126 [32m    1[00m 0x708458001170 [37mTRACE  [00m [00;34m          GST_TRACER :0::[00m latency_tracer_pipeline, frame_latency=(double)24.408563, avg=(double)32.522658, min=(double)0.277575, max=(double)46.765412, latency=(double)11.547058, fps=(double)86.602143, frame_num=(uint)849;
0:00:13.401982267 [32m    1[00m 0x708458001170 [37mTRACE  [00m [00;34m          GST_TRACER :0::[00m latency_tracer_pipeline, frame_latency=(double)44.226238, avg=(double)32.536427, min=(double)0.277575, max=(double)46.765412, latency=(double)11.561735, fps=(double)86.492210, frame_num=(uint)850;
0:00:13.402745810 [32m    1[00m 0x708458001170 [37mTRACE  [00m [00;34m          GST_TRACER :0::[00m latency_tracer_pipeline, frame_latency=(double)25.079597, avg=(double)32.527664, min=(double)0.277575, max=(double)46.765412, latency=(double)11.549063, fps=(double)86.587112, frame_num=(uint)851;
0:00:13.426687656 [32m    1[00m 0x708458001170 [37mTRACE  [00m [00;34m          GST_TRACER :0::[00m latency_tracer_pipeline, frame_latency=(double)44.527512, avg=(double)32.541749, min=(double)0.277575, max=(double)46.765412, latency=(double)11.563591, fps=(double)86.478326, frame_num=(uint)852;
0:00:13.427707056 [32m    1[00m 0x708458001170 [37mTRACE  [00m [00;34m          GST_TRACER :0::[00m latency_tracer_pipeline, frame_latency=(double)25.062189, avg=(double)32.532980, min=(double)0.277575, max=(double)46.765412, latency=(double)11.551250, fps=(double)86.570718, frame_num=(uint)853;
0:00:13.452123627 [32m    1[00m 0x708458001170 [37mTRACE  [00m [00;34m          GST_TRACER :0::[00m latency_tracer_pipeline, frame_latency=(double)44.401301, avg=(double)32.546878, min=(double)0.277575, max=(double)46.765412, latency=(double)11.566304, fps=(double)86.458043, frame_num=(uint)854;
0:00:13.452809691 [32m    1[00m 0x708458001170 [37mTRACE  [00m [00;34m          GST_TRACER :0::[00m latency_tracer_pipeline, frame_latency=(double)21.585687, avg=(double)32.534057, min=(double)0.277575, max=(double)46.765412, latency=(double)11.553573, fps=(double)86.553313, frame_num=(uint)855;
0:00:13.477606396 [32m    1[00m 0x708458001170 [37mTRACE  [00m [00;34m          GST_TRACER :0::[00m latency_tracer_pipeline, frame_latency=(double)42.895349, avg=(double)32.546162, min=(double)0.277575, max=(double)46.765412, latency=(double)11.569042, fps=(double)86.437581, frame_num=(uint)856;
0:00:13.478147317 [32m    1[00m 0x708458001170 [37mTRACE  [00m [00;34m          GST_TRACER :0::[00m latency_tracer_pipeline, frame_latency=(double)23.620071, avg=(double)32.535746, min=(double)0.277575, max=(double)46.765412, latency=(double)11.556185, fps=(double)86.533745, frame_num=(uint)857;
0:00:13.502793467 [32m    1[00m 0x708458001170 [37mTRACE  [00m [00;34m          GST_TRACER :0::[00m latency_tracer_pipeline, frame_latency=(double)43.553888, avg=(double)32.548588, min=(double)0.277575, max=(double)46.765412, latency=(double)11.571435, fps=(double)86.419702, frame_num=(uint)858;
0:00:13.503285380 [32m    1[00m 0x708458001170 [37mTRACE  [00m [00;34m          GST_TRACER :0::[00m latency_tracer_pipeline, frame_latency=(double)24.843122, avg=(double)32.539618, min=(double)0.277575, max=(double)46.765412, latency=(double)11.558550, fps=(double)86.516041, frame_num=(uint)859;
0:00:13.527055413 [32m    1[00m 0x708458001170 [37mTRACE  [00m [00;34m          GST_TRACER :0::[00m latency_tracer_pipeline, frame_latency=(double)43.304140, avg=(double)32.552135, min=(double)0.277575, max=(double)46.765412, latency=(double)11.572740, fps=(double)86.409959, frame_num=(uint)860;
0:00:13.527506049 [32m    1[00m 0x708458001170 [37mTRACE  [00m [00;34m          GST_TRACER :0::[00m latency_tracer_pipeline, frame_latency=(double)24.158986, avg=(double)32.542386, min=(double)0.277575, max=(double)46.765412, latency=(double)11.559828, fps=(double)86.506479, frame_num=(uint)861;
0:00:13.551891564 [32m    1[00m 0x708458001170 [37mTRACE  [00m [00;34m          GST_TRACER :0::[00m latency_tracer_pipeline, frame_latency=(double)43.636191, avg=(double)32.555256, min=(double)0.277575, max=(double)46.765412, latency=(double)11.574696, fps=(double)86.395359, frame_num=(uint)862;
FpsCounter(average 7.05sec): total=336.63 fps, number-streams=4, per-stream=84.16 fps (86.35, 81.96, 84.94, 83.38)
0:00:13.552510126 [32m    1[00m 0x708458001170 [37mTRACE  [00m [00;34m          GST_TRACER :0::[00m latency_tracer_pipeline, frame_latency=(double)24.769475, avg=(double)32.546234, min=(double)0.277575, max=(double)46.765412, latency=(double)11.562008, fps=(double)86.490170, frame_num=(uint)863;
0:00:13.576712095 [32m    1[00m 0x708458001170 [37mTRACE  [00m [00;34m          GST_TRACER :0::[00m latency_tracer_pipeline, frame_latency=(double)44.307107, avg=(double)32.559847, min=(double)0.277575, max=(double)46.765412, latency=(double)11.576636, fps=(double)86.380881, frame_num=(uint)864;
0:00:13.577544706 [32m    1[00m 0x708458001170 [37mTRACE  [00m [00;34m          GST_TRACER :0::[00m latency_tracer_pipeline, frame_latency=(double)24.895025, avg=(double)32.550986, min=(double)0.277575, max=(double)46.765412, latency=(double)11.564211, fps=(double)86.473691, frame_num=(uint)865;
0:00:13.601862418 [32m    1[00m 0x708458001170 [37mTRACE  [00m [00;34m          GST_TRACER :0::[00m latency_tracer_pipeline, frame_latency=(double)45.619865, avg=(double)32.566077, min=(double)0.277575, max=(double)46.765412, latency=(double)11.578943, fps=(double)86.363670, frame_num=(uint)866;
0:00:13.602530465 [32m    1[00m 0x708458001170 [37mTRACE  [00m [00;34m          GST_TRACER :0::[00m latency_tracer_pipeline, frame_latency=(double)25.197158, avg=(double)32.557577, min=(double)0.277575, max=(double)46.765412, latency=(double)11.566360, fps=(double)86.457626, frame_num=(uint)867;
0:00:13.626304750 [32m    1[00m 0x708458001170 [37mTRACE  [00m [00;34m          GST_TRACER :0::[00m latency_tracer_pipeline, frame_latency=(double)44.706168, avg=(double)32.571573, min=(double)0.277575, max=(double)46.765412, latency=(double)11.580420, fps=(double)86.352653, frame_num=(uint)868;
0:00:13.626883032 [32m    1[00m 0x708458001170 [37mTRACE  [00m [00;34m          GST_TRACER :0::[00m latency_tracer_pipeline, frame_latency=(double)24.414970, avg=(double)32.562187, min=(double)0.277575, max=(double)46.765412, latency=(double)11.567765, fps=(double)86.447126, frame_num=(uint)869;
FpsCounter(last 1.01sec): total=332.89 fps, number-streams=4, per-stream=83.22 fps (86.19, 78.27, 83.22, 85.20)
latency: -22805.98ms (-23460.39, -22439.28, -23070.63, -22222.30)
0:00:13.651128268 [32m    1[00m 0x708458001170 [37mTRACE  [00m [00;34m          GST_TRACER :0::[00m latency_tracer_pipeline, frame_latency=(double)44.138257, avg=(double)32.575493, min=(double)0.277575, max=(double)46.765412, latency=(double)11.582334, fps=(double)86.338382, frame_num=(uint)870;
0:00:13.651138951 [32m    1[00m 0x708458001170 [37mTRACE  [00m [00;34m          GST_TRACER :0::[00m latency_tracer_pipeline_interval, interval=(double)1009.678433, avg=(double)32.840122, min=(double)20.838683, max=(double)45.619865, latency=(double)11.605499, fps=(double)86.166048;
0:00:13.651891245 [32m    1[00m 0x708458001170 [37mTRACE  [00m [00;34m          GST_TRACER :0::[00m latency_tracer_pipeline, frame_latency=(double)23.106980, avg=(double)32.564622, min=(double)0.277575, max=(double)46.765412, latency=(double)11.569919, fps=(double)86.431032, frame_num=(uint)871;
0:00:13.675845704 [32m    1[00m 0x708458001170 [37mTRACE  [00m [00;34m          GST_TRACER :0::[00m latency_tracer_pipeline, frame_latency=(double)42.386501, avg=(double)32.575886, min=(double)0.277575, max=(double)46.765412, latency=(double)11.584111, fps=(double)86.325136, frame_num=(uint)872;
0:00:13.676586262 [32m    1[00m 0x708458001170 [37mTRACE  [00m [00;34m          GST_TRACER :0::[00m latency_tracer_pipeline, frame_latency=(double)23.286872, avg=(double)32.565245, min=(double)0.277575, max=(double)46.765412, latency=(double)11.571688, fps=(double)86.417816, frame_num=(uint)873;
0:00:13.700560636 [32m    1[00m 0x708458001170 [37mTRACE  [00m [00;34m          GST_TRACER :0::[00m latency_tracer_pipeline, frame_latency=(double)41.763987, avg=(double)32.575770, min=(double)0.277575, max=(double)46.765412, latency=(double)11.585872, fps=(double)86.312017, frame_num=(uint)874;
0:00:13.701508209 [32m    1[00m 0x708458001170 [37mTRACE  [00m [00;34m          GST_TRACER :0::[00m latency_tracer_pipeline, frame_latency=(double)23.517354, avg=(double)32.565418, min=(double)0.277575, max=(double)46.765412, latency=(double)11.573733, fps=(double)86.402548, frame_num=(uint)875;
0:00:13.725442675 [32m    1[00m 0x708458001170 [37mTRACE  [00m [00;34m          GST_TRACER :0::[00m latency_tracer_pipeline, frame_latency=(double)42.674399, avg=(double)32.576958, min=(double)0.277575, max=(double)46.765412, latency=(double)11.587835, fps=(double)86.297396, frame_num=(uint)876;
0:00:13.726369856 [32m    1[00m 0x708458001170 [37mTRACE  [00m [00;34m          GST_TRACER :0::[00m latency_tracer_pipeline, frame_latency=(double)21.917875, avg=(double)32.564804, min=(double)0.277575, max=(double)46.765412, latency=(double)11.575672, fps=(double)86.388070, frame_num=(uint)877;
0:00:13.750093000 [32m    1[00m 0x708458001170 [37mTRACE  [00m [00;34m          GST_TRACER :0::[00m latency_tracer_pipeline, frame_latency=(double)41.812184, avg=(double)32.575336, min=(double)0.277575, max=(double)46.765412, latency=(double)11.589512, fps=(double)86.284909, frame_num=(uint)878;
0:00:13.750608898 [32m    1[00m 0x708458001170 [37mTRACE  [00m [00;34m          GST_TRACER :0::[00m latency_tracer_pipeline, frame_latency=(double)21.788264, avg=(double)32.563064, min=(double)0.277575, max=(double)46.765412, latency=(double)11.576907, fps=(double)86.378858, frame_num=(uint)879;
0:00:13.774752350 [32m    1[00m 0x708458001170 [37mTRACE  [00m [00;34m          GST_TRACER :0::[00m latency_tracer_pipeline, frame_latency=(double)40.982456, avg=(double)32.572632, min=(double)0.277575, max=(double)46.765412, latency=(double)11.591188, fps=(double)86.272434, frame_num=(uint)880;
0:00:13.799311331 [32m    1[00m 0x708458001170 [37mTRACE  [00m [00;34m          GST_TRACER :0::[00m latency_tracer_pipeline, frame_latency=(double)45.664792, avg=(double)32.587492, min=(double)0.277575, max=(double)46.765412, latency=(double)11.605908, fps=(double)86.163016, frame_num=(uint)881;
0:00:13.799618125 [32m    1[00m 0x708458001170 [37mTRACE  [00m [00;34m          GST_TRACER :0::[00m latency_tracer_pipeline, frame_latency=(double)23.576867, avg=(double)32.577276, min=(double)0.277575, max=(double)46.765412, latency=(double)11.593104, fps=(double)86.258177, frame_num=(uint)882;
0:00:13.823657050 [32m    1[00m 0x708458001170 [37mTRACE  [00m [00;34m          GST_TRACER :0::[00m latency_tracer_pipeline, frame_latency=(double)43.315441, avg=(double)32.589437, min=(double)0.277575, max=(double)46.765412, latency=(double)11.607188, fps=(double)86.153514, frame_num=(uint)883;
0:00:13.824422281 [32m    1[00m 0x708458001170 [37mTRACE  [00m [00;34m          GST_TRACER :0::[00m latency_tracer_pipeline, frame_latency=(double)24.320871, avg=(double)32.580083, min=(double)0.277575, max=(double)46.765412, latency=(double)11.594928, fps=(double)86.244606, frame_num=(uint)884;
0:00:13.847810162 [32m    1[00m 0x708458001170 [37mTRACE  [00m [00;34m          GST_TRACER :0::[00m latency_tracer_pipeline, frame_latency=(double)42.709422, avg=(double)32.591529, min=(double)0.277575, max=(double)46.765412, latency=(double)11.608254, fps=(double)86.145599, frame_num=(uint)885;
0:00:13.871558184 [32m    1[00m 0x708458001170 [37mTRACE  [00m [00;34m          GST_TRACER :0::[00m latency_tracer_pipeline, frame_latency=(double)43.971191, avg=(double)32.604373, min=(double)0.277575, max=(double)46.765412, latency=(double)11.621955, fps=(double)86.044046, frame_num=(uint)886;
0:00:13.872199695 [32m    1[00m 0x708458001170 [37mTRACE  [00m [00;34m          GST_TRACER :0::[00m latency_tracer_pipeline, frame_latency=(double)22.615844, avg=(double)32.593112, min=(double)0.277575, max=(double)46.765412, latency=(double)11.609585, fps=(double)86.135723, frame_num=(uint)887;
0:00:13.895935899 [32m    1[00m 0x708458001170 [37mTRACE  [00m [00;34m          GST_TRACER :0::[00m latency_tracer_pipeline, frame_latency=(double)41.801321, avg=(double)32.603481, min=(double)0.277575, max=(double)46.765412, latency=(double)11.623232, fps=(double)86.034593, frame_num=(uint)888;
0:00:13.896425095 [32m    1[00m 0x708458001170 [37mTRACE  [00m [00;34m          GST_TRACER :0::[00m latency_tracer_pipeline, frame_latency=(double)21.542210, avg=(double)32.591039, min=(double)0.277575, max=(double)46.765412, latency=(double)11.610712, fps=(double)86.127364, frame_num=(uint)889;
0:00:13.920082468 [32m    1[00m 0x708458001170 [37mTRACE  [00m [00;34m          GST_TRACER :0::[00m latency_tracer_pipeline, frame_latency=(double)40.870089, avg=(double)32.600341, min=(double)0.277575, max=(double)46.765412, latency=(double)11.624243, fps=(double)86.027109, frame_num=(uint)890;
0:00:13.920722489 [32m    1[00m 0x708458001170 [37mTRACE  [00m [00;34m          GST_TRACER :0::[00m latency_tracer_pipeline, frame_latency=(double)21.792172, avg=(double)32.588211, min=(double)0.277575, max=(double)46.765412, latency=(double)11.611924, fps=(double)86.118370, frame_num=(uint)891;
0:00:13.944694265 [32m    1[00m 0x708458001170 [37mTRACE  [00m [00;34m          GST_TRACER :0::[00m latency_tracer_pipeline, frame_latency=(double)40.810151, avg=(double)32.597428, min=(double)0.277575, max=(double)46.765412, latency=(double)11.625772, fps=(double)86.015793, frame_num=(uint)892;
0:00:13.945389252 [32m    1[00m 0x708458001170 [37mTRACE  [00m [00;34m          GST_TRACER :0::[00m latency_tracer_pipeline, frame_latency=(double)21.342853, avg=(double)32.584825, min=(double)0.277575, max=(double)46.765412, latency=(double)11.613537, fps=(double)86.106412, frame_num=(uint)893;
0:00:13.967762611 [32m    1[00m 0x708458001170 [37mTRACE  [00m [00;34m          GST_TRACER :0::[00m latency_tracer_pipeline, frame_latency=(double)41.000824, avg=(double)32.594239, min=(double)0.277575, max=(double)46.765412, latency=(double)11.625561, fps=(double)86.017356, frame_num=(uint)894;
0:00:13.969685989 [32m    1[00m 0x708458001170 [37mTRACE  [00m [00;34m          GST_TRACER :0::[00m latency_tracer_pipeline, frame_latency=(double)23.763718, avg=(double)32.584373, min=(double)0.277575, max=(double)46.765412, latency=(double)11.614726, fps=(double)86.097597, frame_num=(uint)895;
0:00:13.991535391 [32m    1[00m 0x708458001170 [37mTRACE  [00m [00;34m          GST_TRACER :0::[00m latency_tracer_pipeline, frame_latency=(double)41.753222, avg=(double)32.594606, min=(double)0.277575, max=(double)46.765412, latency=(double)11.626146, fps=(double)86.013025, frame_num=(uint)896;
0:00:14.015114947 [32m    1[00m 0x708458001170 [37mTRACE  [00m [00;34m          GST_TRACER :0::[00m latency_tracer_pipeline, frame_latency=(double)45.845546, avg=(double)32.609378, min=(double)0.277575, max=(double)46.765412, latency=(double)11.639470, fps=(double)85.914562, frame_num=(uint)897;
0:00:14.016959784 [32m    1[00m 0x708458001170 [37mTRACE  [00m [00;34m          GST_TRACER :0::[00m latency_tracer_pipeline, frame_latency=(double)25.240869, avg=(double)32.601173, min=(double)0.277575, max=(double)46.765412, latency=(double)11.628578, fps=(double)85.995036, frame_num=(uint)898;
0:00:14.038690070 [32m    1[00m 0x708458001170 [37mTRACE  [00m [00;34m          GST_TRACER :0::[00m latency_tracer_pipeline, frame_latency=(double)43.355960, avg=(double)32.613136, min=(double)0.277575, max=(double)46.765412, latency=(double)11.639808, fps=(double)85.912070, frame_num=(uint)899;
0:00:14.040382128 [32m    1[00m 0x708458001170 [37mTRACE  [00m [00;34m          GST_TRACER :0::[00m latency_tracer_pipeline, frame_latency=(double)25.046202, avg=(double)32.604728, min=(double)0.277575, max=(double)46.765412, latency=(double)11.628753, fps=(double)85.993742, frame_num=(uint)900;
0:00:14.061781466 [32m    1[00m 0x708458001170 [37mTRACE  [00m [00;34m          GST_TRACER :0::[00m latency_tracer_pipeline, frame_latency=(double)43.344465, avg=(double)32.616648, min=(double)0.277575, max=(double)46.765412, latency=(double)11.639570, fps=(double)85.913825, frame_num=(uint)901;
0:00:14.063370556 [32m    1[00m 0x708458001170 [37mTRACE  [00m [00;34m          GST_TRACER :0::[00m latency_tracer_pipeline, frame_latency=(double)24.229667, avg=(double)32.607350, min=(double)0.277575, max=(double)46.765412, latency=(double)11.628457, fps=(double)85.995933, frame_num=(uint)902;
0:00:14.084798602 [32m    1[00m 0x708458001170 [37mTRACE  [00m [00;34m          GST_TRACER :0::[00m latency_tracer_pipeline, frame_latency=(double)42.409882, avg=(double)32.618205, min=(double)0.277575, max=(double)46.765412, latency=(double)11.639306, fps=(double)85.915776, frame_num=(uint)903;
0:00:14.085717698 [32m    1[00m 0x708458001170 [37mTRACE  [00m [00;34m          GST_TRACER :0::[00m latency_tracer_pipeline, frame_latency=(double)23.710754, avg=(double)32.608352, min=(double)0.277575, max=(double)46.765412, latency=(double)11.627456, fps=(double)86.003334, frame_num=(uint)904;
0:00:14.108088056 [32m    1[00m 0x708458001170 [37mTRACE  [00m [00;34m          GST_TRACER :0::[00m latency_tracer_pipeline, frame_latency=(double)42.865533, avg=(double)32.619686, min=(double)0.277575, max=(double)46.765412, latency=(double)11.639327, fps=(double)85.915619, frame_num=(uint)905;
0:00:14.131956418 [32m    1[00m 0x708458001170 [37mTRACE  [00m [00;34m          GST_TRACER :0::[00m latency_tracer_pipeline, frame_latency=(double)45.011435, avg=(double)32.633363, min=(double)0.277575, max=(double)46.765412, latency=(double)11.652821, fps=(double)85.816130, frame_num=(uint)906;
0:00:14.132538957 [32m    1[00m 0x708458001170 [37mTRACE  [00m [00;34m          GST_TRACER :0::[00m latency_tracer_pipeline, frame_latency=(double)23.430820, avg=(double)32.623217, min=(double)0.277575, max=(double)46.765412, latency=(double)11.640624, fps=(double)85.906047, frame_num=(uint)907;
0:00:14.157040568 [32m    1[00m 0x708458001170 [37mTRACE  [00m [00;34m          GST_TRACER :0::[00m latency_tracer_pipeline, frame_latency=(double)42.892787, avg=(double)32.634527, min=(double)0.277575, max=(double)46.765412, latency=(double)11.654781, fps=(double)85.801697, frame_num=(uint)908;
0:00:14.157492202 [32m    1[00m 0x708458001170 [37mTRACE  [00m [00;34m          GST_TRACER :0::[00m latency_tracer_pipeline, frame_latency=(double)22.381207, avg=(double)32.623247, min=(double)0.277575, max=(double)46.765412, latency=(double)11.642465, fps=(double)85.892466, frame_num=(uint)909;
0:00:14.181527096 [32m    1[00m 0x708458001170 [37mTRACE  [00m [00;34m          GST_TRACER :0::[00m latency_tracer_pipeline, frame_latency=(double)40.402150, avg=(double)32.631796, min=(double)0.277575, max=(double)46.765412, latency=(double)11.656075, fps=(double)85.792173, frame_num=(uint)910;
0:00:14.205590500 [32m    1[00m 0x708458001170 [37mTRACE  [00m [00;34m          GST_TRACER :0::[00m latency_tracer_pipeline, frame_latency=(double)44.160038, avg=(double)32.644450, min=(double)0.277575, max=(double)46.765412, latency=(double)11.669693, fps=(double)85.692058, frame_num=(uint)911;
0:00:14.206462920 [32m    1[00m 0x708458001170 [37mTRACE  [00m [00;34m          GST_TRACER :0::[00m latency_tracer_pipeline, frame_latency=(double)23.308870, avg=(double)32.634214, min=(double)0.277575, max=(double)46.765412, latency=(double)11.657862, fps=(double)85.779019, frame_num=(uint)912;
0:00:14.230611127 [32m    1[00m 0x708458001170 [37mTRACE  [00m [00;34m          GST_TRACER :0::[00m latency_tracer_pipeline, frame_latency=(double)42.013647, avg=(double)32.644487, min=(double)0.277575, max=(double)46.765412, latency=(double)11.671535, fps=(double)85.678530, frame_num=(uint)913;
0:00:14.255051156 [32m    1[00m 0x708458001170 [37mTRACE  [00m [00;34m          GST_TRACER :0::[00m latency_tracer_pipeline, frame_latency=(double)46.103381, avg=(double)32.659212, min=(double)0.277575, max=(double)46.765412, latency=(double)11.685505, fps=(double)85.576101, frame_num=(uint)914;
0:00:14.255857010 [32m    1[00m 0x708458001170 [37mTRACE  [00m [00;34m          GST_TRACER :0::[00m latency_tracer_pipeline, frame_latency=(double)24.528156, avg=(double)32.650326, min=(double)0.277575, max=(double)46.765412, latency=(double)11.673621, fps=(double)85.663222, frame_num=(uint)915;
0:00:14.278246425 [32m    1[00m 0x708458001170 [37mTRACE  [00m [00;34m          GST_TRACER :0::[00m latency_tracer_pipeline, frame_latency=(double)42.283311, avg=(double)32.660842, min=(double)0.277575, max=(double)46.765412, latency=(double)11.685315, fps=(double)85.577494, frame_num=(uint)916;
0:00:14.279366798 [32m    1[00m 0x708458001170 [37mTRACE  [00m [00;34m          GST_TRACER :0::[00m latency_tracer_pipeline, frame_latency=(double)23.426613, avg=(double)32.650772, min=(double)0.277575, max=(double)46.765412, latency=(double)11.673800, fps=(double)85.661911, frame_num=(uint)917;
0:00:14.301207951 [32m    1[00m 0x708458001170 [37mTRACE  [00m [00;34m          GST_TRACER :0::[00m latency_tracer_pipeline, frame_latency=(double)41.101569, avg=(double)32.659978, min=(double)0.277575, max=(double)46.765412, latency=(double)11.684869, fps=(double)85.580764, frame_num=(uint)918;
0:00:14.302057265 [32m    1[00m 0x708458001170 [37mTRACE  [00m [00;34m          GST_TRACER :0::[00m latency_tracer_pipeline, frame_latency=(double)23.396267, avg=(double)32.649898, min=(double)0.277575, max=(double)46.765412, latency=(double)11.673084, fps=(double)85.667166, frame_num=(uint)919;
0:00:14.324751846 [32m    1[00m 0x708458001170 [37mTRACE  [00m [00;34m          GST_TRACER :0::[00m latency_tracer_pipeline, frame_latency=(double)41.891567, avg=(double)32.659943, min=(double)0.277575, max=(double)46.765412, latency=(double)11.685058, fps=(double)85.579376, frame_num=(uint)920;
0:00:14.326048343 [32m    1[00m 0x708458001170 [37mTRACE  [00m [00;34m          GST_TRACER :0::[00m latency_tracer_pipeline, frame_latency=(double)23.969550, avg=(double)32.650507, min=(double)0.277575, max=(double)46.765412, latency=(double)11.673783, fps=(double)85.662034, frame_num=(uint)921;
0:00:14.348665071 [32m    1[00m 0x708458001170 [37mTRACE  [00m [00;34m          GST_TRACER :0::[00m latency_tracer_pipeline, frame_latency=(double)42.989180, avg=(double)32.661720, min=(double)0.277575, max=(double)46.765412, latency=(double)11.685647, fps=(double)85.575068, frame_num=(uint)922;
0:00:14.349420823 [32m    1[00m 0x708458001170 [37mTRACE  [00m [00;34m          GST_TRACER :0::[00m latency_tracer_pipeline, frame_latency=(double)24.075300, avg=(double)32.652418, min=(double)0.277575, max=(double)46.765412, latency=(double)11.673811, fps=(double)85.661830, frame_num=(uint)923;
0:00:14.349435805 [32m    1[00m 0x708458001170 [37mTRACE  [00m [00;34m          GST_TRACER :0::[00m latency_tracer_pipeline, frame_latency=(double)20.787019, avg=(double)32.639576, min=(double)0.277575, max=(double)46.765412, latency=(double)11.661197, fps=(double)85.754487, frame_num=(uint)924;
0:00:14.372623043 [32m    1[00m 0x708458001170 [37mTRACE  [00m [00;34m          GST_TRACER :0::[00m latency_tracer_pipeline, frame_latency=(double)41.456102, avg=(double)32.649108, min=(double)0.277575, max=(double)46.765412, latency=(double)11.673648, fps=(double)85.663028, frame_num=(uint)925;
0:00:14.373187298 [32m    1[00m 0x708458001170 [37mTRACE  [00m [00;34m          GST_TRACER :0::[00m latency_tracer_pipeline, frame_latency=(double)21.088296, avg=(double)32.636623, min=(double)0.277575, max=(double)46.765412, latency=(double)11.661655, fps=(double)85.751122, frame_num=(uint)926;
0:00:14.396018483 [32m    1[00m 0x708458001170 [37mTRACE  [00m [00;34m          GST_TRACER :0::[00m latency_tracer_pipeline, frame_latency=(double)40.082608, avg=(double)32.644655, min=(double)0.277575, max=(double)46.765412, latency=(double)11.673700, fps=(double)85.662644, frame_num=(uint)927;
0:00:14.396837053 [32m    1[00m 0x708458001170 [37mTRACE  [00m [00;34m          GST_TRACER :0::[00m latency_tracer_pipeline, frame_latency=(double)21.401406, avg=(double)32.632540, min=(double)0.277575, max=(double)46.765412, latency=(double)11.662010, fps=(double)85.748513, frame_num=(uint)928;
0:00:14.419281168 [32m    1[00m 0x708458001170 [37mTRACE  [00m [00;34m          GST_TRACER :0::[00m latency_tracer_pipeline, frame_latency=(double)40.195296, avg=(double)32.640681, min=(double)0.277575, max=(double)46.765412, latency=(double)11.673608, fps=(double)85.663315, frame_num=(uint)929;
0:00:14.420121109 [32m    1[00m 0x708458001170 [37mTRACE  [00m [00;34m          GST_TRACER :0::[00m latency_tracer_pipeline, frame_latency=(double)21.536846, avg=(double)32.628741, min=(double)0.277575, max=(double)46.765412, latency=(double)11.661964, fps=(double)85.748851, frame_num=(uint)930;
0:00:14.443068791 [32m    1[00m 0x708458001170 [37mTRACE  [00m [00;34m          GST_TRACER :0::[00m latency_tracer_pipeline, frame_latency=(double)40.484396, avg=(double)32.637179, min=(double)0.277575, max=(double)46.765412, latency=(double)11.674082, fps=(double)85.659839, frame_num=(uint)931;
0:00:14.444740604 [32m    1[00m 0x708458001170 [37mTRACE  [00m [00;34m          GST_TRACER :0::[00m latency_tracer_pipeline, frame_latency=(double)22.423717, avg=(double)32.626220, min=(double)0.277575, max=(double)46.765412, latency=(double)11.663351, fps=(double)85.738654, frame_num=(uint)932;
0:00:14.466831650 [32m    1[00m 0x708458001170 [37mTRACE  [00m [00;34m          GST_TRACER :0::[00m latency_tracer_pipeline, frame_latency=(double)41.175007, avg=(double)32.635383, min=(double)0.277575, max=(double)46.765412, latency=(double)11.674526, fps=(double)85.656579, frame_num=(uint)933;
0:00:14.468453614 [32m    1[00m 0x708458001170 [37mTRACE  [00m [00;34m          GST_TRACER :0::[00m latency_tracer_pipeline, frame_latency=(double)21.908499, avg=(double)32.623898, min=(double)0.277575, max=(double)46.765412, latency=(double)11.663766, fps=(double)85.735600, frame_num=(uint)934;
0:00:14.490501032 [32m    1[00m 0x708458001170 [37mTRACE  [00m [00;34m          GST_TRACER :0::[00m latency_tracer_pipeline, frame_latency=(double)41.685710, avg=(double)32.633590, min=(double)0.277575, max=(double)46.765412, latency=(double)11.674871, fps=(double)85.654052, frame_num=(uint)935;
0:00:14.514055570 [32m    1[00m 0x708458001170 [37mTRACE  [00m [00;34m          GST_TRACER :0::[00m latency_tracer_pipeline, frame_latency=(double)44.755738, avg=(double)32.646541, min=(double)0.277575, max=(double)46.765412, latency=(double)11.687561, fps=(double)85.561054, frame_num=(uint)936;
0:00:14.516041900 [32m    1[00m 0x708458001170 [37mTRACE  [00m [00;34m          GST_TRACER :0::[00m latency_tracer_pipeline, frame_latency=(double)25.220342, avg=(double)32.638615, min=(double)0.277575, max=(double)46.765412, latency=(double)11.677210, fps=(double)85.636894, frame_num=(uint)937;
0:00:14.537683522 [32m    1[00m 0x708458001170 [37mTRACE  [00m [00;34m          GST_TRACER :0::[00m latency_tracer_pipeline, frame_latency=(double)41.851729, avg=(double)32.648437, min=(double)0.277575, max=(double)46.765412, latency=(double)11.687809, fps=(double)85.559235, frame_num=(uint)938;
0:00:14.539187098 [32m    1[00m 0x708458001170 [37mTRACE  [00m [00;34m          GST_TRACER :0::[00m latency_tracer_pipeline, frame_latency=(double)23.248301, avg=(double)32.638427, min=(double)0.277575, max=(double)46.765412, latency=(double)11.676989, fps=(double)85.638515, frame_num=(uint)939;
FpsCounter(average 8.06sec): total=336.16 fps, number-streams=4, per-stream=84.04 fps (85.22, 81.62, 85.34, 83.98)
0:00:14.561126327 [32m    1[00m 0x708458001170 [37mTRACE  [00m [00;34m          GST_TRACER :0::[00m latency_tracer_pipeline, frame_latency=(double)41.573388, avg=(double)32.647932, min=(double)0.277575, max=(double)46.765412, latency=(double)11.687903, fps=(double)85.558546, frame_num=(uint)940;
0:00:14.562645810 [32m    1[00m 0x708458001170 [37mTRACE  [00m [00;34m          GST_TRACER :0::[00m latency_tracer_pipeline, frame_latency=(double)23.430961, avg=(double)32.638137, min=(double)0.277575, max=(double)46.765412, latency=(double)11.677097, fps=(double)85.637721, frame_num=(uint)941;
0:00:14.585999237 [32m    1[00m 0x708458001170 [37mTRACE  [00m [00;34m          GST_TRACER :0::[00m latency_tracer_pipeline, frame_latency=(double)42.453219, avg=(double)32.648556, min=(double)0.277575, max=(double)46.765412, latency=(double)11.689490, fps=(double)85.546930, frame_num=(uint)942;
0:00:14.608589316 [32m    1[00m 0x708458001170 [37mTRACE  [00m [00;34m          GST_TRACER :0::[00m latency_tracer_pipeline, frame_latency=(double)43.371178, avg=(double)32.659927, min=(double)0.277575, max=(double)46.765412, latency=(double)11.701050, fps=(double)85.462419, frame_num=(uint)943;
0:00:14.608867367 [32m    1[00m 0x708458001170 [37mTRACE  [00m [00;34m          GST_TRACER :0::[00m latency_tracer_pipeline, frame_latency=(double)23.562268, avg=(double)32.650290, min=(double)0.277575, max=(double)46.765412, latency=(double)11.688957, fps=(double)85.550831, frame_num=(uint)944;
0:00:14.632475062 [32m    1[00m 0x708458001170 [37mTRACE  [00m [00;34m          GST_TRACER :0::[00m latency_tracer_pipeline, frame_latency=(double)43.240205, avg=(double)32.661496, min=(double)0.277575, max=(double)46.765412, latency=(double)11.701556, fps=(double)85.458718, frame_num=(uint)945;
0:00:14.633175876 [32m    1[00m 0x708458001170 [37mTRACE  [00m [00;34m          GST_TRACER :0::[00m latency_tracer_pipeline, frame_latency=(double)24.371071, avg=(double)32.652732, min=(double)0.277575, max=(double)46.765412, latency=(double)11.689937, fps=(double)85.543658, frame_num=(uint)946;
FpsCounter(last 1.01sec): total=334.25 fps, number-streams=4, per-stream=83.56 fps (76.60, 80.58, 88.54, 88.54)
latency: -25132.15ms (-25711.28, -24637.34, -25498.38, -24715.21)
0:00:14.656106531 [32m    1[00m 0x708458001170 [37mTRACE  [00m [00;34m          GST_TRACER :0::[00m latency_tracer_pipeline, frame_latency=(double)42.936636, avg=(double)32.663592, min=(double)0.277575, max=(double)46.765412, latency=(double)11.701805, fps=(double)85.456904, frame_num=(uint)947;
0:00:14.656120055 [32m    1[00m 0x708458001170 [37mTRACE  [00m [00;34m          GST_TRACER :0::[00m latency_tracer_pipeline_interval, interval=(double)1004.978322, avg=(double)33.658994, min=(double)20.787019, max=(double)46.103381, latency=(double)13.051667, fps=(double)76.618568;
0:00:14.656415629 [32m    1[00m 0x708458001170 [37mTRACE  [00m [00;34m          GST_TRACER :0::[00m latency_tracer_pipeline, frame_latency=(double)23.658672, avg=(double)32.654093, min=(double)0.277575, max=(double)46.765412, latency=(double)11.689792, fps=(double)85.544718, frame_num=(uint)948;
0:00:14.679340308 [32m    1[00m 0x708458001170 [37mTRACE  [00m [00;34m          GST_TRACER :0::[00m latency_tracer_pipeline, frame_latency=(double)42.976460, avg=(double)32.664970, min=(double)0.277575, max=(double)46.765412, latency=(double)11.701624, fps=(double)85.458225, frame_num=(uint)949;
0:00:14.680132486 [32m    1[00m 0x708458001170 [37mTRACE  [00m [00;34m          GST_TRACER :0::[00m latency_tracer_pipeline, frame_latency=(double)23.741474, avg=(double)32.655577, min=(double)0.277575, max=(double)46.765412, latency=(double)11.690150, fps=(double)85.542103, frame_num=(uint)950;
0:00:14.702342634 [32m    1[00m 0x708458001170 [37mTRACE  [00m [00;34m          GST_TRACER :0::[00m latency_tracer_pipeline, frame_latency=(double)42.313822, avg=(double)32.665733, min=(double)0.277575, max=(double)46.765412, latency=(double)11.701196, fps=(double)85.461347, frame_num=(uint)951;
0:00:14.703207218 [32m    1[00m 0x708458001170 [37mTRACE  [00m [00;34m          GST_TRACER :0::[00m latency_tracer_pipeline, frame_latency=(double)22.139885, avg=(double)32.654676, min=(double)0.277575, max=(double)46.765412, latency=(double)11.689823, fps=(double)85.544493, frame_num=(uint)952;
0:00:14.725732815 [32m    1[00m 0x708458001170 [37mTRACE  [00m [00;34m          GST_TRACER :0::[00m latency_tracer_pipeline, frame_latency=(double)40.941780, avg=(double)32.663372, min=(double)0.277575, max=(double)46.765412, latency=(double)11.701183, fps=(double)85.461442, frame_num=(uint)953;
0:00:14.749411186 [32m    1[00m 0x708458001170 [37mTRACE  [00m [00;34m          GST_TRACER :0::[00m latency_tracer_pipeline, frame_latency=(double)44.744283, avg=(double)32.676035, min=(double)0.277575, max=(double)46.765412, latency=(double)11.713744, fps=(double)85.369798, frame_num=(uint)954;
0:00:14.750012605 [32m    1[00m 0x708458001170 [37mTRACE  [00m [00;34m          GST_TRACER :0::[00m latency_tracer_pipeline, frame_latency=(double)23.885044, avg=(double)32.666830, min=(double)0.277575, max=(double)46.765412, latency=(double)11.702116, fps=(double)85.454634, frame_num=(uint)955;
0:00:14.773675618 [32m    1[00m 0x708458001170 [37mTRACE  [00m [00;34m          GST_TRACER :0::[00m latency_tracer_pipeline, frame_latency=(double)43.672643, avg=(double)32.678343, min=(double)0.277575, max=(double)46.765412, latency=(double)11.714619, fps=(double)85.363423, frame_num=(uint)956;
0:00:14.774535235 [32m    1[00m 0x708458001170 [37mTRACE  [00m [00;34m          GST_TRACER :0::[00m latency_tracer_pipeline, frame_latency=(double)24.953970, avg=(double)32.670271, min=(double)0.277575, max=(double)46.765412, latency=(double)11.703281, fps=(double)85.446124, frame_num=(uint)957;
0:00:14.797909818 [32m    1[00m 0x708458001170 [37mTRACE  [00m [00;34m          GST_TRACER :0::[00m latency_tracer_pipeline, frame_latency=(double)45.707943, avg=(double)32.683880, min=(double)0.277575, max=(double)46.765412, latency=(double)11.715461, fps=(double)85.357291, frame_num=(uint)958;
0:00:14.798536027 [32m    1[00m 0x708458001170 [37mTRACE  [00m [00;34m          GST_TRACER :0::[00m latency_tracer_pipeline, frame_latency=(double)24.204551, avg=(double)32.675039, min=(double)0.277575, max=(double)46.765412, latency=(double)11.703903, fps=(double)85.441580, frame_num=(uint)959;
0:00:14.822256799 [32m    1[00m 0x708458001170 [37mTRACE  [00m [00;34m          GST_TRACER :0::[00m latency_tracer_pipeline, frame_latency=(double)44.198628, avg=(double)32.687042, min=(double)0.277575, max=(double)46.765412, latency=(double)11.716414, fps=(double)85.350346, frame_num=(uint)960;
0:00:14.823139212 [32m    1[00m 0x708458001170 [37mTRACE  [00m [00;34m          GST_TRACER :0::[00m latency_tracer_pipeline, frame_latency=(double)24.354232, avg=(double)32.678371, min=(double)0.277575, max=(double)46.765412, latency=(double)11.705147, fps=(double)85.432502, frame_num=(uint)961;
0:00:14.846362696 [32m    1[00m 0x708458001170 [37mTRACE  [00m [00;34m          GST_TRACER :0::[00m latency_tracer_pipeline, frame_latency=(double)44.058978, avg=(double)32.690201, min=(double)0.277575, max=(double)46.765412, latency=(double)11.717112, fps=(double)85.345263, frame_num=(uint)962;
0:00:14.847496953 [32m    1[00m 0x708458001170 [37mTRACE  [00m [00;34m          GST_TRACER :0::[00m latency_tracer_pipeline, frame_latency=(double)25.101683, avg=(double)32.682321, min=(double)0.277575, max=(double)46.765412, latency=(double)11.706130, fps=(double)85.425325, frame_num=(uint)963;
0:00:14.870501326 [32m    1[00m 0x708458001170 [37mTRACE  [00m [00;34m          GST_TRACER :0::[00m latency_tracer_pipeline, frame_latency=(double)44.649709, avg=(double)32.694736, min=(double)0.277575, max=(double)46.765412, latency=(double)11.717848, fps=(double)85.339901, frame_num=(uint)964;
0:00:14.871541451 [32m    1[00m 0x708458001170 [37mTRACE  [00m [00;34m          GST_TRACER :0::[00m latency_tracer_pipeline, frame_latency=(double)24.345094, avg=(double)32.686083, min=(double)0.277575, max=(double)46.765412, latency=(double)11.706783, fps=(double)85.420563, frame_num=(uint)965;
0:00:14.895115475 [32m    1[00m 0x708458001170 [37mTRACE  [00m [00;34m          GST_TRACER :0::[00m latency_tracer_pipeline, frame_latency=(double)43.729808, avg=(double)32.697516, min=(double)0.277575, max=(double)46.765412, latency=(double)11.719066, fps=(double)85.331035, frame_num=(uint)966;
0:00:14.895664096 [32m    1[00m 0x708458001170 [37mTRACE  [00m [00;34m          GST_TRACER :0::[00m latency_tracer_pipeline, frame_latency=(double)24.478896, avg=(double)32.689017, min=(double)0.277575, max=(double)46.765412, latency=(double)11.707519, fps=(double)85.415195, frame_num=(uint)967;
0:00:14.918254183 [32m    1[00m 0x708458001170 [37mTRACE  [00m [00;34m          GST_TRACER :0::[00m latency_tracer_pipeline, frame_latency=(double)42.569911, avg=(double)32.699224, min=(double)0.277575, max=(double)46.765412, latency=(double)11.718749, fps=(double)85.333338, frame_num=(uint)968;
0:00:14.919681591 [32m    1[00m 0x708458001170 [37mTRACE  [00m [00;34m          GST_TRACER :0::[00m latency_tracer_pipeline, frame_latency=(double)24.382403, avg=(double)32.690641, min=(double)0.277575, max=(double)46.765412, latency=(double)11.708139, fps=(double)85.410674, frame_num=(uint)969;
0:00:14.919708461 [32m    1[00m 0x708458001170 [37mTRACE  [00m [00;34m          GST_TRACER :0::[00m latency_tracer_pipeline, frame_latency=(double)22.102300, avg=(double)32.679725, min=(double)0.277575, max=(double)46.765412, latency=(double)11.696102, fps=(double)85.498572, frame_num=(uint)970;
0:00:14.941999628 [32m    1[00m 0x708458001170 [37mTRACE  [00m [00;34m          GST_TRACER :0::[00m latency_tracer_pipeline, frame_latency=(double)41.388115, avg=(double)32.688694, min=(double)0.277575, max=(double)46.765412, latency=(double)11.707001, fps=(double)85.418972, frame_num=(uint)971;
0:00:14.943307698 [32m    1[00m 0x708458001170 [37mTRACE  [00m [00;34m          GST_TRACER :0::[00m latency_tracer_pipeline, frame_latency=(double)23.160622, avg=(double)32.678891, min=(double)0.277575, max=(double)46.765412, latency=(double)11.696309, fps=(double)85.497059, frame_num=(uint)972;
0:00:14.966210642 [32m    1[00m 0x708458001170 [37mTRACE  [00m [00;34m          GST_TRACER :0::[00m latency_tracer_pipeline, frame_latency=(double)42.188931, avg=(double)32.688665, min=(double)0.277575, max=(double)46.765412, latency=(double)11.707824, fps=(double)85.412966, frame_num=(uint)973;
0:00:14.967624050 [32m    1[00m 0x708458001170 [37mTRACE  [00m [00;34m          GST_TRACER :0::[00m latency_tracer_pipeline, frame_latency=(double)23.988012, avg=(double)32.679732, min=(double)0.277575, max=(double)46.765412, latency=(double)11.697253, fps=(double)85.490155, frame_num=(uint)974;
0:00:14.993229238 [32m    1[00m 0x708458001170 [37mTRACE  [00m [00;34m          GST_TRACER :0::[00m latency_tracer_pipeline, frame_latency=(double)47.020111, avg=(double)32.694440, min=(double)0.277575, max=(double)47.020111, latency=(double)11.711501, fps=(double)85.386154, frame_num=(uint)975;
0:00:14.994679476 [32m    1[00m 0x708458001170 [37mTRACE  [00m [00;34m          GST_TRACER :0::[00m latency_tracer_pipeline, frame_latency=(double)27.208799, avg=(double)32.688820, min=(double)0.277575, max=(double)47.020111, latency=(double)11.701007, fps=(double)85.462728, frame_num=(uint)976;
0:00:15.018736929 [32m    1[00m 0x708458001170 [37mTRACE  [00m [00;34m          GST_TRACER :0::[00m latency_tracer_pipeline, frame_latency=(double)45.057164, avg=(double)32.701479, min=(double)0.277575, max=(double)47.020111, latency=(double)11.713645, fps=(double)85.370522, frame_num=(uint)977;
0:00:15.020137178 [32m    1[00m 0x708458001170 [37mTRACE  [00m [00;34m          GST_TRACER :0::[00m latency_tracer_pipeline, frame_latency=(double)25.731979, avg=(double)32.694353, min=(double)0.277575, max=(double)47.020111, latency=(double)11.703101, fps=(double)85.447436, frame_num=(uint)978;
0:00:15.043789832 [32m    1[00m 0x708458001170 [37mTRACE  [00m [00;34m          GST_TRACER :0::[00m latency_tracer_pipeline, frame_latency=(double)44.055443, avg=(double)32.705958, min=(double)0.277575, max=(double)47.020111, latency=(double)11.715297, fps=(double)85.358484, frame_num=(uint)979;
0:00:15.044841594 [32m    1[00m 0x708458001170 [37mTRACE  [00m [00;34m          GST_TRACER :0::[00m latency_tracer_pipeline, frame_latency=(double)24.146265, avg=(double)32.697224, min=(double)0.277575, max=(double)47.020111, latency=(double)11.704428, fps=(double)85.437754, frame_num=(uint)980;
0:00:15.068195780 [32m    1[00m 0x708458001170 [37mTRACE  [00m [00;34m          GST_TRACER :0::[00m latency_tracer_pipeline, frame_latency=(double)42.616209, avg=(double)32.707335, min=(double)0.277575, max=(double)47.020111, latency=(double)11.716296, fps=(double)85.351210, frame_num=(uint)981;
0:00:15.069272785 [32m    1[00m 0x708458001170 [37mTRACE  [00m [00;34m          GST_TRACER :0::[00m latency_tracer_pipeline, frame_latency=(double)22.724463, avg=(double)32.697169, min=(double)0.277575, max=(double)47.020111, latency=(double)11.705476, fps=(double)85.430101, frame_num=(uint)982;
0:00:15.091234576 [32m    1[00m 0x708458001170 [37mTRACE  [00m [00;34m          GST_TRACER :0::[00m latency_tracer_pipeline, frame_latency=(double)41.799467, avg=(double)32.706428, min=(double)0.277575, max=(double)47.020111, latency=(double)11.715909, fps=(double)85.354028, frame_num=(uint)983;
0:00:15.092654560 [32m    1[00m 0x708458001170 [37mTRACE  [00m [00;34m          GST_TRACER :0::[00m latency_tracer_pipeline, frame_latency=(double)23.861670, avg=(double)32.697440, min=(double)0.277575, max=(double)47.020111, latency=(double)11.705445, fps=(double)85.430328, frame_num=(uint)984;
0:00:15.114794739 [32m    1[00m 0x708458001170 [37mTRACE  [00m [00;34m          GST_TRACER :0::[00m latency_tracer_pipeline, frame_latency=(double)41.815513, avg=(double)32.706697, min=(double)0.277575, max=(double)47.020111, latency=(double)11.716030, fps=(double)85.353146, frame_num=(uint)985;
0:00:15.116087644 [32m    1[00m 0x708458001170 [37mTRACE  [00m [00;34m          GST_TRACER :0::[00m latency_tracer_pipeline, frame_latency=(double)22.281759, avg=(double)32.696124, min=(double)0.277575, max=(double)47.020111, latency=(double)11.705471, fps=(double)85.430138, frame_num=(uint)986;
0:00:15.137966905 [32m    1[00m 0x708458001170 [37mTRACE  [00m [00;34m          GST_TRACER :0::[00m latency_tracer_pipeline, frame_latency=(double)41.892691, avg=(double)32.705442, min=(double)0.277575, max=(double)47.020111, latency=(double)11.715773, fps=(double)85.355018, frame_num=(uint)987;
0:00:15.139566770 [32m    1[00m 0x708458001170 [37mTRACE  [00m [00;34m          GST_TRACER :0::[00m latency_tracer_pipeline, frame_latency=(double)22.489750, avg=(double)32.695102, min=(double)0.277575, max=(double)47.020111, latency=(double)11.705531, fps=(double)85.429696, frame_num=(uint)988;
0:00:15.161008296 [32m    1[00m 0x708458001170 [37mTRACE  [00m [00;34m          GST_TRACER :0::[00m latency_tracer_pipeline, frame_latency=(double)42.514997, avg=(double)32.705031, min=(double)0.277575, max=(double)47.020111, latency=(double)11.715380, fps=(double)85.357878, frame_num=(uint)989;
0:00:15.162322832 [32m    1[00m 0x708458001170 [37mTRACE  [00m [00;34m          GST_TRACER :0::[00m latency_tracer_pipeline, frame_latency=(double)23.634923, avg=(double)32.695869, min=(double)0.277575, max=(double)47.020111, latency=(double)11.704878, fps=(double)85.434465, frame_num=(uint)990;
0:00:15.185684037 [32m    1[00m 0x708458001170 [37mTRACE  [00m [00;34m          GST_TRACER :0::[00m latency_tracer_pipeline, frame_latency=(double)43.474779, avg=(double)32.706746, min=(double)0.277575, max=(double)47.020111, latency=(double)11.716631, fps=(double)85.348766, frame_num=(uint)991;
0:00:15.187051675 [32m    1[00m 0x708458001170 [37mTRACE  [00m [00;34m          GST_TRACER :0::[00m latency_tracer_pipeline, frame_latency=(double)25.473936, avg=(double)32.699455, min=(double)0.277575, max=(double)47.020111, latency=(double)11.706204, fps=(double)85.424787, frame_num=(uint)992;
0:00:15.187077676 [32m    1[00m 0x708458001170 [37mTRACE  [00m [00;34m          GST_TRACER :0::[00m latency_tracer_pipeline, frame_latency=(double)22.449319, avg=(double)32.689132, min=(double)0.277575, max=(double)47.020111, latency=(double)11.694447, fps=(double)85.510668, frame_num=(uint)993;
0:00:15.209800139 [32m    1[00m 0x708458001170 [37mTRACE  [00m [00;34m          GST_TRACER :0::[00m latency_tracer_pipeline, frame_latency=(double)40.942464, avg=(double)32.697436, min=(double)0.277575, max=(double)47.020111, latency=(double)11.705529, fps=(double)85.429717, frame_num=(uint)994;
0:00:15.211432517 [32m    1[00m 0x708458001170 [37mTRACE  [00m [00;34m          GST_TRACER :0::[00m latency_tracer_pipeline, frame_latency=(double)23.934684, avg=(double)32.688629, min=(double)0.277575, max=(double)47.020111, latency=(double)11.695408, fps=(double)85.503643, frame_num=(uint)995;
0:00:15.235781603 [32m    1[00m 0x708458001170 [37mTRACE  [00m [00;34m          GST_TRACER :0::[00m latency_tracer_pipeline, frame_latency=(double)44.389423, avg=(double)32.700377, min=(double)0.277575, max=(double)47.020111, latency=(double)11.708116, fps=(double)85.410838, frame_num=(uint)996;
0:00:15.237190073 [32m    1[00m 0x708458001170 [37mTRACE  [00m [00;34m          GST_TRACER :0::[00m latency_tracer_pipeline, frame_latency=(double)26.120375, avg=(double)32.693777, min=(double)0.277575, max=(double)47.020111, latency=(double)11.697787, fps=(double)85.486257, frame_num=(uint)997;
0:00:15.261083379 [32m    1[00m 0x708458001170 [37mTRACE  [00m [00;34m          GST_TRACER :0::[00m latency_tracer_pipeline, frame_latency=(double)44.340682, avg=(double)32.705447, min=(double)0.277575, max=(double)47.020111, latency=(double)11.710003, fps=(double)85.397075, frame_num=(uint)998;
0:00:15.262243433 [32m    1[00m 0x708458001170 [37mTRACE  [00m [00;34m          GST_TRACER :0::[00m latency_tracer_pipeline, frame_latency=(double)26.065297, avg=(double)32.698800, min=(double)0.277575, max=(double)47.020111, latency=(double)11.699449, fps=(double)85.474110, frame_num=(uint)999;
0:00:15.262259827 [32m    1[00m 0x708458001170 [37mTRACE  [00m [00;34m          GST_TRACER :0::[00m latency_tracer_pipeline, frame_latency=(double)22.284527, avg=(double)32.688386, min=(double)0.277575, max=(double)47.020111, latency=(double)11.687770, fps=(double)85.559517, frame_num=(uint)1000;
0:00:15.284251795 [32m    1[00m 0x708458001170 [37mTRACE  [00m [00;34m          GST_TRACER :0::[00m latency_tracer_pipeline, frame_latency=(double)40.223580, avg=(double)32.695914, min=(double)0.277575, max=(double)47.020111, latency=(double)11.698049, fps=(double)85.484341, frame_num=(uint)1001;
0:00:15.285558477 [32m    1[00m 0x708458001170 [37mTRACE  [00m [00;34m          GST_TRACER :0::[00m latency_tracer_pipeline, frame_latency=(double)22.262391, avg=(double)32.685501, min=(double)0.277575, max=(double)47.020111, latency=(double)11.687688, fps=(double)85.560117, frame_num=(uint)1002;
0:00:15.307814269 [32m    1[00m 0x708458001170 [37mTRACE  [00m [00;34m          GST_TRACER :0::[00m latency_tracer_pipeline, frame_latency=(double)41.650772, avg=(double)32.694439, min=(double)0.277575, max=(double)47.020111, latency=(double)11.698216, fps=(double)85.483120, frame_num=(uint)1003;
0:00:15.309209564 [32m    1[00m 0x708458001170 [37mTRACE  [00m [00;34m          GST_TRACER :0::[00m latency_tracer_pipeline, frame_latency=(double)23.164175, avg=(double)32.684947, min=(double)0.277575, max=(double)47.020111, latency=(double)11.687963, fps=(double)85.558105, frame_num=(uint)1004;
0:00:15.331351528 [32m    1[00m 0x708458001170 [37mTRACE  [00m [00;34m          GST_TRACER :0::[00m latency_tracer_pipeline, frame_latency=(double)41.676639, avg=(double)32.693894, min=(double)0.277575, max=(double)47.020111, latency=(double)11.698358, fps=(double)85.482080, frame_num=(uint)1005;
0:00:15.332724545 [32m    1[00m 0x708458001170 [37mTRACE  [00m [00;34m          GST_TRACER :0::[00m latency_tracer_pipeline, frame_latency=(double)24.440860, avg=(double)32.685690, min=(double)0.277575, max=(double)47.020111, latency=(double)11.688102, fps=(double)85.557094, frame_num=(uint)1006;
0:00:15.332743951 [32m    1[00m 0x708458001170 [37mTRACE  [00m [00;34m          GST_TRACER :0::[00m latency_tracer_pipeline, frame_latency=(double)21.698636, avg=(double)32.674780, min=(double)0.277575, max=(double)47.020111, latency=(double)11.676520, fps=(double)85.641958, frame_num=(uint)1007;
0:00:15.355355527 [32m    1[00m 0x708458001170 [37mTRACE  [00m [00;34m          GST_TRACER :0::[00m latency_tracer_pipeline, frame_latency=(double)41.926641, avg=(double)32.683958, min=(double)0.277575, max=(double)47.020111, latency=(double)11.687358, fps=(double)85.562539, frame_num=(uint)1008;
0:00:15.356979965 [32m    1[00m 0x708458001170 [37mTRACE  [00m [00;34m          GST_TRACER :0::[00m latency_tracer_pipeline, frame_latency=(double)23.864020, avg=(double)32.675217, min=(double)0.277575, max=(double)47.020111, latency=(double)11.677389, fps=(double)85.635585, frame_num=(uint)1009;
0:00:15.380542435 [32m    1[00m 0x708458001170 [37mTRACE  [00m [00;34m          GST_TRACER :0::[00m latency_tracer_pipeline, frame_latency=(double)41.527903, avg=(double)32.683982, min=(double)0.277575, max=(double)47.020111, latency=(double)11.689141, fps=(double)85.549484, frame_num=(uint)1010;
0:00:15.382062766 [32m    1[00m 0x708458001170 [37mTRACE  [00m [00;34m          GST_TRACER :0::[00m latency_tracer_pipeline, frame_latency=(double)24.091685, avg=(double)32.675483, min=(double)0.277575, max=(double)47.020111, latency=(double)11.679064, fps=(double)85.623303, frame_num=(uint)1011;
0:00:15.406078552 [32m    1[00m 0x708458001170 [37mTRACE  [00m [00;34m          GST_TRACER :0::[00m latency_tracer_pipeline, frame_latency=(double)43.106922, avg=(double)32.685791, min=(double)0.277575, max=(double)47.020111, latency=(double)11.691277, fps=(double)85.533853, frame_num=(uint)1012;
0:00:15.407580891 [32m    1[00m 0x708458001170 [37mTRACE  [00m [00;34m          GST_TRACER :0::[00m latency_tracer_pipeline, frame_latency=(double)26.031720, avg=(double)32.679222, min=(double)0.277575, max=(double)47.020111, latency=(double)11.681226, fps=(double)85.607453, frame_num=(uint)1013;
0:00:15.430601052 [32m    1[00m 0x708458001170 [37mTRACE  [00m [00;34m          GST_TRACER :0::[00m latency_tracer_pipeline, frame_latency=(double)44.620880, avg=(double)32.690999, min=(double)0.277575, max=(double)47.020111, latency=(double)11.692405, fps=(double)85.525601, frame_num=(uint)1014;
0:00:15.432355357 [32m    1[00m 0x708458001170 [37mTRACE  [00m [00;34m          GST_TRACER :0::[00m latency_tracer_pipeline, frame_latency=(double)25.514746, avg=(double)32.683929, min=(double)0.277575, max=(double)47.020111, latency=(double)11.682625, fps=(double)85.597200, frame_num=(uint)1015;
0:00:15.456026993 [32m    1[00m 0x708458001170 [37mTRACE  [00m [00;34m          GST_TRACER :0::[00m latency_tracer_pipeline, frame_latency=(double)44.013421, avg=(double)32.695080, min=(double)0.277575, max=(double)47.020111, latency=(double)11.694417, fps=(double)85.510889, frame_num=(uint)1016;
0:00:15.457464215 [32m    1[00m 0x708458001170 [37mTRACE  [00m [00;34m          GST_TRACER :0::[00m latency_tracer_pipeline, frame_latency=(double)25.278801, avg=(double)32.687787, min=(double)0.277575, max=(double)47.020111, latency=(double)11.684332, fps=(double)85.584699, frame_num=(uint)1017;
0:00:15.480488437 [32m    1[00m 0x708458001170 [37mTRACE  [00m [00;34m          GST_TRACER :0::[00m latency_tracer_pipeline, frame_latency=(double)43.428034, avg=(double)32.698338, min=(double)0.277575, max=(double)47.020111, latency=(double)11.695474, fps=(double)85.503164, frame_num=(uint)1018;
0:00:15.481831809 [32m    1[00m 0x708458001170 [37mTRACE  [00m [00;34m          GST_TRACER :0::[00m latency_tracer_pipeline, frame_latency=(double)24.010872, avg=(double)32.689812, min=(double)0.277575, max=(double)47.020111, latency=(double)11.685318, fps=(double)85.577475, frame_num=(uint)1019;
0:00:15.503122633 [32m    1[00m 0x708458001170 [37mTRACE  [00m [00;34m          GST_TRACER :0::[00m latency_tracer_pipeline, frame_latency=(double)38.171320, avg=(double)32.695186, min=(double)0.277575, max=(double)47.020111, latency=(double)11.694720, fps=(double)85.508677, frame_num=(uint)1020;
0:00:15.504592045 [32m    1[00m 0x708458001170 [37mTRACE  [00m [00;34m          GST_TRACER :0::[00m latency_tracer_pipeline, frame_latency=(double)22.000485, avg=(double)32.684712, min=(double)0.277575, max=(double)47.020111, latency=(double)11.684717, fps=(double)85.581874, frame_num=(uint)1021;
0:00:15.527748096 [32m    1[00m 0x708458001170 [37mTRACE  [00m [00;34m          GST_TRACER :0::[00m latency_tracer_pipeline, frame_latency=(double)42.725785, avg=(double)32.694536, min=(double)0.277575, max=(double)47.020111, latency=(double)11.695927, fps=(double)85.499847, frame_num=(uint)1022;
0:00:15.529133401 [32m    1[00m 0x708458001170 [37mTRACE  [00m [00;34m          GST_TRACER :0::[00m latency_tracer_pipeline, frame_latency=(double)22.495999, avg=(double)32.684567, min=(double)0.277575, max=(double)47.020111, latency=(double)11.685862, fps=(double)85.573493, frame_num=(uint)1023;
0:00:15.551620167 [32m    1[00m 0x708458001170 [37mTRACE  [00m [00;34m          GST_TRACER :0::[00m latency_tracer_pipeline, frame_latency=(double)42.089123, avg=(double)32.693751, min=(double)0.277575, max=(double)47.020111, latency=(double)11.696400, fps=(double)85.496390, frame_num=(uint)1024;
0:00:15.553143018 [32m    1[00m 0x708458001170 [37mTRACE  [00m [00;34m          GST_TRACER :0::[00m latency_tracer_pipeline, frame_latency=(double)24.948475, avg=(double)32.686195, min=(double)0.277575, max=(double)47.020111, latency=(double)11.686480, fps=(double)85.568967, frame_num=(uint)1025;
0:00:15.573969080 [32m    1[00m 0x708458001170 [37mTRACE  [00m [00;34m          GST_TRACER :0::[00m latency_tracer_pipeline, frame_latency=(double)43.218443, avg=(double)32.696460, min=(double)0.277575, max=(double)47.020111, latency=(double)11.695387, fps=(double)85.503796, frame_num=(uint)1026;
FpsCounter(average 9.07sec): total=335.66 fps, number-streams=4, per-stream=83.92 fps (85.29, 81.66, 85.07, 83.64)
0:00:15.575024426 [32m    1[00m 0x708458001170 [37mTRACE  [00m [00;34m          GST_TRACER :0::[00m latency_tracer_pipeline, frame_latency=(double)23.161138, avg=(double)32.687176, min=(double)0.277575, max=(double)47.020111, latency=(double)11.685021, fps=(double)85.579649, frame_num=(uint)1027;
0:00:15.597842702 [32m    1[00m 0x708458001170 [37mTRACE  [00m [00;34m          GST_TRACER :0::[00m latency_tracer_pipeline, frame_latency=(double)44.268718, avg=(double)32.698442, min=(double)0.277575, max=(double)47.020111, latency=(double)11.695853, fps=(double)85.500394, frame_num=(uint)1028;
0:00:15.598713544 [32m    1[00m 0x708458001170 [37mTRACE  [00m [00;34m          GST_TRACER :0::[00m latency_tracer_pipeline, frame_latency=(double)24.447645, avg=(double)32.690424, min=(double)0.277575, max=(double)47.020111, latency=(double)11.685335, fps=(double)85.577351, frame_num=(uint)1029;
0:00:15.598754354 [32m    1[00m 0x708458001170 [37mTRACE  [00m [00;34m          GST_TRACER :0::[00m latency_tracer_pipeline, frame_latency=(double)22.391941, avg=(double)32.680425, min=(double)0.277575, max=(double)47.020111, latency=(double)11.674040, fps=(double)85.660149, frame_num=(uint)1030;
0:00:15.622577158 [32m    1[00m 0x708458001170 [37mTRACE  [00m [00;34m          GST_TRACER :0::[00m latency_tracer_pipeline, frame_latency=(double)44.277907, avg=(double)32.691674, min=(double)0.277575, max=(double)47.020111, latency=(double)11.685811, fps=(double)85.573862, frame_num=(uint)1031;
0:00:15.623493438 [32m    1[00m 0x708458001170 [37mTRACE  [00m [00;34m          GST_TRACER :0::[00m latency_tracer_pipeline, frame_latency=(double)24.043593, avg=(double)32.683294, min=(double)0.277575, max=(double)47.020111, latency=(double)11.675365, fps=(double)85.650427, frame_num=(uint)1032;
0:00:15.647845618 [32m    1[00m 0x708458001170 [37mTRACE  [00m [00;34m          GST_TRACER :0::[00m latency_tracer_pipeline, frame_latency=(double)44.033511, avg=(double)32.694281, min=(double)0.277575, max=(double)47.020111, latency=(double)11.687641, fps=(double)85.560468, frame_num=(uint)1033;
0:00:15.648558584 [32m    1[00m 0x708458001170 [37mTRACE  [00m [00;34m          GST_TRACER :0::[00m latency_tracer_pipeline, frame_latency=(double)24.119573, avg=(double)32.685989, min=(double)0.277575, max=(double)47.020111, latency=(double)11.677034, fps=(double)85.638187, frame_num=(uint)1034;
FpsCounter(last 1.02sec): total=330.63 fps, number-streams=4, per-stream=82.66 fps (86.59, 79.71, 81.67, 82.66)
latency: -27504.98ms (-27996.58, -26873.04, -27935.58, -27173.86)
0:00:15.672411863 [32m    1[00m 0x708458001170 [37mTRACE  [00m [00;34m          GST_TRACER :0::[00m latency_tracer_pipeline, frame_latency=(double)43.028856, avg=(double)32.695982, min=(double)0.277575, max=(double)47.020111, latency=(double)11.688798, fps=(double)85.551997, frame_num=(uint)1035;
0:00:15.672440696 [32m    1[00m 0x708458001170 [37mTRACE  [00m [00;34m          GST_TRACER :0::[00m latency_tracer_pipeline_interval, interval=(double)1016.296624, avg=(double)33.044543, min=(double)21.698636, max=(double)47.020111, latency=(double)11.548825, fps=(double)86.588893;
0:00:15.673516681 [32m    1[00m 0x708458001170 [37mTRACE  [00m [00;34m          GST_TRACER :0::[00m latency_tracer_pipeline, frame_latency=(double)24.324801, avg=(double)32.687902, min=(double)0.277575, max=(double)47.020111, latency=(double)11.678586, fps=(double)85.626807, frame_num=(uint)1036;
0:00:15.696680810 [32m    1[00m 0x708458001170 [37mTRACE  [00m [00;34m          GST_TRACER :0::[00m latency_tracer_pipeline, frame_latency=(double)42.913391, avg=(double)32.697762, min=(double)0.277575, max=(double)47.020111, latency=(double)11.689653, fps=(double)85.545739, frame_num=(uint)1037;
0:00:15.697201317 [32m    1[00m 0x708458001170 [37mTRACE  [00m [00;34m          GST_TRACER :0::[00m latency_tracer_pipeline, frame_latency=(double)23.178132, avg=(double)32.688591, min=(double)0.277575, max=(double)47.020111, latency=(double)11.678897, fps=(double)85.624526, frame_num=(uint)1038;
0:00:15.721324159 [32m    1[00m 0x708458001170 [37mTRACE  [00m [00;34m          GST_TRACER :0::[00m latency_tracer_pipeline, frame_latency=(double)42.176530, avg=(double)32.697723, min=(double)0.277575, max=(double)47.020111, latency=(double)11.690875, fps=(double)85.536795, frame_num=(uint)1039;
0:00:15.722197899 [32m    1[00m 0x708458001170 [37mTRACE  [00m [00;34m          GST_TRACER :0::[00m latency_tracer_pipeline, frame_latency=(double)23.499073, avg=(double)32.688878, min=(double)0.277575, max=(double)47.020111, latency=(double)11.680487, fps=(double)85.612868, frame_num=(uint)1040;
0:00:15.746423886 [32m    1[00m 0x708458001170 [37mTRACE  [00m [00;34m          GST_TRACER :0::[00m latency_tracer_pipeline, frame_latency=(double)44.075203, avg=(double)32.699816, min=(double)0.277575, max=(double)47.020111, latency=(double)11.692501, fps=(double)85.524905, frame_num=(uint)1041;
0:00:15.747221083 [32m    1[00m 0x708458001170 [37mTRACE  [00m [00;34m          GST_TRACER :0::[00m latency_tracer_pipeline, frame_latency=(double)25.403467, avg=(double)32.692814, min=(double)0.277575, max=(double)47.020111, latency=(double)11.682065, fps=(double)85.601302, frame_num=(uint)1042;
0:00:15.771451740 [32m    1[00m 0x708458001170 [37mTRACE  [00m [00;34m          GST_TRACER :0::[00m latency_tracer_pipeline, frame_latency=(double)42.634624, avg=(double)32.702346, min=(double)0.277575, max=(double)47.020111, latency=(double)11.694103, fps=(double)85.513183, frame_num=(uint)1043;
0:00:15.772271945 [32m    1[00m 0x708458001170 [37mTRACE  [00m [00;34m          GST_TRACER :0::[00m latency_tracer_pipeline, frame_latency=(double)23.963105, avg=(double)32.693975, min=(double)0.277575, max=(double)47.020111, latency=(double)11.683696, fps=(double)85.589358, frame_num=(uint)1044;
0:00:15.795896899 [32m    1[00m 0x708458001170 [37mTRACE  [00m [00;34m          GST_TRACER :0::[00m latency_tracer_pipeline, frame_latency=(double)43.266328, avg=(double)32.704092, min=(double)0.277575, max=(double)47.020111, latency=(double)11.695118, fps=(double)85.505767, frame_num=(uint)1045;
0:00:15.796264130 [32m    1[00m 0x708458001170 [37mTRACE  [00m [00;34m          GST_TRACER :0::[00m latency_tracer_pipeline, frame_latency=(double)24.424512, avg=(double)32.696176, min=(double)0.277575, max=(double)47.020111, latency=(double)11.684293, fps=(double)85.584980, frame_num=(uint)1046;
0:00:15.822090527 [32m    1[00m 0x708458001170 [37mTRACE  [00m [00;34m          GST_TRACER :0::[00m latency_tracer_pipeline, frame_latency=(double)45.299396, avg=(double)32.708214, min=(double)0.277575, max=(double)47.020111, latency=(double)11.697793, fps=(double)85.486208, frame_num=(uint)1047;
0:00:15.822681752 [32m    1[00m 0x708458001170 [37mTRACE  [00m [00;34m          GST_TRACER :0::[00m latency_tracer_pipeline, frame_latency=(double)24.870868, avg=(double)32.700735, min=(double)0.277575, max=(double)47.020111, latency=(double)11.687203, fps=(double)85.563671, frame_num=(uint)1048;
0:00:15.847020439 [32m    1[00m 0x708458001170 [37mTRACE  [00m [00;34m          GST_TRACER :0::[00m latency_tracer_pipeline, frame_latency=(double)43.958315, avg=(double)32.711467, min=(double)0.277575, max=(double)47.020111, latency=(double)11.699256, fps=(double)85.475521, frame_num=(uint)1049;
0:00:15.847373257 [32m    1[00m 0x708458001170 [37mTRACE  [00m [00;34m          GST_TRACER :0::[00m latency_tracer_pipeline, frame_latency=(double)24.857252, avg=(double)32.703987, min=(double)0.277575, max=(double)47.020111, latency=(double)11.688458, fps=(double)85.554485, frame_num=(uint)1050;
0:00:15.871004222 [32m    1[00m 0x708458001170 [37mTRACE  [00m [00;34m          GST_TRACER :0::[00m latency_tracer_pipeline, frame_latency=(double)43.695333, avg=(double)32.714445, min=(double)0.277575, max=(double)47.020111, latency=(double)11.699810, fps=(double)85.471471, frame_num=(uint)1051;
0:00:15.871570026 [32m    1[00m 0x708458001170 [37mTRACE  [00m [00;34m          GST_TRACER :0::[00m latency_tracer_pipeline, frame_latency=(double)24.126738, avg=(double)32.706282, min=(double)0.277575, max=(double)47.020111, latency=(double)11.689234, fps=(double)85.548806, frame_num=(uint)1052;
0:00:15.871597325 [32m    1[00m 0x708458001170 [37mTRACE  [00m [00;34m          GST_TRACER :0::[00m latency_tracer_pipeline, frame_latency=(double)20.549275, avg=(double)32.694736, min=(double)0.277575, max=(double)47.020111, latency=(double)11.678161, fps=(double)85.629922, frame_num=(uint)1053;
0:00:15.895842704 [32m    1[00m 0x708458001170 [37mTRACE  [00m [00;34m          GST_TRACER :0::[00m latency_tracer_pipeline, frame_latency=(double)41.106796, avg=(double)32.702718, min=(double)0.277575, max=(double)47.020111, latency=(double)11.690077, fps=(double)85.542635, frame_num=(uint)1054;
0:00:15.896684877 [32m    1[00m 0x708458001170 [37mTRACE  [00m [00;34m          GST_TRACER :0::[00m latency_tracer_pipeline, frame_latency=(double)22.415905, avg=(double)32.692967, min=(double)0.277575, max=(double)47.020111, latency=(double)11.679806, fps=(double)85.617861, frame_num=(uint)1055;
0:00:15.919316995 [32m    1[00m 0x708458001170 [37mTRACE  [00m [00;34m          GST_TRACER :0::[00m latency_tracer_pipeline, frame_latency=(double)40.955635, avg=(double)32.700792, min=(double)0.277575, max=(double)47.020111, latency=(double)11.690167, fps=(double)85.541977, frame_num=(uint)1056;
0:00:15.943085386 [32m    1[00m 0x708458001170 [37mTRACE  [00m [00;34m          GST_TRACER :0::[00m latency_tracer_pipeline, frame_latency=(double)44.862250, avg=(double)32.712297, min=(double)0.277575, max=(double)47.020111, latency=(double)11.701588, fps=(double)85.458485, frame_num=(uint)1057;
0:00:15.943456469 [32m    1[00m 0x708458001170 [37mTRACE  [00m [00;34m          GST_TRACER :0::[00m latency_tracer_pipeline, frame_latency=(double)23.511992, avg=(double)32.703601, min=(double)0.277575, max=(double)47.020111, latency=(double)11.690884, fps=(double)85.536731, frame_num=(uint)1058;
0:00:15.966885138 [32m    1[00m 0x708458001170 [37mTRACE  [00m [00;34m          GST_TRACER :0::[00m latency_tracer_pipeline, frame_latency=(double)43.439543, avg=(double)32.713739, min=(double)0.277575, max=(double)47.020111, latency=(double)11.701968, fps=(double)85.455710, frame_num=(uint)1059;
0:00:15.967581330 [32m    1[00m 0x708458001170 [37mTRACE  [00m [00;34m          GST_TRACER :0::[00m latency_tracer_pipeline, frame_latency=(double)23.925676, avg=(double)32.705448, min=(double)0.277575, max=(double)47.020111, latency=(double)11.691593, fps=(double)85.531543, frame_num=(uint)1060;
0:00:15.990234222 [32m    1[00m 0x708458001170 [37mTRACE  [00m [00;34m          GST_TRACER :0::[00m latency_tracer_pipeline, frame_latency=(double)43.481932, avg=(double)32.715605, min=(double)0.277575, max=(double)47.020111, latency=(double)11.701918, fps=(double)85.456074, frame_num=(uint)1061;
0:00:15.990749726 [32m    1[00m 0x708458001170 [37mTRACE  [00m [00;34m          GST_TRACER :0::[00m latency_tracer_pipeline, frame_latency=(double)23.640566, avg=(double)32.707060, min=(double)0.277575, max=(double)47.020111, latency=(double)11.691391, fps=(double)85.533025, frame_num=(uint)1062;
0:00:16.013463950 [32m    1[00m 0x708458001170 [37mTRACE  [00m [00;34m          GST_TRACER :0::[00m latency_tracer_pipeline, frame_latency=(double)43.124877, avg=(double)32.716860, min=(double)0.277575, max=(double)47.020111, latency=(double)11.701754, fps=(double)85.457271, frame_num=(uint)1063;
0:00:16.014158867 [32m    1[00m 0x708458001170 [37mTRACE  [00m [00;34m          GST_TRACER :0::[00m latency_tracer_pipeline, frame_latency=(double)23.731204, avg=(double)32.708415, min=(double)0.277575, max=(double)47.020111, latency=(double)11.691414, fps=(double)85.532854, frame_num=(uint)1064;
0:00:16.036971597 [32m    1[00m 0x708458001170 [37mTRACE  [00m [00;34m          GST_TRACER :0::[00m latency_tracer_pipeline, frame_latency=(double)41.500737, avg=(double)32.716671, min=(double)0.277575, max=(double)47.020111, latency=(double)11.701851, fps=(double)85.456568, frame_num=(uint)1065;
0:00:16.060079553 [32m    1[00m 0x708458001170 [37mTRACE  [00m [00;34m          GST_TRACER :0::[00m latency_tracer_pipeline, frame_latency=(double)44.102175, avg=(double)32.727352, min=(double)0.277575, max=(double)47.020111, latency=(double)11.712554, fps=(double)85.378478, frame_num=(uint)1066;
0:00:16.060940651 [32m    1[00m 0x708458001170 [37mTRACE  [00m [00;34m          GST_TRACER :0::[00m latency_tracer_pipeline, frame_latency=(double)22.800077, avg=(double)32.718048, min=(double)0.277575, max=(double)47.020111, latency=(double)11.702388, fps=(double)85.452646, frame_num=(uint)1067;
0:00:16.083542779 [32m    1[00m 0x708458001170 [37mTRACE  [00m [00;34m          GST_TRACER :0::[00m latency_tracer_pipeline, frame_latency=(double)42.642950, avg=(double)32.727341, min=(double)0.277575, max=(double)47.020111, latency=(double)11.712589, fps=(double)85.378223, frame_num=(uint)1068;
0:00:16.084036010 [32m    1[00m 0x708458001170 [37mTRACE  [00m [00;34m          GST_TRACER :0::[00m latency_tracer_pipeline, frame_latency=(double)22.514700, avg=(double)32.717787, min=(double)0.277575, max=(double)47.020111, latency=(double)11.702096, fps=(double)85.454779, frame_num=(uint)1069;
0:00:16.107187075 [32m    1[00m 0x708458001170 [37mTRACE  [00m [00;34m          GST_TRACER :0::[00m latency_tracer_pipeline, frame_latency=(double)41.392989, avg=(double)32.725895, min=(double)0.277575, max=(double)47.020111, latency=(double)11.712783, fps=(double)85.376806, frame_num=(uint)1070;
0:00:16.107887235 [32m    1[00m 0x708458001170 [37mTRACE  [00m [00;34m          GST_TRACER :0::[00m latency_tracer_pipeline, frame_latency=(double)22.385447, avg=(double)32.716240, min=(double)0.277575, max=(double)47.020111, latency=(double)11.702506, fps=(double)85.451782, frame_num=(uint)1071;
0:00:16.130727575 [32m    1[00m 0x708458001170 [37mTRACE  [00m [00;34m          GST_TRACER :0::[00m latency_tracer_pipeline, frame_latency=(double)39.988555, avg=(double)32.723024, min=(double)0.277575, max=(double)47.020111, latency=(double)11.712873, fps=(double)85.376152, frame_num=(uint)1072;
0:00:16.131683789 [32m    1[00m 0x708458001170 [37mTRACE  [00m [00;34m          GST_TRACER :0::[00m latency_tracer_pipeline, frame_latency=(double)21.223028, avg=(double)32.712306, min=(double)0.277575, max=(double)47.020111, latency=(double)11.702866, fps=(double)85.449153, frame_num=(uint)1073;
0:00:16.153826267 [32m    1[00m 0x708458001170 [37mTRACE  [00m [00;34m          GST_TRACER :0::[00m latency_tracer_pipeline, frame_latency=(double)40.420447, avg=(double)32.719483, min=(double)0.277575, max=(double)47.020111, latency=(double)11.712583, fps=(double)85.378262, frame_num=(uint)1074;
0:00:16.154592242 [32m    1[00m 0x708458001170 [37mTRACE  [00m [00;34m          GST_TRACER :0::[00m latency_tracer_pipeline, frame_latency=(double)21.465532, avg=(double)32.709014, min=(double)0.277575, max=(double)47.020111, latency=(double)11.702409, fps=(double)85.452492, frame_num=(uint)1075;
0:00:16.176028527 [32m    1[00m 0x708458001170 [37mTRACE  [00m [00;34m          GST_TRACER :0::[00m latency_tracer_pipeline, frame_latency=(double)39.587041, avg=(double)32.715407, min=(double)0.277575, max=(double)47.020111, latency=(double)11.711454, fps=(double)85.386497, frame_num=(uint)1076;
0:00:16.177135769 [32m    1[00m 0x708458001170 [37mTRACE  [00m [00;34m          GST_TRACER :0::[00m latency_tracer_pipeline, frame_latency=(double)21.797414, avg=(double)32.705269, min=(double)0.277575, max=(double)47.020111, latency=(double)11.701609, fps=(double)85.458333, frame_num=(uint)1077;
0:00:16.199026790 [32m    1[00m 0x708458001170 [37mTRACE  [00m [00;34m          GST_TRACER :0::[00m latency_tracer_pipeline, frame_latency=(double)40.867356, avg=(double)32.712841, min=(double)0.277575, max=(double)47.020111, latency=(double)11.711061, fps=(double)85.389359, frame_num=(uint)1078;
0:00:16.199990204 [32m    1[00m 0x708458001170 [37mTRACE  [00m [00;34m          GST_TRACER :0::[00m latency_tracer_pipeline, frame_latency=(double)22.451077, avg=(double)32.703330, min=(double)0.277575, max=(double)47.020111, latency=(double)11.701101, fps=(double)85.462043, frame_num=(uint)1079;
0:00:16.222358584 [32m    1[00m 0x708458001170 [37mTRACE  [00m [00;34m          GST_TRACER :0::[00m latency_tracer_pipeline, frame_latency=(double)41.264586, avg=(double)32.711257, min=(double)0.277575, max=(double)47.020111, latency=(double)11.710973, fps=(double)85.390002, frame_num=(uint)1080;
0:00:16.223102363 [32m    1[00m 0x708458001170 [37mTRACE  [00m [00;34m          GST_TRACER :0::[00m latency_tracer_pipeline, frame_latency=(double)21.764952, avg=(double)32.701131, min=(double)0.277575, max=(double)47.020111, latency=(double)11.700833, fps=(double)85.464002, frame_num=(uint)1081;
0:00:16.245340609 [32m    1[00m 0x708458001170 [37mTRACE  [00m [00;34m          GST_TRACER :0::[00m latency_tracer_pipeline, frame_latency=(double)40.533666, avg=(double)32.708370, min=(double)0.277575, max=(double)47.020111, latency=(double)11.710568, fps=(double)85.392954, frame_num=(uint)1082;
0:00:16.268777648 [32m    1[00m 0x708458001170 [37mTRACE  [00m [00;34m          GST_TRACER :0::[00m latency_tracer_pipeline, frame_latency=(double)44.426363, avg=(double)32.719190, min=(double)0.277575, max=(double)47.020111, latency=(double)11.721404, fps=(double)85.314014, frame_num=(uint)1083;
0:00:16.269755456 [32m    1[00m 0x708458001170 [37mTRACE  [00m [00;34m          GST_TRACER :0::[00m latency_tracer_pipeline, frame_latency=(double)24.221259, avg=(double)32.711351, min=(double)0.277575, max=(double)47.020111, latency=(double)11.711484, fps=(double)85.386274, frame_num=(uint)1084;
0:00:16.292436349 [32m    1[00m 0x708458001170 [37mTRACE  [00m [00;34m          GST_TRACER :0::[00m latency_tracer_pipeline, frame_latency=(double)43.992274, avg=(double)32.721748, min=(double)0.277575, max=(double)47.020111, latency=(double)11.721591, fps=(double)85.312648, frame_num=(uint)1085;
0:00:16.293776642 [32m    1[00m 0x708458001170 [37mTRACE  [00m [00;34m          GST_TRACER :0::[00m latency_tracer_pipeline, frame_latency=(double)24.791891, avg=(double)32.714446, min=(double)0.277575, max=(double)47.020111, latency=(double)11.712037, fps=(double)85.382241, frame_num=(uint)1086;
0:00:16.315295334 [32m    1[00m 0x708458001170 [37mTRACE  [00m [00;34m          GST_TRACER :0::[00m latency_tracer_pipeline, frame_latency=(double)43.985275, avg=(double)32.724815, min=(double)0.277575, max=(double)47.020111, latency=(double)11.721055, fps=(double)85.316556, frame_num=(uint)1087;
0:00:16.316317337 [32m    1[00m 0x708458001170 [37mTRACE  [00m [00;34m          GST_TRACER :0::[00m latency_tracer_pipeline, frame_latency=(double)23.662013, avg=(double)32.716485, min=(double)0.277575, max=(double)47.020111, latency=(double)11.711223, fps=(double)85.388180, frame_num=(uint)1088;
0:00:16.316349283 [32m    1[00m 0x708458001170 [37mTRACE  [00m [00;34m          GST_TRACER :0::[00m latency_tracer_pipeline, frame_latency=(double)21.360871, avg=(double)32.706057, min=(double)0.277575, max=(double)47.020111, latency=(double)11.700514, fps=(double)85.466328, frame_num=(uint)1089;
0:00:16.339600584 [32m    1[00m 0x708458001170 [37mTRACE  [00m [00;34m          GST_TRACER :0::[00m latency_tracer_pipeline, frame_latency=(double)42.012047, avg=(double)32.714595, min=(double)0.277575, max=(double)47.020111, latency=(double)11.711093, fps=(double)85.389128, frame_num=(uint)1090;
0:00:16.362571190 [32m    1[00m 0x708458001170 [37mTRACE  [00m [00;34m          GST_TRACER :0::[00m latency_tracer_pipeline, frame_latency=(double)45.144757, avg=(double)32.725988, min=(double)0.277575, max=(double)47.020111, latency=(double)11.721412, fps=(double)85.313954, frame_num=(uint)1091;
0:00:16.363255007 [32m    1[00m 0x708458001170 [37mTRACE  [00m [00;34m          GST_TRACER :0::[00m latency_tracer_pipeline, frame_latency=(double)23.495567, avg=(double)32.717536, min=(double)0.277575, max=(double)47.020111, latency=(double)11.711309, fps=(double)85.387552, frame_num=(uint)1092;
0:00:16.385854936 [32m    1[00m 0x708458001170 [37mTRACE  [00m [00;34m          GST_TRACER :0::[00m latency_tracer_pipeline, frame_latency=(double)43.189969, avg=(double)32.727117, min=(double)0.277575, max=(double)47.020111, latency=(double)11.721265, fps=(double)85.315024, frame_num=(uint)1093;
0:00:16.386526486 [32m    1[00m 0x708458001170 [37mTRACE  [00m [00;34m          GST_TRACER :0::[00m latency_tracer_pipeline, frame_latency=(double)23.817078, avg=(double)32.718973, min=(double)0.277575, max=(double)47.020111, latency=(double)11.711171, fps=(double)85.388561, frame_num=(uint)1094;
0:00:16.408882786 [32m    1[00m 0x708458001170 [37mTRACE  [00m [00;34m          GST_TRACER :0::[00m latency_tracer_pipeline, frame_latency=(double)43.598731, avg=(double)32.728908, min=(double)0.277575, max=(double)47.020111, latency=(double)11.720899, fps=(double)85.317686, frame_num=(uint)1095;
0:00:16.409899990 [32m    1[00m 0x708458001170 [37mTRACE  [00m [00;34m          GST_TRACER :0::[00m latency_tracer_pipeline, frame_latency=(double)24.147523, avg=(double)32.721079, min=(double)0.277575, max=(double)47.020111, latency=(double)11.711126, fps=(double)85.388889, frame_num=(uint)1096;
0:00:16.409940620 [32m    1[00m 0x708458001170 [37mTRACE  [00m [00;34m          GST_TRACER :0::[00m latency_tracer_pipeline, frame_latency=(double)21.893034, avg=(double)32.711208, min=(double)0.277575, max=(double)47.020111, latency=(double)11.700498, fps=(double)85.466448, frame_num=(uint)1097;
0:00:16.432537071 [32m    1[00m 0x708458001170 [37mTRACE  [00m [00;34m          GST_TRACER :0::[00m latency_tracer_pipeline, frame_latency=(double)41.514455, avg=(double)32.719226, min=(double)0.277575, max=(double)47.020111, latency=(double)11.710416, fps=(double)85.394066, frame_num=(uint)1098;
0:00:16.433186460 [32m    1[00m 0x708458001170 [37mTRACE  [00m [00;34m          GST_TRACER :0::[00m latency_tracer_pipeline, frame_latency=(double)21.729833, avg=(double)32.709226, min=(double)0.277575, max=(double)47.020111, latency=(double)11.700357, fps=(double)85.467480, frame_num=(uint)1099;
0:00:16.455531227 [32m    1[00m 0x708458001170 [37mTRACE  [00m [00;34m          GST_TRACER :0::[00m latency_tracer_pipeline, frame_latency=(double)41.980846, avg=(double)32.717655, min=(double)0.277575, max=(double)47.020111, latency=(double)11.710024, fps=(double)85.396920, frame_num=(uint)1100;
0:00:16.456946526 [32m    1[00m 0x708458001170 [37mTRACE  [00m [00;34m          GST_TRACER :0::[00m latency_tracer_pipeline, frame_latency=(double)23.605368, avg=(double)32.709379, min=(double)0.277575, max=(double)47.020111, latency=(double)11.700671, fps=(double)85.465183, frame_num=(uint)1101;
0:00:16.477828029 [32m    1[00m 0x708458001170 [37mTRACE  [00m [00;34m          GST_TRACER :0::[00m latency_tracer_pipeline, frame_latency=(double)42.091848, avg=(double)32.717893, min=(double)0.277575, max=(double)47.020111, latency=(double)11.709004, fps=(double)85.404360, frame_num=(uint)1102;
0:00:16.478906366 [32m    1[00m 0x708458001170 [37mTRACE  [00m [00;34m          GST_TRACER :0::[00m latency_tracer_pipeline, frame_latency=(double)22.693263, avg=(double)32.708804, min=(double)0.277575, max=(double)47.020111, latency=(double)11.699363, fps=(double)85.474739, frame_num=(uint)1103;
0:00:16.501682631 [32m    1[00m 0x708458001170 [37mTRACE  [00m [00;34m          GST_TRACER :0::[00m latency_tracer_pipeline, frame_latency=(double)42.822565, avg=(double)32.717965, min=(double)0.277575, max=(double)47.020111, latency=(double)11.709376, fps=(double)85.401645, frame_num=(uint)1104;
0:00:16.502311955 [32m    1[00m 0x708458001170 [37mTRACE  [00m [00;34m          GST_TRACER :0::[00m latency_tracer_pipeline, frame_latency=(double)24.238027, avg=(double)32.710291, min=(double)0.277575, max=(double)47.020111, latency=(double)11.699383, fps=(double)85.474594, frame_num=(uint)1105;
0:00:16.502330240 [32m    1[00m 0x708458001170 [37mTRACE  [00m [00;34m          GST_TRACER :0::[00m latency_tracer_pipeline, frame_latency=(double)21.998181, avg=(double)32.700605, min=(double)0.277575, max=(double)47.020111, latency=(double)11.688825, fps=(double)85.551800, frame_num=(uint)1106;
0:00:16.525669095 [32m    1[00m 0x708458001170 [37mTRACE  [00m [00;34m          GST_TRACER :0::[00m latency_tracer_pipeline, frame_latency=(double)40.821584, avg=(double)32.707942, min=(double)0.277575, max=(double)47.020111, latency=(double)11.699340, fps=(double)85.474905, frame_num=(uint)1107;
0:00:16.526597790 [32m    1[00m 0x708458001170 [37mTRACE  [00m [00;34m          GST_TRACER :0::[00m latency_tracer_pipeline, frame_latency=(double)22.386988, avg=(double)32.698627, min=(double)0.277575, max=(double)47.020111, latency=(double)11.689623, fps=(double)85.545955, frame_num=(uint)1108;
0:00:16.550933629 [32m    1[00m 0x708458001170 [37mTRACE  [00m [00;34m          GST_TRACER :0::[00m latency_tracer_pipeline, frame_latency=(double)42.443457, avg=(double)32.707414, min=(double)0.277575, max=(double)47.020111, latency=(double)11.701024, fps=(double)85.462604, frame_num=(uint)1109;
0:00:16.551651279 [32m    1[00m 0x708458001170 [37mTRACE  [00m [00;34m          GST_TRACER :0::[00m latency_tracer_pipeline, frame_latency=(double)23.585157, avg=(double)32.699195, min=(double)0.277575, max=(double)47.020111, latency=(double)11.691132, fps=(double)85.534920, frame_num=(uint)1110;
FpsCounter(average 10.08sec): total=335.65 fps, number-streams=4, per-stream=83.91 fps (85.15, 81.88, 84.66, 83.96)
0:00:16.575502429 [32m    1[00m 0x708458001170 [37mTRACE  [00m [00;34m          GST_TRACER :0::[00m latency_tracer_pipeline, frame_latency=(double)42.309237, avg=(double)32.707845, min=(double)0.277575, max=(double)47.020111, latency=(double)11.702072, fps=(double)85.454949, frame_num=(uint)1111;
0:00:16.576891818 [32m    1[00m 0x708458001170 [37mTRACE  [00m [00;34m          GST_TRACER :0::[00m latency_tracer_pipeline, frame_latency=(double)23.378596, avg=(double)32.699456, min=(double)0.277575, max=(double)47.020111, latency=(double)11.692792, fps=(double)85.522770, frame_num=(uint)1112;
0:00:16.598893831 [32m    1[00m 0x708458001170 [37mTRACE  [00m [00;34m          GST_TRACER :0::[00m latency_tracer_pipeline, frame_latency=(double)41.086276, avg=(double)32.706991, min=(double)0.277575, max=(double)47.020111, latency=(double)11.702050, fps=(double)85.455111, frame_num=(uint)1113;
0:00:16.599855513 [32m    1[00m 0x708458001170 [37mTRACE  [00m [00;34m          GST_TRACER :0::[00m latency_tracer_pipeline, frame_latency=(double)22.712154, avg=(double)32.698019, min=(double)0.277575, max=(double)47.020111, latency=(double)11.692414, fps=(double)85.525538, frame_num=(uint)1114;
0:00:16.623010962 [32m    1[00m 0x708458001170 [37mTRACE  [00m [00;34m          GST_TRACER :0::[00m latency_tracer_pipeline, frame_latency=(double)43.442523, avg=(double)32.707655, min=(double)0.277575, max=(double)47.020111, latency=(double)11.702699, fps=(double)85.450373, frame_num=(uint)1115;
0:00:16.623891899 [32m    1[00m 0x708458001170 [37mTRACE  [00m [00;34m          GST_TRACER :0::[00m latency_tracer_pipeline, frame_latency=(double)23.493869, avg=(double)32.699399, min=(double)0.277575, max=(double)47.020111, latency=(double)11.693009, fps=(double)85.521187, frame_num=(uint)1116;
0:00:16.647653720 [32m    1[00m 0x708458001170 [37mTRACE  [00m [00;34m          GST_TRACER :0::[00m latency_tracer_pipeline, frame_latency=(double)40.225528, avg=(double)32.706137, min=(double)0.277575, max=(double)47.020111, latency=(double)11.703809, fps=(double)85.442271, frame_num=(uint)1117;
0:00:16.648221944 [32m    1[00m 0x708458001170 [37mTRACE  [00m [00;34m          GST_TRACER :0::[00m latency_tracer_pipeline, frame_latency=(double)23.247172, avg=(double)32.697676, min=(double)0.277575, max=(double)47.020111, latency=(double)11.693853, fps=(double)85.515016, frame_num=(uint)1118;
0:00:16.671780762 [32m    1[00m 0x708458001170 [37mTRACE  [00m [00;34m          GST_TRACER :0::[00m latency_tracer_pipeline, frame_latency=(double)40.698662, avg=(double)32.704827, min=(double)0.277575, max=(double)47.020111, latency=(double)11.704444, fps=(double)85.437632, frame_num=(uint)1119;
FpsCounter(last 1.00sec): total=339.84 fps, number-streams=4, per-stream=84.96 fps (84.96, 85.96, 81.96, 86.96)
latency: -29849.49ms (-30442.70, -29185.68, -30218.62, -29578.17)
0:00:16.696239331 [32m    1[00m 0x708458001170 [37mTRACE  [00m [00;34m          GST_TRACER :0::[00m latency_tracer_pipeline, frame_latency=(double)45.087477, avg=(double)32.715882, min=(double)0.277575, max=(double)47.020111, latency=(double)11.715838, fps=(double)85.354542, frame_num=(uint)1120;
0:00:16.696260212 [32m    1[00m 0x708458001170 [37mTRACE  [00m [00;34m          GST_TRACER :0::[00m latency_tracer_pipeline_interval, interval=(double)1023.833063, avg=(double)32.958202, min=(double)20.549275, max=(double)45.299396, latency=(double)12.045095, fps=(double)83.021347;
0:00:16.697047299 [32m    1[00m 0x708458001170 [37mTRACE  [00m [00;34m          GST_TRACER :0::[00m latency_tracer_pipeline, frame_latency=(double)24.898631, avg=(double)32.708909, min=(double)0.277575, max=(double)47.020111, latency=(double)11.706114, fps=(double)85.425445, frame_num=(uint)1121;
0:00:16.720852956 [32m    1[00m 0x708458001170 [37mTRACE  [00m [00;34m          GST_TRACER :0::[00m latency_tracer_pipeline, frame_latency=(double)43.666220, avg=(double)32.718675, min=(double)0.277575, max=(double)47.020111, latency=(double)11.716882, fps=(double)85.346934, frame_num=(uint)1122;
0:00:16.721482159 [32m    1[00m 0x708458001170 [37mTRACE  [00m [00;34m          GST_TRACER :0::[00m latency_tracer_pipeline, frame_latency=(double)24.581214, avg=(double)32.711429, min=(double)0.277575, max=(double)47.020111, latency=(double)11.707002, fps=(double)85.418967, frame_num=(uint)1123;
0:00:16.745014511 [32m    1[00m 0x708458001170 [37mTRACE  [00m [00;34m          GST_TRACER :0::[00m latency_tracer_pipeline, frame_latency=(double)41.693294, avg=(double)32.719420, min=(double)0.277575, max=(double)47.020111, latency=(double)11.717532, fps=(double)85.342207, frame_num=(uint)1124;
0:00:16.745786434 [32m    1[00m 0x708458001170 [37mTRACE  [00m [00;34m          GST_TRACER :0::[00m latency_tracer_pipeline, frame_latency=(double)24.611223, avg=(double)32.712212, min=(double)0.277575, max=(double)47.020111, latency=(double)11.707816, fps=(double)85.413027, frame_num=(uint)1125;
0:00:16.768877884 [32m    1[00m 0x708458001170 [37mTRACE  [00m [00;34m          GST_TRACER :0::[00m latency_tracer_pipeline, frame_latency=(double)43.495244, avg=(double)32.721789, min=(double)0.277575, max=(double)47.020111, latency=(double)11.717918, fps=(double)85.339389, frame_num=(uint)1126;
0:00:16.769645871 [32m    1[00m 0x708458001170 [37mTRACE  [00m [00;34m          GST_TRACER :0::[00m latency_tracer_pipeline, frame_latency=(double)24.360536, avg=(double)32.714370, min=(double)0.277575, max=(double)47.020111, latency=(double)11.708207, fps=(double)85.410171, frame_num=(uint)1127;
0:00:16.792635823 [32m    1[00m 0x708458001170 [37mTRACE  [00m [00;34m          GST_TRACER :0::[00m latency_tracer_pipeline, frame_latency=(double)43.730601, avg=(double)32.724136, min=(double)0.277575, max=(double)47.020111, latency=(double)11.718206, fps=(double)85.337296, frame_num=(uint)1128;
0:00:16.793412160 [32m    1[00m 0x708458001170 [37mTRACE  [00m [00;34m          GST_TRACER :0::[00m latency_tracer_pipeline, frame_latency=(double)24.394480, avg=(double)32.716758, min=(double)0.277575, max=(double)47.020111, latency=(double)11.708516, fps=(double)85.407923, frame_num=(uint)1129;
0:00:16.816948326 [32m    1[00m 0x708458001170 [37mTRACE  [00m [00;34m          GST_TRACER :0::[00m latency_tracer_pipeline, frame_latency=(double)44.377561, avg=(double)32.727077, min=(double)0.277575, max=(double)47.020111, latency=(double)11.718986, fps=(double)85.331615, frame_num=(uint)1130;
0:00:16.817527828 [32m    1[00m 0x708458001170 [37mTRACE  [00m [00;34m          GST_TRACER :0::[00m latency_tracer_pipeline, frame_latency=(double)23.928888, avg=(double)32.719298, min=(double)0.277575, max=(double)47.020111, latency=(double)11.709140, fps=(double)85.403371, frame_num=(uint)1131;
0:00:16.842392042 [32m    1[00m 0x708458001170 [37mTRACE  [00m [00;34m          GST_TRACER :0::[00m latency_tracer_pipeline, frame_latency=(double)43.121097, avg=(double)32.728487, min=(double)0.277575, max=(double)47.020111, latency=(double)11.720755, fps=(double)85.318735, frame_num=(uint)1132;
0:00:16.843259713 [32m    1[00m 0x708458001170 [37mTRACE  [00m [00;34m          GST_TRACER :0::[00m latency_tracer_pipeline, frame_latency=(double)25.347605, avg=(double)32.721973, min=(double)0.277575, max=(double)47.020111, latency=(double)11.711182, fps=(double)85.388477, frame_num=(uint)1133;
0:00:16.867334881 [32m    1[00m 0x708458001170 [37mTRACE  [00m [00;34m          GST_TRACER :0::[00m latency_tracer_pipeline, frame_latency=(double)43.270284, avg=(double)32.731274, min=(double)0.277575, max=(double)47.020111, latency=(double)11.722081, fps=(double)85.309086, frame_num=(uint)1134;
0:00:16.868223526 [32m    1[00m 0x708458001170 [37mTRACE  [00m [00;34m          GST_TRACER :0::[00m latency_tracer_pipeline, frame_latency=(double)24.649504, avg=(double)32.724154, min=(double)0.277575, max=(double)47.020111, latency=(double)11.712535, fps=(double)85.378611, frame_num=(uint)1135;
0:00:16.892599341 [32m    1[00m 0x708458001170 [37mTRACE  [00m [00;34m          GST_TRACER :0::[00m latency_tracer_pipeline, frame_latency=(double)43.652149, avg=(double)32.733774, min=(double)0.277575, max=(double)47.020111, latency=(double)11.723679, fps=(double)85.297453, frame_num=(uint)1136;
0:00:16.893380944 [32m    1[00m 0x708458001170 [37mTRACE  [00m [00;34m          GST_TRACER :0::[00m latency_tracer_pipeline, frame_latency=(double)24.673958, avg=(double)32.726685, min=(double)0.277575, max=(double)47.020111, latency=(double)11.714060, fps=(double)85.367495, frame_num=(uint)1137;
0:00:16.917547558 [32m    1[00m 0x708458001170 [37mTRACE  [00m [00;34m          GST_TRACER :0::[00m latency_tracer_pipeline, frame_latency=(double)43.858393, avg=(double)32.736467, min=(double)0.277575, max=(double)47.020111, latency=(double)11.725000, fps=(double)85.287848, frame_num=(uint)1138;
0:00:16.918005308 [32m    1[00m 0x708458001170 [37mTRACE  [00m [00;34m          GST_TRACER :0::[00m latency_tracer_pipeline, frame_latency=(double)24.509202, avg=(double)32.729244, min=(double)0.277575, max=(double)47.020111, latency=(double)11.715112, fps=(double)85.359831, frame_num=(uint)1139;
0:00:16.942205824 [32m    1[00m 0x708458001170 [37mTRACE  [00m [00;34m          GST_TRACER :0::[00m latency_tracer_pipeline, frame_latency=(double)43.421474, avg=(double)32.738623, min=(double)0.277575, max=(double)47.020111, latency=(double)11.726058, fps=(double)85.280152, frame_num=(uint)1140;
0:00:16.942835374 [32m    1[00m 0x708458001170 [37mTRACE  [00m [00;34m          GST_TRACER :0::[00m latency_tracer_pipeline, frame_latency=(double)24.243001, avg=(double)32.731177, min=(double)0.277575, max=(double)47.020111, latency=(double)11.716326, fps=(double)85.350985, frame_num=(uint)1141;
0:00:16.966431300 [32m    1[00m 0x708458001170 [37mTRACE  [00m [00;34m          GST_TRACER :0::[00m latency_tracer_pipeline, frame_latency=(double)43.152584, avg=(double)32.740303, min=(double)0.277575, max=(double)47.020111, latency=(double)11.726732, fps=(double)85.275251, frame_num=(uint)1142;
0:00:16.967631528 [32m    1[00m 0x708458001170 [37mTRACE  [00m [00;34m          GST_TRACER :0::[00m latency_tracer_pipeline, frame_latency=(double)23.553212, avg=(double)32.732265, min=(double)0.277575, max=(double)47.020111, latency=(double)11.717530, fps=(double)85.342216, frame_num=(uint)1143;
0:00:16.991171636 [32m    1[00m 0x708458001170 [37mTRACE  [00m [00;34m          GST_TRACER :0::[00m latency_tracer_pipeline, frame_latency=(double)42.510323, avg=(double)32.740812, min=(double)0.277575, max=(double)47.020111, latency=(double)11.727858, fps=(double)85.267066, frame_num=(uint)1144;
0:00:16.991685220 [32m    1[00m 0x708458001170 [37mTRACE  [00m [00;34m          GST_TRACER :0::[00m latency_tracer_pipeline, frame_latency=(double)24.124199, avg=(double)32.733287, min=(double)0.277575, max=(double)47.020111, latency=(double)11.718070, fps=(double)85.338284, frame_num=(uint)1145;
0:00:17.015648981 [32m    1[00m 0x708458001170 [37mTRACE  [00m [00;34m          GST_TRACER :0::[00m latency_tracer_pipeline, frame_latency=(double)42.021813, avg=(double)32.741392, min=(double)0.277575, max=(double)47.020111, latency=(double)11.728752, fps=(double)85.260565, frame_num=(uint)1146;
0:00:17.016425079 [32m    1[00m 0x708458001170 [37mTRACE  [00m [00;34m          GST_TRACER :0::[00m latency_tracer_pipeline, frame_latency=(double)24.436753, avg=(double)32.734152, min=(double)0.277575, max=(double)47.020111, latency=(double)11.719207, fps=(double)85.330003, frame_num=(uint)1147;
0:00:17.039386143 [32m    1[00m 0x708458001170 [37mTRACE  [00m [00;34m          GST_TRACER :0::[00m latency_tracer_pipeline, frame_latency=(double)42.323125, avg=(double)32.742504, min=(double)0.277575, max=(double)47.020111, latency=(double)11.728995, fps=(double)85.258800, frame_num=(uint)1148;
0:00:17.040316838 [32m    1[00m 0x708458001170 [37mTRACE  [00m [00;34m          GST_TRACER :0::[00m latency_tracer_pipeline, frame_latency=(double)23.456004, avg=(double)32.734422, min=(double)0.277575, max=(double)47.020111, latency=(double)11.719601, fps=(double)85.327136, frame_num=(uint)1149;
0:00:17.063234520 [32m    1[00m 0x708458001170 [37mTRACE  [00m [00;34m          GST_TRACER :0::[00m latency_tracer_pipeline, frame_latency=(double)41.522709, avg=(double)32.742064, min=(double)0.277575, max=(double)47.020111, latency=(double)11.729335, fps=(double)85.256323, frame_num=(uint)1150;
0:00:17.064455909 [32m    1[00m 0x708458001170 [37mTRACE  [00m [00;34m          GST_TRACER :0::[00m latency_tracer_pipeline, frame_latency=(double)23.348807, avg=(double)32.733903, min=(double)0.277575, max=(double)47.020111, latency=(double)11.720210, fps=(double)85.322704, frame_num=(uint)1151;
0:00:17.086011367 [32m    1[00m 0x708458001170 [37mTRACE  [00m [00;34m          GST_TRACER :0::[00m latency_tracer_pipeline, frame_latency=(double)41.344710, avg=(double)32.741378, min=(double)0.277575, max=(double)47.020111, latency=(double)11.728742, fps=(double)85.260633, frame_num=(uint)1152;
0:00:17.086388918 [32m    1[00m 0x708458001170 [37mTRACE  [00m [00;34m          GST_TRACER :0::[00m latency_tracer_pipeline, frame_latency=(double)21.246905, avg=(double)32.731409, min=(double)0.277575, max=(double)47.020111, latency=(double)11.718895, fps=(double)85.332277, frame_num=(uint)1153;
0:00:17.109055846 [32m    1[00m 0x708458001170 [37mTRACE  [00m [00;34m          GST_TRACER :0::[00m latency_tracer_pipeline, frame_latency=(double)40.966098, avg=(double)32.738544, min=(double)0.277575, max=(double)47.020111, latency=(double)11.728379, fps=(double)85.263277, frame_num=(uint)1154;
0:00:17.109550847 [32m    1[00m 0x708458001170 [37mTRACE  [00m [00;34m          GST_TRACER :0::[00m latency_tracer_pipeline, frame_latency=(double)22.135642, avg=(double)32.729364, min=(double)0.277575, max=(double)47.020111, latency=(double)11.718662, fps=(double)85.333974, frame_num=(uint)1155;
0:00:17.132822256 [32m    1[00m 0x708458001170 [37mTRACE  [00m [00;34m          GST_TRACER :0::[00m latency_tracer_pipeline, frame_latency=(double)42.047128, avg=(double)32.737425, min=(double)0.277575, max=(double)47.020111, latency=(double)11.728650, fps=(double)85.261305, frame_num=(uint)1156;
0:00:17.133708417 [32m    1[00m 0x708458001170 [37mTRACE  [00m [00;34m          GST_TRACER :0::[00m latency_tracer_pipeline, frame_latency=(double)23.167808, avg=(double)32.729154, min=(double)0.277575, max=(double)47.020111, latency=(double)11.719284, fps=(double)85.329445, frame_num=(uint)1157;
0:00:17.156100691 [32m    1[00m 0x708458001170 [37mTRACE  [00m [00;34m          GST_TRACER :0::[00m latency_tracer_pipeline, frame_latency=(double)42.423469, avg=(double)32.737525, min=(double)0.277575, max=(double)47.020111, latency=(double)11.728502, fps=(double)85.262381, frame_num=(uint)1158;
0:00:17.157010738 [32m    1[00m 0x708458001170 [37mTRACE  [00m [00;34m          GST_TRACER :0::[00m latency_tracer_pipeline, frame_latency=(double)22.536853, avg=(double)32.728724, min=(double)0.277575, max=(double)47.020111, latency=(double)11.719166, fps=(double)85.330301, frame_num=(uint)1159;
0:00:17.179406754 [32m    1[00m 0x708458001170 [37mTRACE  [00m [00;34m          GST_TRACER :0::[00m latency_tracer_pipeline, frame_latency=(double)41.133245, avg=(double)32.735969, min=(double)0.277575, max=(double)47.020111, latency=(double)11.728371, fps=(double)85.263332, frame_num=(uint)1160;
0:00:17.179995086 [32m    1[00m 0x708458001170 [37mTRACE  [00m [00;34m          GST_TRACER :0::[00m latency_tracer_pipeline, frame_latency=(double)22.269080, avg=(double)32.726954, min=(double)0.277575, max=(double)47.020111, latency=(double)11.718774, fps=(double)85.333159, frame_num=(uint)1161;
0:00:17.203036128 [32m    1[00m 0x708458001170 [37mTRACE  [00m [00;34m          GST_TRACER :0::[00m latency_tracer_pipeline, frame_latency=(double)42.485652, avg=(double)32.735352, min=(double)0.277575, max=(double)47.020111, latency=(double)11.728512, fps=(double)85.262306, frame_num=(uint)1162;
0:00:17.203810351 [32m    1[00m 0x708458001170 [37mTRACE  [00m [00;34m          GST_TRACER :0::[00m latency_tracer_pipeline, frame_latency=(double)22.167742, avg=(double)32.726265, min=(double)0.277575, max=(double)47.020111, latency=(double)11.719087, fps=(double)85.330881, frame_num=(uint)1163;
0:00:17.226650713 [32m    1[00m 0x708458001170 [37mTRACE  [00m [00;34m          GST_TRACER :0::[00m latency_tracer_pipeline, frame_latency=(double)41.446158, avg=(double)32.733757, min=(double)0.277575, max=(double)47.020111, latency=(double)11.728643, fps=(double)85.261355, frame_num=(uint)1164;
0:00:17.227528395 [32m    1[00m 0x708458001170 [37mTRACE  [00m [00;34m          GST_TRACER :0::[00m latency_tracer_pipeline, frame_latency=(double)23.700458, avg=(double)32.726003, min=(double)0.277575, max=(double)47.020111, latency=(double)11.719332, fps=(double)85.329092, frame_num=(uint)1165;
0:00:17.251361172 [32m    1[00m 0x708458001170 [37mTRACE  [00m [00;34m          GST_TRACER :0::[00m latency_tracer_pipeline, frame_latency=(double)42.370273, avg=(double)32.734274, min=(double)0.277575, max=(double)47.020111, latency=(double)11.729718, fps=(double)85.253538, frame_num=(uint)1166;
0:00:17.251997196 [32m    1[00m 0x708458001170 [37mTRACE  [00m [00;34m          GST_TRACER :0::[00m latency_tracer_pipeline, frame_latency=(double)23.414597, avg=(double)32.726288, min=(double)0.277575, max=(double)47.020111, latency=(double)11.720214, fps=(double)85.322672, frame_num=(uint)1167;
0:00:17.276228321 [32m    1[00m 0x708458001170 [37mTRACE  [00m [00;34m          GST_TRACER :0::[00m latency_tracer_pipeline, frame_latency=(double)44.365316, avg=(double)32.736253, min=(double)0.277575, max=(double)47.020111, latency=(double)11.730922, fps=(double)85.244791, frame_num=(uint)1168;
0:00:17.277007815 [32m    1[00m 0x708458001170 [37mTRACE  [00m [00;34m          GST_TRACER :0::[00m latency_tracer_pipeline, frame_latency=(double)24.790724, avg=(double)32.729456, min=(double)0.277575, max=(double)47.020111, latency=(double)11.721558, fps=(double)85.312891, frame_num=(uint)1169;
0:00:17.301587435 [32m    1[00m 0x708458001170 [37mTRACE  [00m [00;34m          GST_TRACER :0::[00m latency_tracer_pipeline, frame_latency=(double)42.249305, avg=(double)32.737593, min=(double)0.277575, max=(double)47.020111, latency=(double)11.732549, fps=(double)85.232971, frame_num=(uint)1170;
0:00:17.302622451 [32m    1[00m 0x708458001170 [37mTRACE  [00m [00;34m          GST_TRACER :0::[00m latency_tracer_pipeline, frame_latency=(double)22.068196, avg=(double)32.728481, min=(double)0.277575, max=(double)47.020111, latency=(double)11.723414, fps=(double)85.299381, frame_num=(uint)1171;
0:00:17.326795692 [32m    1[00m 0x708458001170 [37mTRACE  [00m [00;34m          GST_TRACER :0::[00m latency_tracer_pipeline, frame_latency=(double)41.481418, avg=(double)32.735950, min=(double)0.277575, max=(double)47.020111, latency=(double)11.734037, fps=(double)85.222161, frame_num=(uint)1172;
0:00:17.327491387 [32m    1[00m 0x708458001170 [37mTRACE  [00m [00;34m          GST_TRACER :0::[00m latency_tracer_pipeline, frame_latency=(double)22.734031, avg=(double)32.727423, min=(double)0.277575, max=(double)47.020111, latency=(double)11.724620, fps=(double)85.290614, frame_num=(uint)1173;
0:00:17.349993594 [32m    1[00m 0x708458001170 [37mTRACE  [00m [00;34m          GST_TRACER :0::[00m latency_tracer_pipeline, frame_latency=(double)40.432052, avg=(double)32.733986, min=(double)0.277575, max=(double)47.020111, latency=(double)11.733805, fps=(double)85.223844, frame_num=(uint)1174;
0:00:17.350718158 [32m    1[00m 0x708458001170 [37mTRACE  [00m [00;34m          GST_TRACER :0::[00m latency_tracer_pipeline, frame_latency=(double)21.365987, avg=(double)32.724311, min=(double)0.277575, max=(double)47.020111, latency=(double)11.724439, fps=(double)85.291929, frame_num=(uint)1175;
0:00:17.373034289 [32m    1[00m 0x708458001170 [37mTRACE  [00m [00;34m          GST_TRACER :0::[00m latency_tracer_pipeline, frame_latency=(double)41.063691, avg=(double)32.731402, min=(double)0.277575, max=(double)47.020111, latency=(double)11.733441, fps=(double)85.226491, frame_num=(uint)1176;
0:00:17.396344780 [32m    1[00m 0x708458001170 [37mTRACE  [00m [00;34m          GST_TRACER :0::[00m latency_tracer_pipeline, frame_latency=(double)44.196907, avg=(double)32.741143, min=(double)0.277575, max=(double)47.020111, latency=(double)11.743262, fps=(double)85.155212, frame_num=(uint)1177;
0:00:17.397442676 [32m    1[00m 0x708458001170 [37mTRACE  [00m [00;34m          GST_TRACER :0::[00m latency_tracer_pipeline, frame_latency=(double)24.289069, avg=(double)32.733969, min=(double)0.277575, max=(double)47.020111, latency=(double)11.734245, fps=(double)85.220652, frame_num=(uint)1178;
0:00:17.421465961 [32m    1[00m 0x708458001170 [37mTRACE  [00m [00;34m          GST_TRACER :0::[00m latency_tracer_pipeline, frame_latency=(double)45.045478, avg=(double)32.744411, min=(double)0.277575, max=(double)47.020111, latency=(double)11.744665, fps=(double)85.145043, frame_num=(uint)1179;
0:00:17.422100109 [32m    1[00m 0x708458001170 [37mTRACE  [00m [00;34m          GST_TRACER :0::[00m latency_tracer_pipeline, frame_latency=(double)25.508057, avg=(double)32.738278, min=(double)0.277575, max=(double)47.020111, latency=(double)11.735250, fps=(double)85.213357, frame_num=(uint)1180;
0:00:17.445980890 [32m    1[00m 0x708458001170 [37mTRACE  [00m [00;34m          GST_TRACER :0::[00m latency_tracer_pipeline, frame_latency=(double)44.299162, avg=(double)32.748067, min=(double)0.277575, max=(double)47.020111, latency=(double)11.745534, fps=(double)85.138742, frame_num=(uint)1181;
0:00:17.447102711 [32m    1[00m 0x708458001170 [37mTRACE  [00m [00;34m          GST_TRACER :0::[00m latency_tracer_pipeline, frame_latency=(double)25.306997, avg=(double)32.741772, min=(double)0.277575, max=(double)47.020111, latency=(double)11.736548, fps=(double)85.203926, frame_num=(uint)1182;
0:00:17.447135913 [32m    1[00m 0x708458001170 [37mTRACE  [00m [00;34m          GST_TRACER :0::[00m latency_tracer_pipeline, frame_latency=(double)20.906001, avg=(double)32.731767, min=(double)0.277575, max=(double)47.020111, latency=(double)11.726664, fps=(double)85.275747, frame_num=(uint)1183;
0:00:17.470025750 [32m    1[00m 0x708458001170 [37mTRACE  [00m [00;34m          GST_TRACER :0::[00m latency_tracer_pipeline, frame_latency=(double)39.032355, avg=(double)32.737089, min=(double)0.277575, max=(double)47.020111, latency=(double)11.736078, fps=(double)85.207340, frame_num=(uint)1184;
0:00:17.471155693 [32m    1[00m 0x708458001170 [37mTRACE  [00m [00;34m          GST_TRACER :0::[00m latency_tracer_pipeline, frame_latency=(double)23.595282, avg=(double)32.729374, min=(double)0.277575, max=(double)47.020111, latency=(double)11.727141, fps=(double)85.272275, frame_num=(uint)1185;
0:00:17.493650403 [32m    1[00m 0x708458001170 [37mTRACE  [00m [00;34m          GST_TRACER :0::[00m latency_tracer_pipeline, frame_latency=(double)41.101139, avg=(double)32.736433, min=(double)0.277575, max=(double)47.020111, latency=(double)11.736208, fps=(double)85.206394, frame_num=(uint)1186;
0:00:17.494512735 [32m    1[00m 0x708458001170 [37mTRACE  [00m [00;34m          GST_TRACER :0::[00m latency_tracer_pipeline, frame_latency=(double)22.972745, avg=(double)32.728207, min=(double)0.277575, max=(double)47.020111, latency=(double)11.727050, fps=(double)85.272937, frame_num=(uint)1187;
0:00:17.519071309 [32m    1[00m 0x708458001170 [37mTRACE  [00m [00;34m          GST_TRACER :0::[00m latency_tracer_pipeline, frame_latency=(double)43.617938, avg=(double)32.737374, min=(double)0.277575, max=(double)47.020111, latency=(double)11.737846, fps=(double)85.194508, frame_num=(uint)1188;
0:00:17.519813394 [32m    1[00m 0x708458001170 [37mTRACE  [00m [00;34m          GST_TRACER :0::[00m latency_tracer_pipeline, frame_latency=(double)21.771374, avg=(double)32.728151, min=(double)0.277575, max=(double)47.020111, latency=(double)11.728602, fps=(double)85.261655, frame_num=(uint)1189;
0:00:17.543436006 [32m    1[00m 0x708458001170 [37mTRACE  [00m [00;34m          GST_TRACER :0::[00m latency_tracer_pipeline, frame_latency=(double)40.144901, avg=(double)32.734384, min=(double)0.277575, max=(double)47.020111, latency=(double)11.738596, fps=(double)85.189066, frame_num=(uint)1190;
0:00:17.544246068 [32m    1[00m 0x708458001170 [37mTRACE  [00m [00;34m          GST_TRACER :0::[00m latency_tracer_pipeline, frame_latency=(double)22.092707, avg=(double)32.725448, min=(double)0.277575, max=(double)47.020111, latency=(double)11.729419, fps=(double)85.255713, frame_num=(uint)1191;
0:00:17.567348871 [32m    1[00m 0x708458001170 [37mTRACE  [00m [00;34m          GST_TRACER :0::[00m latency_tracer_pipeline, frame_latency=(double)41.595521, avg=(double)32.732890, min=(double)0.277575, max=(double)47.020111, latency=(double)11.738970, fps=(double)85.186346, frame_num=(uint)1192;
0:00:17.568197994 [32m    1[00m 0x708458001170 [37mTRACE  [00m [00;34m          GST_TRACER :0::[00m latency_tracer_pipeline, frame_latency=(double)23.025354, avg=(double)32.724753, min=(double)0.277575, max=(double)47.020111, latency=(double)11.729834, fps=(double)85.252697, frame_num=(uint)1193;
0:00:17.590821545 [32m    1[00m 0x708458001170 [37mTRACE  [00m [00;34m          GST_TRACER :0::[00m latency_tracer_pipeline, frame_latency=(double)41.309458, avg=(double)32.731943, min=(double)0.277575, max=(double)47.020111, latency=(double)11.738954, fps=(double)85.186463, frame_num=(uint)1194;
FpsCounter(average 11.09sec): total=335.22 fps, number-streams=4, per-stream=83.80 fps (84.84, 81.96, 84.66, 83.76)
0:00:17.591781351 [32m    1[00m 0x708458001170 [37mTRACE  [00m [00;34m          GST_TRACER :0::[00m latency_tracer_pipeline, frame_latency=(double)22.678160, avg=(double)32.723529, min=(double)0.277575, max=(double)47.020111, latency=(double)11.729937, fps=(double)85.251949, frame_num=(uint)1195;
0:00:17.615192464 [32m    1[00m 0x708458001170 [37mTRACE  [00m [00;34m          GST_TRACER :0::[00m latency_tracer_pipeline, frame_latency=(double)40.664849, avg=(double)32.730169, min=(double)0.277575, max=(double)47.020111, latency=(double)11.739700, fps=(double)85.181055, frame_num=(uint)1196;
0:00:17.615524950 [32m    1[00m 0x708458001170 [37mTRACE  [00m [00;34m          GST_TRACER :0::[00m latency_tracer_pipeline, frame_latency=(double)21.850710, avg=(double)32.721080, min=(double)0.277575, max=(double)47.020111, latency=(double)11.730185, fps=(double)85.250149, frame_num=(uint)1197;
0:00:17.639078682 [32m    1[00m 0x708458001170 [37mTRACE  [00m [00;34m          GST_TRACER :0::[00m latency_tracer_pipeline, frame_latency=(double)42.242305, avg=(double)32.729028, min=(double)0.277575, max=(double)47.020111, latency=(double)11.740044, fps=(double)85.178560, frame_num=(uint)1198;
0:00:17.639631492 [32m    1[00m 0x708458001170 [37mTRACE  [00m [00;34m          GST_TRACER :0::[00m latency_tracer_pipeline, frame_latency=(double)22.647724, avg=(double)32.720620, min=(double)0.277575, max=(double)47.020111, latency=(double)11.730714, fps=(double)85.246303, frame_num=(uint)1199;
0:00:17.663873333 [32m    1[00m 0x708458001170 [37mTRACE  [00m [00;34m          GST_TRACER :0::[00m latency_tracer_pipeline, frame_latency=(double)41.528746, avg=(double)32.727960, min=(double)0.277575, max=(double)47.020111, latency=(double)11.741140, fps=(double)85.170607, frame_num=(uint)1200;
FpsCounter(last 1.02sec): total=326.61 fps, number-streams=4, per-stream=81.65 fps (80.67, 80.67, 83.62, 81.65)
latency: -32213.00ms (-32776.27, -31555.77, -32554.90, -31955.70)
0:00:17.689108279 [32m    1[00m 0x708458001170 [37mTRACE  [00m [00;34m          GST_TRACER :0::[00m latency_tracer_pipeline, frame_latency=(double)46.380886, avg=(double)32.739328, min=(double)0.277575, max=(double)47.020111, latency=(double)11.752383, fps=(double)85.089129, frame_num=(uint)1201;
0:00:17.690202960 [32m    1[00m 0x708458001170 [37mTRACE  [00m [00;34m          GST_TRACER :0::[00m latency_tracer_pipeline, frame_latency=(double)25.346785, avg=(double)32.733178, min=(double)0.277575, max=(double)47.020111, latency=(double)11.743508, fps=(double)85.153428, frame_num=(uint)1202;
0:00:17.690247267 [32m    1[00m 0x708458001170 [37mTRACE  [00m [00;34m          GST_TRACER :0::[00m latency_tracer_pipeline, frame_latency=(double)20.708372, avg=(double)32.723182, min=(double)0.277575, max=(double)47.020111, latency=(double)11.733794, fps=(double)85.223929, frame_num=(uint)1203;
0:00:17.714779659 [32m    1[00m 0x708458001170 [37mTRACE  [00m [00;34m          GST_TRACER :0::[00m latency_tracer_pipeline, frame_latency=(double)39.019922, avg=(double)32.728412, min=(double)0.277575, max=(double)47.020111, latency=(double)11.744410, fps=(double)85.146895, frame_num=(uint)1204;
0:00:17.714809960 [32m    1[00m 0x708458001170 [37mTRACE  [00m [00;34m          GST_TRACER :0::[00m latency_tracer_pipeline_interval, interval=(double)1018.530275, avg=(double)32.895471, min=(double)20.708372, max=(double)46.380886, latency=(double)12.125360, fps=(double)82.471775;
0:00:17.715912922 [32m    1[00m 0x708458001170 [37mTRACE  [00m [00;34m          GST_TRACER :0::[00m latency_tracer_pipeline, frame_latency=(double)22.355710, avg=(double)32.719804, min=(double)0.277575, max=(double)47.020111, latency=(double)11.735607, fps=(double)85.210760, frame_num=(uint)1205;
0:00:17.739267471 [32m    1[00m 0x708458001170 [37mTRACE  [00m [00;34m          GST_TRACER :0::[00m latency_tracer_pipeline, frame_latency=(double)40.587140, avg=(double)32.726327, min=(double)0.277575, max=(double)47.020111, latency=(double)11.745240, fps=(double)85.140874, frame_num=(uint)1206;
0:00:17.740438305 [32m    1[00m 0x708458001170 [37mTRACE  [00m [00;34m          GST_TRACER :0::[00m latency_tracer_pipeline, frame_latency=(double)21.755262, avg=(double)32.717238, min=(double)0.277575, max=(double)47.020111, latency=(double)11.736480, fps=(double)85.204421, frame_num=(uint)1207;
0:00:17.762532456 [32m    1[00m 0x708458001170 [37mTRACE  [00m [00;34m          GST_TRACER :0::[00m latency_tracer_pipeline, frame_latency=(double)39.812117, avg=(double)32.723111, min=(double)0.277575, max=(double)47.020111, latency=(double)11.745054, fps=(double)85.142222, frame_num=(uint)1208;
0:00:17.763642497 [32m    1[00m 0x708458001170 [37mTRACE  [00m [00;34m          GST_TRACER :0::[00m latency_tracer_pipeline, frame_latency=(double)21.094813, avg=(double)32.713493, min=(double)0.277575, max=(double)47.020111, latency=(double)11.736258, fps=(double)85.206033, frame_num=(uint)1209;
0:00:17.786747179 [32m    1[00m 0x708458001170 [37mTRACE  [00m [00;34m          GST_TRACER :0::[00m latency_tracer_pipeline, frame_latency=(double)40.977963, avg=(double)32.720323, min=(double)0.277575, max=(double)47.020111, latency=(double)11.745654, fps=(double)85.137873, frame_num=(uint)1210;
0:00:17.787730202 [32m    1[00m 0x708458001170 [37mTRACE  [00m [00;34m          GST_TRACER :0::[00m latency_tracer_pipeline, frame_latency=(double)22.326938, avg=(double)32.711741, min=(double)0.277575, max=(double)47.020111, latency=(double)11.736767, fps=(double)85.202337, frame_num=(uint)1211;
0:00:17.810161923 [32m    1[00m 0x708458001170 [37mTRACE  [00m [00;34m          GST_TRACER :0::[00m latency_tracer_pipeline, frame_latency=(double)41.110137, avg=(double)32.718670, min=(double)0.277575, max=(double)47.020111, latency=(double)11.745588, fps=(double)85.138352, frame_num=(uint)1212;
0:00:17.810810013 [32m    1[00m 0x708458001170 [37mTRACE  [00m [00;34m          GST_TRACER :0::[00m latency_tracer_pipeline, frame_latency=(double)22.013316, avg=(double)32.709844, min=(double)0.277575, max=(double)47.020111, latency=(double)11.736449, fps=(double)85.204647, frame_num=(uint)1213;
0:00:17.833145861 [32m    1[00m 0x708458001170 [37mTRACE  [00m [00;34m          GST_TRACER :0::[00m latency_tracer_pipeline, frame_latency=(double)40.373945, avg=(double)32.716158, min=(double)0.277575, max=(double)47.020111, latency=(double)11.745171, fps=(double)85.141373, frame_num=(uint)1214;
0:00:17.834141459 [32m    1[00m 0x708458001170 [37mTRACE  [00m [00;34m          GST_TRACER :0::[00m latency_tracer_pipeline, frame_latency=(double)23.096292, avg=(double)32.708240, min=(double)0.277575, max=(double)47.020111, latency=(double)11.736333, fps=(double)85.205489, frame_num=(uint)1215;
0:00:17.856624497 [32m    1[00m 0x708458001170 [37mTRACE  [00m [00;34m          GST_TRACER :0::[00m latency_tracer_pipeline, frame_latency=(double)41.386380, avg=(double)32.715377, min=(double)0.277575, max=(double)47.020111, latency=(double)11.745170, fps=(double)85.141385, frame_num=(uint)1216;
0:00:17.857721390 [32m    1[00m 0x708458001170 [37mTRACE  [00m [00;34m          GST_TRACER :0::[00m latency_tracer_pipeline, frame_latency=(double)22.757914, avg=(double)32.707195, min=(double)0.277575, max=(double)47.020111, latency=(double)11.736427, fps=(double)85.204808, frame_num=(uint)1217;
0:00:17.880487449 [32m    1[00m 0x708458001170 [37mTRACE  [00m [00;34m          GST_TRACER :0::[00m latency_tracer_pipeline, frame_latency=(double)42.564541, avg=(double)32.715288, min=(double)0.277575, max=(double)47.020111, latency=(double)11.745475, fps=(double)85.139170, frame_num=(uint)1218;
0:00:17.903813056 [32m    1[00m 0x708458001170 [37mTRACE  [00m [00;34m          GST_TRACER :0::[00m latency_tracer_pipeline, frame_latency=(double)44.508037, avg=(double)32.724962, min=(double)0.277575, max=(double)47.020111, latency=(double)11.754973, fps=(double)85.070375, frame_num=(uint)1219;
0:00:17.904629135 [32m    1[00m 0x708458001170 [37mTRACE  [00m [00;34m          GST_TRACER :0::[00m latency_tracer_pipeline, frame_latency=(double)24.533198, avg=(double)32.718247, min=(double)0.277575, max=(double)47.020111, latency=(double)11.746013, fps=(double)85.135268, frame_num=(uint)1220;
0:00:17.927408048 [32m    1[00m 0x708458001170 [37mTRACE  [00m [00;34m          GST_TRACER :0::[00m latency_tracer_pipeline, frame_latency=(double)43.553988, avg=(double)32.727122, min=(double)0.277575, max=(double)47.020111, latency=(double)11.755045, fps=(double)85.069858, frame_num=(uint)1221;
0:00:17.928399396 [32m    1[00m 0x708458001170 [37mTRACE  [00m [00;34m          GST_TRACER :0::[00m latency_tracer_pipeline, frame_latency=(double)24.250182, avg=(double)32.720185, min=(double)0.277575, max=(double)47.020111, latency=(double)11.746238, fps=(double)85.133642, frame_num=(uint)1222;
0:00:17.951024454 [32m    1[00m 0x708458001170 [37mTRACE  [00m [00;34m          GST_TRACER :0::[00m latency_tracer_pipeline, frame_latency=(double)44.299787, avg=(double)32.729653, min=(double)0.277575, max=(double)47.020111, latency=(double)11.755132, fps=(double)85.069225, frame_num=(uint)1223;
0:00:17.952057931 [32m    1[00m 0x708458001170 [37mTRACE  [00m [00;34m          GST_TRACER :0::[00m latency_tracer_pipeline, frame_latency=(double)24.400848, avg=(double)32.722848, min=(double)0.277575, max=(double)47.020111, latency=(double)11.746376, fps=(double)85.132638, frame_num=(uint)1224;
0:00:17.974572679 [32m    1[00m 0x708458001170 [37mTRACE  [00m [00;34m          GST_TRACER :0::[00m latency_tracer_pipeline, frame_latency=(double)43.322305, avg=(double)32.731501, min=(double)0.277575, max=(double)47.020111, latency=(double)11.755163, fps=(double)85.069005, frame_num=(uint)1225;
0:00:17.975564933 [32m    1[00m 0x708458001170 [37mTRACE  [00m [00;34m          GST_TRACER :0::[00m latency_tracer_pipeline, frame_latency=(double)24.247541, avg=(double)32.724581, min=(double)0.277575, max=(double)47.020111, latency=(double)11.746387, fps=(double)85.132559, frame_num=(uint)1226;
0:00:17.997907435 [32m    1[00m 0x708458001170 [37mTRACE  [00m [00;34m          GST_TRACER :0::[00m latency_tracer_pipeline, frame_latency=(double)42.713803, avg=(double)32.732722, min=(double)0.277575, max=(double)47.020111, latency=(double)11.755021, fps=(double)85.070032, frame_num=(uint)1227;
0:00:17.998638381 [32m    1[00m 0x708458001170 [37mTRACE  [00m [00;34m          GST_TRACER :0::[00m latency_tracer_pipeline, frame_latency=(double)23.825567, avg=(double)32.725469, min=(double)0.277575, max=(double)47.020111, latency=(double)11.746048, fps=(double)85.135015, frame_num=(uint)1228;
0:00:18.021329315 [32m    1[00m 0x708458001170 [37mTRACE  [00m [00;34m          GST_TRACER :0::[00m latency_tracer_pipeline, frame_latency=(double)43.303762, avg=(double)32.734076, min=(double)0.277575, max=(double)47.020111, latency=(double)11.754950, fps=(double)85.070545, frame_num=(uint)1229;
0:00:18.022069120 [32m    1[00m 0x708458001170 [37mTRACE  [00m [00;34m          GST_TRACER :0::[00m latency_tracer_pipeline, frame_latency=(double)23.832529, avg=(double)32.726839, min=(double)0.277575, max=(double)47.020111, latency=(double)11.745998, fps=(double)85.135378, frame_num=(uint)1230;
0:00:18.044833726 [32m    1[00m 0x708458001170 [37mTRACE  [00m [00;34m          GST_TRACER :0::[00m latency_tracer_pipeline, frame_latency=(double)43.503031, avg=(double)32.735593, min=(double)0.277575, max=(double)47.020111, latency=(double)11.754943, fps=(double)85.070594, frame_num=(uint)1231;
0:00:18.046087468 [32m    1[00m 0x708458001170 [37mTRACE  [00m [00;34m          GST_TRACER :0::[00m latency_tracer_pipeline, frame_latency=(double)24.438022, avg=(double)32.728858, min=(double)0.277575, max=(double)47.020111, latency=(double)11.746416, fps=(double)85.132351, frame_num=(uint)1232;
0:00:18.068231809 [32m    1[00m 0x708458001170 [37mTRACE  [00m [00;34m          GST_TRACER :0::[00m latency_tracer_pipeline, frame_latency=(double)43.674884, avg=(double)32.737735, min=(double)0.277575, max=(double)47.020111, latency=(double)11.754847, fps=(double)85.071292, frame_num=(uint)1233;
0:00:18.068783220 [32m    1[00m 0x708458001170 [37mTRACE  [00m [00;34m          GST_TRACER :0::[00m latency_tracer_pipeline, frame_latency=(double)23.520864, avg=(double)32.730266, min=(double)0.277575, max=(double)47.020111, latency=(double)11.745773, fps=(double)85.137012, frame_num=(uint)1234;
0:00:18.091552395 [32m    1[00m 0x708458001170 [37mTRACE  [00m [00;34m          GST_TRACER :0::[00m latency_tracer_pipeline, frame_latency=(double)43.791397, avg=(double)32.739223, min=(double)0.277575, max=(double)47.020111, latency=(double)11.754693, fps=(double)85.072408, frame_num=(uint)1235;
0:00:18.092447994 [32m    1[00m 0x708458001170 [37mTRACE  [00m [00;34m          GST_TRACER :0::[00m latency_tracer_pipeline, frame_latency=(double)23.937186, avg=(double)32.732101, min=(double)0.277575, max=(double)47.020111, latency=(double)11.745915, fps=(double)85.135983, frame_num=(uint)1236;
0:00:18.116556712 [32m    1[00m 0x708458001170 [37mTRACE  [00m [00;34m          GST_TRACER :0::[00m latency_tracer_pipeline, frame_latency=(double)44.838941, avg=(double)32.741889, min=(double)0.277575, max=(double)47.020111, latency=(double)11.755901, fps=(double)85.063662, frame_num=(uint)1237;
0:00:18.117553014 [32m    1[00m 0x708458001170 [37mTRACE  [00m [00;34m          GST_TRACER :0::[00m latency_tracer_pipeline, frame_latency=(double)24.630111, avg=(double)32.735336, min=(double)0.277575, max=(double)47.020111, latency=(double)11.747211, fps=(double)85.126591, frame_num=(uint)1238;
0:00:18.141538239 [32m    1[00m 0x708458001170 [37mTRACE  [00m [00;34m          GST_TRACER :0::[00m latency_tracer_pipeline, frame_latency=(double)42.892190, avg=(double)32.743534, min=(double)0.277575, max=(double)47.020111, latency=(double)11.757087, fps=(double)85.055081, frame_num=(uint)1239;
0:00:18.142247395 [32m    1[00m 0x708458001170 [37mTRACE  [00m [00;34m          GST_TRACER :0::[00m latency_tracer_pipeline, frame_latency=(double)25.363784, avg=(double)32.737583, min=(double)0.277575, max=(double)47.020111, latency=(double)11.748186, fps=(double)85.119527, frame_num=(uint)1240;
0:00:18.165667411 [32m    1[00m 0x708458001170 [37mTRACE  [00m [00;34m          GST_TRACER :0::[00m latency_tracer_pipeline, frame_latency=(double)42.877510, avg=(double)32.745753, min=(double)0.277575, max=(double)47.020111, latency=(double)11.757589, fps=(double)85.051451, frame_num=(uint)1241;
0:00:18.166638803 [32m    1[00m 0x708458001170 [37mTRACE  [00m [00;34m          GST_TRACER :0::[00m latency_tracer_pipeline, frame_latency=(double)24.060251, avg=(double)32.738760, min=(double)0.277575, max=(double)47.020111, latency=(double)11.748909, fps=(double)85.114288, frame_num=(uint)1242;
0:00:18.166658182 [32m    1[00m 0x708458001170 [37mTRACE  [00m [00;34m          GST_TRACER :0::[00m latency_tracer_pipeline, frame_latency=(double)21.827169, avg=(double)32.729982, min=(double)0.277575, max=(double)47.020111, latency=(double)11.739476, fps=(double)85.182676, frame_num=(uint)1243;
0:00:18.189806329 [32m    1[00m 0x708458001170 [37mTRACE  [00m [00;34m          GST_TRACER :0::[00m latency_tracer_pipeline, frame_latency=(double)41.098907, avg=(double)32.736709, min=(double)0.277575, max=(double)47.020111, latency=(double)11.748640, fps=(double)85.116235, frame_num=(uint)1244;
0:00:18.190447053 [32m    1[00m 0x708458001170 [37mTRACE  [00m [00;34m          GST_TRACER :0::[00m latency_tracer_pipeline, frame_latency=(double)23.720684, avg=(double)32.729467, min=(double)0.277575, max=(double)47.020111, latency=(double)11.739723, fps=(double)85.180883, frame_num=(uint)1245;
0:00:18.214521942 [32m    1[00m 0x708458001170 [37mTRACE  [00m [00;34m          GST_TRACER :0::[00m latency_tracer_pipeline, frame_latency=(double)43.869433, avg=(double)32.738408, min=(double)0.277575, max=(double)47.020111, latency=(double)11.749617, fps=(double)85.109154, frame_num=(uint)1246;
0:00:18.215223433 [32m    1[00m 0x708458001170 [37mTRACE  [00m [00;34m          GST_TRACER :0::[00m latency_tracer_pipeline, frame_latency=(double)24.639842, avg=(double)32.731913, min=(double)0.277575, max=(double)47.020111, latency=(double)11.740762, fps=(double)85.173345, frame_num=(uint)1247;
0:00:18.239930794 [32m    1[00m 0x708458001170 [37mTRACE  [00m [00;34m          GST_TRACER :0::[00m latency_tracer_pipeline, frame_latency=(double)44.658688, avg=(double)32.741470, min=(double)0.277575, max=(double)47.020111, latency=(double)11.751145, fps=(double)85.098094, frame_num=(uint)1248;
0:00:18.240444653 [32m    1[00m 0x708458001170 [37mTRACE  [00m [00;34m          GST_TRACER :0::[00m latency_tracer_pipeline, frame_latency=(double)23.672562, avg=(double)32.734209, min=(double)0.277575, max=(double)47.020111, latency=(double)11.742153, fps=(double)85.163255, frame_num=(uint)1249;
0:00:18.265056879 [32m    1[00m 0x708458001170 [37mTRACE  [00m [00;34m          GST_TRACER :0::[00m latency_tracer_pipeline, frame_latency=(double)42.814811, avg=(double)32.742274, min=(double)0.277575, max=(double)47.020111, latency=(double)11.752444, fps=(double)85.088684, frame_num=(uint)1250;
0:00:18.265603713 [32m    1[00m 0x708458001170 [37mTRACE  [00m [00;34m          GST_TRACER :0::[00m latency_tracer_pipeline, frame_latency=(double)23.545855, avg=(double)32.734922, min=(double)0.277575, max=(double)47.020111, latency=(double)11.743479, fps=(double)85.153638, frame_num=(uint)1251;
0:00:18.290181088 [32m    1[00m 0x708458001170 [37mTRACE  [00m [00;34m          GST_TRACER :0::[00m latency_tracer_pipeline, frame_latency=(double)43.501568, avg=(double)32.743522, min=(double)0.277575, max=(double)47.020111, latency=(double)11.753740, fps=(double)85.079302, frame_num=(uint)1252;
0:00:18.290894172 [32m    1[00m 0x708458001170 [37mTRACE  [00m [00;34m          GST_TRACER :0::[00m latency_tracer_pipeline, frame_latency=(double)23.878442, avg=(double)32.736447, min=(double)0.277575, max=(double)47.020111, latency=(double)11.744935, fps=(double)85.143088, frame_num=(uint)1253;
0:00:18.315428742 [32m    1[00m 0x708458001170 [37mTRACE  [00m [00;34m          GST_TRACER :0::[00m latency_tracer_pipeline, frame_latency=(double)44.272882, avg=(double)32.745647, min=(double)0.277575, max=(double)47.020111, latency=(double)11.755113, fps=(double)85.069365, frame_num=(uint)1254;
0:00:18.315804543 [32m    1[00m 0x708458001170 [37mTRACE  [00m [00;34m          GST_TRACER :0::[00m latency_tracer_pipeline, frame_latency=(double)24.797293, avg=(double)32.739313, min=(double)0.277575, max=(double)47.020111, latency=(double)11.746057, fps=(double)85.134953, frame_num=(uint)1255;
0:00:18.340829293 [32m    1[00m 0x708458001170 [37mTRACE  [00m [00;34m          GST_TRACER :0::[00m latency_tracer_pipeline, frame_latency=(double)42.066722, avg=(double)32.746740, min=(double)0.277575, max=(double)47.020111, latency=(double)11.756632, fps=(double)85.058375, frame_num=(uint)1256;
0:00:18.341419374 [32m    1[00m 0x708458001170 [37mTRACE  [00m [00;34m          GST_TRACER :0::[00m latency_tracer_pipeline, frame_latency=(double)22.305198, avg=(double)32.738433, min=(double)0.277575, max=(double)47.020111, latency=(double)11.747746, fps=(double)85.122715, frame_num=(uint)1257;
0:00:18.365882573 [32m    1[00m 0x708458001170 [37mTRACE  [00m [00;34m          GST_TRACER :0::[00m latency_tracer_pipeline, frame_latency=(double)42.172910, avg=(double)32.745932, min=(double)0.277575, max=(double)47.020111, latency=(double)11.757856, fps=(double)85.049516, frame_num=(uint)1258;
0:00:18.390545114 [32m    1[00m 0x708458001170 [37mTRACE  [00m [00;34m          GST_TRACER :0::[00m latency_tracer_pipeline, frame_latency=(double)45.575065, avg=(double)32.756122, min=(double)0.277575, max=(double)47.020111, latency=(double)11.768102, fps=(double)84.975473, frame_num=(uint)1259;
0:00:18.391328729 [32m    1[00m 0x708458001170 [37mTRACE  [00m [00;34m          GST_TRACER :0::[00m latency_tracer_pipeline, frame_latency=(double)23.970385, avg=(double)32.749150, min=(double)0.277575, max=(double)47.020111, latency=(double)11.759394, fps=(double)85.038398, frame_num=(uint)1260;
0:00:18.415688799 [32m    1[00m 0x708458001170 [37mTRACE  [00m [00;34m          GST_TRACER :0::[00m latency_tracer_pipeline, frame_latency=(double)42.679900, avg=(double)32.757025, min=(double)0.277575, max=(double)47.020111, latency=(double)11.769381, fps=(double)84.966236, frame_num=(uint)1261;
0:00:18.416369620 [32m    1[00m 0x708458001170 [37mTRACE  [00m [00;34m          GST_TRACER :0::[00m latency_tracer_pipeline, frame_latency=(double)23.526053, avg=(double)32.749710, min=(double)0.277575, max=(double)47.020111, latency=(double)11.760599, fps=(double)85.029679, frame_num=(uint)1262;
0:00:18.439981170 [32m    1[00m 0x708458001170 [37mTRACE  [00m [00;34m          GST_TRACER :0::[00m latency_tracer_pipeline, frame_latency=(double)41.266246, avg=(double)32.756453, min=(double)0.277575, max=(double)47.020111, latency=(double)11.769978, fps=(double)84.961924, frame_num=(uint)1263;
0:00:18.441122590 [32m    1[00m 0x708458001170 [37mTRACE  [00m [00;34m          GST_TRACER :0::[00m latency_tracer_pipeline, frame_latency=(double)22.553164, avg=(double)32.748381, min=(double)0.277575, max=(double)47.020111, latency=(double)11.761561, fps=(double)85.022728, frame_num=(uint)1264;
0:00:18.464347622 [32m    1[00m 0x708458001170 [37mTRACE  [00m [00;34m          GST_TRACER :0::[00m latency_tracer_pipeline, frame_latency=(double)39.809462, avg=(double)32.753963, min=(double)0.277575, max=(double)47.020111, latency=(double)11.770622, fps=(double)84.957278, frame_num=(uint)1265;
0:00:18.465049118 [32m    1[00m 0x708458001170 [37mTRACE  [00m [00;34m          GST_TRACER :0::[00m latency_tracer_pipeline, frame_latency=(double)24.044078, avg=(double)32.747083, min=(double)0.277575, max=(double)47.020111, latency=(double)11.761881, fps=(double)85.020417, frame_num=(uint)1266;
0:00:18.489125284 [32m    1[00m 0x708458001170 [37mTRACE  [00m [00;34m          GST_TRACER :0::[00m latency_tracer_pipeline, frame_latency=(double)43.809144, avg=(double)32.755814, min=(double)0.277575, max=(double)47.020111, latency=(double)11.771603, fps=(double)84.950199, frame_num=(uint)1267;
0:00:18.490196332 [32m    1[00m 0x708458001170 [37mTRACE  [00m [00;34m          GST_TRACER :0::[00m latency_tracer_pipeline, frame_latency=(double)25.060450, avg=(double)32.749745, min=(double)0.277575, max=(double)47.020111, latency=(double)11.763165, fps=(double)85.011135, frame_num=(uint)1268;
0:00:18.515717974 [32m    1[00m 0x708458001170 [37mTRACE  [00m [00;34m          GST_TRACER :0::[00m latency_tracer_pipeline, frame_latency=(double)43.488981, avg=(double)32.758208, min=(double)0.277575, max=(double)47.020111, latency=(double)11.774010, fps=(double)84.932830, frame_num=(uint)1269;
0:00:18.516947556 [32m    1[00m 0x708458001170 [37mTRACE  [00m [00;34m          GST_TRACER :0::[00m latency_tracer_pipeline, frame_latency=(double)24.416381, avg=(double)32.751640, min=(double)0.277575, max=(double)47.020111, latency=(double)11.765702, fps=(double)84.992804, frame_num=(uint)1270;
0:00:18.540927776 [32m    1[00m 0x708458001170 [37mTRACE  [00m [00;34m          GST_TRACER :0::[00m latency_tracer_pipeline, frame_latency=(double)41.867862, avg=(double)32.758812, min=(double)0.277575, max=(double)47.020111, latency=(double)11.775310, fps=(double)84.923455, frame_num=(uint)1271;
0:00:18.541217698 [32m    1[00m 0x708458001170 [37mTRACE  [00m [00;34m          GST_TRACER :0::[00m latency_tracer_pipeline, frame_latency=(double)21.565209, avg=(double)32.750012, min=(double)0.277575, max=(double)47.020111, latency=(double)11.766293, fps=(double)84.988537, frame_num=(uint)1272;
0:00:18.565776839 [32m    1[00m 0x708458001170 [37mTRACE  [00m [00;34m          GST_TRACER :0::[00m latency_tracer_pipeline, frame_latency=(double)40.774503, avg=(double)32.756316, min=(double)0.277575, max=(double)47.020111, latency=(double)11.776336, fps=(double)84.916056, frame_num=(uint)1273;
0:00:18.566400264 [32m    1[00m 0x708458001170 [37mTRACE  [00m [00;34m          GST_TRACER :0::[00m latency_tracer_pipeline, frame_latency=(double)21.769710, avg=(double)32.747692, min=(double)0.277575, max=(double)47.020111, latency=(double)11.767588, fps=(double)84.979184, frame_num=(uint)1274;
FpsCounter(average 12.09sec): total=334.61 fps, number-streams=4, per-stream=83.65 fps (84.52, 82.12, 84.36, 83.61)
0:00:18.590983118 [32m    1[00m 0x708458001170 [37mTRACE  [00m [00;34m          GST_TRACER :0::[00m latency_tracer_pipeline, frame_latency=(double)40.391297, avg=(double)32.753687, min=(double)0.277575, max=(double)47.020111, latency=(double)11.777630, fps=(double)84.906729, frame_num=(uint)1275;
0:00:18.591501961 [32m    1[00m 0x708458001170 [37mTRACE  [00m [00;34m          GST_TRACER :0::[00m latency_tracer_pipeline, frame_latency=(double)21.986971, avg=(double)32.745249, min=(double)0.277575, max=(double)47.020111, latency=(double)11.768810, fps=(double)84.970359, frame_num=(uint)1276;
0:00:18.616963144 [32m    1[00m 0x708458001170 [37mTRACE  [00m [00;34m          GST_TRACER :0::[00m latency_tracer_pipeline, frame_latency=(double)41.330173, avg=(double)32.751972, min=(double)0.277575, max=(double)47.020111, latency=(double)11.779533, fps=(double)84.893009, frame_num=(uint)1277;
0:00:18.617462397 [32m    1[00m 0x708458001170 [37mTRACE  [00m [00;34m          GST_TRACER :0::[00m latency_tracer_pipeline, frame_latency=(double)22.024750, avg=(double)32.743578, min=(double)0.277575, max=(double)47.020111, latency=(double)11.770711, fps=(double)84.956638, frame_num=(uint)1278;
0:00:18.642354900 [32m    1[00m 0x708458001170 [37mTRACE  [00m [00;34m          GST_TRACER :0::[00m latency_tracer_pipeline, frame_latency=(double)41.525770, avg=(double)32.750445, min=(double)0.277575, max=(double)47.020111, latency=(double)11.780961, fps=(double)84.882717, frame_num=(uint)1279;
0:00:18.667657178 [32m    1[00m 0x708458001170 [37mTRACE  [00m [00;34m          GST_TRACER :0::[00m latency_tracer_pipeline, frame_latency=(double)46.416623, avg=(double)32.761121, min=(double)0.277575, max=(double)47.020111, latency=(double)11.791522, fps=(double)84.806695, frame_num=(uint)1280;
0:00:18.668788382 [32m    1[00m 0x708458001170 [37mTRACE  [00m [00;34m          GST_TRACER :0::[00m latency_tracer_pipeline, frame_latency=(double)24.949853, avg=(double)32.755023, min=(double)0.277575, max=(double)47.020111, latency=(double)11.783202, fps=(double)84.866576, frame_num=(uint)1281;
FpsCounter(last 1.00sec): total=326.89 fps, number-streams=4, per-stream=81.72 fps (79.73, 85.71, 79.73, 81.72)
latency: -34500.99ms (-35031.40, -33892.39, -34875.43, -34256.49)
0:00:18.693521853 [32m    1[00m 0x708458001170 [37mTRACE  [00m [00;34m          GST_TRACER :0::[00m latency_tracer_pipeline, frame_latency=(double)43.932028, avg=(double)32.763742, min=(double)0.277575, max=(double)47.020111, latency=(double)11.793302, fps=(double)84.793897, frame_num=(uint)1282;
0:00:18.693563628 [32m    1[00m 0x708458001170 [37mTRACE  [00m [00;34m          GST_TRACER :0::[00m latency_tracer_pipeline, frame_latency=(double)23.185364, avg=(double)32.756276, min=(double)0.277575, max=(double)47.020111, latency=(double)11.784155, fps=(double)84.859712, frame_num=(uint)1283;
0:00:18.718021118 [32m    1[00m 0x708458001170 [37mTRACE  [00m [00;34m          GST_TRACER :0::[00m latency_tracer_pipeline, frame_latency=(double)41.986730, avg=(double)32.763465, min=(double)0.277575, max=(double)47.020111, latency=(double)11.794013, fps=(double)84.788783, frame_num=(uint)1284;
0:00:18.718053118 [32m    1[00m 0x708458001170 [37mTRACE  [00m [00;34m          GST_TRACER :0::[00m latency_tracer_pipeline_interval, interval=(double)1003.243405, avg=(double)33.291016, min=(double)21.094813, max=(double)46.416623, latency=(double)12.540543, fps=(double)79.741366;
0:00:18.718782611 [32m    1[00m 0x708458001170 [37mTRACE  [00m [00;34m          GST_TRACER :0::[00m latency_tracer_pipeline, frame_latency=(double)23.597053, avg=(double)32.756332, min=(double)0.277575, max=(double)47.020111, latency=(double)11.785432, fps=(double)84.850518, frame_num=(uint)1285;
0:00:18.743349079 [32m    1[00m 0x708458001170 [37mTRACE  [00m [00;34m          GST_TRACER :0::[00m latency_tracer_pipeline, frame_latency=(double)42.578753, avg=(double)32.763970, min=(double)0.277575, max=(double)47.020111, latency=(double)11.795373, fps=(double)84.779006, frame_num=(uint)1286;
0:00:18.743816284 [32m    1[00m 0x708458001170 [37mTRACE  [00m [00;34m          GST_TRACER :0::[00m latency_tracer_pipeline, frame_latency=(double)23.606993, avg=(double)32.756855, min=(double)0.277575, max=(double)47.020111, latency=(double)11.786549, fps=(double)84.842473, frame_num=(uint)1287;
0:00:18.768196636 [32m    1[00m 0x708458001170 [37mTRACE  [00m [00;34m          GST_TRACER :0::[00m latency_tracer_pipeline, frame_latency=(double)42.101769, avg=(double)32.764110, min=(double)0.277575, max=(double)47.020111, latency=(double)11.796344, fps=(double)84.772025, frame_num=(uint)1288;
0:00:18.793995782 [32m    1[00m 0x708458001170 [37mTRACE  [00m [00;34m          GST_TRACER :0::[00m latency_tracer_pipeline, frame_latency=(double)46.293346, avg=(double)32.774606, min=(double)0.277575, max=(double)47.020111, latency=(double)11.807208, fps=(double)84.694031, frame_num=(uint)1289;
0:00:18.794821034 [32m    1[00m 0x708458001170 [37mTRACE  [00m [00;34m          GST_TRACER :0::[00m latency_tracer_pipeline, frame_latency=(double)25.735800, avg=(double)32.769150, min=(double)0.277575, max=(double)47.020111, latency=(double)11.798699, fps=(double)84.755109, frame_num=(uint)1290;
0:00:18.818836420 [32m    1[00m 0x708458001170 [37mTRACE  [00m [00;34m          GST_TRACER :0::[00m latency_tracer_pipeline, frame_latency=(double)44.247056, avg=(double)32.778040, min=(double)0.277575, max=(double)47.020111, latency=(double)11.808157, fps=(double)84.687221, frame_num=(uint)1291;
0:00:18.819852624 [32m    1[00m 0x708458001170 [37mTRACE  [00m [00;34m          GST_TRACER :0::[00m latency_tracer_pipeline, frame_latency=(double)22.651165, avg=(double)32.770202, min=(double)0.277575, max=(double)47.020111, latency=(double)11.799806, fps=(double)84.747159, frame_num=(uint)1292;
0:00:18.842866300 [32m    1[00m 0x708458001170 [37mTRACE  [00m [00;34m          GST_TRACER :0::[00m latency_tracer_pipeline, frame_latency=(double)42.481986, avg=(double)32.777713, min=(double)0.277575, max=(double)47.020111, latency=(double)11.808477, fps=(double)84.684925, frame_num=(uint)1293;
0:00:18.865373796 [32m    1[00m 0x708458001170 [37mTRACE  [00m [00;34m          GST_TRACER :0::[00m latency_tracer_pipeline, frame_latency=(double)43.320322, avg=(double)32.785860, min=(double)0.277575, max=(double)47.020111, latency=(double)11.816754, fps=(double)84.625608, frame_num=(uint)1294;
0:00:18.866025039 [32m    1[00m 0x708458001170 [37mTRACE  [00m [00;34m          GST_TRACER :0::[00m latency_tracer_pipeline, frame_latency=(double)23.663202, avg=(double)32.778816, min=(double)0.277575, max=(double)47.020111, latency=(double)11.808133, fps=(double)84.687393, frame_num=(uint)1295;
0:00:18.888620454 [32m    1[00m 0x708458001170 [37mTRACE  [00m [00;34m          GST_TRACER :0::[00m latency_tracer_pipeline, frame_latency=(double)43.448929, avg=(double)32.787049, min=(double)0.277575, max=(double)47.020111, latency=(double)11.816456, fps=(double)84.627742, frame_num=(uint)1296;
0:00:18.889361729 [32m    1[00m 0x708458001170 [37mTRACE  [00m [00;34m          GST_TRACER :0::[00m latency_tracer_pipeline, frame_latency=(double)23.616574, avg=(double)32.779979, min=(double)0.277575, max=(double)47.020111, latency=(double)11.807914, fps=(double)84.688961, frame_num=(uint)1297;
0:00:18.911837408 [32m    1[00m 0x708458001170 [37mTRACE  [00m [00;34m          GST_TRACER :0::[00m latency_tracer_pipeline, frame_latency=(double)43.060267, avg=(double)32.787899, min=(double)0.277575, max=(double)47.020111, latency=(double)11.816127, fps=(double)84.630100, frame_num=(uint)1298;
0:00:18.913448179 [32m    1[00m 0x708458001170 [37mTRACE  [00m [00;34m          GST_TRACER :0::[00m latency_tracer_pipeline, frame_latency=(double)24.429271, avg=(double)32.781464, min=(double)0.277575, max=(double)47.020111, latency=(double)11.808271, fps=(double)84.686404, frame_num=(uint)1299;
0:00:18.934639689 [32m    1[00m 0x708458001170 [37mTRACE  [00m [00;34m          GST_TRACER :0::[00m latency_tracer_pipeline, frame_latency=(double)43.468268, avg=(double)32.789685, min=(double)0.277575, max=(double)47.020111, latency=(double)11.815489, fps=(double)84.634668, frame_num=(uint)1300;
0:00:18.936288978 [32m    1[00m 0x708458001170 [37mTRACE  [00m [00;34m          GST_TRACER :0::[00m latency_tracer_pipeline, frame_latency=(double)24.141274, avg=(double)32.783037, min=(double)0.277575, max=(double)47.020111, latency=(double)11.807674, fps=(double)84.690685, frame_num=(uint)1301;
0:00:18.957614597 [32m    1[00m 0x708458001170 [37mTRACE  [00m [00;34m          GST_TRACER :0::[00m latency_tracer_pipeline, frame_latency=(double)42.939531, avg=(double)32.790838, min=(double)0.277575, max=(double)47.020111, latency=(double)11.814987, fps=(double)84.638264, frame_num=(uint)1302;
0:00:18.959341828 [32m    1[00m 0x708458001170 [37mTRACE  [00m [00;34m          GST_TRACER :0::[00m latency_tracer_pipeline, frame_latency=(double)24.444728, avg=(double)32.784432, min=(double)0.277575, max=(double)47.020111, latency=(double)11.807242, fps=(double)84.693785, frame_num=(uint)1303;
0:00:18.981620159 [32m    1[00m 0x708458001170 [37mTRACE  [00m [00;34m          GST_TRACER :0::[00m latency_tracer_pipeline, frame_latency=(double)41.309970, avg=(double)32.790970, min=(double)0.277575, max=(double)47.020111, latency=(double)11.815272, fps=(double)84.636225, frame_num=(uint)1304;
0:00:18.983624763 [32m    1[00m 0x708458001170 [37mTRACE  [00m [00;34m          GST_TRACER :0::[00m latency_tracer_pipeline, frame_latency=(double)22.489504, avg=(double)32.783077, min=(double)0.277575, max=(double)47.020111, latency=(double)11.807757, fps=(double)84.690092, frame_num=(uint)1305;
0:00:19.005568437 [32m    1[00m 0x708458001170 [37mTRACE  [00m [00;34m          GST_TRACER :0::[00m latency_tracer_pipeline, frame_latency=(double)41.133633, avg=(double)32.789471, min=(double)0.277575, max=(double)47.020111, latency=(double)11.815512, fps=(double)84.634507, frame_num=(uint)1306;
0:00:19.007383794 [32m    1[00m 0x708458001170 [37mTRACE  [00m [00;34m          GST_TRACER :0::[00m latency_tracer_pipeline, frame_latency=(double)23.534049, avg=(double)32.782389, min=(double)0.277575, max=(double)47.020111, latency=(double)11.807863, fps=(double)84.689328, frame_num=(uint)1307;
0:00:19.029085672 [32m    1[00m 0x708458001170 [37mTRACE  [00m [00;34m          GST_TRACER :0::[00m latency_tracer_pipeline, frame_latency=(double)42.723012, avg=(double)32.789989, min=(double)0.277575, max=(double)47.020111, latency=(double)11.815428, fps=(double)84.635104, frame_num=(uint)1308;
0:00:19.030607376 [32m    1[00m 0x708458001170 [37mTRACE  [00m [00;34m          GST_TRACER :0::[00m latency_tracer_pipeline, frame_latency=(double)24.571925, avg=(double)32.783711, min=(double)0.277575, max=(double)47.020111, latency=(double)11.807564, fps=(double)84.691473, frame_num=(uint)1309;
0:00:19.052654989 [32m    1[00m 0x708458001170 [37mTRACE  [00m [00;34m          GST_TRACER :0::[00m latency_tracer_pipeline, frame_latency=(double)43.123040, avg=(double)32.791604, min=(double)0.277575, max=(double)47.020111, latency=(double)11.815389, fps=(double)84.635388, frame_num=(uint)1310;
0:00:19.054224866 [32m    1[00m 0x708458001170 [37mTRACE  [00m [00;34m          GST_TRACER :0::[00m latency_tracer_pipeline, frame_latency=(double)24.236944, avg=(double)32.785078, min=(double)0.277575, max=(double)47.020111, latency=(double)11.807569, fps=(double)84.691441, frame_num=(uint)1311;
0:00:19.075946066 [32m    1[00m 0x708458001170 [37mTRACE  [00m [00;34m          GST_TRACER :0::[00m latency_tracer_pipeline, frame_latency=(double)43.766145, avg=(double)32.793448, min=(double)0.277575, max=(double)47.020111, latency=(double)11.815119, fps=(double)84.637322, frame_num=(uint)1312;
0:00:19.077617289 [32m    1[00m 0x708458001170 [37mTRACE  [00m [00;34m          GST_TRACER :0::[00m latency_tracer_pipeline, frame_latency=(double)24.485846, avg=(double)32.787121, min=(double)0.277575, max=(double)47.020111, latency=(double)11.807396, fps=(double)84.692678, frame_num=(uint)1313;
0:00:19.099013807 [32m    1[00m 0x708458001170 [37mTRACE  [00m [00;34m          GST_TRACER :0::[00m latency_tracer_pipeline, frame_latency=(double)43.310185, avg=(double)32.795129, min=(double)0.277575, max=(double)47.020111, latency=(double)11.814692, fps=(double)84.640380, frame_num=(uint)1314;
0:00:19.100744430 [32m    1[00m 0x708458001170 [37mTRACE  [00m [00;34m          GST_TRACER :0::[00m latency_tracer_pipeline, frame_latency=(double)23.689978, avg=(double)32.788205, min=(double)0.277575, max=(double)47.020111, latency=(double)11.807028, fps=(double)84.695317, frame_num=(uint)1315;
0:00:19.122331566 [32m    1[00m 0x708458001170 [37mTRACE  [00m [00;34m          GST_TRACER :0::[00m latency_tracer_pipeline, frame_latency=(double)43.654139, avg=(double)32.796462, min=(double)0.277575, max=(double)47.020111, latency=(double)11.814453, fps=(double)84.642088, frame_num=(uint)1316;
0:00:19.123200165 [32m    1[00m 0x708458001170 [37mTRACE  [00m [00;34m          GST_TRACER :0::[00m latency_tracer_pipeline, frame_latency=(double)23.978913, avg=(double)32.789767, min=(double)0.277575, max=(double)47.020111, latency=(double)11.806147, fps=(double)84.701637, frame_num=(uint)1317;
0:00:19.123234352 [32m    1[00m 0x708458001170 [37mTRACE  [00m [00;34m          GST_TRACER :0::[00m latency_tracer_pipeline, frame_latency=(double)22.379376, avg=(double)32.781868, min=(double)0.277575, max=(double)47.020111, latency=(double)11.797224, fps=(double)84.765703, frame_num=(uint)1318;
0:00:19.147734813 [32m    1[00m 0x708458001170 [37mTRACE  [00m [00;34m          GST_TRACER :0::[00m latency_tracer_pipeline, frame_latency=(double)43.341740, avg=(double)32.789874, min=(double)0.277575, max=(double)47.020111, latency=(double)11.806845, fps=(double)84.696630, frame_num=(uint)1319;
0:00:19.148541056 [32m    1[00m 0x708458001170 [37mTRACE  [00m [00;34m          GST_TRACER :0::[00m latency_tracer_pipeline, frame_latency=(double)23.901573, avg=(double)32.783140, min=(double)0.277575, max=(double)47.020111, latency=(double)11.798511, fps=(double)84.756457, frame_num=(uint)1320;
0:00:19.173129104 [32m    1[00m 0x708458001170 [37mTRACE  [00m [00;34m          GST_TRACER :0::[00m latency_tracer_pipeline, frame_latency=(double)43.283910, avg=(double)32.791090, min=(double)0.277575, max=(double)47.020111, latency=(double)11.808193, fps=(double)84.686963, frame_num=(uint)1321;
0:00:19.198960852 [32m    1[00m 0x708458001170 [37mTRACE  [00m [00;34m          GST_TRACER :0::[00m latency_tracer_pipeline, frame_latency=(double)48.420675, avg=(double)32.802912, min=(double)0.277575, max=(double)48.420675, latency=(double)11.818800, fps=(double)84.610956, frame_num=(uint)1322;
0:00:19.199418955 [32m    1[00m 0x708458001170 [37mTRACE  [00m [00;34m          GST_TRACER :0::[00m latency_tracer_pipeline, frame_latency=(double)25.999069, avg=(double)32.797770, min=(double)0.277575, max=(double)48.420675, latency=(double)11.810217, fps=(double)84.672450, frame_num=(uint)1323;
0:00:19.199451270 [32m    1[00m 0x708458001170 [37mTRACE  [00m [00;34m          GST_TRACER :0::[00m latency_tracer_pipeline, frame_latency=(double)21.474548, avg=(double)32.789217, min=(double)0.277575, max=(double)48.420675, latency=(double)11.801323, fps=(double)84.736265, frame_num=(uint)1324;
0:00:19.223780449 [32m    1[00m 0x708458001170 [37mTRACE  [00m [00;34m          GST_TRACER :0::[00m latency_tracer_pipeline, frame_latency=(double)42.524374, avg=(double)32.796565, min=(double)0.277575, max=(double)48.420675, latency=(double)11.810771, fps=(double)84.668481, frame_num=(uint)1325;
0:00:19.224281515 [32m    1[00m 0x708458001170 [37mTRACE  [00m [00;34m          GST_TRACER :0::[00m latency_tracer_pipeline, frame_latency=(double)21.710010, avg=(double)32.788204, min=(double)0.277575, max=(double)48.420675, latency=(double)11.802252, fps=(double)84.729591, frame_num=(uint)1326;
0:00:19.249822392 [32m    1[00m 0x708458001170 [37mTRACE  [00m [00;34m          GST_TRACER :0::[00m latency_tracer_pipeline, frame_latency=(double)40.962441, avg=(double)32.794364, min=(double)0.277575, max=(double)48.420675, latency=(double)11.812598, fps=(double)84.655381, frame_num=(uint)1327;
0:00:19.250338212 [32m    1[00m 0x708458001170 [37mTRACE  [00m [00;34m          GST_TRACER :0::[00m latency_tracer_pipeline, frame_latency=(double)21.580648, avg=(double)32.785920, min=(double)0.277575, max=(double)48.420675, latency=(double)11.804102, fps=(double)84.716316, frame_num=(uint)1328;
0:00:19.274843058 [32m    1[00m 0x708458001170 [37mTRACE  [00m [00;34m          GST_TRACER :0::[00m latency_tracer_pipeline, frame_latency=(double)40.002633, avg=(double)32.791350, min=(double)0.277575, max=(double)48.420675, latency=(double)11.813649, fps=(double)84.647850, frame_num=(uint)1329;
0:00:19.275519504 [32m    1[00m 0x708458001170 [37mTRACE  [00m [00;34m          GST_TRACER :0::[00m latency_tracer_pipeline, frame_latency=(double)22.329976, avg=(double)32.783484, min=(double)0.277575, max=(double)48.420675, latency=(double)11.805280, fps=(double)84.707856, frame_num=(uint)1330;
0:00:19.300053295 [32m    1[00m 0x708458001170 [37mTRACE  [00m [00;34m          GST_TRACER :0::[00m latency_tracer_pipeline, frame_latency=(double)38.756009, avg=(double)32.787971, min=(double)0.277575, max=(double)48.420675, latency=(double)11.814840, fps=(double)84.639318, frame_num=(uint)1331;
0:00:19.326334668 [32m    1[00m 0x708458001170 [37mTRACE  [00m [00;34m          GST_TRACER :0::[00m latency_tracer_pipeline, frame_latency=(double)46.338408, avg=(double)32.798144, min=(double)0.277575, max=(double)48.420675, latency=(double)11.825701, fps=(double)84.561586, frame_num=(uint)1332;
0:00:19.327171449 [32m    1[00m 0x708458001170 [37mTRACE  [00m [00;34m          GST_TRACER :0::[00m latency_tracer_pipeline, frame_latency=(double)26.738748, avg=(double)32.793599, min=(double)0.277575, max=(double)48.420675, latency=(double)11.817460, fps=(double)84.620551, frame_num=(uint)1333;
0:00:19.327201369 [32m    1[00m 0x708458001170 [37mTRACE  [00m [00;34m          GST_TRACER :0::[00m latency_tracer_pipeline, frame_latency=(double)21.024581, avg=(double)32.784776, min=(double)0.277575, max=(double)48.420675, latency=(double)11.808627, fps=(double)84.683850, frame_num=(uint)1334;
0:00:19.352856772 [32m    1[00m 0x708458001170 [37mTRACE  [00m [00;34m          GST_TRACER :0::[00m latency_tracer_pipeline, frame_latency=(double)39.217222, avg=(double)32.789595, min=(double)0.277575, max=(double)48.420675, latency=(double)11.818994, fps=(double)84.609573, frame_num=(uint)1335;
0:00:19.353670525 [32m    1[00m 0x708458001170 [37mTRACE  [00m [00;34m          GST_TRACER :0::[00m latency_tracer_pipeline, frame_latency=(double)21.662594, avg=(double)32.781266, min=(double)0.277575, max=(double)48.420675, latency=(double)11.810760, fps=(double)84.668555, frame_num=(uint)1336;
0:00:19.378537924 [32m    1[00m 0x708458001170 [37mTRACE  [00m [00;34m          GST_TRACER :0::[00m latency_tracer_pipeline, frame_latency=(double)40.081346, avg=(double)32.786726, min=(double)0.277575, max=(double)48.420675, latency=(double)11.820523, fps=(double)84.598627, frame_num=(uint)1337;
0:00:19.378991205 [32m    1[00m 0x708458001170 [37mTRACE  [00m [00;34m          GST_TRACER :0::[00m latency_tracer_pipeline, frame_latency=(double)21.686432, avg=(double)32.778430, min=(double)0.277575, max=(double)48.420675, latency=(double)11.812032, fps=(double)84.659437, frame_num=(uint)1338;
0:00:19.404001339 [32m    1[00m 0x708458001170 [37mTRACE  [00m [00;34m          GST_TRACER :0::[00m latency_tracer_pipeline, frame_latency=(double)41.580102, avg=(double)32.785003, min=(double)0.277575, max=(double)48.420675, latency=(double)11.821886, fps=(double)84.588874, frame_num=(uint)1339;
0:00:19.428638621 [32m    1[00m 0x708458001170 [37mTRACE  [00m [00;34m          GST_TRACER :0::[00m latency_tracer_pipeline, frame_latency=(double)46.998676, avg=(double)32.795610, min=(double)0.277575, max=(double)48.420675, latency=(double)11.831447, fps=(double)84.520513, frame_num=(uint)1340;
0:00:19.429453254 [32m    1[00m 0x708458001170 [37mTRACE  [00m [00;34m          GST_TRACER :0::[00m latency_tracer_pipeline, frame_latency=(double)25.251657, avg=(double)32.789985, min=(double)0.277575, max=(double)48.420675, latency=(double)11.823236, fps=(double)84.579213, frame_num=(uint)1341;
0:00:19.453393397 [32m    1[00m 0x708458001170 [37mTRACE  [00m [00;34m          GST_TRACER :0::[00m latency_tracer_pipeline, frame_latency=(double)42.212403, avg=(double)32.797006, min=(double)0.277575, max=(double)48.420675, latency=(double)11.832258, fps=(double)84.514719, frame_num=(uint)1342;
0:00:19.454147911 [32m    1[00m 0x708458001170 [37mTRACE  [00m [00;34m          GST_TRACER :0::[00m latency_tracer_pipeline, frame_latency=(double)23.501865, avg=(double)32.790085, min=(double)0.277575, max=(double)48.420675, latency=(double)11.824016, fps=(double)84.573636, frame_num=(uint)1343;
0:00:19.478823040 [32m    1[00m 0x708458001170 [37mTRACE  [00m [00;34m          GST_TRACER :0::[00m latency_tracer_pipeline, frame_latency=(double)42.441605, avg=(double)32.797266, min=(double)0.277575, max=(double)48.420675, latency=(double)11.833574, fps=(double)84.505320, frame_num=(uint)1344;
0:00:19.480261702 [32m    1[00m 0x708458001170 [37mTRACE  [00m [00;34m          GST_TRACER :0::[00m latency_tracer_pipeline, frame_latency=(double)24.377489, avg=(double)32.791006, min=(double)0.277575, max=(double)48.420675, latency=(double)11.825848, fps=(double)84.560534, frame_num=(uint)1345;
0:00:19.502760719 [32m    1[00m 0x708458001170 [37mTRACE  [00m [00;34m          GST_TRACER :0::[00m latency_tracer_pipeline, frame_latency=(double)41.979658, avg=(double)32.797832, min=(double)0.277575, max=(double)48.420675, latency=(double)11.833775, fps=(double)84.503889, frame_num=(uint)1346;
0:00:19.504243527 [32m    1[00m 0x708458001170 [37mTRACE  [00m [00;34m          GST_TRACER :0::[00m latency_tracer_pipeline, frame_latency=(double)22.483006, avg=(double)32.790175, min=(double)0.277575, max=(double)48.420675, latency=(double)11.826096, fps=(double)84.558761, frame_num=(uint)1347;
0:00:19.527146132 [32m    1[00m 0x708458001170 [37mTRACE  [00m [00;34m          GST_TRACER :0::[00m latency_tracer_pipeline, frame_latency=(double)41.207373, avg=(double)32.796419, min=(double)0.277575, max=(double)48.420675, latency=(double)11.834310, fps=(double)84.500067, frame_num=(uint)1348;
0:00:19.528568357 [32m    1[00m 0x708458001170 [37mTRACE  [00m [00;34m          GST_TRACER :0::[00m latency_tracer_pipeline, frame_latency=(double)23.280379, avg=(double)32.789365, min=(double)0.277575, max=(double)48.420675, latency=(double)11.826594, fps=(double)84.555196, frame_num=(uint)1349;
0:00:19.551766113 [32m    1[00m 0x708458001170 [37mTRACE  [00m [00;34m          GST_TRACER :0::[00m latency_tracer_pipeline, frame_latency=(double)41.890106, avg=(double)32.796106, min=(double)0.277575, max=(double)48.420675, latency=(double)11.835012, fps=(double)84.495055, frame_num=(uint)1350;
0:00:19.575646096 [32m    1[00m 0x708458001170 [37mTRACE  [00m [00;34m          GST_TRACER :0::[00m latency_tracer_pipeline, frame_latency=(double)44.752277, avg=(double)32.804956, min=(double)0.277575, max=(double)48.420675, latency=(double)11.843927, fps=(double)84.431453, frame_num=(uint)1351;
0:00:19.576762519 [32m    1[00m 0x708458001170 [37mTRACE  [00m [00;34m          GST_TRACER :0::[00m latency_tracer_pipeline, frame_latency=(double)24.499196, avg=(double)32.798813, min=(double)0.277575, max=(double)48.420675, latency=(double)11.835997, fps=(double)84.488021, frame_num=(uint)1352;
FpsCounter(average 13.10sec): total=333.92 fps, number-streams=4, per-stream=83.48 fps (83.98, 81.99, 84.36, 83.59)
0:00:19.598644377 [32m    1[00m 0x708458001170 [37mTRACE  [00m [00;34m          GST_TRACER :0::[00m latency_tracer_pipeline, frame_latency=(double)42.653355, avg=(double)32.806096, min=(double)0.277575, max=(double)48.420675, latency=(double)11.843420, fps=(double)84.435069, frame_num=(uint)1353;
0:00:19.599855185 [32m    1[00m 0x708458001170 [37mTRACE  [00m [00;34m          GST_TRACER :0::[00m latency_tracer_pipeline, frame_latency=(double)24.160877, avg=(double)32.799711, min=(double)0.277575, max=(double)48.420675, latency=(double)11.835570, fps=(double)84.491071, frame_num=(uint)1354;
0:00:19.622191549 [32m    1[00m 0x708458001170 [37mTRACE  [00m [00;34m          GST_TRACER :0::[00m latency_tracer_pipeline, frame_latency=(double)42.869585, avg=(double)32.807143, min=(double)0.277575, max=(double)48.420675, latency=(double)11.843316, fps=(double)84.435811, frame_num=(uint)1355;
0:00:19.623324019 [32m    1[00m 0x708458001170 [37mTRACE  [00m [00;34m          GST_TRACER :0::[00m latency_tracer_pipeline, frame_latency=(double)24.589422, avg=(double)32.801083, min=(double)0.277575, max=(double)48.420675, latency=(double)11.835422, fps=(double)84.492130, frame_num=(uint)1356;
0:00:19.646376126 [32m    1[00m 0x708458001170 [37mTRACE  [00m [00;34m          GST_TRACER :0::[00m latency_tracer_pipeline, frame_latency=(double)44.090311, avg=(double)32.809402, min=(double)0.277575, max=(double)48.420675, latency=(double)11.843683, fps=(double)84.433193, frame_num=(uint)1357;
0:00:19.647398584 [32m    1[00m 0x708458001170 [37mTRACE  [00m [00;34m          GST_TRACER :0::[00m latency_tracer_pipeline, frame_latency=(double)24.786056, avg=(double)32.803494, min=(double)0.277575, max=(double)48.420675, latency=(double)11.835718, fps=(double)84.490015, frame_num=(uint)1358;
0:00:19.669626737 [32m    1[00m 0x708458001170 [37mTRACE  [00m [00;34m          GST_TRACER :0::[00m latency_tracer_pipeline, frame_latency=(double)42.684520, avg=(double)32.810765, min=(double)0.277575, max=(double)48.420675, latency=(double)11.843361, fps=(double)84.435488, frame_num=(uint)1359;
0:00:19.670522328 [32m    1[00m 0x708458001170 [37mTRACE  [00m [00;34m          GST_TRACER :0::[00m latency_tracer_pipeline, frame_latency=(double)23.712073, avg=(double)32.804074, min=(double)0.277575, max=(double)48.420675, latency=(double)11.835307, fps=(double)84.492952, frame_num=(uint)1360;
FpsCounter(last 1.00sec): total=327.74 fps, number-streams=4, per-stream=81.94 fps (78.94, 81.94, 84.93, 81.94)
latency: -36784.69ms (-37196.15, -36240.44, -37159.75, -36543.77)
0:00:19.693358824 [32m    1[00m 0x708458001170 [37mTRACE  [00m [00;34m          GST_TRACER :0::[00m latency_tracer_pipeline, frame_latency=(double)43.003396, avg=(double)32.811568, min=(double)0.277575, max=(double)48.420675, latency=(double)11.843388, fps=(double)84.435300, frame_num=(uint)1361;
0:00:19.694485278 [32m    1[00m 0x708458001170 [37mTRACE  [00m [00;34m          GST_TRACER :0::[00m latency_tracer_pipeline, frame_latency=(double)24.522481, avg=(double)32.805482, min=(double)0.277575, max=(double)48.420675, latency=(double)11.835513, fps=(double)84.491482, frame_num=(uint)1362;
0:00:19.716809203 [32m    1[00m 0x708458001170 [37mTRACE  [00m [00;34m          GST_TRACER :0::[00m latency_tracer_pipeline, frame_latency=(double)42.351385, avg=(double)32.812486, min=(double)0.277575, max=(double)48.420675, latency=(double)11.843213, fps=(double)84.436543, frame_num=(uint)1363;
0:00:19.717691821 [32m    1[00m 0x708458001170 [37mTRACE  [00m [00;34m          GST_TRACER :0::[00m latency_tracer_pipeline, frame_latency=(double)23.816551, avg=(double)32.805891, min=(double)0.277575, max=(double)48.420675, latency=(double)11.835180, fps=(double)84.493856, frame_num=(uint)1364;
0:00:19.740482337 [32m    1[00m 0x708458001170 [37mTRACE  [00m [00;34m          GST_TRACER :0::[00m latency_tracer_pipeline, frame_latency=(double)43.392689, avg=(double)32.813647, min=(double)0.277575, max=(double)48.420675, latency=(double)11.843204, fps=(double)84.436607, frame_num=(uint)1365;
0:00:19.740497407 [32m    1[00m 0x708458001170 [37mTRACE  [00m [00;34m          GST_TRACER :0::[00m latency_tracer_pipeline_interval, interval=(double)1022.461621, avg=(double)33.609116, min=(double)21.024581, max=(double)48.420675, latency=(double)12.622983, fps=(double)79.220577;
0:00:19.740506031 [32m    1[00m 0x708458001170 [37mTRACE  [00m [00;34m          GST_TRACER :0::[00m latency_tracer_pipeline, frame_latency=(double)23.502040, avg=(double)32.806830, min=(double)0.277575, max=(double)48.420675, latency=(double)11.834566, fps=(double)84.498239, frame_num=(uint)1366;
0:00:19.741728184 [32m    1[00m 0x708458001170 [37mTRACE  [00m [00;34m          GST_TRACER :0::[00m latency_tracer_pipeline, frame_latency=(double)23.004706, avg=(double)32.799659, min=(double)0.277575, max=(double)48.420675, latency=(double)11.826793, fps=(double)84.553777, frame_num=(uint)1367;
0:00:19.764997424 [32m    1[00m 0x708458001170 [37mTRACE  [00m [00;34m          GST_TRACER :0::[00m latency_tracer_pipeline, frame_latency=(double)44.055152, avg=(double)32.807887, min=(double)0.277575, max=(double)48.420675, latency=(double)11.835160, fps=(double)84.494001, frame_num=(uint)1368;
0:00:19.765438231 [32m    1[00m 0x708458001170 [37mTRACE  [00m [00;34m          GST_TRACER :0::[00m latency_tracer_pipeline, frame_latency=(double)23.212940, avg=(double)32.800878, min=(double)0.277575, max=(double)48.420675, latency=(double)11.826841, fps=(double)84.553432, frame_num=(uint)1369;
0:00:19.788627853 [32m    1[00m 0x708458001170 [37mTRACE  [00m [00;34m          GST_TRACER :0::[00m latency_tracer_pipeline, frame_latency=(double)41.941221, avg=(double)32.807550, min=(double)0.277575, max=(double)48.420675, latency=(double)11.835131, fps=(double)84.494204, frame_num=(uint)1370;
0:00:19.788648118 [32m    1[00m 0x708458001170 [37mTRACE  [00m [00;34m          GST_TRACER :0::[00m latency_tracer_pipeline, frame_latency=(double)23.278562, avg=(double)32.800600, min=(double)0.277575, max=(double)48.420675, latency=(double)11.826520, fps=(double)84.555725, frame_num=(uint)1371;
0:00:19.789442161 [32m    1[00m 0x708458001170 [37mTRACE  [00m [00;34m          GST_TRACER :0::[00m latency_tracer_pipeline, frame_latency=(double)21.660236, avg=(double)32.792480, min=(double)0.277575, max=(double)48.420675, latency=(double)11.818476, fps=(double)84.613281, frame_num=(uint)1372;
0:00:19.813023230 [32m    1[00m 0x708458001170 [37mTRACE  [00m [00;34m          GST_TRACER :0::[00m latency_tracer_pipeline, frame_latency=(double)41.227006, avg=(double)32.798623, min=(double)0.277575, max=(double)48.420675, latency=(double)11.827039, fps=(double)84.552015, frame_num=(uint)1373;
0:00:19.814302150 [32m    1[00m 0x708458001170 [37mTRACE  [00m [00;34m          GST_TRACER :0::[00m latency_tracer_pipeline, frame_latency=(double)22.815317, avg=(double)32.791357, min=(double)0.277575, max=(double)48.420675, latency=(double)11.819365, fps=(double)84.606915, frame_num=(uint)1374;
0:00:19.837832713 [32m    1[00m 0x708458001170 [37mTRACE  [00m [00;34m          GST_TRACER :0::[00m latency_tracer_pipeline, frame_latency=(double)40.482412, avg=(double)32.796951, min=(double)0.277575, max=(double)48.420675, latency=(double)11.827878, fps=(double)84.546017, frame_num=(uint)1375;
0:00:19.838341505 [32m    1[00m 0x708458001170 [37mTRACE  [00m [00;34m          GST_TRACER :0::[00m latency_tracer_pipeline, frame_latency=(double)24.360458, avg=(double)32.790819, min=(double)0.277575, max=(double)48.420675, latency=(double)11.819655, fps=(double)84.604841, frame_num=(uint)1376;
0:00:19.863236561 [32m    1[00m 0x708458001170 [37mTRACE  [00m [00;34m          GST_TRACER :0::[00m latency_tracer_pipeline, frame_latency=(double)42.833468, avg=(double)32.798113, min=(double)0.277575, max=(double)48.420675, latency=(double)11.829147, fps=(double)84.536951, frame_num=(uint)1377;
0:00:19.863639507 [32m    1[00m 0x708458001170 [37mTRACE  [00m [00;34m          GST_TRACER :0::[00m latency_tracer_pipeline, frame_latency=(double)25.082417, avg=(double)32.792513, min=(double)0.277575, max=(double)48.420675, latency=(double)11.820860, fps=(double)84.596214, frame_num=(uint)1378;
0:00:19.888383877 [32m    1[00m 0x708458001170 [37mTRACE  [00m [00;34m          GST_TRACER :0::[00m latency_tracer_pipeline, frame_latency=(double)43.583555, avg=(double)32.800339, min=(double)0.277575, max=(double)48.420675, latency=(double)11.830227, fps=(double)84.529233, frame_num=(uint)1379;
0:00:19.889516962 [32m    1[00m 0x708458001170 [37mTRACE  [00m [00;34m          GST_TRACER :0::[00m latency_tracer_pipeline, frame_latency=(double)25.403822, avg=(double)32.794979, min=(double)0.277575, max=(double)48.420675, latency=(double)11.822480, fps=(double)84.584623, frame_num=(uint)1380;
0:00:19.913262352 [32m    1[00m 0x708458001170 [37mTRACE  [00m [00;34m          GST_TRACER :0::[00m latency_tracer_pipeline, frame_latency=(double)42.811612, avg=(double)32.802232, min=(double)0.277575, max=(double)48.420675, latency=(double)11.831109, fps=(double)84.522929, frame_num=(uint)1381;
0:00:19.914047889 [32m    1[00m 0x708458001170 [37mTRACE  [00m [00;34m          GST_TRACER :0::[00m latency_tracer_pipeline, frame_latency=(double)25.001302, avg=(double)32.796587, min=(double)0.277575, max=(double)48.420675, latency=(double)11.823121, fps=(double)84.580035, frame_num=(uint)1382;
0:00:19.938322903 [32m    1[00m 0x708458001170 [37mTRACE  [00m [00;34m          GST_TRACER :0::[00m latency_tracer_pipeline, frame_latency=(double)42.613641, avg=(double)32.803686, min=(double)0.277575, max=(double)48.420675, latency=(double)11.832121, fps=(double)84.515699, frame_num=(uint)1383;
0:00:19.939307222 [32m    1[00m 0x708458001170 [37mTRACE  [00m [00;34m          GST_TRACER :0::[00m latency_tracer_pipeline, frame_latency=(double)24.561804, avg=(double)32.797731, min=(double)0.277575, max=(double)48.420675, latency=(double)11.824282, fps=(double)84.571733, frame_num=(uint)1384;
0:00:19.962713708 [32m    1[00m 0x708458001170 [37mTRACE  [00m [00;34m          GST_TRACER :0::[00m latency_tracer_pipeline, frame_latency=(double)43.632091, avg=(double)32.805553, min=(double)0.277575, max=(double)48.420675, latency=(double)11.832641, fps=(double)84.511990, frame_num=(uint)1385;
0:00:19.987517708 [32m    1[00m 0x708458001170 [37mTRACE  [00m [00;34m          GST_TRACER :0::[00m latency_tracer_pipeline, frame_latency=(double)45.897309, avg=(double)32.814999, min=(double)0.277575, max=(double)48.420675, latency=(double)11.841999, fps=(double)84.445201, frame_num=(uint)1386;
0:00:19.988737449 [32m    1[00m 0x708458001170 [37mTRACE  [00m [00;34m          GST_TRACER :0::[00m latency_tracer_pipeline, frame_latency=(double)25.706896, avg=(double)32.809874, min=(double)0.277575, max=(double)48.420675, latency=(double)11.834344, fps=(double)84.499825, frame_num=(uint)1387;
0:00:20.013572456 [32m    1[00m 0x708458001170 [37mTRACE  [00m [00;34m          GST_TRACER :0::[00m latency_tracer_pipeline, frame_latency=(double)43.165882, avg=(double)32.817335, min=(double)0.277575, max=(double)48.420675, latency=(double)11.843708, fps=(double)84.433018, frame_num=(uint)1388;
0:00:20.038229924 [32m    1[00m 0x708458001170 [37mTRACE  [00m [00;34m          GST_TRACER :0::[00m latency_tracer_pipeline, frame_latency=(double)45.642208, avg=(double)32.826568, min=(double)0.277575, max=(double)48.420675, latency=(double)11.852932, fps=(double)84.367309, frame_num=(uint)1389;
0:00:20.039021046 [32m    1[00m 0x708458001170 [37mTRACE  [00m [00;34m          GST_TRACER :0::[00m latency_tracer_pipeline, frame_latency=(double)24.152380, avg=(double)32.820328, min=(double)0.277575, max=(double)48.420675, latency=(double)11.844983, fps=(double)84.423926, frame_num=(uint)1390;
0:00:20.062514578 [32m    1[00m 0x708458001170 [37mTRACE  [00m [00;34m          GST_TRACER :0::[00m latency_tracer_pipeline, frame_latency=(double)42.341491, avg=(double)32.827173, min=(double)0.277575, max=(double)48.420675, latency=(double)11.853350, fps=(double)84.364339, frame_num=(uint)1391;
0:00:20.063725992 [32m    1[00m 0x708458001170 [37mTRACE  [00m [00;34m          GST_TRACER :0::[00m latency_tracer_pipeline, frame_latency=(double)24.457431, avg=(double)32.821160, min=(double)0.277575, max=(double)48.420675, latency=(double)11.845705, fps=(double)84.418781, frame_num=(uint)1392;
0:00:20.088605972 [32m    1[00m 0x708458001170 [37mTRACE  [00m [00;34m          GST_TRACER :0::[00m latency_tracer_pipeline, frame_latency=(double)41.952401, avg=(double)32.827715, min=(double)0.277575, max=(double)48.420675, latency=(double)11.855070, fps=(double)84.352097, frame_num=(uint)1393;
0:00:20.089598505 [32m    1[00m 0x708458001170 [37mTRACE  [00m [00;34m          GST_TRACER :0::[00m latency_tracer_pipeline, frame_latency=(double)21.849507, avg=(double)32.819840, min=(double)0.277575, max=(double)48.420675, latency=(double)11.847272, fps=(double)84.407618, frame_num=(uint)1394;
0:00:20.115822201 [32m    1[00m 0x708458001170 [37mTRACE  [00m [00;34m          GST_TRACER :0::[00m latency_tracer_pipeline, frame_latency=(double)41.525171, avg=(double)32.826080, min=(double)0.277575, max=(double)48.420675, latency=(double)11.857573, fps=(double)84.334289, frame_num=(uint)1395;
0:00:20.116834560 [32m    1[00m 0x708458001170 [37mTRACE  [00m [00;34m          GST_TRACER :0::[00m latency_tracer_pipeline, frame_latency=(double)22.192529, avg=(double)32.818463, min=(double)0.277575, max=(double)48.420675, latency=(double)11.849806, fps=(double)84.389566, frame_num=(uint)1396;
0:00:20.141399624 [32m    1[00m 0x708458001170 [37mTRACE  [00m [00;34m          GST_TRACER :0::[00m latency_tracer_pipeline, frame_latency=(double)40.378915, avg=(double)32.823875, min=(double)0.277575, max=(double)48.420675, latency=(double)11.858890, fps=(double)84.324921, frame_num=(uint)1397;
0:00:20.167196287 [32m    1[00m 0x708458001170 [37mTRACE  [00m [00;34m          GST_TRACER :0::[00m latency_tracer_pipeline, frame_latency=(double)46.513431, avg=(double)32.833667, min=(double)0.277575, max=(double)48.420675, latency=(double)11.868877, fps=(double)84.253972, frame_num=(uint)1398;
0:00:20.168305668 [32m    1[00m 0x708458001170 [37mTRACE  [00m [00;34m          GST_TRACER :0::[00m latency_tracer_pipeline, frame_latency=(double)26.566288, avg=(double)32.829187, min=(double)0.277575, max=(double)48.420675, latency=(double)11.861190, fps=(double)84.308575, frame_num=(uint)1399;
0:00:20.193140410 [32m    1[00m 0x708458001170 [37mTRACE  [00m [00;34m          GST_TRACER :0::[00m latency_tracer_pipeline, frame_latency=(double)46.453324, avg=(double)32.838919, min=(double)0.277575, max=(double)48.420675, latency=(double)11.870458, fps=(double)84.242751, frame_num=(uint)1400;
0:00:20.193729972 [32m    1[00m 0x708458001170 [37mTRACE  [00m [00;34m          GST_TRACER :0::[00m latency_tracer_pipeline, frame_latency=(double)26.212219, avg=(double)32.834189, min=(double)0.277575, max=(double)48.420675, latency=(double)11.862411, fps=(double)84.299895, frame_num=(uint)1401;
0:00:20.217697587 [32m    1[00m 0x708458001170 [37mTRACE  [00m [00;34m          GST_TRACER :0::[00m latency_tracer_pipeline, frame_latency=(double)44.574641, avg=(double)32.842563, min=(double)0.277575, max=(double)48.420675, latency=(double)11.871043, fps=(double)84.238599, frame_num=(uint)1402;
0:00:20.218443965 [32m    1[00m 0x708458001170 [37mTRACE  [00m [00;34m          GST_TRACER :0::[00m latency_tracer_pipeline, frame_latency=(double)25.083827, avg=(double)32.837033, min=(double)0.277575, max=(double)48.420675, latency=(double)11.863116, fps=(double)84.294887, frame_num=(uint)1403;
0:00:20.242047563 [32m    1[00m 0x708458001170 [37mTRACE  [00m [00;34m          GST_TRACER :0::[00m latency_tracer_pipeline, frame_latency=(double)43.536304, avg=(double)32.844653, min=(double)0.277575, max=(double)48.420675, latency=(double)11.871475, fps=(double)84.235529, frame_num=(uint)1404;
0:00:20.243146313 [32m    1[00m 0x708458001170 [37mTRACE  [00m [00;34m          GST_TRACER :0::[00m latency_tracer_pipeline, frame_latency=(double)25.150386, avg=(double)32.839177, min=(double)0.277575, max=(double)48.420675, latency=(double)11.863803, fps=(double)84.290002, frame_num=(uint)1405;
0:00:20.243188879 [32m    1[00m 0x708458001170 [37mTRACE  [00m [00;34m          GST_TRACER :0::[00m latency_tracer_pipeline, frame_latency=(double)21.808608, avg=(double)32.831332, min=(double)0.277575, max=(double)48.420675, latency=(double)11.855401, fps=(double)84.349738, frame_num=(uint)1406;
0:00:20.265353940 [32m    1[00m 0x708458001170 [37mTRACE  [00m [00;34m          GST_TRACER :0::[00m latency_tracer_pipeline, frame_latency=(double)41.281389, avg=(double)32.837337, min=(double)0.277575, max=(double)48.420675, latency=(double)11.862726, fps=(double)84.297654, frame_num=(uint)1407;
0:00:20.288951623 [32m    1[00m 0x708458001170 [37mTRACE  [00m [00;34m          GST_TRACER :0::[00m latency_tracer_pipeline, frame_latency=(double)44.272752, avg=(double)32.845459, min=(double)0.277575, max=(double)48.420675, latency=(double)11.871060, fps=(double)84.238474, frame_num=(uint)1408;
0:00:20.289782787 [32m    1[00m 0x708458001170 [37mTRACE  [00m [00;34m          GST_TRACER :0::[00m latency_tracer_pipeline, frame_latency=(double)24.145666, avg=(double)32.839285, min=(double)0.277575, max=(double)48.420675, latency=(double)11.863223, fps=(double)84.294126, frame_num=(uint)1409;
0:00:20.313140064 [32m    1[00m 0x708458001170 [37mTRACE  [00m [00;34m          GST_TRACER :0::[00m latency_tracer_pipeline, frame_latency=(double)43.636804, avg=(double)32.846943, min=(double)0.277575, max=(double)48.420675, latency=(double)11.871376, fps=(double)84.236231, frame_num=(uint)1410;
0:00:20.314078478 [32m    1[00m 0x708458001170 [37mTRACE  [00m [00;34m          GST_TRACER :0::[00m latency_tracer_pipeline, frame_latency=(double)24.489955, avg=(double)32.841020, min=(double)0.277575, max=(double)48.420675, latency=(double)11.863630, fps=(double)84.291234, frame_num=(uint)1411;
0:00:20.336449727 [32m    1[00m 0x708458001170 [37mTRACE  [00m [00;34m          GST_TRACER :0::[00m latency_tracer_pipeline, frame_latency=(double)43.856945, avg=(double)32.848822, min=(double)0.277575, max=(double)48.420675, latency=(double)11.871070, fps=(double)84.238403, frame_num=(uint)1412;
0:00:20.337538524 [32m    1[00m 0x708458001170 [37mTRACE  [00m [00;34m          GST_TRACER :0::[00m latency_tracer_pipeline, frame_latency=(double)24.136375, avg=(double)32.842656, min=(double)0.277575, max=(double)48.420675, latency=(double)11.863433, fps=(double)84.292631, frame_num=(uint)1413;
0:00:20.360012690 [32m    1[00m 0x708458001170 [37mTRACE  [00m [00;34m          GST_TRACER :0::[00m latency_tracer_pipeline, frame_latency=(double)41.800464, avg=(double)32.848991, min=(double)0.277575, max=(double)48.420675, latency=(double)11.870944, fps=(double)84.239302, frame_num=(uint)1414;
0:00:20.360808865 [32m    1[00m 0x708458001170 [37mTRACE  [00m [00;34m          GST_TRACER :0::[00m latency_tracer_pipeline, frame_latency=(double)22.156598, avg=(double)32.841434, min=(double)0.277575, max=(double)48.420675, latency=(double)11.863111, fps=(double)84.294921, frame_num=(uint)1415;
0:00:20.382979060 [32m    1[00m 0x708458001170 [37mTRACE  [00m [00;34m          GST_TRACER :0::[00m latency_tracer_pipeline, frame_latency=(double)40.940585, avg=(double)32.847154, min=(double)0.277575, max=(double)48.420675, latency=(double)11.870393, fps=(double)84.243212, frame_num=(uint)1416;
0:00:20.383846510 [32m    1[00m 0x708458001170 [37mTRACE  [00m [00;34m          GST_TRACER :0::[00m latency_tracer_pipeline, frame_latency=(double)22.442180, avg=(double)32.839811, min=(double)0.277575, max=(double)48.420675, latency=(double)11.862626, fps=(double)84.298369, frame_num=(uint)1417;
0:00:20.406763022 [32m    1[00m 0x708458001170 [37mTRACE  [00m [00;34m          GST_TRACER :0::[00m latency_tracer_pipeline, frame_latency=(double)41.840024, avg=(double)32.846158, min=(double)0.277575, max=(double)48.420675, latency=(double)11.870419, fps=(double)84.243026, frame_num=(uint)1418;
0:00:20.407694702 [32m    1[00m 0x708458001170 [37mTRACE  [00m [00;34m          GST_TRACER :0::[00m latency_tracer_pipeline, frame_latency=(double)22.876164, avg=(double)32.839132, min=(double)0.277575, max=(double)48.420675, latency=(double)11.862712, fps=(double)84.297753, frame_num=(uint)1419;
0:00:20.430146474 [32m    1[00m 0x708458001170 [37mTRACE  [00m [00;34m          GST_TRACER :0::[00m latency_tracer_pipeline, frame_latency=(double)41.877231, avg=(double)32.845497, min=(double)0.277575, max=(double)48.420675, latency=(double)11.870167, fps=(double)84.244811, frame_num=(uint)1420;
0:00:20.431115888 [32m    1[00m 0x708458001170 [37mTRACE  [00m [00;34m          GST_TRACER :0::[00m latency_tracer_pipeline, frame_latency=(double)22.920180, avg=(double)32.838512, min=(double)0.277575, max=(double)48.420675, latency=(double)11.862498, fps=(double)84.299277, frame_num=(uint)1421;
0:00:20.453833640 [32m    1[00m 0x708458001170 [37mTRACE  [00m [00;34m          GST_TRACER :0::[00m latency_tracer_pipeline, frame_latency=(double)43.807658, avg=(double)32.846226, min=(double)0.277575, max=(double)48.420675, latency=(double)11.870136, fps=(double)84.245030, frame_num=(uint)1422;
0:00:20.454948314 [32m    1[00m 0x708458001170 [37mTRACE  [00m [00;34m          GST_TRACER :0::[00m latency_tracer_pipeline, frame_latency=(double)24.685367, avg=(double)32.840491, min=(double)0.277575, max=(double)48.420675, latency=(double)11.862573, fps=(double)84.298746, frame_num=(uint)1423;
0:00:20.454983955 [32m    1[00m 0x708458001170 [37mTRACE  [00m [00;34m          GST_TRACER :0::[00m latency_tracer_pipeline, frame_latency=(double)21.966616, avg=(double)32.832855, min=(double)0.277575, max=(double)48.420675, latency=(double)11.854280, fps=(double)84.357716, frame_num=(uint)1424;
0:00:20.477345480 [32m    1[00m 0x708458001170 [37mTRACE  [00m [00;34m          GST_TRACER :0::[00m latency_tracer_pipeline, frame_latency=(double)41.906929, avg=(double)32.839223, min=(double)0.277575, max=(double)48.420675, latency=(double)11.861639, fps=(double)84.305381, frame_num=(uint)1425;
0:00:20.477885135 [32m    1[00m 0x708458001170 [37mTRACE  [00m [00;34m          GST_TRACER :0::[00m latency_tracer_pipeline, frame_latency=(double)21.644280, avg=(double)32.831372, min=(double)0.277575, max=(double)48.420675, latency=(double)11.853705, fps=(double)84.361809, frame_num=(uint)1426;
0:00:20.501737659 [32m    1[00m 0x708458001170 [37mTRACE  [00m [00;34m          GST_TRACER :0::[00m latency_tracer_pipeline, frame_latency=(double)42.109754, avg=(double)32.837874, min=(double)0.277575, max=(double)48.420675, latency=(double)11.862111, fps=(double)84.302026, frame_num=(uint)1427;
0:00:20.523788649 [32m    1[00m 0x708458001170 [37mTRACE  [00m [00;34m          GST_TRACER :0::[00m latency_tracer_pipeline, frame_latency=(double)43.080194, avg=(double)32.845047, min=(double)0.277575, max=(double)48.420675, latency=(double)11.869243, fps=(double)84.251371, frame_num=(uint)1428;
0:00:20.524719286 [32m    1[00m 0x708458001170 [37mTRACE  [00m [00;34m          GST_TRACER :0::[00m latency_tracer_pipeline, frame_latency=(double)23.359578, avg=(double)32.838409, min=(double)0.277575, max=(double)48.420675, latency=(double)11.861590, fps=(double)84.305728, frame_num=(uint)1429;
0:00:20.546542752 [32m    1[00m 0x708458001170 [37mTRACE  [00m [00;34m          GST_TRACER :0::[00m latency_tracer_pipeline, frame_latency=(double)41.973501, avg=(double)32.844797, min=(double)0.277575, max=(double)48.420675, latency=(double)11.868558, fps=(double)84.256234, frame_num=(uint)1430;
0:00:20.547226906 [32m    1[00m 0x708458001170 [37mTRACE  [00m [00;34m          GST_TRACER :0::[00m latency_tracer_pipeline, frame_latency=(double)23.057365, avg=(double)32.837957, min=(double)0.277575, max=(double)48.420675, latency=(double)11.860744, fps=(double)84.311740, frame_num=(uint)1431;
0:00:20.569930920 [32m    1[00m 0x708458001170 [37mTRACE  [00m [00;34m          GST_TRACER :0::[00m latency_tracer_pipeline, frame_latency=(double)43.830819, avg=(double)32.845634, min=(double)0.277575, max=(double)48.420675, latency=(double)11.868312, fps=(double)84.257980, frame_num=(uint)1432;
0:00:20.571063211 [32m    1[00m 0x708458001170 [37mTRACE  [00m [00;34m          GST_TRACER :0::[00m latency_tracer_pipeline, frame_latency=(double)24.476714, avg=(double)32.839794, min=(double)0.277575, max=(double)48.420675, latency=(double)11.860811, fps=(double)84.311266, frame_num=(uint)1433;
0:00:20.594299524 [32m    1[00m 0x708458001170 [37mTRACE  [00m [00;34m          GST_TRACER :0::[00m latency_tracer_pipeline, frame_latency=(double)45.328082, avg=(double)32.848503, min=(double)0.277575, max=(double)48.420675, latency=(double)11.868755, fps=(double)84.254838, frame_num=(uint)1434;
0:00:20.595628806 [32m    1[00m 0x708458001170 [37mTRACE  [00m [00;34m          GST_TRACER :0::[00m latency_tracer_pipeline, frame_latency=(double)25.404355, avg=(double)32.843315, min=(double)0.277575, max=(double)48.420675, latency=(double)11.861410, fps=(double)84.307011, frame_num=(uint)1435;
FpsCounter(average 14.12sec): total=333.58 fps, number-streams=4, per-stream=83.39 fps (83.78, 82.30, 84.00, 83.50)
0:00:20.619416853 [32m    1[00m 0x708458001170 [37mTRACE  [00m [00;34m          GST_TRACER :0::[00m latency_tracer_pipeline, frame_latency=(double)45.378024, avg=(double)32.852044, min=(double)0.277575, max=(double)48.420675, latency=(double)11.869718, fps=(double)84.248003, frame_num=(uint)1436;
0:00:20.619937946 [32m    1[00m 0x708458001170 [37mTRACE  [00m [00;34m          GST_TRACER :0::[00m latency_tracer_pipeline, frame_latency=(double)25.469898, avg=(double)32.846907, min=(double)0.277575, max=(double)48.420675, latency=(double)11.861821, fps=(double)84.304091, frame_num=(uint)1437;
0:00:20.645431012 [32m    1[00m 0x708458001170 [37mTRACE  [00m [00;34m          GST_TRACER :0::[00m latency_tracer_pipeline, frame_latency=(double)46.317432, avg=(double)32.856274, min=(double)0.277575, max=(double)48.420675, latency=(double)11.871294, fps=(double)84.236813, frame_num=(uint)1438;
0:00:20.646928425 [32m    1[00m 0x708458001170 [37mTRACE  [00m [00;34m          GST_TRACER :0::[00m latency_tracer_pipeline, frame_latency=(double)27.135278, avg=(double)32.852299, min=(double)0.277575, max=(double)48.420675, latency=(double)11.864086, fps=(double)84.287991, frame_num=(uint)1439;
0:00:20.672134562 [32m    1[00m 0x708458001170 [37mTRACE  [00m [00;34m          GST_TRACER :0::[00m latency_tracer_pipeline, frame_latency=(double)47.246262, avg=(double)32.862294, min=(double)0.277575, max=(double)48.420675, latency=(double)11.873351, fps=(double)84.222223, frame_num=(uint)1440;
0:00:20.672978136 [32m    1[00m 0x708458001170 [37mTRACE  [00m [00;34m          GST_TRACER :0::[00m latency_tracer_pipeline, frame_latency=(double)26.654953, avg=(double)32.857987, min=(double)0.277575, max=(double)48.420675, latency=(double)11.865694, fps=(double)84.276573, frame_num=(uint)1441;
FpsCounter(last 1.00sec): total=326.77 fps, number-streams=4, per-stream=81.69 fps (80.70, 81.69, 80.70, 83.69)
latency: -39057.02ms (-39399.35, -38534.65, -39464.88, -38843.54)
0:00:20.697308903 [32m    1[00m 0x708458001170 [37mTRACE  [00m [00;34m          GST_TRACER :0::[00m latency_tracer_pipeline, frame_latency=(double)43.631578, avg=(double)32.865458, min=(double)0.277575, max=(double)48.420675, latency=(double)11.874341, fps=(double)84.215201, frame_num=(uint)1442;
0:00:20.698308239 [32m    1[00m 0x708458001170 [37mTRACE  [00m [00;34m          GST_TRACER :0::[00m latency_tracer_pipeline, frame_latency=(double)25.221394, avg=(double)32.860161, min=(double)0.277575, max=(double)48.420675, latency=(double)11.866807, fps=(double)84.268666, frame_num=(uint)1443;
0:00:20.698347591 [32m    1[00m 0x708458001170 [37mTRACE  [00m [00;34m          GST_TRACER :0::[00m latency_tracer_pipeline, frame_latency=(double)18.811936, avg=(double)32.850432, min=(double)0.277575, max=(double)48.420675, latency=(double)11.858624, fps=(double)84.326813, frame_num=(uint)1444;
0:00:20.722551080 [32m    1[00m 0x708458001170 [37mTRACE  [00m [00;34m          GST_TRACER :0::[00m latency_tracer_pipeline, frame_latency=(double)37.438938, avg=(double)32.853607, min=(double)0.277575, max=(double)48.420675, latency=(double)11.867159, fps=(double)84.266168, frame_num=(uint)1445;
0:00:20.723517506 [32m    1[00m 0x708458001170 [37mTRACE  [00m [00;34m          GST_TRACER :0::[00m latency_tracer_pipeline, frame_latency=(double)22.083359, avg=(double)32.846159, min=(double)0.277575, max=(double)48.420675, latency=(double)11.859621, fps=(double)84.319730, frame_num=(uint)1446;
0:00:20.747566661 [32m    1[00m 0x708458001170 [37mTRACE  [00m [00;34m          GST_TRACER :0::[00m latency_tracer_pipeline, frame_latency=(double)40.274060, avg=(double)32.851292, min=(double)0.277575, max=(double)48.420675, latency=(double)11.868042, fps=(double)84.259900, frame_num=(uint)1447;
0:00:20.747596161 [32m    1[00m 0x708458001170 [37mTRACE  [00m [00;34m          GST_TRACER :0::[00m latency_tracer_pipeline_interval, interval=(double)1007.082044, avg=(double)33.477958, min=(double)18.811936, max=(double)47.246262, latency=(double)12.281488, fps=(double)81.423356;
0:00:20.748272594 [32m    1[00m 0x708458001170 [37mTRACE  [00m [00;34m          GST_TRACER :0::[00m latency_tracer_pipeline, frame_latency=(double)22.054181, avg=(double)32.843836, min=(double)0.277575, max=(double)48.420675, latency=(double)11.860339, fps=(double)84.314623, frame_num=(uint)1448;
0:00:20.772793459 [32m    1[00m 0x708458001170 [37mTRACE  [00m [00;34m          GST_TRACER :0::[00m latency_tracer_pipeline, frame_latency=(double)40.533976, avg=(double)32.849143, min=(double)0.277575, max=(double)48.420675, latency=(double)11.869071, fps=(double)84.252595, frame_num=(uint)1449;
0:00:20.773175325 [32m    1[00m 0x708458001170 [37mTRACE  [00m [00;34m          GST_TRACER :0::[00m latency_tracer_pipeline, frame_latency=(double)21.522273, avg=(double)32.841331, min=(double)0.277575, max=(double)48.420675, latency=(double)11.861151, fps=(double)84.308847, frame_num=(uint)1450;
0:00:20.797552700 [32m    1[00m 0x708458001170 [37mTRACE  [00m [00;34m          GST_TRACER :0::[00m latency_tracer_pipeline, frame_latency=(double)40.147051, avg=(double)32.846366, min=(double)0.277575, max=(double)48.420675, latency=(double)11.869777, fps=(double)84.247583, frame_num=(uint)1451;
0:00:20.798347415 [32m    1[00m 0x708458001170 [37mTRACE  [00m [00;34m          GST_TRACER :0::[00m latency_tracer_pipeline, frame_latency=(double)21.670622, avg=(double)32.838670, min=(double)0.277575, max=(double)48.420675, latency=(double)11.862153, fps=(double)84.301732, frame_num=(uint)1452;
0:00:20.822764865 [32m    1[00m 0x708458001170 [37mTRACE  [00m [00;34m          GST_TRACER :0::[00m latency_tracer_pipeline, frame_latency=(double)41.025887, avg=(double)32.844304, min=(double)0.277575, max=(double)48.420675, latency=(double)11.870791, fps=(double)84.240385, frame_num=(uint)1453;
0:00:20.823621772 [32m    1[00m 0x708458001170 [37mTRACE  [00m [00;34m          GST_TRACER :0::[00m latency_tracer_pipeline, frame_latency=(double)22.253829, avg=(double)32.837021, min=(double)0.277575, max=(double)48.420675, latency=(double)11.863216, fps=(double)84.294171, frame_num=(uint)1454;
0:00:20.847348845 [32m    1[00m 0x708458001170 [37mTRACE  [00m [00;34m          GST_TRACER :0::[00m latency_tracer_pipeline, frame_latency=(double)40.686285, avg=(double)32.842415, min=(double)0.277575, max=(double)48.420675, latency=(double)11.871367, fps=(double)84.236298, frame_num=(uint)1455;
0:00:20.848257962 [32m    1[00m 0x708458001170 [37mTRACE  [00m [00;34m          GST_TRACER :0::[00m latency_tracer_pipeline, frame_latency=(double)21.745788, avg=(double)32.834794, min=(double)0.277575, max=(double)48.420675, latency=(double)11.863841, fps=(double)84.289735, frame_num=(uint)1456;
0:00:20.871322759 [32m    1[00m 0x708458001170 [37mTRACE  [00m [00;34m          GST_TRACER :0::[00m latency_tracer_pipeline, frame_latency=(double)39.680151, avg=(double)32.839492, min=(double)0.277575, max=(double)48.420675, latency=(double)11.871528, fps=(double)84.235156, frame_num=(uint)1457;
0:00:20.872093689 [32m    1[00m 0x708458001170 [37mTRACE  [00m [00;34m          GST_TRACER :0::[00m latency_tracer_pipeline, frame_latency=(double)21.212822, avg=(double)32.831518, min=(double)0.277575, max=(double)48.420675, latency=(double)11.863918, fps=(double)84.289190, frame_num=(uint)1458;
0:00:20.896478123 [32m    1[00m 0x708458001170 [37mTRACE  [00m [00;34m          GST_TRACER :0::[00m latency_tracer_pipeline, frame_latency=(double)39.682486, avg=(double)32.836213, min=(double)0.277575, max=(double)48.420675, latency=(double)11.872489, fps=(double)84.228336, frame_num=(uint)1459;
0:00:20.897452031 [32m    1[00m 0x708458001170 [37mTRACE  [00m [00;34m          GST_TRACER :0::[00m latency_tracer_pipeline, frame_latency=(double)22.114365, avg=(double)32.828870, min=(double)0.277575, max=(double)48.420675, latency=(double)11.865034, fps=(double)84.281259, frame_num=(uint)1460;
0:00:20.920619080 [32m    1[00m 0x708458001170 [37mTRACE  [00m [00;34m          GST_TRACER :0::[00m latency_tracer_pipeline, frame_latency=(double)39.324747, avg=(double)32.833316, min=(double)0.277575, max=(double)48.420675, latency=(double)11.872767, fps=(double)84.226361, frame_num=(uint)1461;
0:00:20.921840274 [32m    1[00m 0x708458001170 [37mTRACE  [00m [00;34m          GST_TRACER :0::[00m latency_tracer_pipeline, frame_latency=(double)22.437485, avg=(double)32.826205, min=(double)0.277575, max=(double)48.420675, latency=(double)11.865485, fps=(double)84.278058, frame_num=(uint)1462;
0:00:20.945795422 [32m    1[00m 0x708458001170 [37mTRACE  [00m [00;34m          GST_TRACER :0::[00m latency_tracer_pipeline, frame_latency=(double)40.940574, avg=(double)32.831752, min=(double)0.277575, max=(double)48.420675, latency=(double)11.873746, fps=(double)84.219419, frame_num=(uint)1463;
0:00:20.946671692 [32m    1[00m 0x708458001170 [37mTRACE  [00m [00;34m          GST_TRACER :0::[00m latency_tracer_pipeline, frame_latency=(double)22.125736, avg=(double)32.824439, min=(double)0.277575, max=(double)48.420675, latency=(double)11.866235, fps=(double)84.272726, frame_num=(uint)1464;
0:00:20.970309019 [32m    1[00m 0x708458001170 [37mTRACE  [00m [00;34m          GST_TRACER :0::[00m latency_tracer_pipeline, frame_latency=(double)40.469744, avg=(double)32.829657, min=(double)0.277575, max=(double)48.420675, latency=(double)11.874268, fps=(double)84.215717, frame_num=(uint)1465;
0:00:20.971121377 [32m    1[00m 0x708458001170 [37mTRACE  [00m [00;34m          GST_TRACER :0::[00m latency_tracer_pipeline, frame_latency=(double)23.694166, avg=(double)32.823426, min=(double)0.277575, max=(double)48.420675, latency=(double)11.866732, fps=(double)84.269200, frame_num=(uint)1466;
0:00:20.994966883 [32m    1[00m 0x708458001170 [37mTRACE  [00m [00;34m          GST_TRACER :0::[00m latency_tracer_pipeline, frame_latency=(double)41.557216, avg=(double)32.829379, min=(double)0.277575, max=(double)48.420675, latency=(double)11.874892, fps=(double)84.211294, frame_num=(uint)1467;
0:00:20.995911502 [32m    1[00m 0x708458001170 [37mTRACE  [00m [00;34m          GST_TRACER :0::[00m latency_tracer_pipeline, frame_latency=(double)21.972592, avg=(double)32.821984, min=(double)0.277575, max=(double)48.420675, latency=(double)11.867451, fps=(double)84.264097, frame_num=(uint)1468;
0:00:21.020510556 [32m    1[00m 0x708458001170 [37mTRACE  [00m [00;34m          GST_TRACER :0::[00m latency_tracer_pipeline, frame_latency=(double)40.221845, avg=(double)32.827021, min=(double)0.277575, max=(double)48.420675, latency=(double)11.876113, fps=(double)84.202634, frame_num=(uint)1469;
0:00:21.021347683 [32m    1[00m 0x708458001170 [37mTRACE  [00m [00;34m          GST_TRACER :0::[00m latency_tracer_pipeline, frame_latency=(double)22.607879, avg=(double)32.820069, min=(double)0.277575, max=(double)48.420675, latency=(double)11.868599, fps=(double)84.255944, frame_num=(uint)1470;
0:00:21.046012130 [32m    1[00m 0x708458001170 [37mTRACE  [00m [00;34m          GST_TRACER :0::[00m latency_tracer_pipeline, frame_latency=(double)41.372191, avg=(double)32.825883, min=(double)0.277575, max=(double)48.420675, latency=(double)11.877304, fps=(double)84.194194, frame_num=(uint)1471;
0:00:21.071083398 [32m    1[00m 0x708458001170 [37mTRACE  [00m [00;34m          GST_TRACER :0::[00m latency_tracer_pipeline, frame_latency=(double)46.662831, avg=(double)32.835283, min=(double)0.277575, max=(double)48.420675, latency=(double)11.886267, fps=(double)84.130706, frame_num=(uint)1472;
0:00:21.072021757 [32m    1[00m 0x708458001170 [37mTRACE  [00m [00;34m          GST_TRACER :0::[00m latency_tracer_pipeline, frame_latency=(double)25.096367, avg=(double)32.830029, min=(double)0.277575, max=(double)48.420675, latency=(double)11.878838, fps=(double)84.183320, frame_num=(uint)1473;
0:00:21.096373070 [32m    1[00m 0x708458001170 [37mTRACE  [00m [00;34m          GST_TRACER :0::[00m latency_tracer_pipeline, frame_latency=(double)44.407782, avg=(double)32.837884, min=(double)0.277575, max=(double)48.420675, latency=(double)11.887295, fps=(double)84.123427, frame_num=(uint)1474;
0:00:21.097434456 [32m    1[00m 0x708458001170 [37mTRACE  [00m [00;34m          GST_TRACER :0::[00m latency_tracer_pipeline, frame_latency=(double)24.829749, avg=(double)32.832455, min=(double)0.277575, max=(double)48.420675, latency=(double)11.879960, fps=(double)84.175370, frame_num=(uint)1475;
0:00:21.120858917 [32m    1[00m 0x708458001170 [37mTRACE  [00m [00;34m          GST_TRACER :0::[00m latency_tracer_pipeline, frame_latency=(double)42.857632, avg=(double)32.839247, min=(double)0.277575, max=(double)48.420675, latency=(double)11.887776, fps=(double)84.120024, frame_num=(uint)1476;
0:00:21.121761290 [32m    1[00m 0x708458001170 [37mTRACE  [00m [00;34m          GST_TRACER :0::[00m latency_tracer_pipeline, frame_latency=(double)24.748582, avg=(double)32.833769, min=(double)0.277575, max=(double)48.420675, latency=(double)11.880333, fps=(double)84.172722, frame_num=(uint)1477;
0:00:21.146045382 [32m    1[00m 0x708458001170 [37mTRACE  [00m [00;34m          GST_TRACER :0::[00m latency_tracer_pipeline, frame_latency=(double)43.344670, avg=(double)32.840881, min=(double)0.277575, max=(double)48.420675, latency=(double)11.888725, fps=(double)84.113313, frame_num=(uint)1478;
0:00:21.146782944 [32m    1[00m 0x708458001170 [37mTRACE  [00m [00;34m          GST_TRACER :0::[00m latency_tracer_pipeline, frame_latency=(double)25.072773, avg=(double)32.835628, min=(double)0.277575, max=(double)48.420675, latency=(double)11.881195, fps=(double)84.166616, frame_num=(uint)1479;
0:00:21.170538058 [32m    1[00m 0x708458001170 [37mTRACE  [00m [00;34m          GST_TRACER :0::[00m latency_tracer_pipeline, frame_latency=(double)42.740381, avg=(double)32.842321, min=(double)0.277575, max=(double)48.420675, latency=(double)11.889210, fps=(double)84.109879, frame_num=(uint)1480;
0:00:21.171362685 [32m    1[00m 0x708458001170 [37mTRACE  [00m [00;34m          GST_TRACER :0::[00m latency_tracer_pipeline, frame_latency=(double)24.795421, avg=(double)32.836887, min=(double)0.277575, max=(double)48.420675, latency=(double)11.881746, fps=(double)84.162717, frame_num=(uint)1481;
0:00:21.196062956 [32m    1[00m 0x708458001170 [37mTRACE  [00m [00;34m          GST_TRACER :0::[00m latency_tracer_pipeline, frame_latency=(double)43.423918, avg=(double)32.844031, min=(double)0.277575, max=(double)48.420675, latency=(double)11.890391, fps=(double)84.101524, frame_num=(uint)1482;
0:00:21.196638026 [32m    1[00m 0x708458001170 [37mTRACE  [00m [00;34m          GST_TRACER :0::[00m latency_tracer_pipeline, frame_latency=(double)23.473914, avg=(double)32.837713, min=(double)0.277575, max=(double)48.420675, latency=(double)11.882768, fps=(double)84.155478, frame_num=(uint)1483;
0:00:21.220661913 [32m    1[00m 0x708458001170 [37mTRACE  [00m [00;34m          GST_TRACER :0::[00m latency_tracer_pipeline, frame_latency=(double)41.474881, avg=(double)32.843533, min=(double)0.277575, max=(double)48.420675, latency=(double)11.890942, fps=(double)84.097626, frame_num=(uint)1484;
0:00:21.246059729 [32m    1[00m 0x708458001170 [37mTRACE  [00m [00;34m          GST_TRACER :0::[00m latency_tracer_pipeline, frame_latency=(double)46.164864, avg=(double)32.852504, min=(double)0.277575, max=(double)48.420675, latency=(double)11.900039, fps=(double)84.033336, frame_num=(uint)1485;
0:00:21.246497583 [32m    1[00m 0x708458001170 [37mTRACE  [00m [00;34m          GST_TRACER :0::[00m latency_tracer_pipeline, frame_latency=(double)24.997661, avg=(double)32.847218, min=(double)0.277575, max=(double)48.420675, latency=(double)11.892332, fps=(double)84.087799, frame_num=(uint)1486;
0:00:21.272822235 [32m    1[00m 0x708458001170 [37mTRACE  [00m [00;34m          GST_TRACER :0::[00m latency_tracer_pipeline, frame_latency=(double)45.987465, avg=(double)32.856054, min=(double)0.277575, max=(double)48.420675, latency=(double)11.902032, fps=(double)84.019267, frame_num=(uint)1487;
0:00:21.273631530 [32m    1[00m 0x708458001170 [37mTRACE  [00m [00;34m          GST_TRACER :0::[00m latency_tracer_pipeline, frame_latency=(double)27.029204, avg=(double)32.852139, min=(double)0.277575, max=(double)48.420675, latency=(double)11.894581, fps=(double)84.071898, frame_num=(uint)1488;
0:00:21.299114851 [32m    1[00m 0x708458001170 [37mTRACE  [00m [00;34m          GST_TRACER :0::[00m latency_tracer_pipeline, frame_latency=(double)46.487653, avg=(double)32.861296, min=(double)0.277575, max=(double)48.420675, latency=(double)11.903705, fps=(double)84.007458, frame_num=(uint)1489;
0:00:21.299632921 [32m    1[00m 0x708458001170 [37mTRACE  [00m [00;34m          GST_TRACER :0::[00m latency_tracer_pipeline, frame_latency=(double)26.205351, avg=(double)32.856829, min=(double)0.277575, max=(double)48.420675, latency=(double)11.896067, fps=(double)84.061396, frame_num=(uint)1490;
0:00:21.323847318 [32m    1[00m 0x708458001170 [37mTRACE  [00m [00;34m          GST_TRACER :0::[00m latency_tracer_pipeline, frame_latency=(double)44.255533, avg=(double)32.864474, min=(double)0.277575, max=(double)48.420675, latency=(double)11.904325, fps=(double)84.003083, frame_num=(uint)1491;
0:00:21.324955797 [32m    1[00m 0x708458001170 [37mTRACE  [00m [00;34m          GST_TRACER :0::[00m latency_tracer_pipeline, frame_latency=(double)25.265624, avg=(double)32.859381, min=(double)0.277575, max=(double)48.420675, latency=(double)11.897092, fps=(double)84.054154, frame_num=(uint)1492;
0:00:21.349435054 [32m    1[00m 0x708458001170 [37mTRACE  [00m [00;34m          GST_TRACER :0::[00m latency_tracer_pipeline, frame_latency=(double)44.611797, avg=(double)32.867253, min=(double)0.277575, max=(double)48.420675, latency=(double)11.905518, fps=(double)83.994667, frame_num=(uint)1493;
0:00:21.350340704 [32m    1[00m 0x708458001170 [37mTRACE  [00m [00;34m          GST_TRACER :0::[00m latency_tracer_pipeline, frame_latency=(double)25.844310, avg=(double)32.862552, min=(double)0.277575, max=(double)48.420675, latency=(double)11.898157, fps=(double)84.046628, frame_num=(uint)1494;
0:00:21.374594063 [32m    1[00m 0x708458001170 [37mTRACE  [00m [00;34m          GST_TRACER :0::[00m latency_tracer_pipeline, frame_latency=(double)43.952876, avg=(double)32.869970, min=(double)0.277575, max=(double)48.420675, latency=(double)11.906417, fps=(double)83.988323, frame_num=(uint)1495;
0:00:21.375366854 [32m    1[00m 0x708458001170 [37mTRACE  [00m [00;34m          GST_TRACER :0::[00m latency_tracer_pipeline, frame_latency=(double)22.763641, avg=(double)32.863214, min=(double)0.277575, max=(double)48.420675, latency=(double)11.898980, fps=(double)84.040818, frame_num=(uint)1496;
0:00:21.400178144 [32m    1[00m 0x708458001170 [37mTRACE  [00m [00;34m          GST_TRACER :0::[00m latency_tracer_pipeline, frame_latency=(double)42.085307, avg=(double)32.869375, min=(double)0.277575, max=(double)48.420675, latency=(double)11.907601, fps=(double)83.979975, frame_num=(uint)1497;
0:00:21.400552076 [32m    1[00m 0x708458001170 [37mTRACE  [00m [00;34m          GST_TRACER :0::[00m latency_tracer_pipeline, frame_latency=(double)23.354199, avg=(double)32.863023, min=(double)0.277575, max=(double)48.420675, latency=(double)11.899907, fps=(double)84.034273, frame_num=(uint)1498;
0:00:21.425632785 [32m    1[00m 0x708458001170 [37mTRACE  [00m [00;34m          GST_TRACER :0::[00m latency_tracer_pipeline, frame_latency=(double)42.463841, avg=(double)32.869428, min=(double)0.277575, max=(double)48.420675, latency=(double)11.908694, fps=(double)83.972266, frame_num=(uint)1499;
0:00:21.426627381 [32m    1[00m 0x708458001170 [37mTRACE  [00m [00;34m          GST_TRACER :0::[00m latency_tracer_pipeline, frame_latency=(double)23.984013, avg=(double)32.863504, min=(double)0.277575, max=(double)48.420675, latency=(double)11.901419, fps=(double)84.023597, frame_num=(uint)1500;
0:00:21.450821186 [32m    1[00m 0x708458001170 [37mTRACE  [00m [00;34m          GST_TRACER :0::[00m latency_tracer_pipeline, frame_latency=(double)42.538429, avg=(double)32.869950, min=(double)0.277575, max=(double)48.420675, latency=(double)11.909607, fps=(double)83.965825, frame_num=(uint)1501;
0:00:21.451916231 [32m    1[00m 0x708458001170 [37mTRACE  [00m [00;34m          GST_TRACER :0::[00m latency_tracer_pipeline, frame_latency=(double)23.901247, avg=(double)32.863979, min=(double)0.277575, max=(double)48.420675, latency=(double)11.902413, fps=(double)84.016577, frame_num=(uint)1502;
0:00:21.475699735 [32m    1[00m 0x708458001170 [37mTRACE  [00m [00;34m          GST_TRACER :0::[00m latency_tracer_pipeline, frame_latency=(double)41.678147, avg=(double)32.869843, min=(double)0.277575, max=(double)48.420675, latency=(double)11.910307, fps=(double)83.960895, frame_num=(uint)1503;
0:00:21.476828420 [32m    1[00m 0x708458001170 [37mTRACE  [00m [00;34m          GST_TRACER :0::[00m latency_tracer_pipeline, frame_latency=(double)23.621006, avg=(double)32.863694, min=(double)0.277575, max=(double)48.420675, latency=(double)11.903147, fps=(double)84.011397, frame_num=(uint)1504;
0:00:21.500900854 [32m    1[00m 0x708458001170 [37mTRACE  [00m [00;34m          GST_TRACER :0::[00m latency_tracer_pipeline, frame_latency=(double)42.926973, avg=(double)32.870380, min=(double)0.277575, max=(double)48.420675, latency=(double)11.911224, fps=(double)83.954425, frame_num=(uint)1505;
0:00:21.501840319 [32m    1[00m 0x708458001170 [37mTRACE  [00m [00;34m          GST_TRACER :0::[00m latency_tracer_pipeline, frame_latency=(double)25.124296, avg=(double)32.865237, min=(double)0.277575, max=(double)48.420675, latency=(double)11.903948, fps=(double)84.005745, frame_num=(uint)1506;
0:00:21.525679036 [32m    1[00m 0x708458001170 [37mTRACE  [00m [00;34m          GST_TRACER :0::[00m latency_tracer_pipeline, frame_latency=(double)42.954071, avg=(double)32.871931, min=(double)0.277575, max=(double)48.420675, latency=(double)11.911841, fps=(double)83.950083, frame_num=(uint)1507;
0:00:21.526640813 [32m    1[00m 0x708458001170 [37mTRACE  [00m [00;34m          GST_TRACER :0::[00m latency_tracer_pipeline, frame_latency=(double)21.840414, avg=(double)32.864616, min=(double)0.277575, max=(double)48.420675, latency=(double)11.904607, fps=(double)84.001094, frame_num=(uint)1508;
0:00:21.551172042 [32m    1[00m 0x708458001170 [37mTRACE  [00m [00;34m          GST_TRACER :0::[00m latency_tracer_pipeline, frame_latency=(double)40.765885, avg=(double)32.869852, min=(double)0.277575, max=(double)48.420675, latency=(double)11.912969, fps=(double)83.942130, frame_num=(uint)1509;
0:00:21.551856224 [32m    1[00m 0x708458001170 [37mTRACE  [00m [00;34m          GST_TRACER :0::[00m latency_tracer_pipeline, frame_latency=(double)22.014992, avg=(double)32.862663, min=(double)0.277575, max=(double)48.420675, latency=(double)11.905539, fps=(double)83.994516, frame_num=(uint)1510;
0:00:21.575894013 [32m    1[00m 0x708458001170 [37mTRACE  [00m [00;34m          GST_TRACER :0::[00m latency_tracer_pipeline, frame_latency=(double)40.290916, avg=(double)32.867579, min=(double)0.277575, max=(double)48.420675, latency=(double)11.913562, fps=(double)83.937953, frame_num=(uint)1511;
0:00:21.576702457 [32m    1[00m 0x708458001170 [37mTRACE  [00m [00;34m          GST_TRACER :0::[00m latency_tracer_pipeline, frame_latency=(double)21.849624, avg=(double)32.860292, min=(double)0.277575, max=(double)48.420675, latency=(double)11.906219, fps=(double)83.989720, frame_num=(uint)1512;
0:00:21.601388006 [32m    1[00m 0x708458001170 [37mTRACE  [00m [00;34m          GST_TRACER :0::[00m latency_tracer_pipeline, frame_latency=(double)40.882172, avg=(double)32.865594, min=(double)0.277575, max=(double)48.420675, latency=(double)11.914665, fps=(double)83.930183, frame_num=(uint)1513;
0:00:21.601412391 [32m    1[00m 0x708458001170 [37mTRACE  [00m [00;34m          GST_TRACER :0::[00m latency_tracer_pipeline, frame_latency=(double)21.524392, avg=(double)32.858104, min=(double)0.277575, max=(double)48.420675, latency=(double)11.906818, fps=(double)83.985497, frame_num=(uint)1514;
FpsCounter(average 15.13sec): total=332.53 fps, number-streams=4, per-stream=83.13 fps (83.43, 81.98, 83.83, 83.30)
0:00:21.626144954 [32m    1[00m 0x708458001170 [37mTRACE  [00m [00;34m          GST_TRACER :0::[00m latency_tracer_pipeline, frame_latency=(double)41.034069, avg=(double)32.863500, min=(double)0.277575, max=(double)48.420675, latency=(double)11.915273, fps=(double)83.925898, frame_num=(uint)1515;
0:00:21.626732283 [32m    1[00m 0x708458001170 [37mTRACE  [00m [00;34m          GST_TRACER :0::[00m latency_tracer_pipeline, frame_latency=(double)21.839443, avg=(double)32.856228, min=(double)0.277575, max=(double)48.420675, latency=(double)11.907808, fps=(double)83.978515, frame_num=(uint)1516;
0:00:21.650584437 [32m    1[00m 0x708458001170 [37mTRACE  [00m [00;34m          GST_TRACER :0::[00m latency_tracer_pipeline, frame_latency=(double)40.052068, avg=(double)32.860972, min=(double)0.277575, max=(double)48.420675, latency=(double)11.915674, fps=(double)83.923074, frame_num=(uint)1517;
0:00:21.675199650 [32m    1[00m 0x708458001170 [37mTRACE  [00m [00;34m          GST_TRACER :0::[00m latency_tracer_pipeline, frame_latency=(double)45.757163, avg=(double)32.869467, min=(double)0.277575, max=(double)48.420675, latency=(double)11.924045, fps=(double)83.864161, frame_num=(uint)1518;
0:00:21.676025624 [32m    1[00m 0x708458001170 [37mTRACE  [00m [00;34m          GST_TRACER :0::[00m latency_tracer_pipeline, frame_latency=(double)24.700772, avg=(double)32.864090, min=(double)0.277575, max=(double)48.420675, latency=(double)11.916742, fps=(double)83.915555, frame_num=(uint)1519;
0:00:21.699341039 [32m    1[00m 0x708458001170 [37mTRACE  [00m [00;34m          GST_TRACER :0::[00m latency_tracer_pipeline, frame_latency=(double)42.060330, avg=(double)32.870140, min=(double)0.277575, max=(double)48.420675, latency=(double)11.924239, fps=(double)83.862794, frame_num=(uint)1520;
FpsCounter(last 1.00sec): total=319.28 fps, number-streams=4, per-stream=79.82 fps (77.83, 79.82, 80.82, 80.82)
latency: -41298.89ms (-41583.70, -40783.90, -41703.72, -41128.43)
0:00:21.700170334 [32m    1[00m 0x708458001170 [37mTRACE  [00m [00;34m          GST_TRACER :0::[00m latency_tracer_pipeline, frame_latency=(double)21.800222, avg=(double)32.862862, min=(double)0.277575, max=(double)48.420675, latency=(double)11.916942, fps=(double)83.914148, frame_num=(uint)1521;
0:00:21.724176854 [32m    1[00m 0x708458001170 [37mTRACE  [00m [00;34m          GST_TRACER :0::[00m latency_tracer_pipeline, frame_latency=(double)40.353752, avg=(double)32.867784, min=(double)0.277575, max=(double)48.420675, latency=(double)11.924881, fps=(double)83.858276, frame_num=(uint)1522;
0:00:21.724938168 [32m    1[00m 0x708458001170 [37mTRACE  [00m [00;34m          GST_TRACER :0::[00m latency_tracer_pipeline, frame_latency=(double)21.776708, avg=(double)32.860501, min=(double)0.277575, max=(double)48.420675, latency=(double)11.917556, fps=(double)83.909824, frame_num=(uint)1523;
0:00:21.748909459 [32m    1[00m 0x708458001170 [37mTRACE  [00m [00;34m          GST_TRACER :0::[00m latency_tracer_pipeline, frame_latency=(double)40.580996, avg=(double)32.865567, min=(double)0.277575, max=(double)48.420675, latency=(double)11.925459, fps=(double)83.854213, frame_num=(uint)1524;
0:00:21.748937933 [32m    1[00m 0x708458001170 [37mTRACE  [00m [00;34m          GST_TRACER :0::[00m latency_tracer_pipeline_interval, interval=(double)1001.343817, avg=(double)33.133821, min=(double)21.212822, max=(double)46.662831, latency=(double)13.004465, fps=(double)76.896665;
0:00:21.749512627 [32m    1[00m 0x708458001170 [37mTRACE  [00m [00;34m          GST_TRACER :0::[00m latency_tracer_pipeline, frame_latency=(double)21.671625, avg=(double)32.858227, min=(double)0.277575, max=(double)48.420675, latency=(double)11.918038, fps=(double)83.906431, frame_num=(uint)1525;
0:00:21.772967464 [32m    1[00m 0x708458001170 [37mTRACE  [00m [00;34m          GST_TRACER :0::[00m latency_tracer_pipeline, frame_latency=(double)38.914652, avg=(double)32.862196, min=(double)0.277575, max=(double)48.420675, latency=(double)11.925600, fps=(double)83.853222, frame_num=(uint)1526;
0:00:21.773574553 [32m    1[00m 0x708458001170 [37mTRACE  [00m [00;34m          GST_TRACER :0::[00m latency_tracer_pipeline, frame_latency=(double)21.359796, avg=(double)32.854663, min=(double)0.277575, max=(double)48.420675, latency=(double)11.918192, fps=(double)83.905342, frame_num=(uint)1527;
0:00:21.796396619 [32m    1[00m 0x708458001170 [37mTRACE  [00m [00;34m          GST_TRACER :0::[00m latency_tracer_pipeline, frame_latency=(double)39.376613, avg=(double)32.858931, min=(double)0.277575, max=(double)48.420675, latency=(double)11.925323, fps=(double)83.855168, frame_num=(uint)1528;
0:00:21.797377891 [32m    1[00m 0x708458001170 [37mTRACE  [00m [00;34m          GST_TRACER :0::[00m latency_tracer_pipeline, frame_latency=(double)21.605065, avg=(double)32.851571, min=(double)0.277575, max=(double)48.420675, latency=(double)11.918172, fps=(double)83.905484, frame_num=(uint)1529;
0:00:21.819888148 [32m    1[00m 0x708458001170 [37mTRACE  [00m [00;34m          GST_TRACER :0::[00m latency_tracer_pipeline, frame_latency=(double)40.629460, avg=(double)32.856655, min=(double)0.277575, max=(double)48.420675, latency=(double)11.925091, fps=(double)83.856805, frame_num=(uint)1530;
0:00:21.820629570 [32m    1[00m 0x708458001170 [37mTRACE  [00m [00;34m          GST_TRACER :0::[00m latency_tracer_pipeline, frame_latency=(double)21.869025, avg=(double)32.849478, min=(double)0.277575, max=(double)48.420675, latency=(double)11.917790, fps=(double)83.908172, frame_num=(uint)1531;
0:00:21.843341018 [32m    1[00m 0x708458001170 [37mTRACE  [00m [00;34m          GST_TRACER :0::[00m latency_tracer_pipeline, frame_latency=(double)41.207436, avg=(double)32.854933, min=(double)0.277575, max=(double)48.420675, latency=(double)11.924833, fps=(double)83.858615, frame_num=(uint)1532;
0:00:21.866661072 [32m    1[00m 0x708458001170 [37mTRACE  [00m [00;34m          GST_TRACER :0::[00m latency_tracer_pipeline, frame_latency=(double)43.480290, avg=(double)32.861865, min=(double)0.277575, max=(double)48.420675, latency=(double)11.932266, fps=(double)83.806376, frame_num=(uint)1533;
0:00:21.867491559 [32m    1[00m 0x708458001170 [37mTRACE  [00m [00;34m          GST_TRACER :0::[00m latency_tracer_pipeline, frame_latency=(double)22.733058, avg=(double)32.855262, min=(double)0.277575, max=(double)48.420675, latency=(double)11.925030, fps=(double)83.857230, frame_num=(uint)1534;
0:00:21.889781158 [32m    1[00m 0x708458001170 [37mTRACE  [00m [00;34m          GST_TRACER :0::[00m latency_tracer_pipeline, frame_latency=(double)42.773492, avg=(double)32.861723, min=(double)0.277575, max=(double)48.420675, latency=(double)11.931782, fps=(double)83.809781, frame_num=(uint)1535;
0:00:21.891480134 [32m    1[00m 0x708458001170 [37mTRACE  [00m [00;34m          GST_TRACER :0::[00m latency_tracer_pipeline, frame_latency=(double)24.427825, avg=(double)32.856232, min=(double)0.277575, max=(double)48.420675, latency=(double)11.925112, fps=(double)83.856652, frame_num=(uint)1536;
0:00:21.912979182 [32m    1[00m 0x708458001170 [37mTRACE  [00m [00;34m          GST_TRACER :0::[00m latency_tracer_pipeline, frame_latency=(double)42.901576, avg=(double)32.862768, min=(double)0.277575, max=(double)48.420675, latency=(double)11.931350, fps=(double)83.812816, frame_num=(uint)1537;
0:00:21.913634857 [32m    1[00m 0x708458001170 [37mTRACE  [00m [00;34m          GST_TRACER :0::[00m latency_tracer_pipeline, frame_latency=(double)23.004595, avg=(double)32.856358, min=(double)0.277575, max=(double)48.420675, latency=(double)11.924021, fps=(double)83.864329, frame_num=(uint)1538;
0:00:21.936529845 [32m    1[00m 0x708458001170 [37mTRACE  [00m [00;34m          GST_TRACER :0::[00m latency_tracer_pipeline, frame_latency=(double)42.551788, avg=(double)32.862658, min=(double)0.277575, max=(double)48.420675, latency=(double)11.931138, fps=(double)83.814299, frame_num=(uint)1539;
0:00:21.960889813 [32m    1[00m 0x708458001170 [37mTRACE  [00m [00;34m          GST_TRACER :0::[00m latency_tracer_pipeline, frame_latency=(double)47.047682, avg=(double)32.871869, min=(double)0.277575, max=(double)48.420675, latency=(double)11.939214, fps=(double)83.757608, frame_num=(uint)1540;
0:00:21.962066423 [32m    1[00m 0x708458001170 [37mTRACE  [00m [00;34m          GST_TRACER :0::[00m latency_tracer_pipeline, frame_latency=(double)25.284440, avg=(double)32.866945, min=(double)0.277575, max=(double)48.420675, latency=(double)11.932233, fps=(double)83.806610, frame_num=(uint)1541;
0:00:21.986415514 [32m    1[00m 0x708458001170 [37mTRACE  [00m [00;34m          GST_TRACER :0::[00m latency_tracer_pipeline, frame_latency=(double)45.829005, avg=(double)32.875351, min=(double)0.277575, max=(double)48.420675, latency=(double)11.940283, fps=(double)83.750105, frame_num=(uint)1542;
0:00:21.987464803 [32m    1[00m 0x708458001170 [37mTRACE  [00m [00;34m          GST_TRACER :0::[00m latency_tracer_pipeline, frame_latency=(double)26.178911, avg=(double)32.871011, min=(double)0.277575, max=(double)48.420675, latency=(double)11.933220, fps=(double)83.799681, frame_num=(uint)1543;
0:00:21.987491264 [32m    1[00m 0x708458001170 [37mTRACE  [00m [00;34m          GST_TRACER :0::[00m latency_tracer_pipeline, frame_latency=(double)21.935511, avg=(double)32.863929, min=(double)0.277575, max=(double)48.420675, latency=(double)11.925519, fps=(double)83.853791, frame_num=(uint)1544;
0:00:22.011528827 [32m    1[00m 0x708458001170 [37mTRACE  [00m [00;34m          GST_TRACER :0::[00m latency_tracer_pipeline, frame_latency=(double)42.926666, avg=(double)32.870442, min=(double)0.277575, max=(double)48.420675, latency=(double)11.933352, fps=(double)83.798748, frame_num=(uint)1545;
0:00:22.012575410 [32m    1[00m 0x708458001170 [37mTRACE  [00m [00;34m          GST_TRACER :0::[00m latency_tracer_pipeline, frame_latency=(double)23.785973, avg=(double)32.864566, min=(double)0.277575, max=(double)48.420675, latency=(double)11.926315, fps=(double)83.848195, frame_num=(uint)1546;
0:00:22.036965601 [32m    1[00m 0x708458001170 [37mTRACE  [00m [00;34m          GST_TRACER :0::[00m latency_tracer_pipeline, frame_latency=(double)43.303846, avg=(double)32.871314, min=(double)0.277575, max=(double)48.420675, latency=(double)11.934367, fps=(double)83.791624, frame_num=(uint)1547;
0:00:22.037735833 [32m    1[00m 0x708458001170 [37mTRACE  [00m [00;34m          GST_TRACER :0::[00m latency_tracer_pipeline, frame_latency=(double)22.951037, avg=(double)32.864905, min=(double)0.277575, max=(double)48.420675, latency=(double)11.927157, fps=(double)83.842274, frame_num=(uint)1548;
0:00:22.061309572 [32m    1[00m 0x708458001170 [37mTRACE  [00m [00;34m          GST_TRACER :0::[00m latency_tracer_pipeline, frame_latency=(double)40.111458, avg=(double)32.869584, min=(double)0.277575, max=(double)48.420675, latency=(double)11.934676, fps=(double)83.789457, frame_num=(uint)1549;
0:00:22.087290535 [32m    1[00m 0x708458001170 [37mTRACE  [00m [00;34m          GST_TRACER :0::[00m latency_tracer_pipeline, frame_latency=(double)47.030917, avg=(double)32.878720, min=(double)0.277575, max=(double)48.420675, latency=(double)11.943737, fps=(double)83.725889, frame_num=(uint)1550;
0:00:22.087999051 [32m    1[00m 0x708458001170 [37mTRACE  [00m [00;34m          GST_TRACER :0::[00m latency_tracer_pipeline, frame_latency=(double)23.057839, avg=(double)32.872388, min=(double)0.277575, max=(double)48.420675, latency=(double)11.936488, fps=(double)83.776734, frame_num=(uint)1551;
0:00:22.112100147 [32m    1[00m 0x708458001170 [37mTRACE  [00m [00;34m          GST_TRACER :0::[00m latency_tracer_pipeline, frame_latency=(double)39.774829, avg=(double)32.876836, min=(double)0.277575, max=(double)48.420675, latency=(double)11.944326, fps=(double)83.721760, frame_num=(uint)1552;
0:00:22.136533477 [32m    1[00m 0x708458001170 [37mTRACE  [00m [00;34m          GST_TRACER :0::[00m latency_tracer_pipeline, frame_latency=(double)45.866643, avg=(double)32.885200, min=(double)0.277575, max=(double)48.420675, latency=(double)11.952367, fps=(double)83.665437, frame_num=(uint)1553;
0:00:22.137206807 [32m    1[00m 0x708458001170 [37mTRACE  [00m [00;34m          GST_TRACER :0::[00m latency_tracer_pipeline, frame_latency=(double)24.572042, avg=(double)32.879850, min=(double)0.277575, max=(double)48.420675, latency=(double)11.945112, fps=(double)83.716249, frame_num=(uint)1554;
0:00:22.161039891 [32m    1[00m 0x708458001170 [37mTRACE  [00m [00;34m          GST_TRACER :0::[00m latency_tracer_pipeline, frame_latency=(double)42.152979, avg=(double)32.885814, min=(double)0.277575, max=(double)48.420675, latency=(double)11.952759, fps=(double)83.662694, frame_num=(uint)1555;
0:00:22.161976730 [32m    1[00m 0x708458001170 [37mTRACE  [00m [00;34m          GST_TRACER :0::[00m latency_tracer_pipeline, frame_latency=(double)23.074305, avg=(double)32.879508, min=(double)0.277575, max=(double)48.420675, latency=(double)11.945683, fps=(double)83.712251, frame_num=(uint)1556;
0:00:22.185516753 [32m    1[00m 0x708458001170 [37mTRACE  [00m [00;34m          GST_TRACER :0::[00m latency_tracer_pipeline, frame_latency=(double)43.621075, avg=(double)32.886407, min=(double)0.277575, max=(double)48.420675, latency=(double)11.953125, fps=(double)83.660133, frame_num=(uint)1557;
0:00:22.186299889 [32m    1[00m 0x708458001170 [37mTRACE  [00m [00;34m          GST_TRACER :0::[00m latency_tracer_pipeline, frame_latency=(double)23.475044, avg=(double)32.880366, min=(double)0.277575, max=(double)48.420675, latency=(double)11.945962, fps=(double)83.710292, frame_num=(uint)1558;
0:00:22.211821376 [32m    1[00m 0x708458001170 [37mTRACE  [00m [00;34m          GST_TRACER :0::[00m latency_tracer_pipeline, frame_latency=(double)45.131381, avg=(double)32.888225, min=(double)0.277575, max=(double)48.420675, latency=(double)11.954666, fps=(double)83.649347, frame_num=(uint)1559;
0:00:22.212872556 [32m    1[00m 0x708458001170 [37mTRACE  [00m [00;34m          GST_TRACER :0::[00m latency_tracer_pipeline, frame_latency=(double)27.109793, avg=(double)32.884521, min=(double)0.277575, max=(double)48.420675, latency=(double)11.947678, fps=(double)83.698269, frame_num=(uint)1560;
0:00:22.238799592 [32m    1[00m 0x708458001170 [37mTRACE  [00m [00;34m          GST_TRACER :0::[00m latency_tracer_pipeline, frame_latency=(double)48.864863, avg=(double)32.894758, min=(double)0.277575, max=(double)48.864863, latency=(double)11.956632, fps=(double)83.635596, frame_num=(uint)1561;
0:00:22.239714887 [32m    1[00m 0x708458001170 [37mTRACE  [00m [00;34m          GST_TRACER :0::[00m latency_tracer_pipeline, frame_latency=(double)27.570522, avg=(double)32.891349, min=(double)0.277575, max=(double)48.864863, latency=(double)11.949566, fps=(double)83.685050, frame_num=(uint)1562;
0:00:22.239733195 [32m    1[00m 0x708458001170 [37mTRACE  [00m [00;34m          GST_TRACER :0::[00m latency_tracer_pipeline, frame_latency=(double)21.017710, avg=(double)32.883752, min=(double)0.277575, max=(double)48.864863, latency=(double)11.941935, fps=(double)83.738525, frame_num=(uint)1563;
0:00:22.264401928 [32m    1[00m 0x708458001170 [37mTRACE  [00m [00;34m          GST_TRACER :0::[00m latency_tracer_pipeline, frame_latency=(double)38.723159, avg=(double)32.887486, min=(double)0.277575, max=(double)48.864863, latency=(double)11.950066, fps=(double)83.681550, frame_num=(uint)1564;
0:00:22.265135874 [32m    1[00m 0x708458001170 [37mTRACE  [00m [00;34m          GST_TRACER :0::[00m latency_tracer_pipeline, frame_latency=(double)21.457467, avg=(double)32.880183, min=(double)0.277575, max=(double)48.864863, latency=(double)11.942903, fps=(double)83.731739, frame_num=(uint)1565;
0:00:22.291697680 [32m    1[00m 0x708458001170 [37mTRACE  [00m [00;34m          GST_TRACER :0::[00m latency_tracer_pipeline, frame_latency=(double)39.785854, avg=(double)32.884592, min=(double)0.277575, max=(double)48.864863, latency=(double)11.952234, fps=(double)83.666367, frame_num=(uint)1566;
0:00:22.317327385 [32m    1[00m 0x708458001170 [37mTRACE  [00m [00;34m          GST_TRACER :0::[00m latency_tracer_pipeline, frame_latency=(double)45.632145, avg=(double)32.892727, min=(double)0.277575, max=(double)48.864863, latency=(double)11.960960, fps=(double)83.605329, frame_num=(uint)1567;
0:00:22.318277951 [32m    1[00m 0x708458001170 [37mTRACE  [00m [00;34m          GST_TRACER :0::[00m latency_tracer_pipeline, frame_latency=(double)24.050417, avg=(double)32.887088, min=(double)0.277575, max=(double)48.864863, latency=(double)11.953944, fps=(double)83.654402, frame_num=(uint)1568;
0:00:22.342991074 [32m    1[00m 0x708458001170 [37mTRACE  [00m [00;34m          GST_TRACER :0::[00m latency_tracer_pipeline, frame_latency=(double)43.515148, avg=(double)32.893862, min=(double)0.277575, max=(double)48.864863, latency=(double)11.962072, fps=(double)83.597560, frame_num=(uint)1569;
0:00:22.343577571 [32m    1[00m 0x708458001170 [37mTRACE  [00m [00;34m          GST_TRACER :0::[00m latency_tracer_pipeline, frame_latency=(double)22.669568, avg=(double)32.887350, min=(double)0.277575, max=(double)48.864863, latency=(double)11.954831, fps=(double)83.648190, frame_num=(uint)1570;
0:00:22.367996855 [32m    1[00m 0x708458001170 [37mTRACE  [00m [00;34m          GST_TRACER :0::[00m latency_tracer_pipeline, frame_latency=(double)41.391173, avg=(double)32.892763, min=(double)0.277575, max=(double)48.864863, latency=(double)11.962761, fps=(double)83.592743, frame_num=(uint)1571;
0:00:22.368592950 [32m    1[00m 0x708458001170 [37mTRACE  [00m [00;34m          GST_TRACER :0::[00m latency_tracer_pipeline, frame_latency=(double)23.488274, avg=(double)32.886780, min=(double)0.277575, max=(double)48.864863, latency=(double)11.955535, fps=(double)83.643270, frame_num=(uint)1572;
0:00:22.393392324 [32m    1[00m 0x708458001170 [37mTRACE  [00m [00;34m          GST_TRACER :0::[00m latency_tracer_pipeline, frame_latency=(double)40.010951, avg=(double)32.891309, min=(double)0.277575, max=(double)48.864863, latency=(double)11.963695, fps=(double)83.586219, frame_num=(uint)1573;
0:00:22.394076744 [32m    1[00m 0x708458001170 [37mTRACE  [00m [00;34m          GST_TRACER :0::[00m latency_tracer_pipeline, frame_latency=(double)21.421477, avg=(double)32.884022, min=(double)0.277575, max=(double)48.864863, latency=(double)11.956534, fps=(double)83.636281, frame_num=(uint)1574;
0:00:22.418440712 [32m    1[00m 0x708458001170 [37mTRACE  [00m [00;34m          GST_TRACER :0::[00m latency_tracer_pipeline, frame_latency=(double)39.805267, avg=(double)32.888417, min=(double)0.277575, max=(double)48.864863, latency=(double)11.964406, fps=(double)83.581251, frame_num=(uint)1575;
0:00:22.419216867 [32m    1[00m 0x708458001170 [37mTRACE  [00m [00;34m          GST_TRACER :0::[00m latency_tracer_pipeline, frame_latency=(double)22.127628, avg=(double)32.881589, min=(double)0.277575, max=(double)48.864863, latency=(double)11.957312, fps=(double)83.630835, frame_num=(uint)1576;
0:00:22.443151556 [32m    1[00m 0x708458001170 [37mTRACE  [00m [00;34m          GST_TRACER :0::[00m latency_tracer_pipeline, frame_latency=(double)40.336371, avg=(double)32.886316, min=(double)0.277575, max=(double)48.864863, latency=(double)11.964902, fps=(double)83.577781, frame_num=(uint)1577;
0:00:22.444270929 [32m    1[00m 0x708458001170 [37mTRACE  [00m [00;34m          GST_TRACER :0::[00m latency_tracer_pipeline, frame_latency=(double)23.914254, avg=(double)32.880630, min=(double)0.277575, max=(double)48.864863, latency=(double)11.958034, fps=(double)83.625787, frame_num=(uint)1578;
0:00:22.468292091 [32m    1[00m 0x708458001170 [37mTRACE  [00m [00;34m          GST_TRACER :0::[00m latency_tracer_pipeline, frame_latency=(double)42.005239, avg=(double)32.886409, min=(double)0.277575, max=(double)48.864863, latency=(double)11.965669, fps=(double)83.572429, frame_num=(uint)1579;
0:00:22.469262965 [32m    1[00m 0x708458001170 [37mTRACE  [00m [00;34m          GST_TRACER :0::[00m latency_tracer_pipeline, frame_latency=(double)23.823614, avg=(double)32.880673, min=(double)0.277575, max=(double)48.864863, latency=(double)11.958706, fps=(double)83.621088, frame_num=(uint)1580;
0:00:22.493429418 [32m    1[00m 0x708458001170 [37mTRACE  [00m [00;34m          GST_TRACER :0::[00m latency_tracer_pipeline, frame_latency=(double)44.497288, avg=(double)32.888020, min=(double)0.277575, max=(double)48.864863, latency=(double)11.966432, fps=(double)83.567102, frame_num=(uint)1581;
0:00:22.494066056 [32m    1[00m 0x708458001170 [37mTRACE  [00m [00;34m          GST_TRACER :0::[00m latency_tracer_pipeline, frame_latency=(double)25.050265, avg=(double)32.883066, min=(double)0.277575, max=(double)48.864863, latency=(double)11.959274, fps=(double)83.617116, frame_num=(uint)1582;
0:00:22.518266833 [32m    1[00m 0x708458001170 [37mTRACE  [00m [00;34m          GST_TRACER :0::[00m latency_tracer_pipeline, frame_latency=(double)45.269674, avg=(double)32.890891, min=(double)0.277575, max=(double)48.864863, latency=(double)11.967004, fps=(double)83.563101, frame_num=(uint)1583;
0:00:22.519516176 [32m    1[00m 0x708458001170 [37mTRACE  [00m [00;34m          GST_TRACER :0::[00m latency_tracer_pipeline, frame_latency=(double)25.650871, avg=(double)32.886320, min=(double)0.277575, max=(double)48.864863, latency=(double)11.960240, fps=(double)83.610360, frame_num=(uint)1584;
0:00:22.543561058 [32m    1[00m 0x708458001170 [37mTRACE  [00m [00;34m          GST_TRACER :0::[00m latency_tracer_pipeline, frame_latency=(double)44.412678, avg=(double)32.893592, min=(double)0.277575, max=(double)48.864863, latency=(double)11.967863, fps=(double)83.557108, frame_num=(uint)1585;
0:00:22.544344860 [32m    1[00m 0x708458001170 [37mTRACE  [00m [00;34m          GST_TRACER :0::[00m latency_tracer_pipeline, frame_latency=(double)25.516348, avg=(double)32.888941, min=(double)0.277575, max=(double)48.864863, latency=(double)11.960814, fps=(double)83.606353, frame_num=(uint)1586;
0:00:22.566901452 [32m    1[00m 0x708458001170 [37mTRACE  [00m [00;34m          GST_TRACER :0::[00m latency_tracer_pipeline, frame_latency=(double)41.197622, avg=(double)32.894176, min=(double)0.277575, max=(double)48.864863, latency=(double)11.967487, fps=(double)83.559728, frame_num=(uint)1587;
0:00:22.568597528 [32m    1[00m 0x708458001170 [37mTRACE  [00m [00;34m          GST_TRACER :0::[00m latency_tracer_pipeline, frame_latency=(double)23.139459, avg=(double)32.888034, min=(double)0.277575, max=(double)48.864863, latency=(double)11.961021, fps=(double)83.604906, frame_num=(uint)1588;
0:00:22.589957762 [32m    1[00m 0x708458001170 [37mTRACE  [00m [00;34m          GST_TRACER :0::[00m latency_tracer_pipeline, frame_latency=(double)41.102993, avg=(double)32.893203, min=(double)0.277575, max=(double)48.864863, latency=(double)11.966935, fps=(double)83.563589, frame_num=(uint)1589;
0:00:22.590633299 [32m    1[00m 0x708458001170 [37mTRACE  [00m [00;34m          GST_TRACER :0::[00m latency_tracer_pipeline, frame_latency=(double)21.273642, avg=(double)32.885896, min=(double)0.277575, max=(double)48.864863, latency=(double)11.959831, fps=(double)83.613222, frame_num=(uint)1590;
0:00:22.613119699 [32m    1[00m 0x708458001170 [37mTRACE  [00m [00;34m          GST_TRACER :0::[00m latency_tracer_pipeline, frame_latency=(double)40.323566, avg=(double)32.890570, min=(double)0.277575, max=(double)48.864863, latency=(double)11.966452, fps=(double)83.566961, frame_num=(uint)1591;
0:00:22.613714058 [32m    1[00m 0x708458001170 [37mTRACE  [00m [00;34m          GST_TRACER :0::[00m latency_tracer_pipeline, frame_latency=(double)21.165201, avg=(double)32.883205, min=(double)0.277575, max=(double)48.864863, latency=(double)11.959301, fps=(double)83.616929, frame_num=(uint)1592;
FpsCounter(average 16.14sec): total=332.00 fps, number-streams=4, per-stream=83.00 fps (83.03, 82.23, 83.40, 83.34)
0:00:22.638042683 [32m    1[00m 0x708458001170 [37mTRACE  [00m [00;34m          GST_TRACER :0::[00m latency_tracer_pipeline, frame_latency=(double)42.009371, avg=(double)32.888934, min=(double)0.277575, max=(double)48.864863, latency=(double)11.967065, fps=(double)83.562676, frame_num=(uint)1593;
0:00:22.664649234 [32m    1[00m 0x708458001170 [37mTRACE  [00m [00;34m          GST_TRACER :0::[00m latency_tracer_pipeline, frame_latency=(double)47.980087, avg=(double)32.898402, min=(double)0.277575, max=(double)48.864863, latency=(double)11.976250, fps=(double)83.498590, frame_num=(uint)1594;
0:00:22.665100252 [32m    1[00m 0x708458001170 [37mTRACE  [00m [00;34m          GST_TRACER :0::[00m latency_tracer_pipeline, frame_latency=(double)26.750905, avg=(double)32.894547, min=(double)0.277575, max=(double)48.864863, latency=(double)11.969025, fps=(double)83.548994, frame_num=(uint)1595;
0:00:22.689010797 [32m    1[00m 0x708458001170 [37mTRACE  [00m [00;34m          GST_TRACER :0::[00m latency_tracer_pipeline, frame_latency=(double)44.148068, avg=(double)32.901598, min=(double)0.277575, max=(double)48.864863, latency=(double)11.976508, fps=(double)83.496795, frame_num=(uint)1596;
0:00:22.689689881 [32m    1[00m 0x708458001170 [37mTRACE  [00m [00;34m          GST_TRACER :0::[00m latency_tracer_pipeline, frame_latency=(double)24.937893, avg=(double)32.896612, min=(double)0.277575, max=(double)48.864863, latency=(double)11.969435, fps=(double)83.546131, frame_num=(uint)1597;
FpsCounter(last 1.02sec): total=322.66 fps, number-streams=4, per-stream=80.66 fps (76.73, 86.57, 76.73, 82.63)
latency: -43520.33ms (-43686.15, -43135.16, -43874.12, -43441.36)
0:00:22.716084763 [32m    1[00m 0x708458001170 [37mTRACE  [00m [00;34m          GST_TRACER :0::[00m latency_tracer_pipeline, frame_latency=(double)46.291728, avg=(double)32.904994, min=(double)0.277575, max=(double)48.864863, latency=(double)11.978458, fps=(double)83.483202, frame_num=(uint)1598;
0:00:22.717139503 [32m    1[00m 0x708458001170 [37mTRACE  [00m [00;34m          GST_TRACER :0::[00m latency_tracer_pipeline, frame_latency=(double)27.807279, avg=(double)32.901806, min=(double)0.277575, max=(double)48.864863, latency=(double)11.971628, fps=(double)83.530825, frame_num=(uint)1599;
0:00:22.741720307 [32m    1[00m 0x708458001170 [37mTRACE  [00m [00;34m          GST_TRACER :0::[00m latency_tracer_pipeline, frame_latency=(double)47.289043, avg=(double)32.910798, min=(double)0.277575, max=(double)48.864863, latency=(double)11.979508, fps=(double)83.475886, frame_num=(uint)1600;
0:00:22.742357988 [32m    1[00m 0x708458001170 [37mTRACE  [00m [00;34m          GST_TRACER :0::[00m latency_tracer_pipeline, frame_latency=(double)25.358794, avg=(double)32.906081, min=(double)0.277575, max=(double)48.864863, latency=(double)11.972425, fps=(double)83.525266, frame_num=(uint)1601;
0:00:22.767126059 [32m    1[00m 0x708458001170 [37mTRACE  [00m [00;34m          GST_TRACER :0::[00m latency_tracer_pipeline, frame_latency=(double)43.267896, avg=(double)32.912549, min=(double)0.277575, max=(double)48.864863, latency=(double)11.980412, fps=(double)83.469584, frame_num=(uint)1602;
0:00:22.767152543 [32m    1[00m 0x708458001170 [37mTRACE  [00m [00;34m          GST_TRACER :0::[00m latency_tracer_pipeline_interval, interval=(double)1018.219953, avg=(double)33.830506, min=(double)21.017710, max=(double)48.864863, latency=(double)13.054102, fps=(double)76.604274;
0:00:22.767698056 [32m    1[00m 0x708458001170 [37mTRACE  [00m [00;34m          GST_TRACER :0::[00m latency_tracer_pipeline, frame_latency=(double)22.932602, avg=(double)32.906323, min=(double)0.277575, max=(double)48.864863, latency=(double)11.973295, fps=(double)83.519195, frame_num=(uint)1603;
0:00:22.792155706 [32m    1[00m 0x708458001170 [37mTRACE  [00m [00;34m          GST_TRACER :0::[00m latency_tracer_pipeline, frame_latency=(double)41.584805, avg=(double)32.911734, min=(double)0.277575, max=(double)48.864863, latency=(double)11.981078, fps=(double)83.464941, frame_num=(uint)1604;
0:00:22.792580188 [32m    1[00m 0x708458001170 [37mTRACE  [00m [00;34m          GST_TRACER :0::[00m latency_tracer_pipeline, frame_latency=(double)23.768821, avg=(double)32.906037, min=(double)0.277575, max=(double)48.864863, latency=(double)11.973878, fps=(double)83.515132, frame_num=(uint)1605;
0:00:22.817406424 [32m    1[00m 0x708458001170 [37mTRACE  [00m [00;34m          GST_TRACER :0::[00m latency_tracer_pipeline, frame_latency=(double)41.972982, avg=(double)32.911683, min=(double)0.277575, max=(double)48.864863, latency=(double)11.981879, fps=(double)83.459364, frame_num=(uint)1606;
0:00:22.817878510 [32m    1[00m 0x708458001170 [37mTRACE  [00m [00;34m          GST_TRACER :0::[00m latency_tracer_pipeline, frame_latency=(double)23.739880, avg=(double)32.905976, min=(double)0.277575, max=(double)48.864863, latency=(double)11.974727, fps=(double)83.509212, frame_num=(uint)1607;
0:00:22.842566280 [32m    1[00m 0x708458001170 [37mTRACE  [00m [00;34m          GST_TRACER :0::[00m latency_tracer_pipeline, frame_latency=(double)42.635766, avg=(double)32.912027, min=(double)0.277575, max=(double)48.864863, latency=(double)11.982630, fps=(double)83.454131, frame_num=(uint)1608;
0:00:22.843156705 [32m    1[00m 0x708458001170 [37mTRACE  [00m [00;34m          GST_TRACER :0::[00m latency_tracer_pipeline, frame_latency=(double)23.125499, avg=(double)32.905944, min=(double)0.277575, max=(double)48.864863, latency=(double)11.975553, fps=(double)83.503449, frame_num=(uint)1609;
0:00:22.868202146 [32m    1[00m 0x708458001170 [37mTRACE  [00m [00;34m          GST_TRACER :0::[00m latency_tracer_pipeline, frame_latency=(double)39.301615, avg=(double)32.909917, min=(double)0.277575, max=(double)48.864863, latency=(double)11.983668, fps=(double)83.446906, frame_num=(uint)1610;
0:00:22.893961467 [32m    1[00m 0x708458001170 [37mTRACE  [00m [00;34m          GST_TRACER :0::[00m latency_tracer_pipeline, frame_latency=(double)46.019841, avg=(double)32.918054, min=(double)0.277575, max=(double)48.864863, latency=(double)11.992218, fps=(double)83.387410, frame_num=(uint)1611;
0:00:22.894670300 [32m    1[00m 0x708458001170 [37mTRACE  [00m [00;34m          GST_TRACER :0::[00m latency_tracer_pipeline, frame_latency=(double)25.562072, avg=(double)32.913491, min=(double)0.277575, max=(double)48.864863, latency=(double)11.985222, fps=(double)83.436087, frame_num=(uint)1612;
0:00:22.918845606 [32m    1[00m 0x708458001170 [37mTRACE  [00m [00;34m          GST_TRACER :0::[00m latency_tracer_pipeline, frame_latency=(double)42.607234, avg=(double)32.919501, min=(double)0.277575, max=(double)48.864863, latency=(double)11.992776, fps=(double)83.383533, frame_num=(uint)1613;
0:00:22.919723898 [32m    1[00m 0x708458001170 [37mTRACE  [00m [00;34m          GST_TRACER :0::[00m latency_tracer_pipeline, frame_latency=(double)24.859845, avg=(double)32.914507, min=(double)0.277575, max=(double)48.864863, latency=(double)11.985892, fps=(double)83.431421, frame_num=(uint)1614;
0:00:22.944275248 [32m    1[00m 0x708458001170 [37mTRACE  [00m [00;34m          GST_TRACER :0::[00m latency_tracer_pipeline, frame_latency=(double)42.658012, avg=(double)32.920540, min=(double)0.277575, max=(double)48.864863, latency=(double)11.993671, fps=(double)83.377309, frame_num=(uint)1615;
0:00:22.945237297 [32m    1[00m 0x708458001170 [37mTRACE  [00m [00;34m          GST_TRACER :0::[00m latency_tracer_pipeline, frame_latency=(double)23.825807, avg=(double)32.914912, min=(double)0.277575, max=(double)48.864863, latency=(double)11.986836, fps=(double)83.424849, frame_num=(uint)1616;
0:00:22.970092296 [32m    1[00m 0x708458001170 [37mTRACE  [00m [00;34m          GST_TRACER :0::[00m latency_tracer_pipeline, frame_latency=(double)42.182033, avg=(double)32.920644, min=(double)0.277575, max=(double)48.864863, latency=(double)11.994799, fps=(double)83.369465, frame_num=(uint)1617;
0:00:22.970510130 [32m    1[00m 0x708458001170 [37mTRACE  [00m [00;34m          GST_TRACER :0::[00m latency_tracer_pipeline, frame_latency=(double)22.231281, avg=(double)32.914037, min=(double)0.277575, max=(double)48.864863, latency=(double)11.987649, fps=(double)83.419194, frame_num=(uint)1618;
0:00:22.996101545 [32m    1[00m 0x708458001170 [37mTRACE  [00m [00;34m          GST_TRACER :0::[00m latency_tracer_pipeline, frame_latency=(double)40.444652, avg=(double)32.918688, min=(double)0.277575, max=(double)48.864863, latency=(double)11.996042, fps=(double)83.360829, frame_num=(uint)1619;
0:00:22.996749387 [32m    1[00m 0x708458001170 [37mTRACE  [00m [00;34m          GST_TRACER :0::[00m latency_tracer_pipeline, frame_latency=(double)22.642128, avg=(double)32.912345, min=(double)0.277575, max=(double)48.864863, latency=(double)11.989048, fps=(double)83.409459, frame_num=(uint)1620;
0:00:23.020571750 [32m    1[00m 0x708458001170 [37mTRACE  [00m [00;34m          GST_TRACER :0::[00m latency_tracer_pipeline, frame_latency=(double)41.918639, avg=(double)32.917901, min=(double)0.277575, max=(double)48.864863, latency=(double)11.996338, fps=(double)83.358771, frame_num=(uint)1621;
0:00:23.021684835 [32m    1[00m 0x708458001170 [37mTRACE  [00m [00;34m          GST_TRACER :0::[00m latency_tracer_pipeline, frame_latency=(double)23.459250, avg=(double)32.912069, min=(double)0.277575, max=(double)48.864863, latency=(double)11.989636, fps=(double)83.405368, frame_num=(uint)1622;
0:00:23.046053953 [32m    1[00m 0x708458001170 [37mTRACE  [00m [00;34m          GST_TRACER :0::[00m latency_tracer_pipeline, frame_latency=(double)41.317042, avg=(double)32.917248, min=(double)0.277575, max=(double)48.864863, latency=(double)11.997260, fps=(double)83.352365, frame_num=(uint)1623;
0:00:23.046734922 [32m    1[00m 0x708458001170 [37mTRACE  [00m [00;34m          GST_TRACER :0::[00m latency_tracer_pipeline, frame_latency=(double)25.075760, avg=(double)32.912420, min=(double)0.277575, max=(double)48.864863, latency=(double)11.990296, fps=(double)83.400775, frame_num=(uint)1624;
0:00:23.071409248 [32m    1[00m 0x708458001170 [37mTRACE  [00m [00;34m          GST_TRACER :0::[00m latency_tracer_pipeline, frame_latency=(double)43.673744, avg=(double)32.919042, min=(double)0.277575, max=(double)48.864863, latency=(double)11.998098, fps=(double)83.346546, frame_num=(uint)1625;
0:00:23.072512357 [32m    1[00m 0x708458001170 [37mTRACE  [00m [00;34m          GST_TRACER :0::[00m latency_tracer_pipeline, frame_latency=(double)25.682266, avg=(double)32.914591, min=(double)0.277575, max=(double)48.864863, latency=(double)11.991401, fps=(double)83.393089, frame_num=(uint)1626;
0:00:23.095518392 [32m    1[00m 0x708458001170 [37mTRACE  [00m [00;34m          GST_TRACER :0::[00m latency_tracer_pipeline, frame_latency=(double)43.366052, avg=(double)32.921015, min=(double)0.277575, max=(double)48.864863, latency=(double)11.998168, fps=(double)83.346058, frame_num=(uint)1627;
0:00:23.096457246 [32m    1[00m 0x708458001170 [37mTRACE  [00m [00;34m          GST_TRACER :0::[00m latency_tracer_pipeline, frame_latency=(double)24.289659, avg=(double)32.915713, min=(double)0.277575, max=(double)48.864863, latency=(double)11.991370, fps=(double)83.393308, frame_num=(uint)1628;
0:00:23.119035794 [32m    1[00m 0x708458001170 [37mTRACE  [00m [00;34m          GST_TRACER :0::[00m latency_tracer_pipeline, frame_latency=(double)41.213034, avg=(double)32.920807, min=(double)0.277575, max=(double)48.864863, latency=(double)11.997868, fps=(double)83.348141, frame_num=(uint)1629;
0:00:23.119842116 [32m    1[00m 0x708458001170 [37mTRACE  [00m [00;34m          GST_TRACER :0::[00m latency_tracer_pipeline, frame_latency=(double)24.031243, avg=(double)32.915353, min=(double)0.277575, max=(double)48.864863, latency=(double)11.991004, fps=(double)83.395856, frame_num=(uint)1630;
0:00:23.142355157 [32m    1[00m 0x708458001170 [37mTRACE  [00m [00;34m          GST_TRACER :0::[00m latency_tracer_pipeline, frame_latency=(double)41.610275, avg=(double)32.920684, min=(double)0.277575, max=(double)48.864863, latency=(double)11.997454, fps=(double)83.351019, frame_num=(uint)1631;
0:00:23.143464070 [32m    1[00m 0x708458001170 [37mTRACE  [00m [00;34m          GST_TRACER :0::[00m latency_tracer_pipeline, frame_latency=(double)24.283315, avg=(double)32.915391, min=(double)0.277575, max=(double)48.864863, latency=(double)11.990783, fps=(double)83.397391, frame_num=(uint)1632;
0:00:23.166856248 [32m    1[00m 0x708458001170 [37mTRACE  [00m [00;34m          GST_TRACER :0::[00m latency_tracer_pipeline, frame_latency=(double)44.350972, avg=(double)32.922394, min=(double)0.277575, max=(double)48.864863, latency=(double)11.997763, fps=(double)83.348869, frame_num=(uint)1633;
0:00:23.167592940 [32m    1[00m 0x708458001170 [37mTRACE  [00m [00;34m          GST_TRACER :0::[00m latency_tracer_pipeline, frame_latency=(double)24.911644, avg=(double)32.917492, min=(double)0.277575, max=(double)48.864863, latency=(double)11.990874, fps=(double)83.396760, frame_num=(uint)1634;
0:00:23.190591414 [32m    1[00m 0x708458001170 [37mTRACE  [00m [00;34m          GST_TRACER :0::[00m latency_tracer_pipeline, frame_latency=(double)43.729386, avg=(double)32.924105, min=(double)0.277575, max=(double)48.864863, latency=(double)11.997605, fps=(double)83.349972, frame_num=(uint)1635;
0:00:23.191549985 [32m    1[00m 0x708458001170 [37mTRACE  [00m [00;34m          GST_TRACER :0::[00m latency_tracer_pipeline, frame_latency=(double)24.696733, avg=(double)32.919076, min=(double)0.277575, max=(double)48.864863, latency=(double)11.990858, fps=(double)83.396866, frame_num=(uint)1636;
0:00:23.214383947 [32m    1[00m 0x708458001170 [37mTRACE  [00m [00;34m          GST_TRACER :0::[00m latency_tracer_pipeline, frame_latency=(double)43.982693, avg=(double)32.925834, min=(double)0.277575, max=(double)48.864863, latency=(double)11.997483, fps=(double)83.350816, frame_num=(uint)1637;
0:00:23.215724806 [32m    1[00m 0x708458001170 [37mTRACE  [00m [00;34m          GST_TRACER :0::[00m latency_tracer_pipeline, frame_latency=(double)24.837867, avg=(double)32.920896, min=(double)0.277575, max=(double)48.864863, latency=(double)11.990978, fps=(double)83.396034, frame_num=(uint)1638;
0:00:23.238986931 [32m    1[00m 0x708458001170 [37mTRACE  [00m [00;34m          GST_TRACER :0::[00m latency_tracer_pipeline, frame_latency=(double)44.370799, avg=(double)32.927882, min=(double)0.277575, max=(double)48.864863, latency=(double)11.997854, fps=(double)83.348237, frame_num=(uint)1639;
0:00:23.240138756 [32m    1[00m 0x708458001170 [37mTRACE  [00m [00;34m          GST_TRACER :0::[00m latency_tracer_pipeline, frame_latency=(double)25.582614, avg=(double)32.923403, min=(double)0.277575, max=(double)48.864863, latency=(double)11.991242, fps=(double)83.394198, frame_num=(uint)1640;
0:00:23.264617811 [32m    1[00m 0x708458001170 [37mTRACE  [00m [00;34m          GST_TRACER :0::[00m latency_tracer_pipeline, frame_latency=(double)45.138276, avg=(double)32.930847, min=(double)0.277575, max=(double)48.864863, latency=(double)11.998849, fps=(double)83.341324, frame_num=(uint)1641;
0:00:23.265686138 [32m    1[00m 0x708458001170 [37mTRACE  [00m [00;34m          GST_TRACER :0::[00m latency_tracer_pipeline, frame_latency=(double)26.285634, avg=(double)32.926800, min=(double)0.277575, max=(double)48.864863, latency=(double)11.992195, fps=(double)83.387567, frame_num=(uint)1642;
0:00:23.290204190 [32m    1[00m 0x708458001170 [37mTRACE  [00m [00;34m          GST_TRACER :0::[00m latency_tracer_pipeline, frame_latency=(double)44.877553, avg=(double)32.934074, min=(double)0.277575, max=(double)48.864863, latency=(double)11.999816, fps=(double)83.334611, frame_num=(uint)1643;
0:00:23.291450212 [32m    1[00m 0x708458001170 [37mTRACE  [00m [00;34m          GST_TRACER :0::[00m latency_tracer_pipeline, frame_latency=(double)25.202426, avg=(double)32.929371, min=(double)0.277575, max=(double)48.864863, latency=(double)11.993278, fps=(double)83.380043, frame_num=(uint)1644;
0:00:23.316070732 [32m    1[00m 0x708458001170 [37mTRACE  [00m [00;34m          GST_TRACER :0::[00m latency_tracer_pipeline, frame_latency=(double)42.007273, avg=(double)32.934889, min=(double)0.277575, max=(double)48.864863, latency=(double)12.000948, fps=(double)83.326750, frame_num=(uint)1645;
0:00:23.317146139 [32m    1[00m 0x708458001170 [37mTRACE  [00m [00;34m          GST_TRACER :0::[00m latency_tracer_pipeline, frame_latency=(double)25.922168, avg=(double)32.930629, min=(double)0.277575, max=(double)48.864863, latency=(double)11.994314, fps=(double)83.372836, frame_num=(uint)1646;
0:00:23.340215588 [32m    1[00m 0x708458001170 [37mTRACE  [00m [00;34m          GST_TRACER :0::[00m latency_tracer_pipeline, frame_latency=(double)44.780473, avg=(double)32.937824, min=(double)0.277575, max=(double)48.864863, latency=(double)12.001039, fps=(double)83.326120, frame_num=(uint)1647;
0:00:23.341448279 [32m    1[00m 0x708458001170 [37mTRACE  [00m [00;34m          GST_TRACER :0::[00m latency_tracer_pipeline, frame_latency=(double)25.245141, avg=(double)32.933156, min=(double)0.277575, max=(double)48.864863, latency=(double)11.994504, fps=(double)83.371520, frame_num=(uint)1648;
0:00:23.365600793 [32m    1[00m 0x708458001170 [37mTRACE  [00m [00;34m          GST_TRACER :0::[00m latency_tracer_pipeline, frame_latency=(double)44.317882, avg=(double)32.940060, min=(double)0.277575, max=(double)48.864863, latency=(double)12.001874, fps=(double)83.320319, frame_num=(uint)1649;
0:00:23.366488729 [32m    1[00m 0x708458001170 [37mTRACE  [00m [00;34m          GST_TRACER :0::[00m latency_tracer_pipeline, frame_latency=(double)26.038140, avg=(double)32.935877, min=(double)0.277575, max=(double)48.864863, latency=(double)11.995132, fps=(double)83.367153, frame_num=(uint)1650;
0:00:23.391712342 [32m    1[00m 0x708458001170 [37mTRACE  [00m [00;34m          GST_TRACER :0::[00m latency_tracer_pipeline, frame_latency=(double)45.499022, avg=(double)32.943486, min=(double)0.277575, max=(double)48.864863, latency=(double)12.003153, fps=(double)83.311445, frame_num=(uint)1651;
0:00:23.392060203 [32m    1[00m 0x708458001170 [37mTRACE  [00m [00;34m          GST_TRACER :0::[00m latency_tracer_pipeline, frame_latency=(double)24.499814, avg=(double)32.938375, min=(double)0.277575, max=(double)48.864863, latency=(double)11.996106, fps=(double)83.360382, frame_num=(uint)1652;
0:00:23.416573878 [32m    1[00m 0x708458001170 [37mTRACE  [00m [00;34m          GST_TRACER :0::[00m latency_tracer_pipeline, frame_latency=(double)43.624006, avg=(double)32.944839, min=(double)0.277575, max=(double)48.864863, latency=(double)12.003669, fps=(double)83.307864, frame_num=(uint)1653;
0:00:23.417630540 [32m    1[00m 0x708458001170 [37mTRACE  [00m [00;34m          GST_TRACER :0::[00m latency_tracer_pipeline, frame_latency=(double)24.227919, avg=(double)32.939569, min=(double)0.277575, max=(double)48.864863, latency=(double)11.997057, fps=(double)83.353777, frame_num=(uint)1654;
0:00:23.442312089 [32m    1[00m 0x708458001170 [37mTRACE  [00m [00;34m          GST_TRACER :0::[00m latency_tracer_pipeline, frame_latency=(double)43.813367, avg=(double)32.946139, min=(double)0.277575, max=(double)48.864863, latency=(double)12.004720, fps=(double)83.300572, frame_num=(uint)1655;
0:00:23.443135836 [32m    1[00m 0x708458001170 [37mTRACE  [00m [00;34m          GST_TRACER :0::[00m latency_tracer_pipeline, frame_latency=(double)24.145409, avg=(double)32.940825, min=(double)0.277575, max=(double)48.864863, latency=(double)11.997972, fps=(double)83.347421, frame_num=(uint)1656;
0:00:23.468277375 [32m    1[00m 0x708458001170 [37mTRACE  [00m [00;34m          GST_TRACER :0::[00m latency_tracer_pipeline, frame_latency=(double)44.638795, avg=(double)32.947885, min=(double)0.277575, max=(double)48.864863, latency=(double)12.005900, fps=(double)83.292378, frame_num=(uint)1657;
0:00:23.468792664 [32m    1[00m 0x708458001170 [37mTRACE  [00m [00;34m          GST_TRACER :0::[00m latency_tracer_pipeline, frame_latency=(double)24.632648, avg=(double)32.942869, min=(double)0.277575, max=(double)48.864863, latency=(double)11.998975, fps=(double)83.340454, frame_num=(uint)1658;
0:00:23.494169681 [32m    1[00m 0x708458001170 [37mTRACE  [00m [00;34m          GST_TRACER :0::[00m latency_tracer_pipeline, frame_latency=(double)44.299902, avg=(double)32.949715, min=(double)0.277575, max=(double)48.864863, latency=(double)12.007028, fps=(double)83.284555, frame_num=(uint)1659;
0:00:23.494717305 [32m    1[00m 0x708458001170 [37mTRACE  [00m [00;34m          GST_TRACER :0::[00m latency_tracer_pipeline, frame_latency=(double)24.135042, avg=(double)32.944405, min=(double)0.277575, max=(double)48.864863, latency=(double)12.000135, fps=(double)83.332393, frame_num=(uint)1660;
0:00:23.520120537 [32m    1[00m 0x708458001170 [37mTRACE  [00m [00;34m          GST_TRACER :0::[00m latency_tracer_pipeline, frame_latency=(double)45.876757, avg=(double)32.952191, min=(double)0.277575, max=(double)48.864863, latency=(double)12.008200, fps=(double)83.276425, frame_num=(uint)1661;
0:00:23.520963707 [32m    1[00m 0x708458001170 [37mTRACE  [00m [00;34m          GST_TRACER :0::[00m latency_tracer_pipeline, frame_latency=(double)26.277694, avg=(double)32.948175, min=(double)0.277575, max=(double)48.864863, latency=(double)12.001487, fps=(double)83.323008, frame_num=(uint)1662;
0:00:23.545493339 [32m    1[00m 0x708458001170 [37mTRACE  [00m [00;34m          GST_TRACER :0::[00m latency_tracer_pipeline, frame_latency=(double)43.695906, avg=(double)32.954638, min=(double)0.277575, max=(double)48.864863, latency=(double)12.009016, fps=(double)83.270772, frame_num=(uint)1663;
0:00:23.546783319 [32m    1[00m 0x708458001170 [37mTRACE  [00m [00;34m          GST_TRACER :0::[00m latency_tracer_pipeline, frame_latency=(double)24.659927, avg=(double)32.949653, min=(double)0.277575, max=(double)48.864863, latency=(double)12.002577, fps=(double)83.315438, frame_num=(uint)1664;
0:00:23.570844377 [32m    1[00m 0x708458001170 [37mTRACE  [00m [00;34m          GST_TRACER :0::[00m latency_tracer_pipeline, frame_latency=(double)43.589374, avg=(double)32.956043, min=(double)0.277575, max=(double)48.864863, latency=(double)12.009815, fps=(double)83.265231, frame_num=(uint)1665;
0:00:23.572101216 [32m    1[00m 0x708458001170 [37mTRACE  [00m [00;34m          GST_TRACER :0::[00m latency_tracer_pipeline, frame_latency=(double)26.064486, avg=(double)32.951907, min=(double)0.277575, max=(double)48.864863, latency=(double)12.003366, fps=(double)83.309967, frame_num=(uint)1666;
0:00:23.595899241 [32m    1[00m 0x708458001170 [37mTRACE  [00m [00;34m          GST_TRACER :0::[00m latency_tracer_pipeline, frame_latency=(double)43.982617, avg=(double)32.958524, min=(double)0.277575, max=(double)48.864863, latency=(double)12.010433, fps=(double)83.260946, frame_num=(uint)1667;
0:00:23.597345484 [32m    1[00m 0x708458001170 [37mTRACE  [00m [00;34m          GST_TRACER :0::[00m latency_tracer_pipeline, frame_latency=(double)24.876690, avg=(double)32.953679, min=(double)0.277575, max=(double)48.864863, latency=(double)12.004108, fps=(double)83.304816, frame_num=(uint)1668;
0:00:23.619587191 [32m    1[00m 0x708458001170 [37mTRACE  [00m [00;34m          GST_TRACER :0::[00m latency_tracer_pipeline, frame_latency=(double)43.169499, avg=(double)32.959800, min=(double)0.277575, max=(double)48.864863, latency=(double)12.010238, fps=(double)83.262300, frame_num=(uint)1669;
0:00:23.620950168 [32m    1[00m 0x708458001170 [37mTRACE  [00m [00;34m          GST_TRACER :0::[00m latency_tracer_pipeline, frame_latency=(double)24.303503, avg=(double)32.954616, min=(double)0.277575, max=(double)48.864863, latency=(double)12.003865, fps=(double)83.306500, frame_num=(uint)1670;
FpsCounter(average 17.14sec): total=331.20 fps, number-streams=4, per-stream=82.80 fps (82.71, 82.48, 83.12, 82.89)
0:00:23.642977756 [32m    1[00m 0x708458001170 [37mTRACE  [00m [00;34m          GST_TRACER :0::[00m latency_tracer_pipeline, frame_latency=(double)42.315159, avg=(double)32.960218, min=(double)0.277575, max=(double)48.864863, latency=(double)12.009862, fps=(double)83.264901, frame_num=(uint)1671;
0:00:23.644634008 [32m    1[00m 0x708458001170 [37mTRACE  [00m [00;34m          GST_TRACER :0::[00m latency_tracer_pipeline, frame_latency=(double)22.641285, avg=(double)32.954046, min=(double)0.277575, max=(double)48.864863, latency=(double)12.003671, fps=(double)83.307849, frame_num=(uint)1672;
0:00:23.666913976 [32m    1[00m 0x708458001170 [37mTRACE  [00m [00;34m          GST_TRACER :0::[00m latency_tracer_pipeline, frame_latency=(double)42.124212, avg=(double)32.959528, min=(double)0.277575, max=(double)48.864863, latency=(double)12.009813, fps=(double)83.265243, frame_num=(uint)1673;
0:00:23.667738594 [32m    1[00m 0x708458001170 [37mTRACE  [00m [00;34m          GST_TRACER :0::[00m latency_tracer_pipeline, frame_latency=(double)22.483302, avg=(double)32.953269, min=(double)0.277575, max=(double)48.864863, latency=(double)12.003128, fps=(double)83.311617, frame_num=(uint)1674;
0:00:23.689982978 [32m    1[00m 0x708458001170 [37mTRACE  [00m [00;34m          GST_TRACER :0::[00m latency_tracer_pipeline, frame_latency=(double)40.630446, avg=(double)32.957853, min=(double)0.277575, max=(double)48.864863, latency=(double)12.009239, fps=(double)83.269225, frame_num=(uint)1675;
0:00:23.714138764 [32m    1[00m 0x708458001170 [37mTRACE  [00m [00;34m          GST_TRACER :0::[00m latency_tracer_pipeline, frame_latency=(double)45.720023, avg=(double)32.965467, min=(double)0.277575, max=(double)48.864863, latency=(double)12.016486, fps=(double)83.219005, frame_num=(uint)1676;
0:00:23.714745216 [32m    1[00m 0x708458001170 [37mTRACE  [00m [00;34m          GST_TRACER :0::[00m latency_tracer_pipeline, frame_latency=(double)24.723738, avg=(double)32.960553, min=(double)0.277575, max=(double)48.864863, latency=(double)12.009684, fps=(double)83.266136, frame_num=(uint)1677;
0:00:23.738269276 [32m    1[00m 0x708458001170 [37mTRACE  [00m [00;34m          GST_TRACER :0::[00m latency_tracer_pipeline, frame_latency=(double)42.600462, avg=(double)32.966298, min=(double)0.277575, max=(double)48.864863, latency=(double)12.016546, fps=(double)83.218591, frame_num=(uint)1678;
FpsCounter(last 1.02sec): total=320.88 fps, number-streams=4, per-stream=80.22 fps (78.26, 87.07, 78.26, 77.29)
latency: -45783.70ms (-45822.05, -45630.49, -46019.68, -45678.50)
0:00:23.739073182 [32m    1[00m 0x708458001170 [37mTRACE  [00m [00;34m          GST_TRACER :0::[00m latency_tracer_pipeline, frame_latency=(double)23.639032, avg=(double)32.960742, min=(double)0.277575, max=(double)48.864863, latency=(double)12.009867, fps=(double)83.264868, frame_num=(uint)1679;
0:00:23.761972012 [32m    1[00m 0x708458001170 [37mTRACE  [00m [00;34m          GST_TRACER :0::[00m latency_tracer_pipeline, frame_latency=(double)43.010248, avg=(double)32.966724, min=(double)0.277575, max=(double)48.864863, latency=(double)12.016348, fps=(double)83.219963, frame_num=(uint)1680;
0:00:23.762975859 [32m    1[00m 0x708458001170 [37mTRACE  [00m [00;34m          GST_TRACER :0::[00m latency_tracer_pipeline, frame_latency=(double)24.050499, avg=(double)32.961420, min=(double)0.277575, max=(double)48.864863, latency=(double)12.009798, fps=(double)83.265347, frame_num=(uint)1681;
0:00:23.786054871 [32m    1[00m 0x708458001170 [37mTRACE  [00m [00;34m          GST_TRACER :0::[00m latency_tracer_pipeline, frame_latency=(double)42.690370, avg=(double)32.967204, min=(double)0.277575, max=(double)48.864863, latency=(double)12.016376, fps=(double)83.219768, frame_num=(uint)1682;
0:00:23.786091398 [32m    1[00m 0x708458001170 [37mTRACE  [00m [00;34m          GST_TRACER :0::[00m latency_tracer_pipeline_interval, interval=(double)1018.924075, avg=(double)34.061675, min=(double)22.231281, max=(double)46.019841, latency=(double)12.736551, fps=(double)78.514192;
0:00:23.786992602 [32m    1[00m 0x708458001170 [37mTRACE  [00m [00;34m          GST_TRACER :0::[00m latency_tracer_pipeline, frame_latency=(double)23.623961, avg=(double)32.961653, min=(double)0.277575, max=(double)48.864863, latency=(double)12.009799, fps=(double)83.265342, frame_num=(uint)1683;
0:00:23.811245897 [32m    1[00m 0x708458001170 [37mTRACE  [00m [00;34m          GST_TRACER :0::[00m latency_tracer_pipeline, frame_latency=(double)43.975216, avg=(double)32.968193, min=(double)0.277575, max=(double)48.864863, latency=(double)12.017065, fps=(double)83.214995, frame_num=(uint)1684;
0:00:23.811776257 [32m    1[00m 0x708458001170 [37mTRACE  [00m [00;34m          GST_TRACER :0::[00m latency_tracer_pipeline, frame_latency=(double)24.272495, avg=(double)32.963032, min=(double)0.277575, max=(double)48.864863, latency=(double)12.010250, fps=(double)83.262215, frame_num=(uint)1685;
0:00:23.834920732 [32m    1[00m 0x708458001170 [37mTRACE  [00m [00;34m          GST_TRACER :0::[00m latency_tracer_pipeline, frame_latency=(double)43.157186, avg=(double)32.969079, min=(double)0.277575, max=(double)48.864863, latency=(double)12.016856, fps=(double)83.216441, frame_num=(uint)1686;
0:00:23.835650841 [32m    1[00m 0x708458001170 [37mTRACE  [00m [00;34m          GST_TRACER :0::[00m latency_tracer_pipeline, frame_latency=(double)23.096012, avg=(double)32.963226, min=(double)0.277575, max=(double)48.864863, latency=(double)12.010171, fps=(double)83.262762, frame_num=(uint)1687;
0:00:23.857989374 [32m    1[00m 0x708458001170 [37mTRACE  [00m [00;34m          GST_TRACER :0::[00m latency_tracer_pipeline, frame_latency=(double)41.430444, avg=(double)32.968242, min=(double)0.277575, max=(double)48.864863, latency=(double)12.016284, fps=(double)83.220401, frame_num=(uint)1688;
0:00:23.858523363 [32m    1[00m 0x708458001170 [37mTRACE  [00m [00;34m          GST_TRACER :0::[00m latency_tracer_pipeline, frame_latency=(double)23.189913, avg=(double)32.962453, min=(double)0.277575, max=(double)48.864863, latency=(double)12.009485, fps=(double)83.267515, frame_num=(uint)1689;
0:00:23.882080524 [32m    1[00m 0x708458001170 [37mTRACE  [00m [00;34m          GST_TRACER :0::[00m latency_tracer_pipeline, frame_latency=(double)42.998786, avg=(double)32.968392, min=(double)0.277575, max=(double)48.864863, latency=(double)12.016322, fps=(double)83.220138, frame_num=(uint)1690;
0:00:23.882727242 [32m    1[00m 0x708458001170 [37mTRACE  [00m [00;34m          GST_TRACER :0::[00m latency_tracer_pipeline, frame_latency=(double)23.122176, avg=(double)32.962569, min=(double)0.277575, max=(double)48.864863, latency=(double)12.009600, fps=(double)83.266717, frame_num=(uint)1691;
0:00:23.906331325 [32m    1[00m 0x708458001170 [37mTRACE  [00m [00;34m          GST_TRACER :0::[00m latency_tracer_pipeline, frame_latency=(double)44.076382, avg=(double)32.969137, min=(double)0.277575, max=(double)48.864863, latency=(double)12.016449, fps=(double)83.219259, frame_num=(uint)1692;
0:00:23.907225358 [32m    1[00m 0x708458001170 [37mTRACE  [00m [00;34m          GST_TRACER :0::[00m latency_tracer_pipeline, frame_latency=(double)24.856419, avg=(double)32.964345, min=(double)0.277575, max=(double)48.864863, latency=(double)12.009884, fps=(double)83.264752, frame_num=(uint)1693;
0:00:23.930070461 [32m    1[00m 0x708458001170 [37mTRACE  [00m [00;34m          GST_TRACER :0::[00m latency_tracer_pipeline, frame_latency=(double)43.778423, avg=(double)32.970729, min=(double)0.277575, max=(double)48.864863, latency=(double)12.016276, fps=(double)83.220456, frame_num=(uint)1694;
0:00:23.930925592 [32m    1[00m 0x708458001170 [37mTRACE  [00m [00;34m          GST_TRACER :0::[00m latency_tracer_pipeline, frame_latency=(double)24.404391, avg=(double)32.965675, min=(double)0.277575, max=(double)48.864863, latency=(double)12.009694, fps=(double)83.266067, frame_num=(uint)1695;
0:00:23.930941661 [32m    1[00m 0x708458001170 [37mTRACE  [00m [00;34m          GST_TRACER :0::[00m latency_tracer_pipeline, frame_latency=(double)21.138155, avg=(double)32.958701, min=(double)0.277575, max=(double)48.864863, latency=(double)12.002625, fps=(double)83.315107, frame_num=(uint)1696;
0:00:23.954124869 [32m    1[00m 0x708458001170 [37mTRACE  [00m [00;34m          GST_TRACER :0::[00m latency_tracer_pipeline, frame_latency=(double)42.816988, avg=(double)32.964511, min=(double)0.277575, max=(double)48.864863, latency=(double)12.009208, fps=(double)83.269438, frame_num=(uint)1697;
0:00:23.954920774 [32m    1[00m 0x708458001170 [37mTRACE  [00m [00;34m          GST_TRACER :0::[00m latency_tracer_pipeline, frame_latency=(double)24.841758, avg=(double)32.959727, min=(double)0.277575, max=(double)48.864863, latency=(double)12.002608, fps=(double)83.315224, frame_num=(uint)1698;
0:00:23.978021312 [32m    1[00m 0x708458001170 [37mTRACE  [00m [00;34m          GST_TRACER :0::[00m latency_tracer_pipeline, frame_latency=(double)44.556018, avg=(double)32.966552, min=(double)0.277575, max=(double)48.864863, latency=(double)12.009136, fps=(double)83.269936, frame_num=(uint)1699;
0:00:23.978840403 [32m    1[00m 0x708458001170 [37mTRACE  [00m [00;34m          GST_TRACER :0::[00m latency_tracer_pipeline, frame_latency=(double)24.725882, avg=(double)32.961705, min=(double)0.277575, max=(double)48.864863, latency=(double)12.002558, fps=(double)83.315573, frame_num=(uint)1700;
0:00:23.978854235 [32m    1[00m 0x708458001170 [37mTRACE  [00m [00;34m          GST_TRACER :0::[00m latency_tracer_pipeline, frame_latency=(double)21.167735, avg=(double)32.954771, min=(double)0.277575, max=(double)48.864863, latency=(double)11.995511, fps=(double)83.364516, frame_num=(uint)1701;
0:00:24.001737929 [32m    1[00m 0x708458001170 [37mTRACE  [00m [00;34m          GST_TRACER :0::[00m latency_tracer_pipeline, frame_latency=(double)41.845205, avg=(double)32.959995, min=(double)0.277575, max=(double)48.864863, latency=(double)12.001903, fps=(double)83.320121, frame_num=(uint)1702;
0:00:24.025227585 [32m    1[00m 0x708458001170 [37mTRACE  [00m [00;34m          GST_TRACER :0::[00m latency_tracer_pipeline, frame_latency=(double)43.795733, avg=(double)32.966358, min=(double)0.277575, max=(double)48.864863, latency=(double)12.008649, fps=(double)83.273311, frame_num=(uint)1703;
0:00:24.025716893 [32m    1[00m 0x708458001170 [37mTRACE  [00m [00;34m          GST_TRACER :0::[00m latency_tracer_pipeline, frame_latency=(double)22.755455, avg=(double)32.960365, min=(double)0.277575, max=(double)48.864863, latency=(double)12.001893, fps=(double)83.320193, frame_num=(uint)1704;
0:00:24.049095098 [32m    1[00m 0x708458001170 [37mTRACE  [00m [00;34m          GST_TRACER :0::[00m latency_tracer_pipeline, frame_latency=(double)42.831267, avg=(double)32.966155, min=(double)0.277575, max=(double)48.864863, latency=(double)12.008560, fps=(double)83.273934, frame_num=(uint)1705;
0:00:24.049932987 [32m    1[00m 0x708458001170 [37mTRACE  [00m [00;34m          GST_TRACER :0::[00m latency_tracer_pipeline, frame_latency=(double)24.599812, avg=(double)32.961251, min=(double)0.277575, max=(double)48.864863, latency=(double)12.002017, fps=(double)83.319331, frame_num=(uint)1706;
0:00:24.072458601 [32m    1[00m 0x708458001170 [37mTRACE  [00m [00;34m          GST_TRACER :0::[00m latency_tracer_pipeline, frame_latency=(double)43.278852, avg=(double)32.967295, min=(double)0.277575, max=(double)48.864863, latency=(double)12.008177, fps=(double)83.276588, frame_num=(uint)1707;
0:00:24.073364467 [32m    1[00m 0x708458001170 [37mTRACE  [00m [00;34m          GST_TRACER :0::[00m latency_tracer_pipeline, frame_latency=(double)24.171740, avg=(double)32.962145, min=(double)0.277575, max=(double)48.864863, latency=(double)12.001682, fps=(double)83.321657, frame_num=(uint)1708;
0:00:24.095834218 [32m    1[00m 0x708458001170 [37mTRACE  [00m [00;34m          GST_TRACER :0::[00m latency_tracer_pipeline, frame_latency=(double)43.128110, avg=(double)32.968094, min=(double)0.277575, max=(double)48.864863, latency=(double)12.007803, fps=(double)83.279181, frame_num=(uint)1709;
0:00:24.096630035 [32m    1[00m 0x708458001170 [37mTRACE  [00m [00;34m          GST_TRACER :0::[00m latency_tracer_pipeline, frame_latency=(double)24.035784, avg=(double)32.962870, min=(double)0.277575, max=(double)48.864863, latency=(double)12.001250, fps=(double)83.324655, frame_num=(uint)1710;
0:00:24.121494720 [32m    1[00m 0x708458001170 [37mTRACE  [00m [00;34m          GST_TRACER :0::[00m latency_tracer_pipeline, frame_latency=(double)44.734745, avg=(double)32.969750, min=(double)0.277575, max=(double)48.864863, latency=(double)12.008763, fps=(double)83.272525, frame_num=(uint)1711;
0:00:24.122285968 [32m    1[00m 0x708458001170 [37mTRACE  [00m [00;34m          GST_TRACER :0::[00m latency_tracer_pipeline, frame_latency=(double)25.770434, avg=(double)32.965545, min=(double)0.277575, max=(double)48.864863, latency=(double)12.002215, fps=(double)83.317956, frame_num=(uint)1712;
0:00:24.146639549 [32m    1[00m 0x708458001170 [37mTRACE  [00m [00;34m          GST_TRACER :0::[00m latency_tracer_pipeline, frame_latency=(double)43.013211, avg=(double)32.971411, min=(double)0.277575, max=(double)48.864863, latency=(double)12.009420, fps=(double)83.267966, frame_num=(uint)1713;
0:00:24.147404127 [32m    1[00m 0x708458001170 [37mTRACE  [00m [00;34m          GST_TRACER :0::[00m latency_tracer_pipeline, frame_latency=(double)22.483745, avg=(double)32.965292, min=(double)0.277575, max=(double)48.864863, latency=(double)12.002867, fps=(double)83.313431, frame_num=(uint)1714;
0:00:24.171628186 [32m    1[00m 0x708458001170 [37mTRACE  [00m [00;34m          GST_TRACER :0::[00m latency_tracer_pipeline, frame_latency=(double)38.514976, avg=(double)32.968528, min=(double)0.277575, max=(double)48.864863, latency=(double)12.009989, fps=(double)83.264021, frame_num=(uint)1715;
0:00:24.196824241 [32m    1[00m 0x708458001170 [37mTRACE  [00m [00;34m          GST_TRACER :0::[00m latency_tracer_pipeline, frame_latency=(double)45.728830, avg=(double)32.975964, min=(double)0.277575, max=(double)48.864863, latency=(double)12.017672, fps=(double)83.210789, frame_num=(uint)1716;
0:00:24.197889508 [32m    1[00m 0x708458001170 [37mTRACE  [00m [00;34m          GST_TRACER :0::[00m latency_tracer_pipeline, frame_latency=(double)25.594286, avg=(double)32.971665, min=(double)0.277575, max=(double)48.864863, latency=(double)12.011297, fps=(double)83.254953, frame_num=(uint)1717;
0:00:24.222684842 [32m    1[00m 0x708458001170 [37mTRACE  [00m [00;34m          GST_TRACER :0::[00m latency_tracer_pipeline, frame_latency=(double)45.002672, avg=(double)32.978668, min=(double)0.277575, max=(double)48.864863, latency=(double)12.018734, fps=(double)83.203438, frame_num=(uint)1718;
0:00:24.223570646 [32m    1[00m 0x708458001170 [37mTRACE  [00m [00;34m          GST_TRACER :0::[00m latency_tracer_pipeline, frame_latency=(double)26.020780, avg=(double)32.974620, min=(double)0.277575, max=(double)48.864863, latency=(double)12.012262, fps=(double)83.248268, frame_num=(uint)1719;
0:00:24.248033185 [32m    1[00m 0x708458001170 [37mTRACE  [00m [00;34m          GST_TRACER :0::[00m latency_tracer_pipeline, frame_latency=(double)43.853479, avg=(double)32.980945, min=(double)0.277575, max=(double)48.864863, latency=(double)12.019497, fps=(double)83.198159, frame_num=(uint)1720;
0:00:24.248841871 [32m    1[00m 0x708458001170 [37mTRACE  [00m [00;34m          GST_TRACER :0::[00m latency_tracer_pipeline, frame_latency=(double)23.781147, avg=(double)32.975599, min=(double)0.277575, max=(double)48.864863, latency=(double)12.012986, fps=(double)83.243250, frame_num=(uint)1721;
0:00:24.274296191 [32m    1[00m 0x708458001170 [37mTRACE  [00m [00;34m          GST_TRACER :0::[00m latency_tracer_pipeline, frame_latency=(double)42.922517, avg=(double)32.981376, min=(double)0.277575, max=(double)48.864863, latency=(double)12.020787, fps=(double)83.189228, frame_num=(uint)1722;
0:00:24.275036711 [32m    1[00m 0x708458001170 [37mTRACE  [00m [00;34m          GST_TRACER :0::[00m latency_tracer_pipeline, frame_latency=(double)23.283092, avg=(double)32.975747, min=(double)0.277575, max=(double)48.864863, latency=(double)12.014244, fps=(double)83.234533, frame_num=(uint)1723;
0:00:24.299757454 [32m    1[00m 0x708458001170 [37mTRACE  [00m [00;34m          GST_TRACER :0::[00m latency_tracer_pipeline, frame_latency=(double)40.782960, avg=(double)32.980275, min=(double)0.277575, max=(double)48.864863, latency=(double)12.021612, fps=(double)83.183518, frame_num=(uint)1724;
0:00:24.325051809 [32m    1[00m 0x708458001170 [37mTRACE  [00m [00;34m          GST_TRACER :0::[00m latency_tracer_pipeline, frame_latency=(double)45.839105, avg=(double)32.987730, min=(double)0.277575, max=(double)48.864863, latency=(double)12.029306, fps=(double)83.130318, frame_num=(uint)1725;
0:00:24.325936146 [32m    1[00m 0x708458001170 [37mTRACE  [00m [00;34m          GST_TRACER :0::[00m latency_tracer_pipeline, frame_latency=(double)25.466367, avg=(double)32.983372, min=(double)0.277575, max=(double)48.864863, latency=(double)12.022844, fps=(double)83.174998, frame_num=(uint)1726;
0:00:24.350233027 [32m    1[00m 0x708458001170 [37mTRACE  [00m [00;34m          GST_TRACER :0::[00m latency_tracer_pipeline, frame_latency=(double)43.156759, avg=(double)32.989263, min=(double)0.277575, max=(double)48.864863, latency=(double)12.029957, fps=(double)83.125818, frame_num=(uint)1727;
0:00:24.350982006 [32m    1[00m 0x708458001170 [37mTRACE  [00m [00;34m          GST_TRACER :0::[00m latency_tracer_pipeline, frame_latency=(double)22.594259, avg=(double)32.983247, min=(double)0.277575, max=(double)48.864863, latency=(double)12.023431, fps=(double)83.170937, frame_num=(uint)1728;
0:00:24.375254515 [32m    1[00m 0x708458001170 [37mTRACE  [00m [00;34m          GST_TRACER :0::[00m latency_tracer_pipeline, frame_latency=(double)39.811381, avg=(double)32.987197, min=(double)0.277575, max=(double)48.864863, latency=(double)12.030512, fps=(double)83.121985, frame_num=(uint)1729;
0:00:24.376068261 [32m    1[00m 0x708458001170 [37mTRACE  [00m [00;34m          GST_TRACER :0::[00m latency_tracer_pipeline, frame_latency=(double)21.504839, avg=(double)32.980559, min=(double)0.277575, max=(double)48.864863, latency=(double)12.024033, fps=(double)83.166774, frame_num=(uint)1730;
0:00:24.400403400 [32m    1[00m 0x708458001170 [37mTRACE  [00m [00;34m          GST_TRACER :0::[00m latency_tracer_pipeline, frame_latency=(double)40.081865, avg=(double)32.984662, min=(double)0.277575, max=(double)48.864863, latency=(double)12.031140, fps=(double)83.117643, frame_num=(uint)1731;
0:00:24.401287369 [32m    1[00m 0x708458001170 [37mTRACE  [00m [00;34m          GST_TRACER :0::[00m latency_tracer_pipeline, frame_latency=(double)22.040888, avg=(double)32.978343, min=(double)0.277575, max=(double)48.864863, latency=(double)12.024707, fps=(double)83.162107, frame_num=(uint)1732;
0:00:24.424677641 [32m    1[00m 0x708458001170 [37mTRACE  [00m [00;34m          GST_TRACER :0::[00m latency_tracer_pipeline, frame_latency=(double)39.637406, avg=(double)32.982186, min=(double)0.277575, max=(double)48.864863, latency=(double)12.031263, fps=(double)83.116791, frame_num=(uint)1733;
0:00:24.450091822 [32m    1[00m 0x708458001170 [37mTRACE  [00m [00;34m          GST_TRACER :0::[00m latency_tracer_pipeline, frame_latency=(double)45.734838, avg=(double)32.989540, min=(double)0.277575, max=(double)48.864863, latency=(double)12.038980, fps=(double)83.063512, frame_num=(uint)1734;
0:00:24.450947231 [32m    1[00m 0x708458001170 [37mTRACE  [00m [00;34m          GST_TRACER :0::[00m latency_tracer_pipeline, frame_latency=(double)25.791924, avg=(double)32.985392, min=(double)0.277575, max=(double)48.864863, latency=(double)12.032538, fps=(double)83.107984, frame_num=(uint)1735;
0:00:24.475064881 [32m    1[00m 0x708458001170 [37mTRACE  [00m [00;34m          GST_TRACER :0::[00m latency_tracer_pipeline, frame_latency=(double)43.967667, avg=(double)32.991718, min=(double)0.277575, max=(double)48.864863, latency=(double)12.039497, fps=(double)83.059950, frame_num=(uint)1736;
0:00:24.475987300 [32m    1[00m 0x708458001170 [37mTRACE  [00m [00;34m          GST_TRACER :0::[00m latency_tracer_pipeline, frame_latency=(double)25.149177, avg=(double)32.987203, min=(double)0.277575, max=(double)48.864863, latency=(double)12.033100, fps=(double)83.104107, frame_num=(uint)1737;
0:00:24.500643593 [32m    1[00m 0x708458001170 [37mTRACE  [00m [00;34m          GST_TRACER :0::[00m latency_tracer_pipeline, frame_latency=(double)43.589274, avg=(double)32.993303, min=(double)0.277575, max=(double)48.864863, latency=(double)12.040358, fps=(double)83.054008, frame_num=(uint)1738;
0:00:24.501437093 [32m    1[00m 0x708458001170 [37mTRACE  [00m [00;34m          GST_TRACER :0::[00m latency_tracer_pipeline, frame_latency=(double)25.812206, avg=(double)32.989174, min=(double)0.277575, max=(double)48.864863, latency=(double)12.033894, fps=(double)83.098619, frame_num=(uint)1739;
0:00:24.525632046 [32m    1[00m 0x708458001170 [37mTRACE  [00m [00;34m          GST_TRACER :0::[00m latency_tracer_pipeline, frame_latency=(double)42.305631, avg=(double)32.994528, min=(double)0.277575, max=(double)48.864863, latency=(double)12.040878, fps=(double)83.050422, frame_num=(uint)1740;
0:00:24.551063665 [32m    1[00m 0x708458001170 [37mTRACE  [00m [00;34m          GST_TRACER :0::[00m latency_tracer_pipeline, frame_latency=(double)46.243004, avg=(double)33.002138, min=(double)0.277575, max=(double)48.864863, latency=(double)12.048573, fps=(double)82.997384, frame_num=(uint)1741;
0:00:24.552437567 [32m    1[00m 0x708458001170 [37mTRACE  [00m [00;34m          GST_TRACER :0::[00m latency_tracer_pipeline, frame_latency=(double)26.131759, avg=(double)32.998194, min=(double)0.277575, max=(double)48.864863, latency=(double)12.042448, fps=(double)83.039596, frame_num=(uint)1742;
0:00:24.577682534 [32m    1[00m 0x708458001170 [37mTRACE  [00m [00;34m          GST_TRACER :0::[00m latency_tracer_pipeline, frame_latency=(double)44.541215, avg=(double)33.004816, min=(double)0.277575, max=(double)48.864863, latency=(double)12.050019, fps=(double)82.987424, frame_num=(uint)1743;
0:00:24.578675744 [32m    1[00m 0x708458001170 [37mTRACE  [00m [00;34m          GST_TRACER :0::[00m latency_tracer_pipeline, frame_latency=(double)26.973520, avg=(double)33.001358, min=(double)0.277575, max=(double)48.864863, latency=(double)12.043681, fps=(double)83.031091, frame_num=(uint)1744;
0:00:24.578696100 [32m    1[00m 0x708458001170 [37mTRACE  [00m [00;34m          GST_TRACER :0::[00m latency_tracer_pipeline, frame_latency=(double)21.774990, avg=(double)32.994924, min=(double)0.277575, max=(double)48.864863, latency=(double)12.036794, fps=(double)83.078598, frame_num=(uint)1745;
0:00:24.604171698 [32m    1[00m 0x708458001170 [37mTRACE  [00m [00;34m          GST_TRACER :0::[00m latency_tracer_pipeline, frame_latency=(double)40.519068, avg=(double)32.999234, min=(double)0.277575, max=(double)48.864863, latency=(double)12.044485, fps=(double)83.025551, frame_num=(uint)1746;
0:00:24.605071222 [32m    1[00m 0x708458001170 [37mTRACE  [00m [00;34m          GST_TRACER :0::[00m latency_tracer_pipeline, frame_latency=(double)22.911656, avg=(double)32.993459, min=(double)0.277575, max=(double)48.864863, latency=(double)12.038110, fps=(double)83.069517, frame_num=(uint)1747;
0:00:24.630791976 [32m    1[00m 0x708458001170 [37mTRACE  [00m [00;34m          GST_TRACER :0::[00m latency_tracer_pipeline, frame_latency=(double)40.470716, avg=(double)32.997737, min=(double)0.277575, max=(double)48.864863, latency=(double)12.045934, fps=(double)83.015565, frame_num=(uint)1748;
0:00:24.631535604 [32m    1[00m 0x708458001170 [37mTRACE  [00m [00;34m          GST_TRACER :0::[00m latency_tracer_pipeline, frame_latency=(double)21.485271, avg=(double)32.991155, min=(double)0.277575, max=(double)48.864863, latency=(double)12.039475, fps=(double)83.060098, frame_num=(uint)1749;
FpsCounter(average 18.16sec): total=330.76 fps, number-streams=4, per-stream=82.69 fps (82.44, 82.55, 82.83, 82.94)
0:00:24.657853761 [32m    1[00m 0x708458001170 [37mTRACE  [00m [00;34m          GST_TRACER :0::[00m latency_tracer_pipeline, frame_latency=(double)39.451379, avg=(double)32.994846, min=(double)0.277575, max=(double)48.864863, latency=(double)12.047632, fps=(double)83.003864, frame_num=(uint)1750;
0:00:24.658236366 [32m    1[00m 0x708458001170 [37mTRACE  [00m [00;34m          GST_TRACER :0::[00m latency_tracer_pipeline, frame_latency=(double)21.220462, avg=(double)32.988122, min=(double)0.277575, max=(double)48.864863, latency=(double)12.040973, fps=(double)83.049765, frame_num=(uint)1751;
0:00:24.684517841 [32m    1[00m 0x708458001170 [37mTRACE  [00m [00;34m          GST_TRACER :0::[00m latency_tracer_pipeline, frame_latency=(double)38.545685, avg=(double)32.991294, min=(double)0.277575, max=(double)48.864863, latency=(double)12.049096, fps=(double)82.993777, frame_num=(uint)1752;
0:00:24.685504257 [32m    1[00m 0x708458001170 [37mTRACE  [00m [00;34m          GST_TRACER :0::[00m latency_tracer_pipeline, frame_latency=(double)22.086182, avg=(double)32.985073, min=(double)0.277575, max=(double)48.864863, latency=(double)12.042789, fps=(double)83.037240, frame_num=(uint)1753;
0:00:24.711796199 [32m    1[00m 0x708458001170 [37mTRACE  [00m [00;34m          GST_TRACER :0::[00m latency_tracer_pipeline, frame_latency=(double)39.750593, avg=(double)32.988930, min=(double)0.277575, max=(double)48.864863, latency=(double)12.050909, fps=(double)82.981292, frame_num=(uint)1754;
0:00:24.712691936 [32m    1[00m 0x708458001170 [37mTRACE  [00m [00;34m          GST_TRACER :0::[00m latency_tracer_pipeline, frame_latency=(double)21.278436, avg=(double)32.982258, min=(double)0.277575, max=(double)48.864863, latency=(double)12.044556, fps=(double)83.025058, frame_num=(uint)1755;
FpsCounter(last 1.00sec): total=319.83 fps, number-streams=4, per-stream=79.96 fps (78.96, 81.96, 76.96, 81.96)
latency: -48028.19ms (-48002.78, -48068.29, -48158.58, -47890.14)
0:00:24.738576810 [32m    1[00m 0x708458001170 [37mTRACE  [00m [00;34m          GST_TRACER :0::[00m latency_tracer_pipeline, frame_latency=(double)38.879020, avg=(double)32.985616, min=(double)0.277575, max=(double)48.864863, latency=(double)12.052438, fps=(double)82.970764, frame_num=(uint)1756;
0:00:24.739393761 [32m    1[00m 0x708458001170 [37mTRACE  [00m [00;34m          GST_TRACER :0::[00m latency_tracer_pipeline, frame_latency=(double)21.362758, avg=(double)32.979001, min=(double)0.277575, max=(double)48.864863, latency=(double)12.046045, fps=(double)83.014798, frame_num=(uint)1757;
0:00:24.764427234 [32m    1[00m 0x708458001170 [37mTRACE  [00m [00;34m          GST_TRACER :0::[00m latency_tracer_pipeline, frame_latency=(double)44.697962, avg=(double)32.985667, min=(double)0.277575, max=(double)48.864863, latency=(double)12.053430, fps=(double)82.963939, frame_num=(uint)1758;
0:00:24.765312882 [32m    1[00m 0x708458001170 [37mTRACE  [00m [00;34m          GST_TRACER :0::[00m latency_tracer_pipeline, frame_latency=(double)25.027814, avg=(double)32.981143, min=(double)0.277575, max=(double)48.864863, latency=(double)12.047084, fps=(double)83.007640, frame_num=(uint)1759;
0:00:24.790258825 [32m    1[00m 0x708458001170 [37mTRACE  [00m [00;34m          GST_TRACER :0::[00m latency_tracer_pipeline, frame_latency=(double)43.504856, avg=(double)32.987122, min=(double)0.277575, max=(double)48.864863, latency=(double)12.054405, fps=(double)82.957223, frame_num=(uint)1760;
0:00:24.790284412 [32m    1[00m 0x708458001170 [37mTRACE  [00m [00;34m          GST_TRACER :0::[00m latency_tracer_pipeline_interval, interval=(double)1004.209672, avg=(double)33.416630, min=(double)21.138155, max=(double)46.243004, latency=(double)12.874483, fps=(double)77.673022;
0:00:24.791029979 [32m    1[00m 0x708458001170 [37mTRACE  [00m [00;34m          GST_TRACER :0::[00m latency_tracer_pipeline, frame_latency=(double)24.528613, avg=(double)32.982319, min=(double)0.277575, max=(double)48.864863, latency=(double)12.048000, fps=(double)83.001330, frame_num=(uint)1761;
0:00:24.816238059 [32m    1[00m 0x708458001170 [37mTRACE  [00m [00;34m          GST_TRACER :0::[00m latency_tracer_pipeline, frame_latency=(double)43.562773, avg=(double)32.988324, min=(double)0.277575, max=(double)48.864863, latency=(double)12.055468, fps=(double)82.949909, frame_num=(uint)1762;
0:00:24.817167211 [32m    1[00m 0x708458001170 [37mTRACE  [00m [00;34m          GST_TRACER :0::[00m latency_tracer_pipeline, frame_latency=(double)23.484420, avg=(double)32.982933, min=(double)0.277575, max=(double)48.864863, latency=(double)12.049144, fps=(double)82.993449, frame_num=(uint)1763;
0:00:24.841416389 [32m    1[00m 0x708458001170 [37mTRACE  [00m [00;34m          GST_TRACER :0::[00m latency_tracer_pipeline, frame_latency=(double)43.064752, avg=(double)32.988648, min=(double)0.277575, max=(double)48.864863, latency=(double)12.056073, fps=(double)82.945746, frame_num=(uint)1764;
0:00:24.842310713 [32m    1[00m 0x708458001170 [37mTRACE  [00m [00;34m          GST_TRACER :0::[00m latency_tracer_pipeline, frame_latency=(double)25.723218, avg=(double)32.984532, min=(double)0.277575, max=(double)48.864863, latency=(double)12.049751, fps=(double)82.989264, frame_num=(uint)1765;
0:00:24.866367874 [32m    1[00m 0x708458001170 [37mTRACE  [00m [00;34m          GST_TRACER :0::[00m latency_tracer_pipeline, frame_latency=(double)44.272379, avg=(double)32.990924, min=(double)0.277575, max=(double)48.864863, latency=(double)12.056549, fps=(double)82.942471, frame_num=(uint)1766;
0:00:24.867063148 [32m    1[00m 0x708458001170 [37mTRACE  [00m [00;34m          GST_TRACER :0::[00m latency_tracer_pipeline, frame_latency=(double)25.327549, avg=(double)32.986587, min=(double)0.277575, max=(double)48.864863, latency=(double)12.050124, fps=(double)82.986697, frame_num=(uint)1767;
0:00:24.890642687 [32m    1[00m 0x708458001170 [37mTRACE  [00m [00;34m          GST_TRACER :0::[00m latency_tracer_pipeline, frame_latency=(double)42.898070, avg=(double)32.992193, min=(double)0.277575, max=(double)48.864863, latency=(double)12.056645, fps=(double)82.941813, frame_num=(uint)1768;
0:00:24.891443450 [32m    1[00m 0x708458001170 [37mTRACE  [00m [00;34m          GST_TRACER :0::[00m latency_tracer_pipeline, frame_latency=(double)24.741272, avg=(double)32.987528, min=(double)0.277575, max=(double)48.864863, latency=(double)12.050280, fps=(double)82.985621, frame_num=(uint)1769;
0:00:24.913756477 [32m    1[00m 0x708458001170 [37mTRACE  [00m [00;34m          GST_TRACER :0::[00m latency_tracer_pipeline, frame_latency=(double)42.195758, avg=(double)32.992731, min=(double)0.277575, max=(double)48.864863, latency=(double)12.056079, fps=(double)82.945709, frame_num=(uint)1770;
0:00:24.914792274 [32m    1[00m 0x708458001170 [37mTRACE  [00m [00;34m          GST_TRACER :0::[00m latency_tracer_pipeline, frame_latency=(double)23.639782, avg=(double)32.987450, min=(double)0.277575, max=(double)48.864863, latency=(double)12.049851, fps=(double)82.988580, frame_num=(uint)1771;
0:00:24.937756003 [32m    1[00m 0x708458001170 [37mTRACE  [00m [00;34m          GST_TRACER :0::[00m latency_tracer_pipeline, frame_latency=(double)42.976099, avg=(double)32.993087, min=(double)0.277575, max=(double)48.864863, latency=(double)12.056010, fps=(double)82.946182, frame_num=(uint)1772;
0:00:24.938330063 [32m    1[00m 0x708458001170 [37mTRACE  [00m [00;34m          GST_TRACER :0::[00m latency_tracer_pipeline, frame_latency=(double)23.881932, avg=(double)32.987948, min=(double)0.277575, max=(double)48.864863, latency=(double)12.049532, fps=(double)82.990774, frame_num=(uint)1773;
0:00:24.938345212 [32m    1[00m 0x708458001170 [37mTRACE  [00m [00;34m          GST_TRACER :0::[00m latency_tracer_pipeline, frame_latency=(double)21.326691, avg=(double)32.981374, min=(double)0.277575, max=(double)48.864863, latency=(double)12.042760, fps=(double)83.037445, frame_num=(uint)1774;
0:00:24.961134919 [32m    1[00m 0x708458001170 [37mTRACE  [00m [00;34m          GST_TRACER :0::[00m latency_tracer_pipeline, frame_latency=(double)41.655886, avg=(double)32.986261, min=(double)0.277575, max=(double)48.864863, latency=(double)12.048807, fps=(double)82.995766, frame_num=(uint)1775;
0:00:24.961814659 [32m    1[00m 0x708458001170 [37mTRACE  [00m [00;34m          GST_TRACER :0::[00m latency_tracer_pipeline, frame_latency=(double)21.897075, avg=(double)32.980018, min=(double)0.277575, max=(double)48.864863, latency=(double)12.042411, fps=(double)83.039852, frame_num=(uint)1776;
0:00:24.984460042 [32m    1[00m 0x708458001170 [37mTRACE  [00m [00;34m          GST_TRACER :0::[00m latency_tracer_pipeline, frame_latency=(double)40.893365, avg=(double)32.984471, min=(double)0.277575, max=(double)48.864863, latency=(double)12.048375, fps=(double)82.998746, frame_num=(uint)1777;
0:00:25.007527398 [32m    1[00m 0x708458001170 [37mTRACE  [00m [00;34m          GST_TRACER :0::[00m latency_tracer_pipeline, frame_latency=(double)43.256211, avg=(double)32.990248, min=(double)0.277575, max=(double)48.864863, latency=(double)12.054571, fps=(double)82.956081, frame_num=(uint)1778;
0:00:25.009003749 [32m    1[00m 0x708458001170 [37mTRACE  [00m [00;34m          GST_TRACER :0::[00m latency_tracer_pipeline, frame_latency=(double)24.270983, avg=(double)32.985347, min=(double)0.277575, max=(double)48.864863, latency=(double)12.048628, fps=(double)82.997004, frame_num=(uint)1779;
0:00:25.031201150 [32m    1[00m 0x708458001170 [37mTRACE  [00m [00;34m          GST_TRACER :0::[00m latency_tracer_pipeline, frame_latency=(double)43.206224, avg=(double)32.991089, min=(double)0.277575, max=(double)48.864863, latency=(double)12.054328, fps=(double)82.957753, frame_num=(uint)1780;
0:00:25.032792128 [32m    1[00m 0x708458001170 [37mTRACE  [00m [00;34m          GST_TRACER :0::[00m latency_tracer_pipeline, frame_latency=(double)25.068014, avg=(double)32.986640, min=(double)0.277575, max=(double)48.864863, latency=(double)12.048452, fps=(double)82.998211, frame_num=(uint)1781;
0:00:25.055278412 [32m    1[00m 0x708458001170 [37mTRACE  [00m [00;34m          GST_TRACER :0::[00m latency_tracer_pipeline, frame_latency=(double)44.396202, avg=(double)32.993043, min=(double)0.277575, max=(double)48.864863, latency=(double)12.054312, fps=(double)82.957869, frame_num=(uint)1782;
0:00:25.056862443 [32m    1[00m 0x708458001170 [37mTRACE  [00m [00;34m          GST_TRACER :0::[00m latency_tracer_pipeline, frame_latency=(double)25.279836, avg=(double)32.988717, min=(double)0.277575, max=(double)48.864863, latency=(double)12.048439, fps=(double)82.998306, frame_num=(uint)1783;
0:00:25.078842348 [32m    1[00m 0x708458001170 [37mTRACE  [00m [00;34m          GST_TRACER :0::[00m latency_tracer_pipeline, frame_latency=(double)43.238677, avg=(double)32.994462, min=(double)0.277575, max=(double)48.864863, latency=(double)12.054004, fps=(double)82.959985, frame_num=(uint)1784;
0:00:25.080595578 [32m    1[00m 0x708458001170 [37mTRACE  [00m [00;34m          GST_TRACER :0::[00m latency_tracer_pipeline, frame_latency=(double)24.921246, avg=(double)32.989939, min=(double)0.277575, max=(double)48.864863, latency=(double)12.048235, fps=(double)82.999711, frame_num=(uint)1785;
0:00:25.102782662 [32m    1[00m 0x708458001170 [37mTRACE  [00m [00;34m          GST_TRACER :0::[00m latency_tracer_pipeline, frame_latency=(double)42.448295, avg=(double)32.995235, min=(double)0.277575, max=(double)48.864863, latency=(double)12.053910, fps=(double)82.960630, frame_num=(uint)1786;
0:00:25.102806536 [32m    1[00m 0x708458001170 [37mTRACE  [00m [00;34m          GST_TRACER :0::[00m latency_tracer_pipeline, frame_latency=(double)23.533598, avg=(double)32.989941, min=(double)0.277575, max=(double)48.864863, latency=(double)12.047183, fps=(double)83.006954, frame_num=(uint)1787;
0:00:25.104345287 [32m    1[00m 0x708458001170 [37mTRACE  [00m [00;34m          GST_TRACER :0::[00m latency_tracer_pipeline, frame_latency=(double)22.792349, avg=(double)32.984237, min=(double)0.277575, max=(double)48.864863, latency=(double)12.041303, fps=(double)83.047487, frame_num=(uint)1788;
0:00:25.126800624 [32m    1[00m 0x708458001170 [37mTRACE  [00m [00;34m          GST_TRACER :0::[00m latency_tracer_pipeline, frame_latency=(double)41.369094, avg=(double)32.988924, min=(double)0.277575, max=(double)48.864863, latency=(double)12.047120, fps=(double)83.007389, frame_num=(uint)1789;
0:00:25.150660803 [32m    1[00m 0x708458001170 [37mTRACE  [00m [00;34m          GST_TRACER :0::[00m latency_tracer_pipeline, frame_latency=(double)44.454111, avg=(double)32.995329, min=(double)0.277575, max=(double)48.864863, latency=(double)12.053716, fps=(double)82.961966, frame_num=(uint)1790;
0:00:25.151838885 [32m    1[00m 0x708458001170 [37mTRACE  [00m [00;34m          GST_TRACER :0::[00m latency_tracer_pipeline, frame_latency=(double)23.471448, avg=(double)32.990012, min=(double)0.277575, max=(double)48.864863, latency=(double)12.047652, fps=(double)83.003727, frame_num=(uint)1791;
0:00:25.174315709 [32m    1[00m 0x708458001170 [37mTRACE  [00m [00;34m          GST_TRACER :0::[00m latency_tracer_pipeline, frame_latency=(double)42.675889, avg=(double)32.995417, min=(double)0.277575, max=(double)48.864863, latency=(double)12.053469, fps=(double)82.963667, frame_num=(uint)1792;
0:00:25.175389969 [32m    1[00m 0x708458001170 [37mTRACE  [00m [00;34m          GST_TRACER :0::[00m latency_tracer_pipeline, frame_latency=(double)23.246086, avg=(double)32.989979, min=(double)0.277575, max=(double)48.864863, latency=(double)12.047348, fps=(double)83.005818, frame_num=(uint)1793;
0:00:25.198177238 [32m    1[00m 0x708458001170 [37mTRACE  [00m [00;34m          GST_TRACER :0::[00m latency_tracer_pipeline, frame_latency=(double)41.358471, avg=(double)32.994644, min=(double)0.277575, max=(double)48.864863, latency=(double)12.053332, fps=(double)82.964608, frame_num=(uint)1794;
0:00:25.199233202 [32m    1[00m 0x708458001170 [37mTRACE  [00m [00;34m          GST_TRACER :0::[00m latency_tracer_pipeline, frame_latency=(double)22.993231, avg=(double)32.989072, min=(double)0.277575, max=(double)48.864863, latency=(double)12.047208, fps=(double)83.006783, frame_num=(uint)1795;
0:00:25.221782476 [32m    1[00m 0x708458001170 [37mTRACE  [00m [00;34m          GST_TRACER :0::[00m latency_tracer_pipeline, frame_latency=(double)42.304473, avg=(double)32.994259, min=(double)0.277575, max=(double)48.864863, latency=(double)12.053053, fps=(double)82.966532, frame_num=(uint)1796;
0:00:25.222583427 [32m    1[00m 0x708458001170 [37mTRACE  [00m [00;34m          GST_TRACER :0::[00m latency_tracer_pipeline, frame_latency=(double)22.646420, avg=(double)32.988500, min=(double)0.277575, max=(double)48.864863, latency=(double)12.046796, fps=(double)83.009621, frame_num=(uint)1797;
0:00:25.245658049 [32m    1[00m 0x708458001170 [37mTRACE  [00m [00;34m          GST_TRACER :0::[00m latency_tracer_pipeline, frame_latency=(double)41.550273, avg=(double)32.993262, min=(double)0.277575, max=(double)48.864863, latency=(double)12.052925, fps=(double)82.967412, frame_num=(uint)1798;
0:00:25.246541968 [32m    1[00m 0x708458001170 [37mTRACE  [00m [00;34m          GST_TRACER :0::[00m latency_tracer_pipeline, frame_latency=(double)22.757271, avg=(double)32.987572, min=(double)0.277575, max=(double)48.864863, latency=(double)12.046705, fps=(double)83.010250, frame_num=(uint)1799;
0:00:25.269563621 [32m    1[00m 0x708458001170 [37mTRACE  [00m [00;34m          GST_TRACER :0::[00m latency_tracer_pipeline, frame_latency=(double)41.434201, avg=(double)32.992265, min=(double)0.277575, max=(double)48.864863, latency=(double)12.052814, fps=(double)82.968174, frame_num=(uint)1800;
0:00:25.270423092 [32m    1[00m 0x708458001170 [37mTRACE  [00m [00;34m          GST_TRACER :0::[00m latency_tracer_pipeline, frame_latency=(double)23.475191, avg=(double)32.986981, min=(double)0.277575, max=(double)48.864863, latency=(double)12.046600, fps=(double)83.010974, frame_num=(uint)1801;
0:00:25.293162318 [32m    1[00m 0x708458001170 [37mTRACE  [00m [00;34m          GST_TRACER :0::[00m latency_tracer_pipeline, frame_latency=(double)42.646121, avg=(double)32.992341, min=(double)0.277575, max=(double)48.864863, latency=(double)12.052533, fps=(double)82.970109, frame_num=(uint)1802;
0:00:25.294096230 [32m    1[00m 0x708458001170 [37mTRACE  [00m [00;34m          GST_TRACER :0::[00m latency_tracer_pipeline, frame_latency=(double)23.297193, avg=(double)32.986964, min=(double)0.277575, max=(double)48.864863, latency=(double)12.046368, fps=(double)83.012576, frame_num=(uint)1803;
0:00:25.317327595 [32m    1[00m 0x708458001170 [37mTRACE  [00m [00;34m          GST_TRACER :0::[00m latency_tracer_pipeline, frame_latency=(double)43.308689, avg=(double)32.992685, min=(double)0.277575, max=(double)48.864863, latency=(double)12.052566, fps=(double)82.969883, frame_num=(uint)1804;
0:00:25.318212562 [32m    1[00m 0x708458001170 [37mTRACE  [00m [00;34m          GST_TRACER :0::[00m latency_tracer_pipeline, frame_latency=(double)23.436757, avg=(double)32.987391, min=(double)0.277575, max=(double)48.864863, latency=(double)12.046382, fps=(double)83.012474, frame_num=(uint)1805;
0:00:25.341913333 [32m    1[00m 0x708458001170 [37mTRACE  [00m [00;34m          GST_TRACER :0::[00m latency_tracer_pipeline, frame_latency=(double)42.245973, avg=(double)32.992518, min=(double)0.277575, max=(double)48.864863, latency=(double)12.052833, fps=(double)82.968047, frame_num=(uint)1806;
0:00:25.342613338 [32m    1[00m 0x708458001170 [37mTRACE  [00m [00;34m          GST_TRACER :0::[00m latency_tracer_pipeline, frame_latency=(double)21.875804, avg=(double)32.986366, min=(double)0.277575, max=(double)48.864863, latency=(double)12.046552, fps=(double)83.011307, frame_num=(uint)1807;
0:00:25.366071212 [32m    1[00m 0x708458001170 [37mTRACE  [00m [00;34m          GST_TRACER :0::[00m latency_tracer_pipeline, frame_latency=(double)42.634707, avg=(double)32.991702, min=(double)0.277575, max=(double)48.864863, latency=(double)12.052860, fps=(double)82.967859, frame_num=(uint)1808;
0:00:25.367095956 [32m    1[00m 0x708458001170 [37mTRACE  [00m [00;34m          GST_TRACER :0::[00m latency_tracer_pipeline, frame_latency=(double)23.689701, avg=(double)32.986560, min=(double)0.277575, max=(double)48.864863, latency=(double)12.046766, fps=(double)83.009829, frame_num=(uint)1809;
0:00:25.389342301 [32m    1[00m 0x708458001170 [37mTRACE  [00m [00;34m          GST_TRACER :0::[00m latency_tracer_pipeline, frame_latency=(double)42.628622, avg=(double)32.991887, min=(double)0.277575, max=(double)48.864863, latency=(double)12.052399, fps=(double)82.971030, frame_num=(uint)1810;
0:00:25.390517340 [32m    1[00m 0x708458001170 [37mTRACE  [00m [00;34m          GST_TRACER :0::[00m latency_tracer_pipeline, frame_latency=(double)22.954897, avg=(double)32.986345, min=(double)0.277575, max=(double)48.864863, latency=(double)12.046396, fps=(double)83.012383, frame_num=(uint)1811;
0:00:25.412639430 [32m    1[00m 0x708458001170 [37mTRACE  [00m [00;34m          GST_TRACER :0::[00m latency_tracer_pipeline, frame_latency=(double)43.067298, avg=(double)32.991908, min=(double)0.277575, max=(double)48.864863, latency=(double)12.051953, fps=(double)82.974101, frame_num=(uint)1812;
0:00:25.413274924 [32m    1[00m 0x708458001170 [37mTRACE  [00m [00;34m          GST_TRACER :0::[00m latency_tracer_pipeline, frame_latency=(double)23.880150, avg=(double)32.986883, min=(double)0.277575, max=(double)48.864863, latency=(double)12.045659, fps=(double)83.017457, frame_num=(uint)1813;
0:00:25.436646533 [32m    1[00m 0x708458001170 [37mTRACE  [00m [00;34m          GST_TRACER :0::[00m latency_tracer_pipeline, frame_latency=(double)43.501551, avg=(double)32.992679, min=(double)0.277575, max=(double)48.864863, latency=(double)12.051900, fps=(double)82.974469, frame_num=(uint)1814;
0:00:25.437693220 [32m    1[00m 0x708458001170 [37mTRACE  [00m [00;34m          GST_TRACER :0::[00m latency_tracer_pipeline, frame_latency=(double)23.511065, avg=(double)32.987455, min=(double)0.277575, max=(double)48.864863, latency=(double)12.045839, fps=(double)83.016217, frame_num=(uint)1815;
0:00:25.459473658 [32m    1[00m 0x708458001170 [37mTRACE  [00m [00;34m          GST_TRACER :0::[00m latency_tracer_pipeline, frame_latency=(double)41.123231, avg=(double)32.991935, min=(double)0.277575, max=(double)48.864863, latency=(double)12.051195, fps=(double)82.979325, frame_num=(uint)1816;
0:00:25.460505966 [32m    1[00m 0x708458001170 [37mTRACE  [00m [00;34m          GST_TRACER :0::[00m latency_tracer_pipeline, frame_latency=(double)23.180924, avg=(double)32.986535, min=(double)0.277575, max=(double)48.864863, latency=(double)12.045136, fps=(double)83.021060, frame_num=(uint)1817;
0:00:25.482369935 [32m    1[00m 0x708458001170 [37mTRACE  [00m [00;34m          GST_TRACER :0::[00m latency_tracer_pipeline, frame_latency=(double)41.993982, avg=(double)32.991490, min=(double)0.277575, max=(double)48.864863, latency=(double)12.050531, fps=(double)82.983896, frame_num=(uint)1818;
0:00:25.483304703 [32m    1[00m 0x708458001170 [37mTRACE  [00m [00;34m          GST_TRACER :0::[00m latency_tracer_pipeline, frame_latency=(double)22.781907, avg=(double)32.985877, min=(double)0.277575, max=(double)48.864863, latency=(double)12.044423, fps=(double)83.025981, frame_num=(uint)1819;
0:00:25.506749214 [32m    1[00m 0x708458001170 [37mTRACE  [00m [00;34m          GST_TRACER :0::[00m latency_tracer_pipeline, frame_latency=(double)43.798603, avg=(double)32.991818, min=(double)0.277575, max=(double)48.864863, latency=(double)12.050683, fps=(double)82.982846, frame_num=(uint)1820;
0:00:25.507985429 [32m    1[00m 0x708458001170 [37mTRACE  [00m [00;34m          GST_TRACER :0::[00m latency_tracer_pipeline, frame_latency=(double)23.354985, avg=(double)32.986526, min=(double)0.277575, max=(double)48.864863, latency=(double)12.044745, fps=(double)83.023759, frame_num=(uint)1821;
0:00:25.530177022 [32m    1[00m 0x708458001170 [37mTRACE  [00m [00;34m          GST_TRACER :0::[00m latency_tracer_pipeline, frame_latency=(double)41.002209, avg=(double)32.990926, min=(double)0.277575, max=(double)48.864863, latency=(double)12.050318, fps=(double)82.985363, frame_num=(uint)1822;
0:00:25.530977210 [32m    1[00m 0x708458001170 [37mTRACE  [00m [00;34m          GST_TRACER :0::[00m latency_tracer_pipeline, frame_latency=(double)21.490070, avg=(double)32.984617, min=(double)0.277575, max=(double)48.864863, latency=(double)12.044149, fps=(double)83.027868, frame_num=(uint)1823;
0:00:25.555465520 [32m    1[00m 0x708458001170 [37mTRACE  [00m [00;34m          GST_TRACER :0::[00m latency_tracer_pipeline, frame_latency=(double)40.613481, avg=(double)32.988799, min=(double)0.277575, max=(double)48.864863, latency=(double)12.050964, fps=(double)82.980916, frame_num=(uint)1824;
0:00:25.556406397 [32m    1[00m 0x708458001170 [37mTRACE  [00m [00;34m          GST_TRACER :0::[00m latency_tracer_pipeline, frame_latency=(double)21.996961, avg=(double)32.982777, min=(double)0.277575, max=(double)48.864863, latency=(double)12.044883, fps=(double)83.022810, frame_num=(uint)1825;
0:00:25.581807018 [32m    1[00m 0x708458001170 [37mTRACE  [00m [00;34m          GST_TRACER :0::[00m latency_tracer_pipeline, frame_latency=(double)40.753785, avg=(double)32.987032, min=(double)0.277575, max=(double)48.864863, latency=(double)12.052190, fps=(double)82.972474, frame_num=(uint)1826;
0:00:25.582895032 [32m    1[00m 0x708458001170 [37mTRACE  [00m [00;34m          GST_TRACER :0::[00m latency_tracer_pipeline, frame_latency=(double)23.868677, avg=(double)32.982041, min=(double)0.277575, max=(double)48.864863, latency=(double)12.046196, fps=(double)83.013756, frame_num=(uint)1827;
0:00:25.608533746 [32m    1[00m 0x708458001170 [37mTRACE  [00m [00;34m          GST_TRACER :0::[00m latency_tracer_pipeline, frame_latency=(double)44.409755, avg=(double)32.988293, min=(double)0.277575, max=(double)48.864863, latency=(double)12.053630, fps=(double)82.962559, frame_num=(uint)1828;
0:00:25.609433593 [32m    1[00m 0x708458001170 [37mTRACE  [00m [00;34m          GST_TRACER :0::[00m latency_tracer_pipeline, frame_latency=(double)26.177126, avg=(double)32.984569, min=(double)0.277575, max=(double)48.864863, latency=(double)12.047534, fps=(double)83.004537, frame_num=(uint)1829;
0:00:25.635959975 [32m    1[00m 0x708458001170 [37mTRACE  [00m [00;34m          GST_TRACER :0::[00m latency_tracer_pipeline, frame_latency=(double)47.673359, avg=(double)32.992596, min=(double)0.277575, max=(double)48.864863, latency=(double)12.055443, fps=(double)82.950081, frame_num=(uint)1830;
0:00:25.636439964 [32m    1[00m 0x708458001170 [37mTRACE  [00m [00;34m          GST_TRACER :0::[00m latency_tracer_pipeline, frame_latency=(double)26.145902, avg=(double)32.988856, min=(double)0.277575, max=(double)48.864863, latency=(double)12.049123, fps=(double)82.993595, frame_num=(uint)1831;
FpsCounter(average 19.16sec): total=330.52 fps, number-streams=4, per-stream=82.63 fps (82.40, 82.55, 82.71, 82.87)
0:00:25.663456685 [32m    1[00m 0x708458001170 [37mTRACE  [00m [00;34m          GST_TRACER :0::[00m latency_tracer_pipeline, frame_latency=(double)46.261700, avg=(double)32.996101, min=(double)0.277575, max=(double)48.864863, latency=(double)12.057292, fps=(double)82.937364, frame_num=(uint)1832;
0:00:25.663736484 [32m    1[00m 0x708458001170 [37mTRACE  [00m [00;34m          GST_TRACER :0::[00m latency_tracer_pipeline, frame_latency=(double)25.120317, avg=(double)32.991805, min=(double)0.277575, max=(double)48.864863, latency=(double)12.050869, fps=(double)82.981567, frame_num=(uint)1833;
0:00:25.690666275 [32m    1[00m 0x708458001170 [37mTRACE  [00m [00;34m          GST_TRACER :0::[00m latency_tracer_pipeline, frame_latency=(double)45.177433, avg=(double)32.998449, min=(double)0.277575, max=(double)48.864863, latency=(double)12.058977, fps=(double)82.925770, frame_num=(uint)1834;
0:00:25.691765114 [32m    1[00m 0x708458001170 [37mTRACE  [00m [00;34m          GST_TRACER :0::[00m latency_tracer_pipeline, frame_latency=(double)25.082093, avg=(double)32.994135, min=(double)0.277575, max=(double)48.864863, latency=(double)12.053008, fps=(double)82.966838, frame_num=(uint)1835;
0:00:25.716137508 [32m    1[00m 0x708458001170 [37mTRACE  [00m [00;34m          GST_TRACER :0::[00m latency_tracer_pipeline, frame_latency=(double)42.436315, avg=(double)32.999278, min=(double)0.277575, max=(double)48.864863, latency=(double)12.059708, fps=(double)82.920748, frame_num=(uint)1836;
0:00:25.716815474 [32m    1[00m 0x708458001170 [37mTRACE  [00m [00;34m          GST_TRACER :0::[00m latency_tracer_pipeline, frame_latency=(double)22.468996, avg=(double)32.993545, min=(double)0.277575, max=(double)48.864863, latency=(double)12.053524, fps=(double)82.963289, frame_num=(uint)1837;
FpsCounter(last 1.00sec): total=327.02 fps, number-streams=4, per-stream=81.75 fps (80.76, 82.75, 80.76, 82.75)
latency: -50262.07ms (-50189.87, -50346.35, -50323.72, -50188.09)
0:00:25.741661292 [32m    1[00m 0x708458001170 [37mTRACE  [00m [00;34m          GST_TRACER :0::[00m latency_tracer_pipeline, frame_latency=(double)43.213453, avg=(double)32.999106, min=(double)0.277575, max=(double)48.864863, latency=(double)12.060478, fps=(double)82.915456, frame_num=(uint)1838;
0:00:25.742511862 [32m    1[00m 0x708458001170 [37mTRACE  [00m [00;34m          GST_TRACER :0::[00m latency_tracer_pipeline, frame_latency=(double)24.600316, avg=(double)32.994539, min=(double)0.277575, max=(double)48.864863, latency=(double)12.054387, fps=(double)82.957353, frame_num=(uint)1839;
0:00:25.767005917 [32m    1[00m 0x708458001170 [37mTRACE  [00m [00;34m          GST_TRACER :0::[00m latency_tracer_pipeline, frame_latency=(double)43.374445, avg=(double)33.000180, min=(double)0.277575, max=(double)48.864863, latency=(double)12.061144, fps=(double)82.910877, frame_num=(uint)1840;
0:00:25.767748882 [32m    1[00m 0x708458001170 [37mTRACE  [00m [00;34m          GST_TRACER :0::[00m latency_tracer_pipeline, frame_latency=(double)25.631894, avg=(double)32.996177, min=(double)0.277575, max=(double)48.864863, latency=(double)12.055001, fps=(double)82.953128, frame_num=(uint)1841;
0:00:25.792165081 [32m    1[00m 0x708458001170 [37mTRACE  [00m [00;34m          GST_TRACER :0::[00m latency_tracer_pipeline, frame_latency=(double)44.808107, avg=(double)33.002590, min=(double)0.277575, max=(double)48.864863, latency=(double)12.061707, fps=(double)82.907007, frame_num=(uint)1842;
0:00:25.792184741 [32m    1[00m 0x708458001170 [37mTRACE  [00m [00;34m          GST_TRACER :0::[00m latency_tracer_pipeline_interval, interval=(double)1001.910052, avg=(double)33.334585, min=(double)21.326691, max=(double)47.673359, latency=(double)12.218415, fps=(double)81.843674;
0:00:25.792754216 [32m    1[00m 0x708458001170 [37mTRACE  [00m [00;34m          GST_TRACER :0::[00m latency_tracer_pipeline, frame_latency=(double)23.386862, avg=(double)32.997373, min=(double)0.277575, max=(double)48.864863, latency=(double)12.055481, fps=(double)82.949822, frame_num=(uint)1843;
0:00:25.817016802 [32m    1[00m 0x708458001170 [37mTRACE  [00m [00;34m          GST_TRACER :0::[00m latency_tracer_pipeline, frame_latency=(double)42.552875, avg=(double)33.002555, min=(double)0.277575, max=(double)48.864863, latency=(double)12.062099, fps=(double)82.904311, frame_num=(uint)1844;
0:00:25.817644384 [32m    1[00m 0x708458001170 [37mTRACE  [00m [00;34m          GST_TRACER :0::[00m latency_tracer_pipeline, frame_latency=(double)24.638703, avg=(double)32.998021, min=(double)0.277575, max=(double)48.864863, latency=(double)12.055903, fps=(double)82.946915, frame_num=(uint)1845;
0:00:25.842392849 [32m    1[00m 0x708458001170 [37mTRACE  [00m [00;34m          GST_TRACER :0::[00m latency_tracer_pipeline, frame_latency=(double)40.010169, avg=(double)33.001820, min=(double)0.277575, max=(double)48.864863, latency=(double)12.062778, fps=(double)82.899647, frame_num=(uint)1846;
0:00:25.843301399 [32m    1[00m 0x708458001170 [37mTRACE  [00m [00;34m          GST_TRACER :0::[00m latency_tracer_pipeline, frame_latency=(double)21.536669, avg=(double)32.995612, min=(double)0.277575, max=(double)48.864863, latency=(double)12.056742, fps=(double)82.941144, frame_num=(uint)1847;
0:00:25.868067263 [32m    1[00m 0x708458001170 [37mTRACE  [00m [00;34m          GST_TRACER :0::[00m latency_tracer_pipeline, frame_latency=(double)39.210460, avg=(double)32.998975, min=(double)0.277575, max=(double)48.864863, latency=(double)12.063615, fps=(double)82.893890, frame_num=(uint)1848;
0:00:25.893045519 [32m    1[00m 0x708458001170 [37mTRACE  [00m [00;34m          GST_TRACER :0::[00m latency_tracer_pipeline, frame_latency=(double)45.543562, avg=(double)33.005760, min=(double)0.277575, max=(double)48.864863, latency=(double)12.070600, fps=(double)82.845926, frame_num=(uint)1849;
0:00:25.894064066 [32m    1[00m 0x708458001170 [37mTRACE  [00m [00;34m          GST_TRACER :0::[00m latency_tracer_pipeline, frame_latency=(double)24.361176, avg=(double)33.001087, min=(double)0.277575, max=(double)48.864863, latency=(double)12.064630, fps=(double)82.886917, frame_num=(uint)1850;
0:00:25.919056444 [32m    1[00m 0x708458001170 [37mTRACE  [00m [00;34m          GST_TRACER :0::[00m latency_tracer_pipeline, frame_latency=(double)43.009759, avg=(double)33.006494, min=(double)0.277575, max=(double)48.864863, latency=(double)12.071610, fps=(double)82.838991, frame_num=(uint)1851;
0:00:25.920140135 [32m    1[00m 0x708458001170 [37mTRACE  [00m [00;34m          GST_TRACER :0::[00m latency_tracer_pipeline, frame_latency=(double)24.994502, avg=(double)33.002168, min=(double)0.277575, max=(double)48.864863, latency=(double)12.065681, fps=(double)82.879699, frame_num=(uint)1852;
0:00:25.945033826 [32m    1[00m 0x708458001170 [37mTRACE  [00m [00;34m          GST_TRACER :0::[00m latency_tracer_pipeline, frame_latency=(double)43.535673, avg=(double)33.007853, min=(double)0.277575, max=(double)48.864863, latency=(double)12.072600, fps=(double)82.832197, frame_num=(uint)1853;
0:00:25.946039323 [32m    1[00m 0x708458001170 [37mTRACE  [00m [00;34m          GST_TRACER :0::[00m latency_tracer_pipeline, frame_latency=(double)25.247443, avg=(double)33.003667, min=(double)0.277575, max=(double)48.864863, latency=(double)12.066634, fps=(double)82.873151, frame_num=(uint)1854;
0:00:25.970092259 [32m    1[00m 0x708458001170 [37mTRACE  [00m [00;34m          GST_TRACER :0::[00m latency_tracer_pipeline, frame_latency=(double)43.008071, avg=(double)33.009060, min=(double)0.277575, max=(double)48.864863, latency=(double)12.073093, fps=(double)82.828819, frame_num=(uint)1855;
0:00:25.971037266 [32m    1[00m 0x708458001170 [37mTRACE  [00m [00;34m          GST_TRACER :0::[00m latency_tracer_pipeline, frame_latency=(double)25.382973, avg=(double)33.004951, min=(double)0.277575, max=(double)48.864863, latency=(double)12.067101, fps=(double)82.869946, frame_num=(uint)1856;
0:00:25.996308049 [32m    1[00m 0x708458001170 [37mTRACE  [00m [00;34m          GST_TRACER :0::[00m latency_tracer_pipeline, frame_latency=(double)45.877797, avg=(double)33.011883, min=(double)0.277575, max=(double)48.864863, latency=(double)12.074207, fps=(double)82.821173, frame_num=(uint)1857;
0:00:25.997214527 [32m    1[00m 0x708458001170 [37mTRACE  [00m [00;34m          GST_TRACER :0::[00m latency_tracer_pipeline, frame_latency=(double)26.794228, avg=(double)33.008537, min=(double)0.277575, max=(double)48.864863, latency=(double)12.068200, fps=(double)82.862397, frame_num=(uint)1858;
0:00:26.020243220 [32m    1[00m 0x708458001170 [37mTRACE  [00m [00;34m          GST_TRACER :0::[00m latency_tracer_pipeline, frame_latency=(double)45.253749, avg=(double)33.015124, min=(double)0.277575, max=(double)48.864863, latency=(double)12.074092, fps=(double)82.821965, frame_num=(uint)1859;
0:00:26.021179348 [32m    1[00m 0x708458001170 [37mTRACE  [00m [00;34m          GST_TRACER :0::[00m latency_tracer_pipeline, frame_latency=(double)24.573873, avg=(double)33.010586, min=(double)0.277575, max=(double)48.864863, latency=(double)12.068108, fps=(double)82.863029, frame_num=(uint)1860;
0:00:26.043752683 [32m    1[00m 0x708458001170 [37mTRACE  [00m [00;34m          GST_TRACER :0::[00m latency_tracer_pipeline, frame_latency=(double)44.206726, avg=(double)33.016602, min=(double)0.277575, max=(double)48.864863, latency=(double)12.073749, fps=(double)82.824313, frame_num=(uint)1861;
0:00:26.067924652 [32m    1[00m 0x708458001170 [37mTRACE  [00m [00;34m          GST_TRACER :0::[00m latency_tracer_pipeline, frame_latency=(double)45.528607, avg=(double)33.023322, min=(double)0.277575, max=(double)48.864863, latency=(double)12.080247, fps=(double)82.779766, frame_num=(uint)1862;
0:00:26.068566511 [32m    1[00m 0x708458001170 [37mTRACE  [00m [00;34m          GST_TRACER :0::[00m latency_tracer_pipeline, frame_latency=(double)24.345679, avg=(double)33.018664, min=(double)0.277575, max=(double)48.864863, latency=(double)12.074111, fps=(double)82.821832, frame_num=(uint)1863;
0:00:26.092147730 [32m    1[00m 0x708458001170 [37mTRACE  [00m [00;34m          GST_TRACER :0::[00m latency_tracer_pipeline, frame_latency=(double)44.883467, avg=(double)33.025029, min=(double)0.277575, max=(double)48.864863, latency=(double)12.080279, fps=(double)82.779542, frame_num=(uint)1864;
0:00:26.093049678 [32m    1[00m 0x708458001170 [37mTRACE  [00m [00;34m          GST_TRACER :0::[00m latency_tracer_pipeline, frame_latency=(double)24.827794, avg=(double)33.020634, min=(double)0.277575, max=(double)48.864863, latency=(double)12.074289, fps=(double)82.820615, frame_num=(uint)1865;
0:00:26.117327957 [32m    1[00m 0x708458001170 [37mTRACE  [00m [00;34m          GST_TRACER :0::[00m latency_tracer_pipeline, frame_latency=(double)45.583855, avg=(double)33.027366, min=(double)0.277575, max=(double)48.864863, latency=(double)12.080829, fps=(double)82.775779, frame_num=(uint)1866;
0:00:26.118421644 [32m    1[00m 0x708458001170 [37mTRACE  [00m [00;34m          GST_TRACER :0::[00m latency_tracer_pipeline, frame_latency=(double)25.876376, avg=(double)33.023536, min=(double)0.277575, max=(double)48.864863, latency=(double)12.074948, fps=(double)82.816090, frame_num=(uint)1867;
0:00:26.118437801 [32m    1[00m 0x708458001170 [37mTRACE  [00m [00;34m          GST_TRACER :0::[00m latency_tracer_pipeline, frame_latency=(double)21.164657, avg=(double)33.017188, min=(double)0.277575, max=(double)48.864863, latency=(double)12.068495, fps=(double)82.860375, frame_num=(uint)1868;
0:00:26.142557066 [32m    1[00m 0x708458001170 [37mTRACE  [00m [00;34m          GST_TRACER :0::[00m latency_tracer_pipeline, frame_latency=(double)39.334817, avg=(double)33.020568, min=(double)0.277575, max=(double)48.864863, latency=(double)12.074939, fps=(double)82.816156, frame_num=(uint)1869;
0:00:26.143485034 [32m    1[00m 0x708458001170 [37mTRACE  [00m [00;34m          GST_TRACER :0::[00m latency_tracer_pipeline, frame_latency=(double)21.976876, avg=(double)33.014662, min=(double)0.277575, max=(double)48.864863, latency=(double)12.068979, fps=(double)82.857050, frame_num=(uint)1870;
0:00:26.168849377 [32m    1[00m 0x708458001170 [37mTRACE  [00m [00;34m          GST_TRACER :0::[00m latency_tracer_pipeline, frame_latency=(double)41.403448, avg=(double)33.019146, min=(double)0.277575, max=(double)48.864863, latency=(double)12.076082, fps=(double)82.808314, frame_num=(uint)1871;
0:00:26.169792490 [32m    1[00m 0x708458001170 [37mTRACE  [00m [00;34m          GST_TRACER :0::[00m latency_tracer_pipeline, frame_latency=(double)23.050104, avg=(double)33.013820, min=(double)0.277575, max=(double)48.864863, latency=(double)12.070132, fps=(double)82.849136, frame_num=(uint)1872;
0:00:26.195313970 [32m    1[00m 0x708458001170 [37mTRACE  [00m [00;34m          GST_TRACER :0::[00m latency_tracer_pipeline, frame_latency=(double)42.240666, avg=(double)33.018747, min=(double)0.277575, max=(double)48.864863, latency=(double)12.077318, fps=(double)82.799843, frame_num=(uint)1873;
0:00:26.196316271 [32m    1[00m 0x708458001170 [37mTRACE  [00m [00;34m          GST_TRACER :0::[00m latency_tracer_pipeline, frame_latency=(double)25.281052, avg=(double)33.014618, min=(double)0.277575, max=(double)48.864863, latency=(double)12.071406, fps=(double)82.840393, frame_num=(uint)1874;
0:00:26.220990665 [32m    1[00m 0x708458001170 [37mTRACE  [00m [00;34m          GST_TRACER :0::[00m latency_tracer_pipeline, frame_latency=(double)40.827975, avg=(double)33.018785, min=(double)0.277575, max=(double)48.864863, latency=(double)12.078125, fps=(double)82.794308, frame_num=(uint)1875;
0:00:26.221917262 [32m    1[00m 0x708458001170 [37mTRACE  [00m [00;34m          GST_TRACER :0::[00m latency_tracer_pipeline, frame_latency=(double)23.000590, avg=(double)33.013445, min=(double)0.277575, max=(double)48.864863, latency=(double)12.072181, fps=(double)82.835072, frame_num=(uint)1876;
0:00:26.247803824 [32m    1[00m 0x708458001170 [37mTRACE  [00m [00;34m          GST_TRACER :0::[00m latency_tracer_pipeline, frame_latency=(double)41.385412, avg=(double)33.017905, min=(double)0.277575, max=(double)48.864863, latency=(double)12.079541, fps=(double)82.784603, frame_num=(uint)1877;
0:00:26.248627578 [32m    1[00m 0x708458001170 [37mTRACE  [00m [00;34m          GST_TRACER :0::[00m latency_tracer_pipeline, frame_latency=(double)23.698598, avg=(double)33.012943, min=(double)0.277575, max=(double)48.864863, latency=(double)12.073545, fps=(double)82.825717, frame_num=(uint)1878;
0:00:26.273799207 [32m    1[00m 0x708458001170 [37mTRACE  [00m [00;34m          GST_TRACER :0::[00m latency_tracer_pipeline, frame_latency=(double)42.076570, avg=(double)33.017766, min=(double)0.277575, max=(double)48.864863, latency=(double)12.080518, fps=(double)82.777905, frame_num=(uint)1879;
0:00:26.274975443 [32m    1[00m 0x708458001170 [37mTRACE  [00m [00;34m          GST_TRACER :0::[00m latency_tracer_pipeline, frame_latency=(double)23.458774, avg=(double)33.012682, min=(double)0.277575, max=(double)48.864863, latency=(double)12.074719, fps=(double)82.817665, frame_num=(uint)1880;
0:00:26.299657157 [32m    1[00m 0x708458001170 [37mTRACE  [00m [00;34m          GST_TRACER :0::[00m latency_tracer_pipeline, frame_latency=(double)39.908327, avg=(double)33.016348, min=(double)0.277575, max=(double)48.864863, latency=(double)12.081420, fps=(double)82.771726, frame_num=(uint)1881;
0:00:26.300251656 [32m    1[00m 0x708458001170 [37mTRACE  [00m [00;34m          GST_TRACER :0::[00m latency_tracer_pipeline, frame_latency=(double)21.380712, avg=(double)33.010165, min=(double)0.277575, max=(double)48.864863, latency=(double)12.075317, fps=(double)82.813561, frame_num=(uint)1882;
0:00:26.325882427 [32m    1[00m 0x708458001170 [37mTRACE  [00m [00;34m          GST_TRACER :0::[00m latency_tracer_pipeline, frame_latency=(double)42.152699, avg=(double)33.015020, min=(double)0.277575, max=(double)48.864863, latency=(double)12.082519, fps=(double)82.764200, frame_num=(uint)1883;
0:00:26.326481590 [32m    1[00m 0x708458001170 [37mTRACE  [00m [00;34m          GST_TRACER :0::[00m latency_tracer_pipeline, frame_latency=(double)22.980092, avg=(double)33.009694, min=(double)0.277575, max=(double)48.864863, latency=(double)12.076422, fps=(double)82.805981, frame_num=(uint)1884;
0:00:26.350823459 [32m    1[00m 0x708458001170 [37mTRACE  [00m [00;34m          GST_TRACER :0::[00m latency_tracer_pipeline, frame_latency=(double)40.550540, avg=(double)33.013694, min=(double)0.277575, max=(double)48.864863, latency=(double)12.082931, fps=(double)82.761379, frame_num=(uint)1885;
0:00:26.351567969 [32m    1[00m 0x708458001170 [37mTRACE  [00m [00;34m          GST_TRACER :0::[00m latency_tracer_pipeline, frame_latency=(double)22.345378, avg=(double)33.008038, min=(double)0.277575, max=(double)48.864863, latency=(double)12.076922, fps=(double)82.802558, frame_num=(uint)1886;
0:00:26.376322690 [32m    1[00m 0x708458001170 [37mTRACE  [00m [00;34m          GST_TRACER :0::[00m latency_tracer_pipeline, frame_latency=(double)42.682297, avg=(double)33.013165, min=(double)0.277575, max=(double)48.864863, latency=(double)12.083638, fps=(double)82.756536, frame_num=(uint)1887;
0:00:26.376769334 [32m    1[00m 0x708458001170 [37mTRACE  [00m [00;34m          GST_TRACER :0::[00m latency_tracer_pipeline, frame_latency=(double)23.512606, avg=(double)33.008132, min=(double)0.277575, max=(double)48.864863, latency=(double)12.077476, fps=(double)82.798759, frame_num=(uint)1888;
0:00:26.400859415 [32m    1[00m 0x708458001170 [37mTRACE  [00m [00;34m          GST_TRACER :0::[00m latency_tracer_pipeline, frame_latency=(double)42.310488, avg=(double)33.013057, min=(double)0.277575, max=(double)48.864863, latency=(double)12.083832, fps=(double)82.755208, frame_num=(uint)1889;
0:00:26.425575664 [32m    1[00m 0x708458001170 [37mTRACE  [00m [00;34m          GST_TRACER :0::[00m latency_tracer_pipeline, frame_latency=(double)45.415629, avg=(double)33.019619, min=(double)0.277575, max=(double)48.864863, latency=(double)12.090511, fps=(double)82.709489, frame_num=(uint)1890;
0:00:26.426229970 [32m    1[00m 0x708458001170 [37mTRACE  [00m [00;34m          GST_TRACER :0::[00m latency_tracer_pipeline, frame_latency=(double)25.077157, avg=(double)33.015419, min=(double)0.277575, max=(double)48.864863, latency=(double)12.084466, fps=(double)82.750866, frame_num=(uint)1891;
0:00:26.450077782 [32m    1[00m 0x708458001170 [37mTRACE  [00m [00;34m          GST_TRACER :0::[00m latency_tracer_pipeline, frame_latency=(double)39.997256, avg=(double)33.019109, min=(double)0.277575, max=(double)48.864863, latency=(double)12.090683, fps=(double)82.708316, frame_num=(uint)1892;
0:00:26.450697747 [32m    1[00m 0x708458001170 [37mTRACE  [00m [00;34m          GST_TRACER :0::[00m latency_tracer_pipeline, frame_latency=(double)21.937301, avg=(double)33.013255, min=(double)0.277575, max=(double)48.864863, latency=(double)12.084625, fps=(double)82.749776, frame_num=(uint)1893;
0:00:26.473903203 [32m    1[00m 0x708458001170 [37mTRACE  [00m [00;34m          GST_TRACER :0::[00m latency_tracer_pipeline, frame_latency=(double)42.823463, avg=(double)33.018435, min=(double)0.277575, max=(double)48.864863, latency=(double)12.090496, fps=(double)82.709595, frame_num=(uint)1894;
0:00:26.475001730 [32m    1[00m 0x708458001170 [37mTRACE  [00m [00;34m          GST_TRACER :0::[00m latency_tracer_pipeline, frame_latency=(double)24.710390, avg=(double)33.014051, min=(double)0.277575, max=(double)48.864863, latency=(double)12.084694, fps=(double)82.749303, frame_num=(uint)1895;
0:00:26.498666077 [32m    1[00m 0x708458001170 [37mTRACE  [00m [00;34m          GST_TRACER :0::[00m latency_tracer_pipeline, frame_latency=(double)41.849374, avg=(double)33.018711, min=(double)0.277575, max=(double)48.864863, latency=(double)12.090800, fps=(double)82.707516, frame_num=(uint)1896;
0:00:26.499003958 [32m    1[00m 0x708458001170 [37mTRACE  [00m [00;34m          GST_TRACER :0::[00m latency_tracer_pipeline, frame_latency=(double)24.164740, avg=(double)33.014043, min=(double)0.277575, max=(double)48.864863, latency=(double)12.084613, fps=(double)82.749858, frame_num=(uint)1897;
0:00:26.522531724 [32m    1[00m 0x708458001170 [37mTRACE  [00m [00;34m          GST_TRACER :0::[00m latency_tracer_pipeline, frame_latency=(double)41.682118, avg=(double)33.018610, min=(double)0.277575, max=(double)48.864863, latency=(double)12.090637, fps=(double)82.708627, frame_num=(uint)1898;
0:00:26.523175491 [32m    1[00m 0x708458001170 [37mTRACE  [00m [00;34m          GST_TRACER :0::[00m latency_tracer_pipeline, frame_latency=(double)24.163914, avg=(double)33.013947, min=(double)0.277575, max=(double)48.864863, latency=(double)12.084614, fps=(double)82.749848, frame_num=(uint)1899;
0:00:26.546616042 [32m    1[00m 0x708458001170 [37mTRACE  [00m [00;34m          GST_TRACER :0::[00m latency_tracer_pipeline, frame_latency=(double)43.479664, avg=(double)33.019456, min=(double)0.277575, max=(double)48.864863, latency=(double)12.090586, fps=(double)82.708975, frame_num=(uint)1900;
0:00:26.547537224 [32m    1[00m 0x708458001170 [37mTRACE  [00m [00;34m          GST_TRACER :0::[00m latency_tracer_pipeline, frame_latency=(double)24.946430, avg=(double)33.015209, min=(double)0.277575, max=(double)48.864863, latency=(double)12.084715, fps=(double)82.749156, frame_num=(uint)1901;
0:00:26.571738516 [32m    1[00m 0x708458001170 [37mTRACE  [00m [00;34m          GST_TRACER :0::[00m latency_tracer_pipeline, frame_latency=(double)44.634033, avg=(double)33.021318, min=(double)0.277575, max=(double)48.864863, latency=(double)12.091081, fps=(double)82.705588, frame_num=(uint)1902;
0:00:26.572704472 [32m    1[00m 0x708458001170 [37mTRACE  [00m [00;34m          GST_TRACER :0::[00m latency_tracer_pipeline, frame_latency=(double)25.999895, avg=(double)33.017628, min=(double)0.277575, max=(double)48.864863, latency=(double)12.085236, fps=(double)82.745595, frame_num=(uint)1903;
0:00:26.572739626 [32m    1[00m 0x708458001170 [37mTRACE  [00m [00;34m          GST_TRACER :0::[00m latency_tracer_pipeline, frame_latency=(double)21.493956, avg=(double)33.011576, min=(double)0.277575, max=(double)48.864863, latency=(double)12.078911, fps=(double)82.788918, frame_num=(uint)1904;
0:00:26.595735916 [32m    1[00m 0x708458001170 [37mTRACE  [00m [00;34m          GST_TRACER :0::[00m latency_tracer_pipeline, frame_latency=(double)39.800727, avg=(double)33.015139, min=(double)0.277575, max=(double)48.864863, latency=(double)12.084635, fps=(double)82.749709, frame_num=(uint)1905;
0:00:26.596375046 [32m    1[00m 0x708458001170 [37mTRACE  [00m [00;34m          GST_TRACER :0::[00m latency_tracer_pipeline, frame_latency=(double)24.173019, avg=(double)33.010500, min=(double)0.277575, max=(double)48.864863, latency=(double)12.078634, fps=(double)82.790822, frame_num=(uint)1906;
0:00:26.618533652 [32m    1[00m 0x708458001170 [37mTRACE  [00m [00;34m          GST_TRACER :0::[00m latency_tracer_pipeline, frame_latency=(double)42.786289, avg=(double)33.015627, min=(double)0.277575, max=(double)48.864863, latency=(double)12.083916, fps=(double)82.754629, frame_num=(uint)1907;
0:00:26.619433995 [32m    1[00m 0x708458001170 [37mTRACE  [00m [00;34m          GST_TRACER :0::[00m latency_tracer_pipeline, frame_latency=(double)23.456647, avg=(double)33.010617, min=(double)0.277575, max=(double)48.864863, latency=(double)12.078054, fps=(double)82.794794, frame_num=(uint)1908;
0:00:26.642689886 [32m    1[00m 0x708458001170 [37mTRACE  [00m [00;34m          GST_TRACER :0::[00m latency_tracer_pipeline, frame_latency=(double)43.469847, avg=(double)33.016096, min=(double)0.277575, max=(double)48.864863, latency=(double)12.083894, fps=(double)82.754783, frame_num=(uint)1909;
0:00:26.643258675 [32m    1[00m 0x708458001170 [37mTRACE  [00m [00;34m          GST_TRACER :0::[00m latency_tracer_pipeline, frame_latency=(double)24.413912, avg=(double)33.011592, min=(double)0.277575, max=(double)48.864863, latency=(double)12.077886, fps=(double)82.795949, frame_num=(uint)1910;
FpsCounter(average 20.17sec): total=329.95 fps, number-streams=4, per-stream=82.49 fps (82.26, 82.26, 82.66, 82.76)
0:00:26.666354917 [32m    1[00m 0x708458001170 [37mTRACE  [00m [00;34m          GST_TRACER :0::[00m latency_tracer_pipeline, frame_latency=(double)44.594155, avg=(double)33.017653, min=(double)0.277575, max=(double)48.864863, latency=(double)12.083648, fps=(double)82.756464, frame_num=(uint)1911;
0:00:26.666832559 [32m    1[00m 0x708458001170 [37mTRACE  [00m [00;34m          GST_TRACER :0::[00m latency_tracer_pipeline, frame_latency=(double)24.010353, avg=(double)33.012942, min=(double)0.277575, max=(double)48.864863, latency=(double)12.077578, fps=(double)82.798055, frame_num=(uint)1912;
0:00:26.689728725 [32m    1[00m 0x708458001170 [37mTRACE  [00m [00;34m          GST_TRACER :0::[00m latency_tracer_pipeline, frame_latency=(double)44.168950, avg=(double)33.018774, min=(double)0.277575, max=(double)48.864863, latency=(double)12.083230, fps=(double)82.759330, frame_num=(uint)1913;
0:00:26.690304316 [32m    1[00m 0x708458001170 [37mTRACE  [00m [00;34m          GST_TRACER :0::[00m latency_tracer_pipeline, frame_latency=(double)23.632953, avg=(double)33.013870, min=(double)0.277575, max=(double)48.864863, latency=(double)12.077221, fps=(double)82.800507, frame_num=(uint)1914;
0:00:26.712834838 [32m    1[00m 0x708458001170 [37mTRACE  [00m [00;34m          GST_TRACER :0::[00m latency_tracer_pipeline, frame_latency=(double)40.219518, avg=(double)33.017633, min=(double)0.277575, max=(double)48.864863, latency=(double)12.082677, fps=(double)82.763118, frame_num=(uint)1915;
0:00:26.736329859 [32m    1[00m 0x708458001170 [37mTRACE  [00m [00;34m          GST_TRACER :0::[00m latency_tracer_pipeline, frame_latency=(double)44.223700, avg=(double)33.023481, min=(double)0.277575, max=(double)48.864863, latency=(double)12.088637, fps=(double)82.722314, frame_num=(uint)1916;
0:00:26.736943525 [32m    1[00m 0x708458001170 [37mTRACE  [00m [00;34m          GST_TRACER :0::[00m latency_tracer_pipeline, frame_latency=(double)23.876426, avg=(double)33.018710, min=(double)0.277575, max=(double)48.864863, latency=(double)12.082655, fps=(double)82.763269, frame_num=(uint)1917;
FpsCounter(last 1.02sec): total=321.99 fps, number-streams=4, per-stream=80.50 fps (78.53, 77.55, 84.42, 81.48)
latency: -52521.81ms (-52391.34, -52596.25, -52617.21, -52477.86)
0:00:26.760404117 [32m    1[00m 0x708458001170 [37mTRACE  [00m [00;34m          GST_TRACER :0::[00m latency_tracer_pipeline, frame_latency=(double)43.880526, avg=(double)33.024373, min=(double)0.277575, max=(double)48.864863, latency=(double)12.088586, fps=(double)82.722663, frame_num=(uint)1918;
0:00:26.761128043 [32m    1[00m 0x708458001170 [37mTRACE  [00m [00;34m          GST_TRACER :0::[00m latency_tracer_pipeline, frame_latency=(double)24.550724, avg=(double)33.019957, min=(double)0.277575, max=(double)48.864863, latency=(double)12.082666, fps=(double)82.763194, frame_num=(uint)1919;
0:00:26.783619311 [32m    1[00m 0x708458001170 [37mTRACE  [00m [00;34m          GST_TRACER :0::[00m latency_tracer_pipeline, frame_latency=(double)43.148489, avg=(double)33.025232, min=(double)0.277575, max=(double)48.864863, latency=(double)12.088083, fps=(double)82.726103, frame_num=(uint)1920;
0:00:26.785222909 [32m    1[00m 0x708458001170 [37mTRACE  [00m [00;34m          GST_TRACER :0::[00m latency_tracer_pipeline, frame_latency=(double)24.730142, avg=(double)33.020914, min=(double)0.277575, max=(double)48.864863, latency=(double)12.082628, fps=(double)82.763453, frame_num=(uint)1921;
0:00:26.808590296 [32m    1[00m 0x708458001170 [37mTRACE  [00m [00;34m          GST_TRACER :0::[00m latency_tracer_pipeline, frame_latency=(double)45.199751, avg=(double)33.027251, min=(double)0.277575, max=(double)48.864863, latency=(double)12.088493, fps=(double)82.723300, frame_num=(uint)1922;
0:00:26.808618502 [32m    1[00m 0x708458001170 [37mTRACE  [00m [00;34m          GST_TRACER :0::[00m latency_tracer_pipeline_interval, interval=(double)1016.419186, avg=(double)33.595065, min=(double)21.164657, max=(double)45.877797, latency=(double)12.705240, fps=(double)78.707684;
0:00:26.810320453 [32m    1[00m 0x708458001170 [37mTRACE  [00m [00;34m          GST_TRACER :0::[00m latency_tracer_pipeline, frame_latency=(double)26.476762, avg=(double)33.023844, min=(double)0.277575, max=(double)48.864863, latency=(double)12.083112, fps=(double)82.760135, frame_num=(uint)1923;
0:00:26.810337475 [32m    1[00m 0x708458001170 [37mTRACE  [00m [00;34m          GST_TRACER :0::[00m latency_tracer_pipeline, frame_latency=(double)23.732764, avg=(double)33.019015, min=(double)0.277575, max=(double)48.864863, latency=(double)12.076844, fps=(double)82.803089, frame_num=(uint)1924;
0:00:26.833027590 [32m    1[00m 0x708458001170 [37mTRACE  [00m [00;34m          GST_TRACER :0::[00m latency_tracer_pipeline, frame_latency=(double)43.105343, avg=(double)33.024255, min=(double)0.277575, max=(double)48.864863, latency=(double)12.082353, fps=(double)82.765337, frame_num=(uint)1925;
0:00:26.834739393 [32m    1[00m 0x708458001170 [37mTRACE  [00m [00;34m          GST_TRACER :0::[00m latency_tracer_pipeline, frame_latency=(double)25.670291, avg=(double)33.020437, min=(double)0.277575, max=(double)48.864863, latency=(double)12.076965, fps=(double)82.802263, frame_num=(uint)1926;
0:00:26.856456578 [32m    1[00m 0x708458001170 [37mTRACE  [00m [00;34m          GST_TRACER :0::[00m latency_tracer_pipeline, frame_latency=(double)42.666516, avg=(double)33.025442, min=(double)0.277575, max=(double)48.864863, latency=(double)12.081971, fps=(double)82.767950, frame_num=(uint)1927;
0:00:26.858152695 [32m    1[00m 0x708458001170 [37mTRACE  [00m [00;34m          GST_TRACER :0::[00m latency_tracer_pipeline, frame_latency=(double)24.749016, avg=(double)33.021150, min=(double)0.277575, max=(double)48.864863, latency=(double)12.076584, fps=(double)82.804872, frame_num=(uint)1928;
0:00:26.880792524 [32m    1[00m 0x708458001170 [37mTRACE  [00m [00;34m          GST_TRACER :0::[00m latency_tracer_pipeline, frame_latency=(double)42.985969, avg=(double)33.026316, min=(double)0.277575, max=(double)48.864863, latency=(double)12.082061, fps=(double)82.767333, frame_num=(uint)1929;
0:00:26.882388142 [32m    1[00m 0x708458001170 [37mTRACE  [00m [00;34m          GST_TRACER :0::[00m latency_tracer_pipeline, frame_latency=(double)25.570000, avg=(double)33.022452, min=(double)0.277575, max=(double)48.864863, latency=(double)12.076628, fps=(double)82.804569, frame_num=(uint)1930;
0:00:26.906144945 [32m    1[00m 0x708458001170 [37mTRACE  [00m [00;34m          GST_TRACER :0::[00m latency_tracer_pipeline, frame_latency=(double)45.692914, avg=(double)33.029014, min=(double)0.277575, max=(double)48.864863, latency=(double)12.082675, fps=(double)82.763130, frame_num=(uint)1931;
0:00:26.907592332 [32m    1[00m 0x708458001170 [37mTRACE  [00m [00;34m          GST_TRACER :0::[00m latency_tracer_pipeline, frame_latency=(double)26.140748, avg=(double)33.025448, min=(double)0.277575, max=(double)48.864863, latency=(double)12.077173, fps=(double)82.800837, frame_num=(uint)1932;
0:00:26.931255217 [32m    1[00m 0x708458001170 [37mTRACE  [00m [00;34m          GST_TRACER :0::[00m latency_tracer_pipeline, frame_latency=(double)45.062519, avg=(double)33.031676, min=(double)0.277575, max=(double)48.864863, latency=(double)12.083164, fps=(double)82.759783, frame_num=(uint)1933;
0:00:26.932834319 [32m    1[00m 0x708458001170 [37mTRACE  [00m [00;34m          GST_TRACER :0::[00m latency_tracer_pipeline, frame_latency=(double)26.367627, avg=(double)33.028230, min=(double)0.277575, max=(double)48.864863, latency=(double)12.077736, fps=(double)82.796976, frame_num=(uint)1934;
0:00:26.957762355 [32m    1[00m 0x708458001170 [37mTRACE  [00m [00;34m          GST_TRACER :0::[00m latency_tracer_pipeline, frame_latency=(double)46.072711, avg=(double)33.034971, min=(double)0.277575, max=(double)48.864863, latency=(double)12.084374, fps=(double)82.751497, frame_num=(uint)1935;
0:00:26.959431123 [32m    1[00m 0x708458001170 [37mTRACE  [00m [00;34m          GST_TRACER :0::[00m latency_tracer_pipeline, frame_latency=(double)27.881166, avg=(double)33.032309, min=(double)0.277575, max=(double)48.864863, latency=(double)12.078996, fps=(double)82.788339, frame_num=(uint)1936;
0:00:26.983425887 [32m    1[00m 0x708458001170 [37mTRACE  [00m [00;34m          GST_TRACER :0::[00m latency_tracer_pipeline, frame_latency=(double)45.889619, avg=(double)33.038947, min=(double)0.277575, max=(double)48.864863, latency=(double)12.085141, fps=(double)82.746239, frame_num=(uint)1937;
0:00:26.985045368 [32m    1[00m 0x708458001170 [37mTRACE  [00m [00;34m          GST_TRACER :0::[00m latency_tracer_pipeline, frame_latency=(double)27.088774, avg=(double)33.035877, min=(double)0.277575, max=(double)48.864863, latency=(double)12.079747, fps=(double)82.783187, frame_num=(uint)1938;
0:00:27.009002834 [32m    1[00m 0x708458001170 [37mTRACE  [00m [00;34m          GST_TRACER :0::[00m latency_tracer_pipeline, frame_latency=(double)46.507587, avg=(double)33.042824, min=(double)0.277575, max=(double)48.864863, latency=(double)12.085870, fps=(double)82.741248, frame_num=(uint)1939;
0:00:27.010332780 [32m    1[00m 0x708458001170 [37mTRACE  [00m [00;34m          GST_TRACER :0::[00m latency_tracer_pipeline, frame_latency=(double)26.545401, avg=(double)33.039475, min=(double)0.277575, max=(double)48.864863, latency=(double)12.080330, fps=(double)82.779199, frame_num=(uint)1940;
0:00:27.010352347 [32m    1[00m 0x708458001170 [37mTRACE  [00m [00;34m          GST_TRACER :0::[00m latency_tracer_pipeline, frame_latency=(double)21.677045, avg=(double)33.033621, min=(double)0.277575, max=(double)48.864863, latency=(double)12.074118, fps=(double)82.821785, frame_num=(uint)1941;
0:00:27.034185562 [32m    1[00m 0x708458001170 [37mTRACE  [00m [00;34m          GST_TRACER :0::[00m latency_tracer_pipeline, frame_latency=(double)38.868968, avg=(double)33.036626, min=(double)0.277575, max=(double)48.864863, latency=(double)12.080168, fps=(double)82.780308, frame_num=(uint)1942;
0:00:27.034593388 [32m    1[00m 0x708458001170 [37mTRACE  [00m [00;34m          GST_TRACER :0::[00m latency_tracer_pipeline, frame_latency=(double)22.955557, avg=(double)33.031438, min=(double)0.277575, max=(double)48.864863, latency=(double)12.074166, fps=(double)82.821459, frame_num=(uint)1943;
0:00:27.059373224 [32m    1[00m 0x708458001170 [37mTRACE  [00m [00;34m          GST_TRACER :0::[00m latency_tracer_pipeline, frame_latency=(double)41.737068, avg=(double)33.035916, min=(double)0.277575, max=(double)48.864863, latency=(double)12.080696, fps=(double)82.776684, frame_num=(uint)1944;
0:00:27.059423255 [32m    1[00m 0x708458001170 [37mTRACE  [00m [00;34m          GST_TRACER :0::[00m latency_tracer_pipeline, frame_latency=(double)22.670472, avg=(double)33.030587, min=(double)0.277575, max=(double)48.864863, latency=(double)12.074509, fps=(double)82.819103, frame_num=(uint)1945;
0:00:27.082860307 [32m    1[00m 0x708458001170 [37mTRACE  [00m [00;34m          GST_TRACER :0::[00m latency_tracer_pipeline, frame_latency=(double)41.900518, avg=(double)33.035145, min=(double)0.277575, max=(double)48.864863, latency=(double)12.080350, fps=(double)82.779055, frame_num=(uint)1946;
0:00:27.083507838 [32m    1[00m 0x708458001170 [37mTRACE  [00m [00;34m          GST_TRACER :0::[00m latency_tracer_pipeline, frame_latency=(double)22.485391, avg=(double)33.029726, min=(double)0.277575, max=(double)48.864863, latency=(double)12.074481, fps=(double)82.819295, frame_num=(uint)1947;
0:00:27.106817226 [32m    1[00m 0x708458001170 [37mTRACE  [00m [00;34m          GST_TRACER :0::[00m latency_tracer_pipeline, frame_latency=(double)43.277692, avg=(double)33.034987, min=(double)0.277575, max=(double)48.864863, latency=(double)12.080246, fps=(double)82.779775, frame_num=(uint)1948;
0:00:27.107542666 [32m    1[00m 0x708458001170 [37mTRACE  [00m [00;34m          GST_TRACER :0::[00m latency_tracer_pipeline, frame_latency=(double)24.096960, avg=(double)33.030401, min=(double)0.277575, max=(double)48.864863, latency=(double)12.074422, fps=(double)82.819701, frame_num=(uint)1949;
0:00:27.130097682 [32m    1[00m 0x708458001170 [37mTRACE  [00m [00;34m          GST_TRACER :0::[00m latency_tracer_pipeline, frame_latency=(double)43.401350, avg=(double)33.035719, min=(double)0.277575, max=(double)48.864863, latency=(double)12.079791, fps=(double)82.782887, frame_num=(uint)1950;
0:00:27.130684766 [32m    1[00m 0x708458001170 [37mTRACE  [00m [00;34m          GST_TRACER :0::[00m latency_tracer_pipeline, frame_latency=(double)23.511553, avg=(double)33.030838, min=(double)0.277575, max=(double)48.864863, latency=(double)12.073908, fps=(double)82.823224, frame_num=(uint)1951;
0:00:27.153918451 [32m    1[00m 0x708458001170 [37mTRACE  [00m [00;34m          GST_TRACER :0::[00m latency_tracer_pipeline, frame_latency=(double)43.563333, avg=(double)33.036233, min=(double)0.277575, max=(double)48.864863, latency=(double)12.079620, fps=(double)82.784063, frame_num=(uint)1952;
0:00:27.154517815 [32m    1[00m 0x708458001170 [37mTRACE  [00m [00;34m          GST_TRACER :0::[00m latency_tracer_pipeline, frame_latency=(double)22.823423, avg=(double)33.031004, min=(double)0.277575, max=(double)48.864863, latency=(double)12.073746, fps=(double)82.824334, frame_num=(uint)1953;
0:00:27.177465393 [32m    1[00m 0x708458001170 [37mTRACE  [00m [00;34m          GST_TRACER :0::[00m latency_tracer_pipeline, frame_latency=(double)43.150888, avg=(double)33.036183, min=(double)0.277575, max=(double)48.864863, latency=(double)12.079305, fps=(double)82.786219, frame_num=(uint)1954;
0:00:27.178266408 [32m    1[00m 0x708458001170 [37mTRACE  [00m [00;34m          GST_TRACER :0::[00m latency_tracer_pipeline, frame_latency=(double)23.748196, avg=(double)33.031432, min=(double)0.277575, max=(double)48.864863, latency=(double)12.073542, fps=(double)82.825734, frame_num=(uint)1955;
0:00:27.200880032 [32m    1[00m 0x708458001170 [37mTRACE  [00m [00;34m          GST_TRACER :0::[00m latency_tracer_pipeline, frame_latency=(double)43.163215, avg=(double)33.036612, min=(double)0.277575, max=(double)48.864863, latency=(double)12.078926, fps=(double)82.788819, frame_num=(uint)1956;
0:00:27.201965444 [32m    1[00m 0x708458001170 [37mTRACE  [00m [00;34m          GST_TRACER :0::[00m latency_tracer_pipeline, frame_latency=(double)24.128630, avg=(double)33.032060, min=(double)0.277575, max=(double)48.864863, latency=(double)12.073311, fps=(double)82.827319, frame_num=(uint)1957;
0:00:27.224713416 [32m    1[00m 0x708458001170 [37mTRACE  [00m [00;34m          GST_TRACER :0::[00m latency_tracer_pipeline, frame_latency=(double)44.012882, avg=(double)33.037668, min=(double)0.277575, max=(double)48.864863, latency=(double)12.078759, fps=(double)82.789961, frame_num=(uint)1958;
0:00:27.225894046 [32m    1[00m 0x708458001170 [37mTRACE  [00m [00;34m          GST_TRACER :0::[00m latency_tracer_pipeline, frame_latency=(double)24.794550, avg=(double)33.033461, min=(double)0.277575, max=(double)48.864863, latency=(double)12.073200, fps=(double)82.828080, frame_num=(uint)1959;
0:00:27.225911831 [32m    1[00m 0x708458001170 [37mTRACE  [00m [00;34m          GST_TRACER :0::[00m latency_tracer_pipeline, frame_latency=(double)22.233730, avg=(double)33.027951, min=(double)0.277575, max=(double)48.864863, latency=(double)12.067052, fps=(double)82.870279, frame_num=(uint)1960;
0:00:27.248825537 [32m    1[00m 0x708458001170 [37mTRACE  [00m [00;34m          GST_TRACER :0::[00m latency_tracer_pipeline, frame_latency=(double)41.469197, avg=(double)33.032255, min=(double)0.277575, max=(double)48.864863, latency=(double)12.072579, fps=(double)82.832344, frame_num=(uint)1961;
0:00:27.249654604 [32m    1[00m 0x708458001170 [37mTRACE  [00m [00;34m          GST_TRACER :0::[00m latency_tracer_pipeline, frame_latency=(double)22.283641, avg=(double)33.026777, min=(double)0.277575, max=(double)48.864863, latency=(double)12.066846, fps=(double)82.871694, frame_num=(uint)1962;
0:00:27.272082428 [32m    1[00m 0x708458001170 [37mTRACE  [00m [00;34m          GST_TRACER :0::[00m latency_tracer_pipeline, frame_latency=(double)40.927549, avg=(double)33.030802, min=(double)0.277575, max=(double)48.864863, latency=(double)12.072124, fps=(double)82.835465, frame_num=(uint)1963;
0:00:27.272711278 [32m    1[00m 0x708458001170 [37mTRACE  [00m [00;34m          GST_TRACER :0::[00m latency_tracer_pipeline, frame_latency=(double)22.449448, avg=(double)33.025414, min=(double)0.277575, max=(double)48.864863, latency=(double)12.066304, fps=(double)82.875418, frame_num=(uint)1964;
0:00:27.295182411 [32m    1[00m 0x708458001170 [37mTRACE  [00m [00;34m          GST_TRACER :0::[00m latency_tracer_pipeline, frame_latency=(double)40.871180, avg=(double)33.029407, min=(double)0.277575, max=(double)48.864863, latency=(double)12.071594, fps=(double)82.839104, frame_num=(uint)1965;
0:00:27.295851121 [32m    1[00m 0x708458001170 [37mTRACE  [00m [00;34m          GST_TRACER :0::[00m latency_tracer_pipeline, frame_latency=(double)22.137733, avg=(double)33.023867, min=(double)0.277575, max=(double)48.864863, latency=(double)12.065793, fps=(double)82.878930, frame_num=(uint)1966;
0:00:27.318934493 [32m    1[00m 0x708458001170 [37mTRACE  [00m [00;34m          GST_TRACER :0::[00m latency_tracer_pipeline, frame_latency=(double)41.956983, avg=(double)33.028408, min=(double)0.277575, max=(double)48.864863, latency=(double)12.071391, fps=(double)82.840494, frame_num=(uint)1967;
0:00:27.319605154 [32m    1[00m 0x708458001170 [37mTRACE  [00m [00;34m          GST_TRACER :0::[00m latency_tracer_pipeline, frame_latency=(double)23.968141, avg=(double)33.023804, min=(double)0.277575, max=(double)48.864863, latency=(double)12.065605, fps=(double)82.880218, frame_num=(uint)1968;
0:00:27.319629406 [32m    1[00m 0x708458001170 [37mTRACE  [00m [00;34m          GST_TRACER :0::[00m latency_tracer_pipeline, frame_latency=(double)21.149571, avg=(double)33.017774, min=(double)0.277575, max=(double)48.864863, latency=(double)12.059491, fps=(double)82.922238, frame_num=(uint)1969;
0:00:27.342054183 [32m    1[00m 0x708458001170 [37mTRACE  [00m [00;34m          GST_TRACER :0::[00m latency_tracer_pipeline, frame_latency=(double)41.584021, avg=(double)33.022122, min=(double)0.277575, max=(double)48.864863, latency=(double)12.064746, fps=(double)82.886119, frame_num=(uint)1970;
0:00:27.342976301 [32m    1[00m 0x708458001170 [37mTRACE  [00m [00;34m          GST_TRACER :0::[00m latency_tracer_pipeline, frame_latency=(double)22.130157, avg=(double)33.016596, min=(double)0.277575, max=(double)48.864863, latency=(double)12.059098, fps=(double)82.924941, frame_num=(uint)1971;
0:00:27.366339149 [32m    1[00m 0x708458001170 [37mTRACE  [00m [00;34m          GST_TRACER :0::[00m latency_tracer_pipeline, frame_latency=(double)43.268470, avg=(double)33.021795, min=(double)0.277575, max=(double)48.864863, latency=(double)12.064828, fps=(double)82.885555, frame_num=(uint)1972;
0:00:27.367051980 [32m    1[00m 0x708458001170 [37mTRACE  [00m [00;34m          GST_TRACER :0::[00m latency_tracer_pipeline, frame_latency=(double)24.812812, avg=(double)33.017634, min=(double)0.277575, max=(double)48.864863, latency=(double)12.059077, fps=(double)82.925090, frame_num=(uint)1973;
0:00:27.389611962 [32m    1[00m 0x708458001170 [37mTRACE  [00m [00;34m          GST_TRACER :0::[00m latency_tracer_pipeline, frame_latency=(double)43.495737, avg=(double)33.022942, min=(double)0.277575, max=(double)48.864863, latency=(double)12.064395, fps=(double)82.888530, frame_num=(uint)1974;
0:00:27.390925869 [32m    1[00m 0x708458001170 [37mTRACE  [00m [00;34m          GST_TRACER :0::[00m latency_tracer_pipeline, frame_latency=(double)24.313438, avg=(double)33.018532, min=(double)0.277575, max=(double)48.864863, latency=(double)12.058947, fps=(double)82.925979, frame_num=(uint)1975;
0:00:27.413114685 [32m    1[00m 0x708458001170 [37mTRACE  [00m [00;34m          GST_TRACER :0::[00m latency_tracer_pipeline, frame_latency=(double)43.960245, avg=(double)33.024070, min=(double)0.277575, max=(double)48.864863, latency=(double)12.064073, fps=(double)82.890744, frame_num=(uint)1976;
0:00:27.414730008 [32m    1[00m 0x708458001170 [37mTRACE  [00m [00;34m          GST_TRACER :0::[00m latency_tracer_pipeline, frame_latency=(double)24.834318, avg=(double)33.019927, min=(double)0.277575, max=(double)48.864863, latency=(double)12.058793, fps=(double)82.927037, frame_num=(uint)1977;
0:00:27.414751575 [32m    1[00m 0x708458001170 [37mTRACE  [00m [00;34m          GST_TRACER :0::[00m latency_tracer_pipeline, frame_latency=(double)21.912021, avg=(double)33.014311, min=(double)0.277575, max=(double)48.864863, latency=(double)12.052711, fps=(double)82.968885, frame_num=(uint)1978;
0:00:27.436459191 [32m    1[00m 0x708458001170 [37mTRACE  [00m [00;34m          GST_TRACER :0::[00m latency_tracer_pipeline, frame_latency=(double)41.227837, avg=(double)33.018462, min=(double)0.277575, max=(double)48.864863, latency=(double)12.057587, fps=(double)82.935332, frame_num=(uint)1979;
0:00:27.458939402 [32m    1[00m 0x708458001170 [37mTRACE  [00m [00;34m          GST_TRACER :0::[00m latency_tracer_pipeline, frame_latency=(double)43.751736, avg=(double)33.023883, min=(double)0.277575, max=(double)48.864863, latency=(double)12.062846, fps=(double)82.899180, frame_num=(uint)1980;
0:00:27.460104660 [32m    1[00m 0x708458001170 [37mTRACE  [00m [00;34m          GST_TRACER :0::[00m latency_tracer_pipeline, frame_latency=(double)23.208251, avg=(double)33.018928, min=(double)0.277575, max=(double)48.864863, latency=(double)12.057346, fps=(double)82.936990, frame_num=(uint)1981;
0:00:27.483083061 [32m    1[00m 0x708458001170 [37mTRACE  [00m [00;34m          GST_TRACER :0::[00m latency_tracer_pipeline, frame_latency=(double)43.986257, avg=(double)33.024461, min=(double)0.277575, max=(double)48.864863, latency=(double)12.062845, fps=(double)82.899185, frame_num=(uint)1982;
0:00:27.483474222 [32m    1[00m 0x708458001170 [37mTRACE  [00m [00;34m          GST_TRACER :0::[00m latency_tracer_pipeline, frame_latency=(double)24.123053, avg=(double)33.019972, min=(double)0.277575, max=(double)48.864863, latency=(double)12.056972, fps=(double)82.939565, frame_num=(uint)1983;
0:00:27.506703196 [32m    1[00m 0x708458001170 [37mTRACE  [00m [00;34m          GST_TRACER :0::[00m latency_tracer_pipeline, frame_latency=(double)42.492299, avg=(double)33.024747, min=(double)0.277575, max=(double)48.864863, latency=(double)12.062603, fps=(double)82.900848, frame_num=(uint)1984;
0:00:27.508019418 [32m    1[00m 0x708458001170 [37mTRACE  [00m [00;34m          GST_TRACER :0::[00m latency_tracer_pipeline, frame_latency=(double)23.705334, avg=(double)33.020052, min=(double)0.277575, max=(double)48.864863, latency=(double)12.057192, fps=(double)82.938049, frame_num=(uint)1985;
0:00:27.531108668 [32m    1[00m 0x708458001170 [37mTRACE  [00m [00;34m          GST_TRACER :0::[00m latency_tracer_pipeline, frame_latency=(double)43.433304, avg=(double)33.025295, min=(double)0.277575, max=(double)48.864863, latency=(double)12.062744, fps=(double)82.899878, frame_num=(uint)1986;
0:00:27.532159112 [32m    1[00m 0x708458001170 [37mTRACE  [00m [00;34m          GST_TRACER :0::[00m latency_tracer_pipeline, frame_latency=(double)24.496995, avg=(double)33.021003, min=(double)0.277575, max=(double)48.864863, latency=(double)12.057205, fps=(double)82.937963, frame_num=(uint)1987;
0:00:27.555953513 [32m    1[00m 0x708458001170 [37mTRACE  [00m [00;34m          GST_TRACER :0::[00m latency_tracer_pipeline, frame_latency=(double)44.500905, avg=(double)33.026778, min=(double)0.277575, max=(double)48.864863, latency=(double)12.063105, fps=(double)82.897399, frame_num=(uint)1988;
0:00:27.556787841 [32m    1[00m 0x708458001170 [37mTRACE  [00m [00;34m          GST_TRACER :0::[00m latency_tracer_pipeline, frame_latency=(double)23.901541, avg=(double)33.022190, min=(double)0.277575, max=(double)48.864863, latency=(double)12.057464, fps=(double)82.936180, frame_num=(uint)1989;
0:00:27.580801323 [32m    1[00m 0x708458001170 [37mTRACE  [00m [00;34m          GST_TRACER :0::[00m latency_tracer_pipeline, frame_latency=(double)43.667996, avg=(double)33.027539, min=(double)0.277575, max=(double)48.864863, latency=(double)12.063467, fps=(double)82.894906, frame_num=(uint)1990;
0:00:27.581659362 [32m    1[00m 0x708458001170 [37mTRACE  [00m [00;34m          GST_TRACER :0::[00m latency_tracer_pipeline, frame_latency=(double)23.065484, avg=(double)33.022536, min=(double)0.277575, max=(double)48.864863, latency=(double)12.057844, fps=(double)82.933566, frame_num=(uint)1991;
0:00:27.605948126 [32m    1[00m 0x708458001170 [37mTRACE  [00m [00;34m          GST_TRACER :0::[00m latency_tracer_pipeline, frame_latency=(double)42.030319, avg=(double)33.027058, min=(double)0.277575, max=(double)48.864863, latency=(double)12.063980, fps=(double)82.891385, frame_num=(uint)1992;
0:00:27.606692347 [32m    1[00m 0x708458001170 [37mTRACE  [00m [00;34m          GST_TRACER :0::[00m latency_tracer_pipeline, frame_latency=(double)24.009438, avg=(double)33.022533, min=(double)0.277575, max=(double)48.864863, latency=(double)12.058304, fps=(double)82.930402, frame_num=(uint)1993;
0:00:27.631778109 [32m    1[00m 0x708458001170 [37mTRACE  [00m [00;34m          GST_TRACER :0::[00m latency_tracer_pipeline, frame_latency=(double)43.925935, avg=(double)33.028001, min=(double)0.277575, max=(double)48.864863, latency=(double)12.064834, fps=(double)82.885518, frame_num=(uint)1994;
0:00:27.632738659 [32m    1[00m 0x708458001170 [37mTRACE  [00m [00;34m          GST_TRACER :0::[00m latency_tracer_pipeline, frame_latency=(double)24.843323, avg=(double)33.023899, min=(double)0.277575, max=(double)48.864863, latency=(double)12.059272, fps=(double)82.923748, frame_num=(uint)1995;
0:00:27.657267337 [32m    1[00m 0x708458001170 [37mTRACE  [00m [00;34m          GST_TRACER :0::[00m latency_tracer_pipeline, frame_latency=(double)43.586750, avg=(double)33.029191, min=(double)0.277575, max=(double)48.864863, latency=(double)12.065515, fps=(double)82.880840, frame_num=(uint)1996;
0:00:27.658112791 [32m    1[00m 0x708458001170 [37mTRACE  [00m [00;34m          GST_TRACER :0::[00m latency_tracer_pipeline, frame_latency=(double)23.757897, avg=(double)33.024548, min=(double)0.277575, max=(double)48.864863, latency=(double)12.059899, fps=(double)82.919435, frame_num=(uint)1997;
0:00:27.681555890 [32m    1[00m 0x708458001170 [37mTRACE  [00m [00;34m          GST_TRACER :0::[00m latency_tracer_pipeline, frame_latency=(double)42.430606, avg=(double)33.029256, min=(double)0.277575, max=(double)48.864863, latency=(double)12.065592, fps=(double)82.880311, frame_num=(uint)1998;
FpsCounter(average 21.18sec): total=329.99 fps, number-streams=4, per-stream=82.50 fps (82.43, 82.48, 82.38, 82.71)
0:00:27.682660259 [32m    1[00m 0x708458001170 [37mTRACE  [00m [00;34m          GST_TRACER :0::[00m latency_tracer_pipeline, frame_latency=(double)24.797868, avg=(double)33.025138, min=(double)0.277575, max=(double)48.864863, latency=(double)12.060114, fps=(double)82.917957, frame_num=(uint)1999;
0:00:27.706957741 [32m    1[00m 0x708458001170 [37mTRACE  [00m [00;34m          GST_TRACER :0::[00m latency_tracer_pipeline, frame_latency=(double)43.929673, avg=(double)33.030590, min=(double)0.277575, max=(double)48.864863, latency=(double)12.066225, fps=(double)82.875960, frame_num=(uint)2000;
0:00:27.707803321 [32m    1[00m 0x708458001170 [37mTRACE  [00m [00;34m          GST_TRACER :0::[00m latency_tracer_pipeline, frame_latency=(double)25.741730, avg=(double)33.026948, min=(double)0.277575, max=(double)48.864863, latency=(double)12.060621, fps=(double)82.914472, frame_num=(uint)2001;
0:00:27.707844189 [32m    1[00m 0x708458001170 [37mTRACE  [00m [00;34m          GST_TRACER :0::[00m latency_tracer_pipeline, frame_latency=(double)19.434498, avg=(double)33.020158, min=(double)0.277575, max=(double)48.864863, latency=(double)12.054621, fps=(double)82.955742, frame_num=(uint)2002;
0:00:27.733236169 [32m    1[00m 0x708458001170 [37mTRACE  [00m [00;34m          GST_TRACER :0::[00m latency_tracer_pipeline, frame_latency=(double)40.942192, avg=(double)33.024113, min=(double)0.277575, max=(double)48.864863, latency=(double)12.061278, fps=(double)82.909956, frame_num=(uint)2003;
0:00:27.734101152 [32m    1[00m 0x708458001170 [37mTRACE  [00m [00;34m          GST_TRACER :0::[00m latency_tracer_pipeline, frame_latency=(double)22.881777, avg=(double)33.019052, min=(double)0.277575, max=(double)48.864863, latency=(double)12.055693, fps=(double)82.948360, frame_num=(uint)2004;
0:00:27.759625131 [32m    1[00m 0x708458001170 [37mTRACE  [00m [00;34m          GST_TRACER :0::[00m latency_tracer_pipeline, frame_latency=(double)41.704471, avg=(double)33.023384, min=(double)0.277575, max=(double)48.864863, latency=(double)12.062408, fps=(double)82.902184, frame_num=(uint)2005;
0:00:27.760537591 [32m    1[00m 0x708458001170 [37mTRACE  [00m [00;34m          GST_TRACER :0::[00m latency_tracer_pipeline, frame_latency=(double)22.033420, avg=(double)33.017906, min=(double)0.277575, max=(double)48.864863, latency=(double)12.056853, fps=(double)82.940382, frame_num=(uint)2006;
FpsCounter(last 1.00sec): total=331.90 fps, number-streams=4, per-stream=82.97 fps (88.97, 86.97, 75.98, 79.97)
latency: -54812.28ms (-54762.42, -54900.65, -54843.35, -54742.13)
0:00:27.786963168 [32m    1[00m 0x708458001170 [37mTRACE  [00m [00;34m          GST_TRACER :0::[00m latency_tracer_pipeline, frame_latency=(double)41.619454, avg=(double)33.022191, min=(double)0.277575, max=(double)48.864863, latency=(double)12.064008, fps=(double)82.891192, frame_num=(uint)2007;
0:00:27.788172263 [32m    1[00m 0x708458001170 [37mTRACE  [00m [00;34m          GST_TRACER :0::[00m latency_tracer_pipeline, frame_latency=(double)26.267823, avg=(double)33.018828, min=(double)0.277575, max=(double)48.864863, latency=(double)12.058604, fps=(double)82.928336, frame_num=(uint)2008;
0:00:27.812789039 [32m    1[00m 0x708458001170 [37mTRACE  [00m [00;34m          GST_TRACER :0::[00m latency_tracer_pipeline, frame_latency=(double)42.425970, avg=(double)33.023510, min=(double)0.277575, max=(double)48.864863, latency=(double)12.064852, fps=(double)82.885393, frame_num=(uint)2009;
0:00:27.812808141 [32m    1[00m 0x708458001170 [37mTRACE  [00m [00;34m          GST_TRACER :0::[00m latency_tracer_pipeline_interval, interval=(double)1004.204768, avg=(double)32.940873, min=(double)19.434498, max=(double)46.507587, latency=(double)11.542584, fps=(double)86.635717;
0:00:27.813760650 [32m    1[00m 0x708458001170 [37mTRACE  [00m [00;34m          GST_TRACER :0::[00m latency_tracer_pipeline, frame_latency=(double)26.330278, avg=(double)33.020180, min=(double)0.277575, max=(double)48.864863, latency=(double)12.059337, fps=(double)82.923300, frame_num=(uint)2010;
0:00:27.813785886 [32m    1[00m 0x708458001170 [37mTRACE  [00m [00;34m          GST_TRACER :0::[00m latency_tracer_pipeline, frame_latency=(double)22.715994, avg=(double)33.015056, min=(double)0.277575, max=(double)48.864863, latency=(double)12.053355, fps=(double)82.964454, frame_num=(uint)2011;
0:00:27.838788695 [32m    1[00m 0x708458001170 [37mTRACE  [00m [00;34m          GST_TRACER :0::[00m latency_tracer_pipeline, frame_latency=(double)43.859660, avg=(double)33.020446, min=(double)0.277575, max=(double)48.864863, latency=(double)12.059784, fps=(double)82.920227, frame_num=(uint)2012;
0:00:27.839780877 [32m    1[00m 0x708458001170 [37mTRACE  [00m [00;34m          GST_TRACER :0::[00m latency_tracer_pipeline, frame_latency=(double)24.682785, avg=(double)33.016304, min=(double)0.277575, max=(double)48.864863, latency=(double)12.054291, fps=(double)82.958014, frame_num=(uint)2013;
0:00:27.863939695 [32m    1[00m 0x708458001170 [37mTRACE  [00m [00;34m          GST_TRACER :0::[00m latency_tracer_pipeline, frame_latency=(double)43.100434, avg=(double)33.021311, min=(double)0.277575, max=(double)48.864863, latency=(double)12.060297, fps=(double)82.916698, frame_num=(uint)2014;
0:00:27.864501595 [32m    1[00m 0x708458001170 [37mTRACE  [00m [00;34m          GST_TRACER :0::[00m latency_tracer_pipeline, frame_latency=(double)23.905878, avg=(double)33.016788, min=(double)0.277575, max=(double)48.864863, latency=(double)12.054587, fps=(double)82.955971, frame_num=(uint)2015;
0:00:27.890755334 [32m    1[00m 0x708458001170 [37mTRACE  [00m [00;34m          GST_TRACER :0::[00m latency_tracer_pipeline, frame_latency=(double)45.445317, avg=(double)33.022953, min=(double)0.277575, max=(double)48.864863, latency=(double)12.061631, fps=(double)82.907526, frame_num=(uint)2016;
0:00:27.891663520 [32m    1[00m 0x708458001170 [37mTRACE  [00m [00;34m          GST_TRACER :0::[00m latency_tracer_pipeline, frame_latency=(double)27.070731, avg=(double)33.020002, min=(double)0.277575, max=(double)48.864863, latency=(double)12.056107, fps=(double)82.945513, frame_num=(uint)2017;
0:00:27.916137629 [32m    1[00m 0x708458001170 [37mTRACE  [00m [00;34m          GST_TRACER :0::[00m latency_tracer_pipeline, frame_latency=(double)42.588006, avg=(double)33.024743, min=(double)0.277575, max=(double)48.864863, latency=(double)12.062256, fps=(double)82.903232, frame_num=(uint)2018;
0:00:27.917275176 [32m    1[00m 0x708458001170 [37mTRACE  [00m [00;34m          GST_TRACER :0::[00m latency_tracer_pipeline, frame_latency=(double)23.754389, avg=(double)33.020151, min=(double)0.277575, max=(double)48.864863, latency=(double)12.056835, fps=(double)82.940505, frame_num=(uint)2019;
0:00:27.943178297 [32m    1[00m 0x708458001170 [37mTRACE  [00m [00;34m          GST_TRACER :0::[00m latency_tracer_pipeline, frame_latency=(double)41.108149, avg=(double)33.024155, min=(double)0.277575, max=(double)48.864863, latency=(double)12.063700, fps=(double)82.893311, frame_num=(uint)2020;
0:00:27.944226062 [32m    1[00m 0x708458001170 [37mTRACE  [00m [00;34m          GST_TRACER :0::[00m latency_tracer_pipeline, frame_latency=(double)22.299024, avg=(double)33.018848, min=(double)0.277575, max=(double)48.864863, latency=(double)12.058251, fps=(double)82.930768, frame_num=(uint)2021;
0:00:27.968753356 [32m    1[00m 0x708458001170 [37mTRACE  [00m [00;34m          GST_TRACER :0::[00m latency_tracer_pipeline, frame_latency=(double)39.961900, avg=(double)33.022282, min=(double)0.277575, max=(double)48.864863, latency=(double)12.064416, fps=(double)82.888390, frame_num=(uint)2022;
0:00:27.969686740 [32m    1[00m 0x708458001170 [37mTRACE  [00m [00;34m          GST_TRACER :0::[00m latency_tracer_pipeline, frame_latency=(double)21.936237, avg=(double)33.016802, min=(double)0.277575, max=(double)48.864863, latency=(double)12.058913, fps=(double)82.926213, frame_num=(uint)2023;
0:00:27.994033638 [32m    1[00m 0x708458001170 [37mTRACE  [00m [00;34m          GST_TRACER :0::[00m latency_tracer_pipeline, frame_latency=(double)40.062280, avg=(double)33.020283, min=(double)0.277575, max=(double)48.864863, latency=(double)12.064981, fps=(double)82.884506, frame_num=(uint)2024;
0:00:27.995256523 [32m    1[00m 0x708458001170 [37mTRACE  [00m [00;34m          GST_TRACER :0::[00m latency_tracer_pipeline, frame_latency=(double)21.990991, avg=(double)33.014837, min=(double)0.277575, max=(double)48.864863, latency=(double)12.059630, fps=(double)82.921283, frame_num=(uint)2025;
0:00:28.020141504 [32m    1[00m 0x708458001170 [37mTRACE  [00m [00;34m          GST_TRACER :0::[00m latency_tracer_pipeline, frame_latency=(double)42.401544, avg=(double)33.019470, min=(double)0.277575, max=(double)48.864863, latency=(double)12.065960, fps=(double)82.877785, frame_num=(uint)2026;
0:00:28.021127657 [32m    1[00m 0x708458001170 [37mTRACE  [00m [00;34m          GST_TRACER :0::[00m latency_tracer_pipeline, frame_latency=(double)23.254665, avg=(double)33.014652, min=(double)0.277575, max=(double)48.864863, latency=(double)12.060494, fps=(double)82.915340, frame_num=(uint)2027;
0:00:28.046046225 [32m    1[00m 0x708458001170 [37mTRACE  [00m [00;34m          GST_TRACER :0::[00m latency_tracer_pipeline, frame_latency=(double)42.799320, avg=(double)33.019477, min=(double)0.277575, max=(double)48.864863, latency=(double)12.066834, fps=(double)82.871780, frame_num=(uint)2028;
0:00:28.047311214 [32m    1[00m 0x708458001170 [37mTRACE  [00m [00;34m          GST_TRACER :0::[00m latency_tracer_pipeline, frame_latency=(double)24.710596, avg=(double)33.015382, min=(double)0.277575, max=(double)48.864863, latency=(double)12.061511, fps=(double)82.908354, frame_num=(uint)2029;
0:00:28.072041847 [32m    1[00m 0x708458001170 [37mTRACE  [00m [00;34m          GST_TRACER :0::[00m latency_tracer_pipeline, frame_latency=(double)41.639040, avg=(double)33.019630, min=(double)0.277575, max=(double)48.864863, latency=(double)12.067751, fps=(double)82.865480, frame_num=(uint)2030;
0:00:28.073099968 [32m    1[00m 0x708458001170 [37mTRACE  [00m [00;34m          GST_TRACER :0::[00m latency_tracer_pipeline, frame_latency=(double)25.102977, avg=(double)33.015732, min=(double)0.277575, max=(double)48.864863, latency=(double)12.062332, fps=(double)82.902710, frame_num=(uint)2031;
0:00:28.097644035 [32m    1[00m 0x708458001170 [37mTRACE  [00m [00;34m          GST_TRACER :0::[00m latency_tracer_pipeline, frame_latency=(double)41.894689, avg=(double)33.020102, min=(double)0.277575, max=(double)48.864863, latency=(double)12.068471, fps=(double)82.860537, frame_num=(uint)2032;
0:00:28.098442887 [32m    1[00m 0x708458001170 [37mTRACE  [00m [00;34m          GST_TRACER :0::[00m latency_tracer_pipeline, frame_latency=(double)23.324158, avg=(double)33.015333, min=(double)0.277575, max=(double)48.864863, latency=(double)12.062930, fps=(double)82.898599, frame_num=(uint)2033;
0:00:28.123109812 [32m    1[00m 0x708458001170 [37mTRACE  [00m [00;34m          GST_TRACER :0::[00m latency_tracer_pipeline, frame_latency=(double)42.453964, avg=(double)33.019973, min=(double)0.277575, max=(double)48.864863, latency=(double)12.069126, fps=(double)82.856044, frame_num=(uint)2034;
0:00:28.124164722 [32m    1[00m 0x708458001170 [37mTRACE  [00m [00;34m          GST_TRACER :0::[00m latency_tracer_pipeline, frame_latency=(double)26.310096, avg=(double)33.016676, min=(double)0.277575, max=(double)48.864863, latency=(double)12.063716, fps=(double)82.893196, frame_num=(uint)2035;
0:00:28.148487437 [32m    1[00m 0x708458001170 [37mTRACE  [00m [00;34m          GST_TRACER :0::[00m latency_tracer_pipeline, frame_latency=(double)45.857724, avg=(double)33.022983, min=(double)0.277575, max=(double)48.864863, latency=(double)12.069728, fps=(double)82.851909, frame_num=(uint)2036;
0:00:28.149343504 [32m    1[00m 0x708458001170 [37mTRACE  [00m [00;34m          GST_TRACER :0::[00m latency_tracer_pipeline, frame_latency=(double)26.093137, avg=(double)33.019581, min=(double)0.277575, max=(double)48.864863, latency=(double)12.064233, fps=(double)82.889648, frame_num=(uint)2037;
0:00:28.149363397 [32m    1[00m 0x708458001170 [37mTRACE  [00m [00;34m          GST_TRACER :0::[00m latency_tracer_pipeline, frame_latency=(double)21.723670, avg=(double)33.014038, min=(double)0.277575, max=(double)48.864863, latency=(double)12.058329, fps=(double)82.930230, frame_num=(uint)2038;
0:00:28.173490624 [32m    1[00m 0x708458001170 [37mTRACE  [00m [00;34m          GST_TRACER :0::[00m latency_tracer_pipeline, frame_latency=(double)40.525509, avg=(double)33.017722, min=(double)0.277575, max=(double)48.864863, latency=(double)12.064245, fps=(double)82.889566, frame_num=(uint)2039;
0:00:28.174252332 [32m    1[00m 0x708458001170 [37mTRACE  [00m [00;34m          GST_TRACER :0::[00m latency_tracer_pipeline, frame_latency=(double)23.395923, avg=(double)33.013005, min=(double)0.277575, max=(double)48.864863, latency=(double)12.058705, fps=(double)82.927643, frame_num=(uint)2040;
0:00:28.200103235 [32m    1[00m 0x708458001170 [37mTRACE  [00m [00;34m          GST_TRACER :0::[00m latency_tracer_pipeline, frame_latency=(double)45.076074, avg=(double)33.018916, min=(double)0.277575, max=(double)48.864863, latency=(double)12.065460, fps=(double)82.881217, frame_num=(uint)2041;
0:00:28.200973932 [32m    1[00m 0x708458001170 [37mTRACE  [00m [00;34m          GST_TRACER :0::[00m latency_tracer_pipeline, frame_latency=(double)23.779492, avg=(double)33.014391, min=(double)0.277575, max=(double)48.864863, latency=(double)12.059981, fps=(double)82.918874, frame_num=(uint)2042;
0:00:28.225731364 [32m    1[00m 0x708458001170 [37mTRACE  [00m [00;34m          GST_TRACER :0::[00m latency_tracer_pipeline, frame_latency=(double)38.492331, avg=(double)33.017072, min=(double)0.277575, max=(double)48.864863, latency=(double)12.066187, fps=(double)82.876223, frame_num=(uint)2043;
0:00:28.226548489 [32m    1[00m 0x708458001170 [37mTRACE  [00m [00;34m          GST_TRACER :0::[00m latency_tracer_pipeline, frame_latency=(double)23.590543, avg=(double)33.012461, min=(double)0.277575, max=(double)48.864863, latency=(double)12.060692, fps=(double)82.913983, frame_num=(uint)2044;
0:00:28.253000078 [32m    1[00m 0x708458001170 [37mTRACE  [00m [00;34m          GST_TRACER :0::[00m latency_tracer_pipeline, frame_latency=(double)45.101347, avg=(double)33.018372, min=(double)0.277575, max=(double)48.864863, latency=(double)12.067726, fps=(double)82.865650, frame_num=(uint)2045;
0:00:28.254076027 [32m    1[00m 0x708458001170 [37mTRACE  [00m [00;34m          GST_TRACER :0::[00m latency_tracer_pipeline, frame_latency=(double)27.737576, avg=(double)33.015791, min=(double)0.277575, max=(double)48.864863, latency=(double)12.062357, fps=(double)82.902535, frame_num=(uint)2046;
0:00:28.254091620 [32m    1[00m 0x708458001170 [37mTRACE  [00m [00;34m          GST_TRACER :0::[00m latency_tracer_pipeline, frame_latency=(double)21.766578, avg=(double)33.010296, min=(double)0.277575, max=(double)48.864863, latency=(double)12.056474, fps=(double)82.942990, frame_num=(uint)2047;
0:00:28.278334110 [32m    1[00m 0x708458001170 [37mTRACE  [00m [00;34m          GST_TRACER :0::[00m latency_tracer_pipeline, frame_latency=(double)37.217712, avg=(double)33.012350, min=(double)0.277575, max=(double)48.864863, latency=(double)12.062419, fps=(double)82.902112, frame_num=(uint)2048;
0:00:28.278897489 [32m    1[00m 0x708458001170 [37mTRACE  [00m [00;34m          GST_TRACER :0::[00m latency_tracer_pipeline, frame_latency=(double)22.432856, avg=(double)33.007187, min=(double)0.277575, max=(double)48.864863, latency=(double)12.056811, fps=(double)82.940675, frame_num=(uint)2049;
0:00:28.304182799 [32m    1[00m 0x708458001170 [37mTRACE  [00m [00;34m          GST_TRACER :0::[00m latency_tracer_pipeline, frame_latency=(double)41.130271, avg=(double)33.011149, min=(double)0.277575, max=(double)48.864863, latency=(double)12.063260, fps=(double)82.896333, frame_num=(uint)2050;
0:00:28.305007403 [32m    1[00m 0x708458001170 [37mTRACE  [00m [00;34m          GST_TRACER :0::[00m latency_tracer_pipeline, frame_latency=(double)23.809979, avg=(double)33.006663, min=(double)0.277575, max=(double)48.864863, latency=(double)12.057779, fps=(double)82.934013, frame_num=(uint)2051;
0:00:28.329350369 [32m    1[00m 0x708458001170 [37mTRACE  [00m [00;34m          GST_TRACER :0::[00m latency_tracer_pipeline, frame_latency=(double)41.040666, avg=(double)33.010578, min=(double)0.277575, max=(double)48.864863, latency=(double)12.063768, fps=(double)82.892841, frame_num=(uint)2052;
0:00:28.330233592 [32m    1[00m 0x708458001170 [37mTRACE  [00m [00;34m          GST_TRACER :0::[00m latency_tracer_pipeline, frame_latency=(double)24.837444, avg=(double)33.006597, min=(double)0.277575, max=(double)48.864863, latency=(double)12.058323, fps=(double)82.930271, frame_num=(uint)2053;
0:00:28.355326507 [32m    1[00m 0x708458001170 [37mTRACE  [00m [00;34m          GST_TRACER :0::[00m latency_tracer_pipeline, frame_latency=(double)43.406077, avg=(double)33.011660, min=(double)0.277575, max=(double)48.864863, latency=(double)12.064668, fps=(double)82.886658, frame_num=(uint)2054;
0:00:28.356460505 [32m    1[00m 0x708458001170 [37mTRACE  [00m [00;34m          GST_TRACER :0::[00m latency_tracer_pipeline, frame_latency=(double)26.513674, avg=(double)33.008498, min=(double)0.277575, max=(double)48.864863, latency=(double)12.059343, fps=(double)82.923260, frame_num=(uint)2055;
0:00:28.381923144 [32m    1[00m 0x708458001170 [37mTRACE  [00m [00;34m          GST_TRACER :0::[00m latency_tracer_pipeline, frame_latency=(double)45.600105, avg=(double)33.014622, min=(double)0.277575, max=(double)48.864863, latency=(double)12.065867, fps=(double)82.878422, frame_num=(uint)2056;
0:00:28.382745308 [32m    1[00m 0x708458001170 [37mTRACE  [00m [00;34m          GST_TRACER :0::[00m latency_tracer_pipeline, frame_latency=(double)26.738313, avg=(double)33.011571, min=(double)0.277575, max=(double)48.864863, latency=(double)12.060398, fps=(double)82.916002, frame_num=(uint)2057;
0:00:28.409383322 [32m    1[00m 0x708458001170 [37mTRACE  [00m [00;34m          GST_TRACER :0::[00m latency_tracer_pipeline, frame_latency=(double)46.679960, avg=(double)33.018213, min=(double)0.277575, max=(double)48.864863, latency=(double)12.067485, fps=(double)82.867308, frame_num=(uint)2058;
0:00:28.410172398 [32m    1[00m 0x708458001170 [37mTRACE  [00m [00;34m          GST_TRACER :0::[00m latency_tracer_pipeline, frame_latency=(double)27.555803, avg=(double)33.015560, min=(double)0.277575, max=(double)48.864863, latency=(double)12.062009, fps=(double)82.904926, frame_num=(uint)2059;
0:00:28.435579167 [32m    1[00m 0x708458001170 [37mTRACE  [00m [00;34m          GST_TRACER :0::[00m latency_tracer_pipeline, frame_latency=(double)46.137683, avg=(double)33.021930, min=(double)0.277575, max=(double)48.864863, latency=(double)12.068485, fps=(double)82.860439, frame_num=(uint)2060;
0:00:28.436466633 [32m    1[00m 0x708458001170 [37mTRACE  [00m [00;34m          GST_TRACER :0::[00m latency_tracer_pipeline, frame_latency=(double)26.346093, avg=(double)33.018691, min=(double)0.277575, max=(double)48.864863, latency=(double)12.063063, fps=(double)82.897689, frame_num=(uint)2061;
0:00:28.464268467 [32m    1[00m 0x708458001170 [37mTRACE  [00m [00;34m          GST_TRACER :0::[00m latency_tracer_pipeline, frame_latency=(double)47.437339, avg=(double)33.025683, min=(double)0.277575, max=(double)48.864863, latency=(double)12.070693, fps=(double)82.845285, frame_num=(uint)2062;
0:00:28.465188093 [32m    1[00m 0x708458001170 [37mTRACE  [00m [00;34m          GST_TRACER :0::[00m latency_tracer_pipeline, frame_latency=(double)28.919795, avg=(double)33.023693, min=(double)0.277575, max=(double)48.864863, latency=(double)12.065290, fps=(double)82.882382, frame_num=(uint)2063;
0:00:28.490386876 [32m    1[00m 0x708458001170 [37mTRACE  [00m [00;34m          GST_TRACER :0::[00m latency_tracer_pipeline, frame_latency=(double)46.844126, avg=(double)33.030389, min=(double)0.277575, max=(double)48.864863, latency=(double)12.071650, fps=(double)82.838716, frame_num=(uint)2064;
0:00:28.490417206 [32m    1[00m 0x708458001170 [37mTRACE  [00m [00;34m          GST_TRACER :0::[00m latency_tracer_pipeline, frame_latency=(double)25.444834, avg=(double)33.026716, min=(double)0.277575, max=(double)48.864863, latency=(double)12.065824, fps=(double)82.878713, frame_num=(uint)2065;
0:00:28.491384237 [32m    1[00m 0x708458001170 [37mTRACE  [00m [00;34m          GST_TRACER :0::[00m latency_tracer_pipeline, frame_latency=(double)21.608746, avg=(double)33.021189, min=(double)0.277575, max=(double)48.864863, latency=(double)12.060451, fps=(double)82.915640, frame_num=(uint)2066;
0:00:28.516477097 [32m    1[00m 0x708458001170 [37mTRACE  [00m [00;34m          GST_TRACER :0::[00m latency_tracer_pipeline, frame_latency=(double)38.944419, avg=(double)33.024055, min=(double)0.277575, max=(double)48.864863, latency=(double)12.066748, fps=(double)82.872367, frame_num=(uint)2067;
0:00:28.517016552 [32m    1[00m 0x708458001170 [37mTRACE  [00m [00;34m          GST_TRACER :0::[00m latency_tracer_pipeline, frame_latency=(double)24.023689, avg=(double)33.019702, min=(double)0.277575, max=(double)48.864863, latency=(double)12.061181, fps=(double)82.910618, frame_num=(uint)2068;
0:00:28.542432166 [32m    1[00m 0x708458001170 [37mTRACE  [00m [00;34m          GST_TRACER :0::[00m latency_tracer_pipeline, frame_latency=(double)43.887696, avg=(double)33.024955, min=(double)0.277575, max=(double)48.864863, latency=(double)12.067633, fps=(double)82.866292, frame_num=(uint)2069;
0:00:28.543531724 [32m    1[00m 0x708458001170 [37mTRACE  [00m [00;34m          GST_TRACER :0::[00m latency_tracer_pipeline, frame_latency=(double)25.956795, avg=(double)33.021541, min=(double)0.277575, max=(double)48.864863, latency=(double)12.062337, fps=(double)82.902676, frame_num=(uint)2070;
0:00:28.567535336 [32m    1[00m 0x708458001170 [37mTRACE  [00m [00;34m          GST_TRACER :0::[00m latency_tracer_pipeline, frame_latency=(double)43.759789, avg=(double)33.026726, min=(double)0.277575, max=(double)48.864863, latency=(double)12.068101, fps=(double)82.863080, frame_num=(uint)2071;
0:00:28.568517359 [32m    1[00m 0x708458001170 [37mTRACE  [00m [00;34m          GST_TRACER :0::[00m latency_tracer_pipeline, frame_latency=(double)25.754676, avg=(double)33.023216, min=(double)0.277575, max=(double)48.864863, latency=(double)12.062753, fps=(double)82.899817, frame_num=(uint)2072;
0:00:28.592513349 [32m    1[00m 0x708458001170 [37mTRACE  [00m [00;34m          GST_TRACER :0::[00m latency_tracer_pipeline, frame_latency=(double)43.996492, avg=(double)33.028509, min=(double)0.277575, max=(double)48.864863, latency=(double)12.068507, fps=(double)82.860293, frame_num=(uint)2073;
0:00:28.593542728 [32m    1[00m 0x708458001170 [37mTRACE  [00m [00;34m          GST_TRACER :0::[00m latency_tracer_pipeline, frame_latency=(double)25.585401, avg=(double)33.024921, min=(double)0.277575, max=(double)48.864863, latency=(double)12.063187, fps=(double)82.896833, frame_num=(uint)2074;
0:00:28.617959318 [32m    1[00m 0x708458001170 [37mTRACE  [00m [00;34m          GST_TRACER :0::[00m latency_tracer_pipeline, frame_latency=(double)44.841245, avg=(double)33.030615, min=(double)0.277575, max=(double)48.864863, latency=(double)12.069137, fps=(double)82.855963, frame_num=(uint)2075;
0:00:28.618871671 [32m    1[00m 0x708458001170 [37mTRACE  [00m [00;34m          GST_TRACER :0::[00m latency_tracer_pipeline, frame_latency=(double)25.986285, avg=(double)33.027222, min=(double)0.277575, max=(double)48.864863, latency=(double)12.063766, fps=(double)82.892856, frame_num=(uint)2076;
0:00:28.643025652 [32m    1[00m 0x708458001170 [37mTRACE  [00m [00;34m          GST_TRACER :0::[00m latency_tracer_pipeline, frame_latency=(double)41.332258, avg=(double)33.031221, min=(double)0.277575, max=(double)48.864863, latency=(double)12.069583, fps=(double)82.852902, frame_num=(uint)2077;
0:00:28.643980222 [32m    1[00m 0x708458001170 [37mTRACE  [00m [00;34m          GST_TRACER :0::[00m latency_tracer_pipeline, frame_latency=(double)24.570402, avg=(double)33.027149, min=(double)0.277575, max=(double)48.864863, latency=(double)12.064238, fps=(double)82.889612, frame_num=(uint)2078;
0:00:28.668569172 [32m    1[00m 0x708458001170 [37mTRACE  [00m [00;34m          GST_TRACER :0::[00m latency_tracer_pipeline, frame_latency=(double)44.737270, avg=(double)33.032782, min=(double)0.277575, max=(double)48.864863, latency=(double)12.070260, fps=(double)82.848257, frame_num=(uint)2079;
0:00:28.669615411 [32m    1[00m 0x708458001170 [37mTRACE  [00m [00;34m          GST_TRACER :0::[00m latency_tracer_pipeline, frame_latency=(double)26.149137, avg=(double)33.029472, min=(double)0.277575, max=(double)48.864863, latency=(double)12.064962, fps=(double)82.884639, frame_num=(uint)2080;
0:00:28.669632748 [32m    1[00m 0x708458001170 [37mTRACE  [00m [00;34m          GST_TRACER :0::[00m latency_tracer_pipeline, frame_latency=(double)20.057174, avg=(double)33.023238, min=(double)0.277575, max=(double)48.864863, latency=(double)12.059175, fps=(double)82.924412, frame_num=(uint)2081;
0:00:28.693490873 [32m    1[00m 0x708458001170 [37mTRACE  [00m [00;34m          GST_TRACER :0::[00m latency_tracer_pipeline, frame_latency=(double)39.597190, avg=(double)33.026396, min=(double)0.277575, max=(double)48.864863, latency=(double)12.064839, fps=(double)82.885485, frame_num=(uint)2082;
FpsCounter(average 22.19sec): total=329.01 fps, number-streams=4, per-stream=82.25 fps (82.41, 82.18, 82.18, 82.23)
0:00:28.694368234 [32m    1[00m 0x708458001170 [37mTRACE  [00m [00;34m          GST_TRACER :0::[00m latency_tracer_pipeline, frame_latency=(double)22.934445, avg=(double)33.021551, min=(double)0.277575, max=(double)48.864863, latency=(double)12.059469, fps=(double)82.922389, frame_num=(uint)2083;
0:00:28.719374341 [32m    1[00m 0x708458001170 [37mTRACE  [00m [00;34m          GST_TRACER :0::[00m latency_tracer_pipeline, frame_latency=(double)42.265728, avg=(double)33.025987, min=(double)0.277575, max=(double)48.864863, latency=(double)12.065678, fps=(double)82.879717, frame_num=(uint)2084;
0:00:28.719982910 [32m    1[00m 0x708458001170 [37mTRACE  [00m [00;34m          GST_TRACER :0::[00m latency_tracer_pipeline, frame_latency=(double)23.892137, avg=(double)33.021606, min=(double)0.277575, max=(double)48.864863, latency=(double)12.060187, fps=(double)82.917451, frame_num=(uint)2085;
*** longjmp causes uninitialized stack frame ***: terminated
*** longjmp causes uninitialized stack frame ***: terminated
*** longjmp causes uninitialized stack frame ***: terminated
*** longjmp causes uninitialized stack frame ***: terminated
*** longjmp causes uninitialized stack frame ***: terminated
*** longjmp causes uninitialized stack frame ***: terminated
*** longjmp causes uninitialized stack frame ***: terminated
*** longjmp causes uninitialized stack frame ***: terminated
*** longjmp causes uninitialized stack frame ***: terminated
*** longjmp causes uninitialized stack frame ***: terminated
*** longjmp causes uninitialized stack frame ***: terminated
*** longjmp causes uninitialized stack frame ***: terminated
*** longjmp causes uninitialized stack frame ***: terminated
*** longjmp causes uninitialized stack frame ***: terminated
*** longjmp causes uninitialized stack frame ***: terminated
*** longjmp causes uninitialized stack frame ***: terminated
*** longjmp causes uninitialized stack frame ***: terminated
*** longjmp causes uninitialized stack frame ***: terminated
*** longjmp causes uninitialized stack frame ***: terminated
*** longjmp causes uninitialized stack frame ***: terminated
*** longjmp causes uninitialized stack frame ***: terminated
*** longjmp causes uninitialized stack frame ***: terminated
*** longjmp causes uninitialized stack frame ***: terminated
*** longjmp causes uninitialized stack frame ***: terminated
*** longjmp causes uninitialized stack frame ***: terminated
*** longjmp causes uninitialized stack frame ***: terminated
*** longjmp causes uninitialized stack frame ***: terminated
*** longjmp causes uninitialized stack frame ***: terminated
*** longjmp causes uninitialized stack frame ***: terminated
*** longjmp causes uninitialized stack frame ***: terminated
*** longjmp causes uninitialized stack frame ***: terminated
*** longjmp causes uninitialized stack frame ***: terminated
*** longjmp causes uninitialized stack frame ***: terminated
*** longjmp causes uninitialized stack frame ***: terminated
*** longjmp causes uninitialized stack frame ***: terminated
*** longjmp causes uninitialized stack frame ***: terminated
*** longjmp causes uninitialized stack frame ***: terminated
*** longjmp causes uninitialized stack frame ***: terminated
*** longjmp causes uninitialized stack frame ***: terminated
*** longjmp causes uninitialized stack frame ***: terminated
*** longjmp causes uninitialized stack frame ***: terminated
*** longjmp causes uninitialized stack frame ***: terminated
*** longjmp causes uninitialized stack frame ***: terminated
*** longjmp causes uninitialized stack frame ***: terminated
*** longjmp causes uninitialized stack frame ***: terminated
*** longjmp causes uninitialized stack frame ***: terminated
*** longjmp causes uninitialized stack frame ***: terminated
*** longjmp causes uninitialized stack frame ***: terminated
*** longjmp causes uninitialized stack frame ***: terminated
*** longjmp causes uninitialized stack frame ***: terminated
*** longjmp causes uninitialized stack frame ***: terminated
*** longjmp causes uninitialized stack frame ***: terminated
*** longjmp causes uninitialized stack frame ***: terminated
*** longjmp causes uninitialized stack frame ***: terminated
*** longjmp causes uninitialized stack frame ***: terminated
*** longjmp causes uninitialized stack frame ***: terminated
*** longjmp causes uninitialized stack frame ***: terminated
*** longjmp causes uninitialized stack frame ***: terminated
*** longjmp causes uninitialized stack frame ***: terminated
*** longjmp causes uninitialized stack frame ***: terminated
*** longjmp causes uninitialized stack frame ***: terminated
*** longjmp causes uninitialized stack frame ***: terminated
*** longjmp causes uninitialized stack frame ***: terminated
*** longjmp causes uninitialized stack frame ***: terminated
*** longjmp causes uninitialized stack frame ***: terminated
*** longjmp causes uninitialized stack frame ***: terminated
*** longjmp causes uninitialized stack frame ***: terminated
*** longjmp causes uninitialized stack frame ***: terminated
*** longjmp causes uninitialized stack frame ***: terminated
*** longjmp causes uninitialized stack frame ***: terminated
*** longjmp causes uninitialized stack frame ***: terminated
*** longjmp causes uninitialized stack frame ***: terminated
*** longjmp causes uninitialized stack frame ***: terminated
*** longjmp causes uninitialized stack frame ***: terminated
*** longjmp causes uninitialized stack frame ***: terminated
*** longjmp causes uninitialized stack frame ***: terminated
*** longjmp causes uninitialized stack frame ***: terminated
*** longjmp causes uninitialized stack frame ***: terminated
*** longjmp causes uninitialized stack frame ***: terminated
*** longjmp causes uninitialized stack frame ***: terminated
*** longjmp causes uninitialized stack frame ***: terminated
*** longjmp causes uninitialized stack frame ***: terminated
*** longjmp causes uninitialized stack frame ***: terminated
*** longjmp causes uninitialized stack frame ***: terminated
*** longjmp causes uninitialized stack frame ***: terminated
*** longjmp causes uninitialized stack frame ***: terminated
*** longjmp causes uninitialized stack frame ***: terminated
*** longjmp causes uninitialized stack frame ***: terminated
*** longjmp causes uninitialized stack frame ***: terminated
*** longjmp causes uninitialized stack frame ***: terminated
*** longjmp causes uninitialized stack frame ***: terminated
*** longjmp causes uninitialized stack frame ***: terminated
*** longjmp causes uninitialized stack frame ***: terminated
*** longjmp causes uninitialized stack frame ***: terminated
*** longjmp causes uninitialized stack frame ***: terminated
*** longjmp causes uninitialized stack frame ***: terminated
*** longjmp causes uninitialized stack frame ***: terminated
*** longjmp causes uninitialized stack frame ***: terminated
*** longjmp causes uninitialized stack frame ***: terminated
*** longjmp causes uninitialized stack frame ***: terminated
*** longjmp causes uninitialized stack frame ***: terminated
*** longjmp causes uninitialized stack frame ***: terminated
*** longjmp causes uninitialized stack frame ***: terminated
*** longjmp causes uninitialized stack frame ***: terminated
*** longjmp causes uninitialized stack frame ***: terminated
*** longjmp causes uninitialized stack frame ***: terminated
*** longjmp causes uninitialized stack frame ***: terminated
*** longjmp causes uninitialized stack frame ***: terminated
*** longjmp causes uninitialized stack frame ***: terminated
*** longjmp causes uninitialized stack frame ***: terminated
*** longjmp causes uninitialized stack frame ***: terminated
*** longjmp causes uninitialized stack frame ***: terminated
*** longjmp causes uninitialized stack frame ***: terminated
*** longjmp causes uninitialized stack frame ***: terminated
*** longjmp causes uninitialized stack frame ***: terminated
*** longjmp causes uninitialized stack frame ***: terminated
*** longjmp causes uninitialized stack frame ***: terminated
*** longjmp causes uninitialized stack frame ***: terminated
*** longjmp causes uninitialized stack frame ***: terminated
*** longjmp causes uninitialized stack frame ***: terminated
*** longjmp causes uninitialized stack frame ***: terminated
*** longjmp causes uninitialized stack frame ***: terminated
*** longjmp causes uninitialized stack frame ***: terminated
*** longjmp causes uninitialized stack frame ***: terminated
*** longjmp causes uninitialized stack frame ***: terminated
*** longjmp causes uninitialized stack frame ***: terminated
*** longjmp causes uninitialized stack frame ***: terminated
*** longjmp causes uninitialized stack frame ***: terminated
*** longjmp causes uninitialized stack frame ***: terminated
*** longjmp causes uninitialized stack frame ***: terminated
*** longjmp causes uninitialized stack frame ***: terminated
*** longjmp causes uninitialized stack frame ***: terminated
*** longjmp causes uninitialized stack frame ***: terminated
*** longjmp causes uninitialized stack frame ***: terminated
*** longjmp causes uninitialized stack frame ***: terminated
*** longjmp causes uninitialized stack frame ***: terminated
*** longjmp causes uninitialized stack frame ***: terminated
*** longjmp causes uninitialized stack frame ***: terminated
*** longjmp causes uninitialized stack frame ***: terminated
*** longjmp causes uninitialized stack frame ***: terminated
*** longjmp causes uninitialized stack frame ***: terminated
*** longjmp causes uninitialized stack frame ***: terminated
*** longjmp causes uninitialized stack frame ***: terminated
*** longjmp causes uninitialized stack frame ***: terminated
*** longjmp causes uninitialized stack frame ***: terminated
*** longjmp causes uninitialized stack frame ***: terminated
*** longjmp causes uninitialized stack frame ***: terminated
*** longjmp causes uninitialized stack frame ***: terminated
*** longjmp causes uninitialized stack frame ***: terminated
*** longjmp causes uninitialized stack frame ***: terminated
*** longjmp causes uninitialized stack frame ***: terminated
*** longjmp causes uninitialized stack frame ***: terminated
*** longjmp causes uninitialized stack frame ***: terminated
*** longjmp causes uninitialized stack frame ***: terminated
*** longjmp causes uninitialized stack frame ***: terminated
*** longjmp causes uninitialized stack frame ***: terminated
*** longjmp causes uninitialized stack frame ***: terminated
*** longjmp causes uninitialized stack frame ***: terminated
*** longjmp causes uninitialized stack frame ***: terminated
*** longjmp causes uninitialized stack frame ***: terminated
*** longjmp causes uninitialized stack frame ***: terminated
*** longjmp causes uninitialized stack frame ***: terminated
*** longjmp causes uninitialized stack frame ***: terminated
*** longjmp causes uninitialized stack frame ***: terminated
*** longjmp causes uninitialized stack frame ***: terminated
*** longjmp causes uninitialized stack frame ***: terminated
*** longjmp causes uninitialized stack frame ***: terminated
*** longjmp causes uninitialized stack frame ***: terminated
*** longjmp causes uninitialized stack frame ***: terminated
*** longjmp causes uninitialized stack frame ***: terminated
*** longjmp causes uninitialized stack frame ***: terminated
*** longjmp causes uninitialized stack frame ***: terminated
*** longjmp causes uninitialized stack frame ***: terminated
*** longjmp causes uninitialized stack frame ***: terminated
*** longjmp causes uninitialized stack frame ***: terminated
*** longjmp causes uninitialized stack frame ***: terminated
*** longjmp causes uninitialized stack frame ***: terminated
*** longjmp causes uninitialized stack frame ***: terminated
*** longjmp causes uninitialized stack frame ***: terminated
*** longjmp causes uninitialized stack frame ***: terminated
*** longjmp causes uninitialized stack frame ***: terminated
*** longjmp causes uninitialized stack frame ***: terminated
*** longjmp causes uninitialized stack frame ***: terminated
*** longjmp causes uninitialized stack frame ***: terminated
*** longjmp causes uninitialized stack frame ***: terminated
*** longjmp causes uninitialized stack frame ***: terminated
*** longjmp causes uninitialized stack frame ***: terminated
*** longjmp causes uninitialized stack frame ***: terminated
*** longjmp causes uninitialized stack frame ***: terminated
*** longjmp causes uninitialized stack frame ***: terminated
*** longjmp causes uninitialized stack frame ***: terminated
*** longjmp causes uninitialized stack frame ***: terminated
*** longjmp causes uninitialized stack frame ***: terminated
*** longjmp causes uninitialized stack frame ***: terminated
*** longjmp causes uninitialized stack frame ***: terminated
*** longjmp causes uninitialized stack frame ***: terminated
*** longjmp causes uninitialized stack frame ***: terminated
*** longjmp causes uninitialized stack frame ***: terminated
*** longjmp causes uninitialized stack frame ***: terminated
*** longjmp causes uninitialized stack frame ***: terminated
*** longjmp causes uninitialized stack frame ***: terminated
*** longjmp causes uninitialized stack frame ***: terminated
*** longjmp causes uninitialized stack frame ***: terminated
*** longjmp causes uninitialized stack frame ***: terminated
*** longjmp causes uninitialized stack frame ***: terminated
*** longjmp causes uninitialized stack frame ***: terminated
*** longjmp causes uninitialized stack frame ***: terminated
*** longjmp causes uninitialized stack frame ***: terminated
*** longjmp causes uninitialized stack frame ***: terminated
*** longjmp causes uninitialized stack frame ***: terminated
*** longjmp causes uninitialized stack frame ***: terminated
*** longjmp causes uninitialized stack frame ***: terminated
*** longjmp causes uninitialized stack frame ***: terminated
*** longjmp causes uninitialized stack frame ***: terminated
*** longjmp causes uninitialized stack frame ***: terminated
*** longjmp causes uninitialized stack frame ***: terminated
*** longjmp causes uninitialized stack frame ***: terminated
*** longjmp causes uninitialized stack frame ***: terminated
*** longjmp causes uninitialized stack frame ***: terminated
*** longjmp causes uninitialized stack frame ***: terminated
*** longjmp causes uninitialized stack frame ***: terminated
*** longjmp causes uninitialized stack frame ***: terminated
*** longjmp causes uninitialized stack frame ***: terminated
*** longjmp causes uninitialized stack frame ***: terminated
*** longjmp causes uninitialized stack frame ***: terminated
*** longjmp causes uninitialized stack frame ***: terminated
*** longjmp causes uninitialized stack frame ***: terminated
*** longjmp causes uninitialized stack frame ***: terminated
*** longjmp causes uninitialized stack frame ***: terminated
*** longjmp causes uninitialized stack frame ***: terminated
*** longjmp causes uninitialized stack frame ***: terminated
*** longjmp causes uninitialized stack frame ***: terminated
*** longjmp causes uninitialized stack frame ***: terminated
*** longjmp causes uninitialized stack frame ***: terminated
*** longjmp causes uninitialized stack frame ***: terminated
*** longjmp causes uninitialized stack frame ***: terminated
*** longjmp causes uninitialized stack frame ***: terminated
*** longjmp causes uninitialized stack frame ***: terminated
*** longjmp causes uninitialized stack frame ***: terminated
*** longjmp causes uninitialized stack frame ***: terminated
*** longjmp causes uninitialized stack frame ***: terminated
*** longjmp causes uninitialized stack frame ***: terminated
*** longjmp causes uninitialized stack frame ***: terminated
*** longjmp causes uninitialized stack frame ***: terminated
*** longjmp causes uninitialized stack frame ***: terminated
*** longjmp causes uninitialized stack frame ***: terminated
*** longjmp causes uninitialized stack frame ***: terminated
*** longjmp causes uninitialized stack frame ***: terminated
*** longjmp causes uninitialized stack frame ***: terminated
*** longjmp causes uninitialized stack frame ***: terminated
*** longjmp causes uninitialized stack frame ***: terminated
*** longjmp causes uninitialized stack frame ***: terminated
*** longjmp causes uninitialized stack frame ***: terminated
*** longjmp causes uninitialized stack frame ***: terminated
*** longjmp causes uninitialized stack frame ***: terminated
*** longjmp causes uninitialized stack frame ***: terminated
*** longjmp causes uninitialized stack frame ***: terminated
*** longjmp causes uninitialized stack frame ***: terminated
*** longjmp causes uninitialized stack frame ***: terminated
*** longjmp causes uninitialized stack frame ***: terminated
*** longjmp causes uninitialized stack frame ***: terminated
*** longjmp causes uninitialized stack frame ***: terminated
*** longjmp causes uninitialized stack frame ***: terminated
*** longjmp causes uninitialized stack frame ***: terminated
*** longjmp causes uninitialized stack frame ***: terminated
*** longjmp causes uninitialized stack frame ***: terminated
*** longjmp causes uninitialized stack frame ***: terminated
*** longjmp causes uninitialized stack frame ***: terminated
*** longjmp causes uninitialized stack frame ***: terminated
*** longjmp causes uninitialized stack frame ***: terminated
*** longjmp causes uninitialized stack frame ***: terminated
*** longjmp causes uninitialized stack frame ***: terminated
*** longjmp causes uninitialized stack frame ***: terminated
*** longjmp causes uninitialized stack frame ***: terminated
*** longjmp causes uninitialized stack frame ***: terminated
*** longjmp causes uninitialized stack frame ***: terminated
*** longjmp causes uninitialized stack frame ***: terminated
*** longjmp causes uninitialized stack frame ***: terminated
*** longjmp causes uninitialized stack frame ***: terminated
*** longjmp causes uninitialized stack frame ***: terminated
*** longjmp causes uninitialized stack frame ***: terminated
*** longjmp causes uninitialized stack frame ***: terminated
*** longjmp causes uninitialized stack frame ***: terminated
*** longjmp causes uninitialized stack frame ***: terminated
*** longjmp causes uninitialized stack frame ***: terminated
*** longjmp causes uninitialized stack frame ***: terminated
*** longjmp causes uninitialized stack frame ***: terminated
*** longjmp causes uninitialized stack frame ***: terminated
*** longjmp causes uninitialized stack frame ***: terminated
*** longjmp causes uninitialized stack frame ***: terminated
*** longjmp causes uninitialized stack frame ***: terminated
*** longjmp causes uninitialized stack frame ***: terminated
*** longjmp causes uninitialized stack frame ***: terminated
*** longjmp causes uninitialized stack frame ***: terminated
*** longjmp causes uninitialized stack frame ***: terminated
*** longjmp causes uninitialized stack frame ***: terminated
*** longjmp causes uninitialized stack frame ***: terminated
*** longjmp causes uninitialized stack frame ***: terminated
*** longjmp causes uninitialized stack frame ***: terminated
*** longjmp causes uninitialized stack frame ***: terminated
*** longjmp causes uninitialized stack frame ***: terminated
*** longjmp causes uninitialized stack frame ***: terminated
*** longjmp causes uninitialized stack frame ***: terminated
*** longjmp causes uninitialized stack frame ***: terminated
*** longjmp causes uninitialized stack frame ***: terminated
*** longjmp causes uninitialized stack frame ***: terminated
*** longjmp causes uninitialized stack frame ***: terminated
*** longjmp causes uninitialized stack frame ***: terminated
*** longjmp causes uninitialized stack frame ***: terminated
*** longjmp causes uninitialized stack frame ***: terminated
*** longjmp causes uninitialized stack frame ***: terminated
*** longjmp causes uninitialized stack frame ***: terminated
*** longjmp causes uninitialized stack frame ***: terminated
*** longjmp causes uninitialized stack frame ***: terminated
*** longjmp causes uninitialized stack frame ***: terminated
*** longjmp causes uninitialized stack frame ***: terminated
*** longjmp causes uninitialized stack frame ***: terminated
*** longjmp causes uninitialized stack frame ***: terminated
*** longjmp causes uninitialized stack frame ***: terminated
*** longjmp causes uninitialized stack frame ***: terminated
*** longjmp causes uninitialized stack frame ***: terminated
*** longjmp causes uninitialized stack frame ***: terminated
*** longjmp causes uninitialized stack frame ***: terminated
*** longjmp causes uninitialized stack frame ***: terminated
*** longjmp causes uninitialized stack frame ***: terminated
*** longjmp causes uninitialized stack frame ***: terminated
*** longjmp causes uninitialized stack frame ***: terminated
*** longjmp causes uninitialized stack frame ***: terminated
*** longjmp causes uninitialized stack frame ***: terminated
*** longjmp causes uninitialized stack frame ***: terminated
*** longjmp causes uninitialized stack frame ***: terminated
*** longjmp causes uninitialized stack frame ***: terminated
*** longjmp causes uninitialized stack frame ***: terminated
*** longjmp causes uninitialized stack frame ***: terminated
*** longjmp causes uninitialized stack frame ***: terminated
*** longjmp causes uninitialized stack frame ***: terminated
*** longjmp causes uninitialized stack frame ***: terminated
*** longjmp causes uninitialized stack frame ***: terminated
*** longjmp causes uninitialized stack frame ***: terminated
*** longjmp causes uninitialized stack frame ***: terminated
*** longjmp causes uninitialized stack frame ***: terminated
*** longjmp causes uninitialized stack frame ***: terminated
*** longjmp causes uninitialized stack frame ***: terminated
*** longjmp causes uninitialized stack frame ***: terminated
*** longjmp causes uninitialized stack frame ***: terminated
*** longjmp causes uninitialized stack frame ***: terminated
*** longjmp causes uninitialized stack frame ***: terminated
*** longjmp causes uninitialized stack frame ***: terminated
*** longjmp causes uninitialized stack frame ***: terminated
*** longjmp causes uninitialized stack frame ***: terminated
*** longjmp causes uninitialized stack frame ***: terminated
*** longjmp causes uninitialized stack frame ***: terminated
*** longjmp causes uninitialized stack frame ***: terminated
*** longjmp causes uninitialized stack frame ***: terminated
*** longjmp causes uninitialized stack frame ***: terminated
*** longjmp causes uninitialized stack frame ***: terminated
*** longjmp causes uninitialized stack frame ***: terminated
*** longjmp causes uninitialized stack frame ***: terminated
*** longjmp causes uninitialized stack frame ***: terminated
*** longjmp causes uninitialized stack frame ***: terminated
*** longjmp causes uninitialized stack frame ***: terminated
*** longjmp causes uninitialized stack frame ***: terminated
*** longjmp causes uninitialized stack frame ***: terminated
*** longjmp causes uninitialized stack frame ***: terminated
*** longjmp causes uninitialized stack frame ***: terminated
*** longjmp causes uninitialized stack frame ***: terminated
*** longjmp causes uninitialized stack frame ***: terminated
*** longjmp causes uninitialized stack frame ***: terminated
*** longjmp causes uninitialized stack frame ***: terminated
*** longjmp causes uninitialized stack frame ***: terminated
*** longjmp causes uninitialized stack frame ***: terminated
*** longjmp causes uninitialized stack frame ***: terminated
*** longjmp causes uninitialized stack frame ***: terminated
*** longjmp causes uninitialized stack frame ***: terminated
*** longjmp causes uninitialized stack frame ***: terminated
*** longjmp causes uninitialized stack frame ***: terminated
*** longjmp causes uninitialized stack frame ***: terminated
*** longjmp causes uninitialized stack frame ***: terminated
*** longjmp causes uninitialized stack frame ***: terminated
*** longjmp causes uninitialized stack frame ***: terminated
*** longjmp causes uninitialized stack frame ***: terminated
*** longjmp causes uninitialized stack frame ***: terminated
*** longjmp causes uninitialized stack frame ***: terminated
*** longjmp causes uninitialized stack frame ***: terminated
*** longjmp causes uninitialized stack frame ***: terminated
*** longjmp causes uninitialized stack frame ***: terminated
*** longjmp causes uninitialized stack frame ***: terminated
*** longjmp causes uninitialized stack frame ***: terminated
*** longjmp causes uninitialized stack frame ***: terminated
*** longjmp causes uninitialized stack frame ***: terminated
*** longjmp causes uninitialized stack frame ***: terminated
*** longjmp causes uninitialized stack frame ***: terminated
*** longjmp causes uninitialized stack frame ***: terminated
*** longjmp causes uninitialized stack frame ***: terminated
*** longjmp causes uninitialized stack frame ***: terminated
*** longjmp causes uninitialized stack frame ***: terminated
*** longjmp causes uninitialized stack frame ***: terminated
*** longjmp causes uninitialized stack frame ***: terminated
*** longjmp causes uninitialized stack frame ***: terminated
*** longjmp causes uninitialized stack frame ***: terminated
*** longjmp causes uninitialized stack frame ***: terminated
*** longjmp causes uninitialized stack frame ***: terminated
*** longjmp causes uninitialized stack frame ***: terminated
*** longjmp causes uninitialized stack frame ***: terminated
*** longjmp causes uninitialized stack frame ***: terminated
*** longjmp causes uninitialized stack frame ***: terminated
*** longjmp causes uninitialized stack frame ***: terminated
*** longjmp causes uninitialized stack frame ***: terminated
*** longjmp causes uninitialized stack frame ***: terminated
*** longjmp causes uninitialized stack frame ***: terminated
*** longjmp causes uninitialized stack frame ***: terminated
*** longjmp causes uninitialized stack frame ***: terminated
*** longjmp causes uninitialized stack frame ***: terminated
*** longjmp causes uninitialized stack frame ***: terminated
*** longjmp causes uninitialized stack frame ***: terminated
*** longjmp causes uninitialized stack frame ***: terminated
*** longjmp causes uninitialized stack frame ***: terminated
*** longjmp causes uninitialized stack frame ***: terminated
*** longjmp causes uninitialized stack frame ***: terminated
*** longjmp causes uninitialized stack frame ***: terminated
*** longjmp causes uninitialized stack frame ***: terminated
*** longjmp causes uninitialized stack frame ***: terminated
*** longjmp causes uninitialized stack frame ***: terminated
*** longjmp causes uninitialized stack frame ***: terminated
*** longjmp causes uninitialized stack frame ***: terminated
*** longjmp causes uninitialized stack frame ***: terminated
*** longjmp causes uninitialized stack frame ***: terminated
*** longjmp causes uninitialized stack frame ***: terminated
*** longjmp causes uninitialized stack frame ***: terminated
*** longjmp causes uninitialized stack frame ***: terminated
*** longjmp causes uninitialized stack frame ***: terminated
*** longjmp causes uninitialized stack frame ***: terminated
*** longjmp causes uninitialized stack frame ***: terminated
*** longjmp causes uninitialized stack frame ***: terminated
*** longjmp causes uninitialized stack frame ***: terminated
*** longjmp causes uninitialized stack frame ***: terminated
*** longjmp causes uninitialized stack frame ***: terminated
*** longjmp causes uninitialized stack frame ***: terminated
*** longjmp causes uninitialized stack frame ***: terminated
*** longjmp causes uninitialized stack frame ***: terminated
*** longjmp causes uninitialized stack frame ***: terminated
*** longjmp causes uninitialized stack frame ***: terminated
*** longjmp causes uninitialized stack frame ***: terminated
*** longjmp causes uninitialized stack frame ***: terminated
*** longjmp causes uninitialized stack frame ***: terminated
*** longjmp causes uninitialized stack frame ***: terminated
*** longjmp causes uninitialized stack frame ***: terminated
*** longjmp causes uninitialized stack frame ***: terminated
*** longjmp causes uninitialized stack frame ***: terminated
*** longjmp causes uninitialized stack frame ***: terminated
*** longjmp causes uninitialized stack frame ***: terminated
*** longjmp causes uninitialized stack frame ***: terminated
*** longjmp causes uninitialized stack frame ***: terminated
*** longjmp causes uninitialized stack frame ***: terminated
*** longjmp causes uninitialized stack frame ***: terminated
*** longjmp causes uninitialized stack frame ***: terminated
*** longjmp causes uninitialized stack frame ***: terminated
*** longjmp causes uninitialized stack frame ***: terminated
*** longjmp causes uninitialized stack frame ***: terminated
*** longjmp causes uninitialized stack frame ***: terminated
*** longjmp causes uninitialized stack frame ***: terminated
*** longjmp causes uninitialized stack frame ***: terminated
*** longjmp causes uninitialized stack frame ***: terminated
*** longjmp causes uninitialized stack frame ***: terminated
*** longjmp causes uninitialized stack frame ***: terminated
*** longjmp causes uninitialized stack frame ***: terminated
*** longjmp causes uninitialized stack frame ***: terminated
*** longjmp causes uninitialized stack frame ***: terminated
*** longjmp causes uninitialized stack frame ***: terminated
*** longjmp causes uninitialized stack frame ***: terminated
*** longjmp causes uninitialized stack frame ***: terminated
*** longjmp causes uninitialized stack frame ***: terminated
*** longjmp causes uninitialized stack frame ***: terminated
*** longjmp causes uninitialized stack frame ***: terminated
*** longjmp causes uninitialized stack frame ***: terminated
*** longjmp causes uninitialized stack frame ***: terminated
*** longjmp causes uninitialized stack frame ***: terminated
*** longjmp causes uninitialized stack frame ***: terminated
*** longjmp causes uninitialized stack frame ***: terminated
*** longjmp causes uninitialized stack frame ***: terminated
*** longjmp causes uninitialized stack frame ***: terminated
*** longjmp causes uninitialized stack frame ***: terminated
*** longjmp causes uninitialized stack frame ***: terminated
*** longjmp causes uninitialized stack frame ***: terminated
*** longjmp causes uninitialized stack frame ***: terminated
*** longjmp causes uninitialized stack frame ***: terminated
*** longjmp causes uninitialized stack frame ***: terminated
*** longjmp causes uninitialized stack frame ***: terminated
*** longjmp causes uninitialized stack frame ***: terminated
*** longjmp causes uninitialized stack frame ***: terminated
*** longjmp causes uninitialized stack frame ***: terminated
*** longjmp causes uninitialized stack frame ***: terminated
*** longjmp causes uninitialized stack frame ***: terminated
*** longjmp causes uninitialized stack frame ***: terminated
*** longjmp causes uninitialized stack frame ***: terminated
*** longjmp causes uninitialized stack frame ***: terminated
*** longjmp causes uninitialized stack frame ***: terminated
*** longjmp causes uninitialized stack frame ***: terminated
*** longjmp causes uninitialized stack frame ***: terminated
*** longjmp causes uninitialized stack frame ***: terminated
*** longjmp causes uninitialized stack frame ***: terminated
*** longjmp causes uninitialized stack frame ***: terminated
*** longjmp causes uninitialized stack frame ***: terminated
*** longjmp causes uninitialized stack frame ***: terminated
*** longjmp causes uninitialized stack frame ***: terminated
*** longjmp causes uninitialized stack frame ***: terminated
*** longjmp causes uninitialized stack frame ***: terminated
*** longjmp causes uninitialized stack frame ***: terminated
*** longjmp causes uninitialized stack frame ***: terminated
*** longjmp causes uninitialized stack frame ***: terminated
*** longjmp causes uninitialized stack frame ***: terminated
*** longjmp causes uninitialized stack frame ***: terminated
*** longjmp causes uninitialized stack frame ***: terminated
*** longjmp causes uninitialized stack frame ***: terminated
*** longjmp causes uninitialized stack frame ***: terminated
*** longjmp causes uninitialized stack frame ***: terminated
*** longjmp causes uninitialized stack frame ***: terminated
*** longjmp causes uninitialized stack frame ***: terminated
*** longjmp causes uninitialized stack frame ***: terminated
*** longjmp causes uninitialized stack frame ***: terminated
*** longjmp causes uninitialized stack frame ***: terminated
*** longjmp causes uninitialized stack frame ***: terminated
*** longjmp causes uninitialized stack frame ***: terminated
*** longjmp causes uninitialized stack frame ***: terminated
*** longjmp causes uninitialized stack frame ***: terminated
*** longjmp causes uninitialized stack frame ***: terminated
*** longjmp causes uninitialized stack frame ***: terminated
*** longjmp causes uninitialized stack frame ***: terminated
*** longjmp causes uninitialized stack frame ***: terminated
*** longjmp causes uninitialized stack frame ***: terminated
*** longjmp causes uninitialized stack frame ***: terminated
*** longjmp causes uninitialized stack frame ***: terminated
*** longjmp causes uninitialized stack frame ***: terminated
*** longjmp causes uninitialized stack frame ***: terminated
*** longjmp causes uninitialized stack frame ***: terminated
*** longjmp causes uninitialized stack frame ***: terminated
*** longjmp causes uninitialized stack frame ***: terminated
*** longjmp causes uninitialized stack frame ***: terminated
*** longjmp causes uninitialized stack frame ***: terminated
*** longjmp causes uninitialized stack frame ***: terminated
*** longjmp causes uninitialized stack frame ***: terminated
*** longjmp causes uninitialized stack frame ***: terminated
*** longjmp causes uninitialized stack frame ***: terminated
*** longjmp causes uninitialized stack frame ***: terminated
*** longjmp causes uninitialized stack frame ***: terminated
*** longjmp causes uninitialized stack frame ***: terminated
*** longjmp causes uninitialized stack frame ***: terminated
*** longjmp causes uninitialized stack frame ***: terminated
*** longjmp causes uninitialized stack frame ***: terminated
*** longjmp causes uninitialized stack frame ***: terminated
*** longjmp causes uninitialized stack frame ***: terminated
*** longjmp causes uninitialized stack frame ***: terminated
*** longjmp causes uninitialized stack frame ***: terminated
*** longjmp causes uninitialized stack frame ***: terminated
*** longjmp causes uninitialized stack frame ***: terminated
*** longjmp causes uninitialized stack frame ***: terminated
*** longjmp causes uninitialized stack frame ***: terminated
*** longjmp causes uninitialized stack frame ***: terminated
*** longjmp causes uninitialized stack frame ***: terminated
*** longjmp causes uninitialized stack frame ***: terminated
*** longjmp causes uninitialized stack frame ***: terminated
*** longjmp causes uninitialized stack frame ***: terminated
*** longjmp causes uninitialized stack frame ***: terminated
*** longjmp causes uninitialized stack frame ***: terminated
*** longjmp causes uninitialized stack frame ***: terminated
*** longjmp causes uninitialized stack frame ***: terminated
*** longjmp causes uninitialized stack frame ***: terminated
*** longjmp causes uninitialized stack frame ***: terminated
*** longjmp causes uninitialized stack frame ***: terminated
*** longjmp causes uninitialized stack frame ***: terminated
*** longjmp causes uninitialized stack frame ***: terminated
*** longjmp causes uninitialized stack frame ***: terminated
*** longjmp causes uninitialized stack frame ***: terminated
*** longjmp causes uninitialized stack frame ***: terminated
*** longjmp causes uninitialized stack frame ***: terminated
*** longjmp causes uninitialized stack frame ***: terminated
*** longjmp causes uninitialized stack frame ***: terminated
*** longjmp causes uninitialized stack frame ***: terminated
*** longjmp causes uninitialized stack frame ***: terminated
*** longjmp causes uninitialized stack frame ***: terminated
*** longjmp causes uninitialized stack frame ***: terminated
*** longjmp causes uninitialized stack frame ***: terminated
*** longjmp causes uninitialized stack frame ***: terminated
*** longjmp causes uninitialized stack frame ***: terminated
*** longjmp causes uninitialized stack frame ***: terminated
*** longjmp causes uninitialized stack frame ***: terminated
*** longjmp causes uninitialized stack frame ***: terminated
*** longjmp causes uninitialized stack frame ***: terminated
*** longjmp causes uninitialized stack frame ***: terminated
*** longjmp causes uninitialized stack frame ***: terminated
*** longjmp causes uninitialized stack frame ***: terminated
*** longjmp causes uninitialized stack frame ***: terminated
*** longjmp causes uninitialized stack frame ***: terminated
*** longjmp causes uninitialized stack frame ***: terminated
*** longjmp causes uninitialized stack frame ***: terminated
*** longjmp causes uninitialized stack frame ***: terminated
*** longjmp causes uninitialized stack frame ***: terminated
*** longjmp causes uninitialized stack frame ***: terminated
*** longjmp causes uninitialized stack frame ***: terminated
*** longjmp causes uninitialized stack frame ***: terminated
*** longjmp causes uninitialized stack frame ***: terminated
*** longjmp causes uninitialized stack frame ***: terminated
*** longjmp causes uninitialized stack frame ***: terminated
*** longjmp causes uninitialized stack frame ***: terminated
*** longjmp causes uninitialized stack frame ***: terminated
*** longjmp causes uninitialized stack frame ***: terminated
*** longjmp causes uninitialized stack frame ***: terminated
*** longjmp causes uninitialized stack frame ***: terminated
*** longjmp causes uninitialized stack frame ***: terminated
*** longjmp causes uninitialized stack frame ***: terminated
*** longjmp causes uninitialized stack frame ***: terminated
*** longjmp causes uninitialized stack frame ***: terminated
*** longjmp causes uninitialized stack frame ***: terminated
*** longjmp causes uninitialized stack frame ***: terminated
*** longjmp causes uninitialized stack frame ***: terminated
*** longjmp causes uninitialized stack frame ***: terminated
*** longjmp causes uninitialized stack frame ***: terminated
*** longjmp causes uninitialized stack frame ***: terminated
*** longjmp causes uninitialized stack frame ***: terminated
*** longjmp causes uninitialized stack frame ***: terminated
*** longjmp causes uninitialized stack frame ***: terminated
*** longjmp causes uninitialized stack frame ***: terminated
*** longjmp causes uninitialized stack frame ***: terminated
*** longjmp causes uninitialized stack frame ***: terminated
*** longjmp causes uninitialized stack frame ***: terminated
*** longjmp causes uninitialized stack frame ***: terminated
*** longjmp causes uninitialized stack frame ***: terminated
*** longjmp causes uninitialized stack frame ***: terminated
*** longjmp causes uninitialized stack frame ***: terminated
*** longjmp causes uninitialized stack frame ***: terminated
*** longjmp causes uninitialized stack frame ***: terminated
*** longjmp causes uninitialized stack frame ***: terminated
*** longjmp causes uninitialized stack frame ***: terminated
*** longjmp causes uninitialized stack frame ***: terminated
*** longjmp causes uninitialized stack frame ***: terminated
*** longjmp causes uninitialized stack frame ***: terminated
*** longjmp causes uninitialized stack frame ***: terminated
*** longjmp causes uninitialized stack frame ***: terminated
*** longjmp causes uninitialized stack frame ***: terminated
*** longjmp causes uninitialized stack frame ***: terminated
*** longjmp causes uninitialized stack frame ***: terminated
*** longjmp causes uninitialized stack frame ***: terminated
*** longjmp causes uninitialized stack frame ***: terminated
*** longjmp causes uninitialized stack frame ***: terminated
*** longjmp causes uninitialized stack frame ***: terminated
*** longjmp causes uninitialized stack frame ***: terminated
*** longjmp causes uninitialized stack frame ***: terminated
*** longjmp causes uninitialized stack frame ***: terminated
*** longjmp causes uninitialized stack frame ***: terminated
*** longjmp causes uninitialized stack frame ***: terminated
*** longjmp causes uninitialized stack frame ***: terminated
*** longjmp causes uninitialized stack frame ***: terminated
*** longjmp causes uninitialized stack frame ***: terminated
*** longjmp causes uninitialized stack frame ***: terminated
*** longjmp causes uninitialized stack frame ***: terminated
*** longjmp causes uninitialized stack frame ***: terminated
*** longjmp causes uninitialized stack frame ***: terminated
*** longjmp causes uninitialized stack frame ***: terminated
*** longjmp causes uninitialized stack frame ***: terminated
*** longjmp causes uninitialized stack frame ***: terminated
*** longjmp causes uninitialized stack frame ***: terminated
*** longjmp causes uninitialized stack frame ***: terminated
*** longjmp causes uninitialized stack frame ***: terminated
*** longjmp causes uninitialized stack frame ***: terminated
*** longjmp causes uninitialized stack frame ***: terminated
*** longjmp causes uninitialized stack frame ***: terminated
*** longjmp causes uninitialized stack frame ***: terminated
*** longjmp causes uninitialized stack frame ***: terminated
*** longjmp causes uninitialized stack frame ***: terminated
*** longjmp causes uninitialized stack frame ***: terminated
*** longjmp causes uninitialized stack frame ***: terminated
*** longjmp causes uninitialized stack frame ***: terminated
*** longjmp causes uninitialized stack frame ***: terminated
*** longjmp causes uninitialized stack frame ***: terminated
*** longjmp causes uninitialized stack frame ***: terminated
*** longjmp causes uninitialized stack frame ***: terminated
*** longjmp causes uninitialized stack frame ***: terminated
*** longjmp causes uninitialized stack frame ***: terminated
*** longjmp causes uninitialized stack frame ***: terminated
*** longjmp causes uninitialized stack frame ***: terminated
*** longjmp causes uninitialized stack frame ***: terminated
*** longjmp causes uninitialized stack frame ***: terminated
*** longjmp causes uninitialized stack frame ***: terminated
*** longjmp causes uninitialized stack frame ***: terminated
*** longjmp causes uninitialized stack frame ***: terminated
*** longjmp causes uninitialized stack frame ***: terminated
*** longjmp causes uninitialized stack frame ***: terminated
*** longjmp causes uninitialized stack frame ***: terminated
*** longjmp causes uninitialized stack frame ***: terminated
*** longjmp causes uninitialized stack frame ***: terminated
*** longjmp causes uninitialized stack frame ***: terminated
*** longjmp causes uninitialized stack frame ***: terminated
*** longjmp causes uninitialized stack frame ***: terminated
*** longjmp causes uninitialized stack frame ***: terminated
*** longjmp causes uninitialized stack frame ***: terminated
*** longjmp causes uninitialized stack frame ***: terminated
*** longjmp causes uninitialized stack frame ***: terminated
*** longjmp causes uninitialized stack frame ***: terminated
*** longjmp causes uninitialized stack frame ***: terminated
*** longjmp causes uninitialized stack frame ***: terminated
*** longjmp causes uninitialized stack frame ***: terminated
*** longjmp causes uninitialized stack frame ***: terminated
*** longjmp causes uninitialized stack frame ***: terminated
*** longjmp causes uninitialized stack frame ***: terminated
*** longjmp causes uninitialized stack frame ***: terminated
*** longjmp causes uninitialized stack frame ***: terminated
*** longjmp causes uninitialized stack frame ***: terminated
*** longjmp causes uninitialized stack frame ***: terminated
*** longjmp causes uninitialized stack frame ***: terminated
*** longjmp causes uninitialized stack frame ***: terminated
*** longjmp causes uninitialized stack frame ***: terminated
*** longjmp causes uninitialized stack frame ***: terminated
*** longjmp causes uninitialized stack frame ***: terminated
*** longjmp causes uninitialized stack frame ***: terminated
*** longjmp causes uninitialized stack frame ***: terminated
*** longjmp causes uninitialized stack frame ***: terminated
*** longjmp causes uninitialized stack frame ***: terminated
*** longjmp causes uninitialized stack frame ***: terminated
*** longjmp causes uninitialized stack frame ***: terminated
*** longjmp causes uninitialized stack frame ***: terminated
*** longjmp causes uninitialized stack frame ***: terminated
*** longjmp causes uninitialized stack frame ***: terminated
*** longjmp causes uninitialized stack frame ***: terminated
*** longjmp causes uninitialized stack frame ***: terminated
*** longjmp causes uninitialized stack frame ***: terminated
*** longjmp causes uninitialized stack frame ***: terminated
*** longjmp causes uninitialized stack frame ***: terminated
*** longjmp causes uninitialized stack frame ***: terminated
*** longjmp causes uninitialized stack frame ***: terminated
*** longjmp causes uninitialized stack frame ***: terminated
*** longjmp causes uninitialized stack frame ***: terminated
*** longjmp causes uninitialized stack frame ***: terminated
*** longjmp causes uninitialized stack frame ***: terminated
*** longjmp causes uninitialized stack frame ***: terminated
*** longjmp causes uninitialized stack frame ***: terminated
*** longjmp causes uninitialized stack frame ***: terminated
*** longjmp causes uninitialized stack frame ***: terminated
*** longjmp causes uninitialized stack frame ***: terminated
*** longjmp causes uninitialized stack frame ***: terminated
*** longjmp causes uninitialized stack frame ***: terminated
*** longjmp causes uninitialized stack frame ***: terminated
*** longjmp causes uninitialized stack frame ***: terminated
*** longjmp causes uninitialized stack frame ***: terminated
*** longjmp causes uninitialized stack frame ***: terminated
*** longjmp causes uninitialized stack frame ***: terminated
*** longjmp causes uninitialized stack frame ***: terminated
*** longjmp causes uninitialized stack frame ***: terminated
*** longjmp causes uninitialized stack frame ***: terminated
*** longjmp causes uninitialized stack frame ***: terminated
*** longjmp causes uninitialized stack frame ***: terminated
*** longjmp causes uninitialized stack frame ***: terminated
*** longjmp causes uninitialized stack frame ***: terminated
*** longjmp causes uninitialized stack frame ***: terminated
*** longjmp causes uninitialized stack frame ***: terminated
*** longjmp causes uninitialized stack frame ***: terminated
*** longjmp causes uninitialized stack frame ***: terminated
*** longjmp causes uninitialized stack frame ***: terminated
*** longjmp causes uninitialized stack frame ***: terminated
*** longjmp causes uninitialized stack frame ***: terminated
*** longjmp causes uninitialized stack frame ***: terminated
*** longjmp causes uninitialized stack frame ***: terminated
*** longjmp causes uninitialized stack frame ***: terminated
*** longjmp causes uninitialized stack frame ***: terminated
*** longjmp causes uninitialized stack frame ***: terminated
*** longjmp causes uninitialized stack frame ***: terminated
*** longjmp causes uninitialized stack frame ***: terminated
*** longjmp causes uninitialized stack frame ***: terminated
*** longjmp causes uninitialized stack frame ***: terminated
*** longjmp causes uninitialized stack frame ***: terminated
*** longjmp causes uninitialized stack frame ***: terminated
*** longjmp causes uninitialized stack frame ***: terminated
*** longjmp causes uninitialized stack frame ***: terminated
*** longjmp causes uninitialized stack frame ***: terminated
*** longjmp causes uninitialized stack frame ***: terminated
*** longjmp causes uninitialized stack frame ***: terminated
*** longjmp causes uninitialized stack frame ***: terminated
*** longjmp causes uninitialized stack frame ***: terminated
*** longjmp causes uninitialized stack frame ***: terminated
*** longjmp causes uninitialized stack frame ***: terminated
*** longjmp causes uninitialized stack frame ***: terminated
*** longjmp causes uninitialized stack frame ***: terminated
*** longjmp causes uninitialized stack frame ***: terminated
*** longjmp causes uninitialized stack frame ***: terminated
*** longjmp causes uninitialized stack frame ***: terminated
*** longjmp causes uninitialized stack frame ***: terminated
*** longjmp causes uninitialized stack frame ***: terminated
*** longjmp causes uninitialized stack frame ***: terminated
*** longjmp causes uninitialized stack frame ***: terminated
*** longjmp causes uninitialized stack frame ***: terminated
*** longjmp causes uninitialized stack frame ***: terminated
*** longjmp causes uninitialized stack frame ***: terminated
*** longjmp causes uninitialized stack frame ***: terminated
*** longjmp causes uninitialized stack frame ***: terminated
*** longjmp causes uninitialized stack frame ***: terminated
*** longjmp causes uninitialized stack frame ***: terminated
*** longjmp causes uninitialized stack frame ***: terminated
*** longjmp causes uninitialized stack frame ***: terminated
*** longjmp causes uninitialized stack frame ***: terminated
*** longjmp causes uninitialized stack frame ***: terminated
*** longjmp causes uninitialized stack frame ***: terminated
*** longjmp causes uninitialized stack frame ***: terminated
*** longjmp causes uninitialized stack frame ***: terminated
*** longjmp causes uninitialized stack frame ***: terminated
*** longjmp causes uninitialized stack frame ***: terminated
*** longjmp causes uninitialized stack frame ***: terminated
*** longjmp causes uninitialized stack frame ***: terminated
*** longjmp causes uninitialized stack frame ***: terminated
*** longjmp causes uninitialized stack frame ***: terminated
*** longjmp causes uninitialized stack frame ***: terminated
*** longjmp causes uninitialized stack frame ***: terminated
*** longjmp causes uninitialized stack frame ***: terminated
*** longjmp causes uninitialized stack frame ***: terminated
*** longjmp causes uninitialized stack frame ***: terminated
*** longjmp causes uninitialized stack frame ***: terminated
*** longjmp causes uninitialized stack frame ***: terminated
*** longjmp causes uninitialized stack frame ***: terminated
*** longjmp causes uninitialized stack frame ***: terminated
*** longjmp causes uninitialized stack frame ***: terminated
*** longjmp causes uninitialized stack frame ***: terminated
*** longjmp causes uninitialized stack frame ***: terminated
*** longjmp causes uninitialized stack frame ***: terminated
*** longjmp causes uninitialized stack frame ***: terminated
*** longjmp causes uninitialized stack frame ***: terminated
*** longjmp causes uninitialized stack frame ***: terminated
*** longjmp causes uninitialized stack frame ***: terminated
*** longjmp causes uninitialized stack frame ***: terminated
*** longjmp causes uninitialized stack frame ***: terminated
*** longjmp causes uninitialized stack frame ***: terminated
*** longjmp causes uninitialized stack frame ***: terminated
*** longjmp causes uninitialized stack frame ***: terminated
*** longjmp causes uninitialized stack frame ***: terminated
*** longjmp causes uninitialized stack frame ***: terminated
*** longjmp causes uninitialized stack frame ***: terminated
*** longjmp causes uninitialized stack frame ***: terminated
*** longjmp causes uninitialized stack frame ***: terminated
*** longjmp causes uninitialized stack frame ***: terminated
*** longjmp causes uninitialized stack frame ***: terminated
*** longjmp causes uninitialized stack frame ***: terminated
*** longjmp causes uninitialized stack frame ***: terminated
*** longjmp causes uninitialized stack frame ***: terminated
*** longjmp causes uninitialized stack frame ***: terminated
*** longjmp causes uninitialized stack frame ***: terminated
*** longjmp causes uninitialized stack frame ***: terminated
*** longjmp causes uninitialized stack frame ***: terminated
*** longjmp causes uninitialized stack frame ***: terminated
*** longjmp causes uninitialized stack frame ***: terminated
*** longjmp causes uninitialized stack frame ***: terminated
*** longjmp causes uninitialized stack frame ***: terminated
*** longjmp causes uninitialized stack frame ***: terminated
*** longjmp causes uninitialized stack frame ***: terminated
*** longjmp causes uninitialized stack frame ***: terminated
*** longjmp causes uninitialized stack frame ***: terminated
*** longjmp causes uninitialized stack frame ***: terminated
*** longjmp causes uninitialized stack frame ***: terminated
*** longjmp causes uninitialized stack frame ***: terminated
*** longjmp causes uninitialized stack frame ***: terminated
*** longjmp causes uninitialized stack frame ***: terminated
*** longjmp causes uninitialized stack frame ***: terminated
*** longjmp causes uninitialized stack frame ***: terminated
*** longjmp causes uninitialized stack frame ***: terminated
*** longjmp causes uninitialized stack frame ***: terminated
*** longjmp causes uninitialized stack frame ***: terminated
*** longjmp causes uninitialized stack frame ***: terminated
*** longjmp causes uninitialized stack frame ***: terminated
*** longjmp causes uninitialized stack frame ***: terminated
*** longjmp causes uninitialized stack frame ***: terminated
*** longjmp causes uninitialized stack frame ***: terminated
*** longjmp causes uninitialized stack frame ***: terminated
*** longjmp causes uninitialized stack frame ***: terminated
*** longjmp causes uninitialized stack frame ***: terminated
*** longjmp causes uninitialized stack frame ***: terminated
*** longjmp causes uninitialized stack frame ***: terminated
*** longjmp causes uninitialized stack frame ***: terminated
*** longjmp causes uninitialized stack frame ***: terminated
*** longjmp causes uninitialized stack frame ***: terminated
*** longjmp causes uninitialized stack frame ***: terminated
*** longjmp causes uninitialized stack frame ***: terminated
*** longjmp causes uninitialized stack frame ***: terminated
*** longjmp causes uninitialized stack frame ***: terminated
*** longjmp causes uninitialized stack frame ***: terminated
*** longjmp causes uninitialized stack frame ***: terminated
*** longjmp causes uninitialized stack frame ***: terminated
*** longjmp causes uninitialized stack frame ***: terminated
*** longjmp causes uninitialized stack frame ***: terminated
*** longjmp causes uninitialized stack frame ***: terminated
*** longjmp causes uninitialized stack frame ***: terminated
*** longjmp causes uninitialized stack frame ***: terminated
*** longjmp causes uninitialized stack frame ***: terminated
*** longjmp causes uninitialized stack frame ***: terminated
*** longjmp causes uninitialized stack frame ***: terminated
*** longjmp causes uninitialized stack frame ***: terminated
*** longjmp causes uninitialized stack frame ***: terminated
*** longjmp causes uninitialized stack frame ***: terminated
*** longjmp causes uninitialized stack frame ***: terminated
*** longjmp causes uninitialized stack frame ***: terminated
*** longjmp causes uninitialized stack frame ***: terminated
*** longjmp causes uninitialized stack frame ***: terminated
*** longjmp causes uninitialized stack frame ***: terminated
*** longjmp causes uninitialized stack frame ***: terminated
*** longjmp causes uninitialized stack frame ***: terminated
*** longjmp causes uninitialized stack frame ***: terminated
*** longjmp causes uninitialized stack frame ***: terminated
*** longjmp causes uninitialized stack frame ***: terminated
*** longjmp causes uninitialized stack frame ***: terminated
*** longjmp causes uninitialized stack frame ***: terminated
*** longjmp causes uninitialized stack frame ***: terminated
*** longjmp causes uninitialized stack frame ***: terminated
*** longjmp causes uninitialized stack frame ***: terminated
*** longjmp causes uninitialized stack frame ***: terminated
*** longjmp causes uninitialized stack frame ***: terminated
*** longjmp causes uninitialized stack frame ***: terminated
*** longjmp causes uninitialized stack frame ***: terminated
*** longjmp causes uninitialized stack frame ***: terminated
*** longjmp causes uninitialized stack frame ***: terminated
*** longjmp causes uninitialized stack frame ***: terminated
*** longjmp causes uninitialized stack frame ***: terminated
*** longjmp causes uninitialized stack frame ***: terminated
*** longjmp causes uninitialized stack frame ***: terminated
*** longjmp causes uninitialized stack frame ***: terminated
*** longjmp causes uninitialized stack frame ***: terminated
*** longjmp causes uninitialized stack frame ***: terminated
*** longjmp causes uninitialized stack frame ***: terminated
*** longjmp causes uninitialized stack frame ***: terminated
*** longjmp causes uninitialized stack frame ***: terminated
*** longjmp causes uninitialized stack frame ***: terminated
*** longjmp causes uninitialized stack frame ***: terminated
*** longjmp causes uninitialized stack frame ***: terminated
*** longjmp causes uninitialized stack frame ***: terminated
*** longjmp causes uninitialized stack frame ***: terminated
*** longjmp causes uninitialized stack frame ***: terminated
*** longjmp causes uninitialized stack frame ***: terminated
*** longjmp causes uninitialized stack frame ***: terminated
*** longjmp causes uninitialized stack frame ***: terminated
*** longjmp causes uninitialized stack frame ***: terminated
*** longjmp causes uninitialized stack frame ***: terminated
*** longjmp causes uninitialized stack frame ***: terminated
*** longjmp causes uninitialized stack frame ***: terminated
*** longjmp causes uninitialized stack frame ***: terminated
*** longjmp causes uninitialized stack frame ***: terminated
*** longjmp causes uninitialized stack frame ***: terminated
*** longjmp causes uninitialized stack frame ***: terminated
*** longjmp causes uninitialized stack frame ***: terminated
*** longjmp causes uninitialized stack frame ***: terminated
*** longjmp causes uninitialized stack frame ***: terminated
*** longjmp causes uninitialized stack frame ***: terminated
*** longjmp causes uninitialized stack frame ***: terminated
*** longjmp causes uninitialized stack frame ***: terminated
*** longjmp causes uninitialized stack frame ***: terminated
*** longjmp causes uninitialized stack frame ***: terminated
*** longjmp causes uninitialized stack frame ***: terminated
*** longjmp causes uninitialized stack frame ***: terminated
*** longjmp causes uninitialized stack frame ***: terminated
*** longjmp causes uninitialized stack frame ***: terminated
*** longjmp causes uninitialized stack frame ***: terminated
*** longjmp causes uninitialized stack frame ***: terminated
*** longjmp causes uninitialized stack frame ***: terminated
*** longjmp causes uninitialized stack frame ***: terminated
*** longjmp causes uninitialized stack frame ***: terminated
*** longjmp causes uninitialized stack frame ***: terminated
*** longjmp causes uninitialized stack frame ***: terminated
*** longjmp causes uninitialized stack frame ***: terminated
*** longjmp causes uninitialized stack frame ***: terminated
*** longjmp causes uninitialized stack frame ***: terminated
*** longjmp causes uninitialized stack frame ***: terminated
*** longjmp causes uninitialized stack frame ***: terminated
*** longjmp causes uninitialized stack frame ***: terminated
*** longjmp causes uninitialized stack frame ***: terminated
*** longjmp causes uninitialized stack frame ***: terminated
*** longjmp causes uninitialized stack frame ***: terminated
*** longjmp causes uninitialized stack frame ***: terminated
*** longjmp causes uninitialized stack frame ***: terminated
*** longjmp causes uninitialized stack frame ***: terminated
*** longjmp causes uninitialized stack frame ***: terminated
*** longjmp causes uninitialized stack frame ***: terminated
*** longjmp causes uninitialized stack frame ***: terminated
*** longjmp causes uninitialized stack frame ***: terminated
*** longjmp causes uninitialized stack frame ***: terminated
*** longjmp causes uninitialized stack frame ***: terminated
*** longjmp causes uninitialized stack frame ***: terminated
*** longjmp causes uninitialized stack frame ***: terminated
*** longjmp causes uninitialized stack frame ***: terminated
*** longjmp causes uninitialized stack frame ***: terminated
*** longjmp causes uninitialized stack frame ***: terminated
*** longjmp causes uninitialized stack frame ***: terminated
*** longjmp causes uninitialized stack frame ***: terminated
*** longjmp causes uninitialized stack frame ***: terminated
*** longjmp causes uninitialized stack frame ***: terminated
*** longjmp causes uninitialized stack frame ***: terminated
*** longjmp causes uninitialized stack frame ***: terminated
*** longjmp causes uninitialized stack frame ***: terminated
*** longjmp causes uninitialized stack frame ***: terminated
*** longjmp causes uninitialized stack frame ***: terminated
*** longjmp causes uninitialized stack frame ***: terminated
*** longjmp causes uninitialized stack frame ***: terminated
*** longjmp causes uninitialized stack frame ***: terminated
*** longjmp causes uninitialized stack frame ***: terminated
*** longjmp causes uninitialized stack frame ***: terminated
*** longjmp causes uninitialized stack frame ***: terminated
*** longjmp causes uninitialized stack frame ***: terminated
*** longjmp causes uninitialized stack frame ***: terminated
*** longjmp causes uninitialized stack frame ***: terminated
*** longjmp causes uninitialized stack frame ***: terminated
*** longjmp causes uninitialized stack frame ***: terminated
*** longjmp causes uninitialized stack frame ***: terminated
*** longjmp causes uninitialized stack frame ***: terminated
*** longjmp causes uninitialized stack frame ***: terminated
*** longjmp causes uninitialized stack frame ***: terminated
*** longjmp causes uninitialized stack frame ***: terminated
*** longjmp causes uninitialized stack frame ***: terminated
*** longjmp causes uninitialized stack frame ***: terminated
*** longjmp causes uninitialized stack frame ***: terminated
*** longjmp causes uninitialized stack frame ***: terminated
*** longjmp causes uninitialized stack frame ***: terminated
*** longjmp causes uninitialized stack frame ***: terminated
*** longjmp causes uninitialized stack frame ***: terminated
*** longjmp causes uninitialized stack frame ***: terminated
*** longjmp causes uninitialized stack frame ***: terminated
*** longjmp causes uninitialized stack frame ***: terminated
*** longjmp causes uninitialized stack frame ***: terminated
*** longjmp causes uninitialized stack frame ***: terminated
*** longjmp causes uninitialized stack frame ***: terminated
*** longjmp causes uninitialized stack frame ***: terminated
*** longjmp causes uninitialized stack frame ***: terminated
*** longjmp causes uninitialized stack frame ***: terminated
*** longjmp causes uninitialized stack frame ***: terminated
*** longjmp causes uninitialized stack frame ***: terminated
*** longjmp causes uninitialized stack frame ***: terminated
*** longjmp causes uninitialized stack frame ***: terminated
*** longjmp causes uninitialized stack frame ***: terminated
*** longjmp causes uninitialized stack frame ***: terminated
*** longjmp causes uninitialized stack frame ***: terminated
*** longjmp causes uninitialized stack frame ***: terminated
*** longjmp causes uninitialized stack frame ***: terminated
*** longjmp causes uninitialized stack frame ***: terminated
*** longjmp causes uninitialized stack frame ***: terminated
*** longjmp causes uninitialized stack frame ***: terminated
*** longjmp causes uninitialized stack frame ***: terminated
*** longjmp causes uninitialized stack frame ***: terminated
*** longjmp causes uninitialized stack frame ***: terminated
*** longjmp causes uninitialized stack frame ***: terminated
*** longjmp causes uninitialized stack frame ***: terminated
*** longjmp causes uninitialized stack frame ***: terminated
*** longjmp causes uninitialized stack frame ***: terminated
*** longjmp causes uninitialized stack frame ***: terminated
*** longjmp causes uninitialized stack frame ***: terminated
*** longjmp causes uninitialized stack frame ***: terminated
*** longjmp causes uninitialized stack frame ***: terminated
*** longjmp causes uninitialized stack frame ***: terminated
*** longjmp causes uninitialized stack frame ***: terminated
*** longjmp causes uninitialized stack frame ***: terminated
*** longjmp causes uninitialized stack frame ***: terminated
*** longjmp causes uninitialized stack frame ***: terminated
*** longjmp causes uninitialized stack frame ***: terminated
*** longjmp causes uninitialized stack frame ***: terminated
*** longjmp causes uninitialized stack frame ***: terminated
*** longjmp causes uninitialized stack frame ***: terminated
*** longjmp causes uninitialized stack frame ***: terminated
*** longjmp causes uninitialized stack frame ***: terminated
*** longjmp causes uninitialized stack frame ***: terminated
*** longjmp causes uninitialized stack frame ***: terminated
*** longjmp causes uninitialized stack frame ***: terminated
*** longjmp causes uninitialized stack frame ***: terminated
*** longjmp causes uninitialized stack frame ***: terminated
*** longjmp causes uninitialized stack frame ***: terminated
*** longjmp causes uninitialized stack frame ***: terminated
*** longjmp causes uninitialized stack frame ***: terminated
*** longjmp causes uninitialized stack frame ***: terminated
*** longjmp causes uninitialized stack frame ***: terminated
*** longjmp causes uninitialized stack frame ***: terminated
*** longjmp causes uninitialized stack frame ***: terminated
*** longjmp causes uninitialized stack frame ***: terminated
*** longjmp causes uninitialized stack frame ***: terminated
*** longjmp causes uninitialized stack frame ***: terminated
*** longjmp causes uninitialized stack frame ***: terminated
*** longjmp causes uninitialized stack frame ***: terminated
*** longjmp causes uninitialized stack frame ***: terminated
*** longjmp causes uninitialized stack frame ***: terminated
*** longjmp causes uninitialized stack frame ***: terminated
*** longjmp causes uninitialized stack frame ***: terminated
*** longjmp causes uninitialized stack frame ***: terminated
*** longjmp causes uninitialized stack frame ***: terminated
*** longjmp causes uninitialized stack frame ***: terminated
*** longjmp causes uninitialized stack frame ***: terminated
*** longjmp causes uninitialized stack frame ***: terminated
*** longjmp causes uninitialized stack frame ***: terminated
*** longjmp causes uninitialized stack frame ***: terminated
*** longjmp causes uninitialized stack frame ***: terminated
*** longjmp causes uninitialized stack frame ***: terminated
*** longjmp causes uninitialized stack frame ***: terminated
*** longjmp causes uninitialized stack frame ***: terminated
*** longjmp causes uninitialized stack frame ***: terminated
*** longjmp causes uninitialized stack frame ***: terminated
*** longjmp causes uninitialized stack frame ***: terminated
*** longjmp causes uninitialized stack frame ***: terminated
*** longjmp causes uninitialized stack frame ***: terminated
*** longjmp causes uninitialized stack frame ***: terminated
*** longjmp causes uninitialized stack frame ***: terminated
*** longjmp causes uninitialized stack frame ***: terminated
*** longjmp causes uninitialized stack frame ***: terminated
*** longjmp causes uninitialized stack frame ***: terminated
*** longjmp causes uninitialized stack frame ***: terminated
*** longjmp causes uninitialized stack frame ***: terminated
*** longjmp causes uninitialized stack frame ***: terminated
*** longjmp causes uninitialized stack frame ***: terminated
*** longjmp causes uninitialized stack frame ***: terminated
*** longjmp causes uninitialized stack frame ***: terminated
*** longjmp causes uninitialized stack frame ***: terminated
*** longjmp causes uninitialized stack frame ***: terminated
*** longjmp causes uninitialized stack frame ***: terminated
*** longjmp causes uninitialized stack frame ***: terminated
*** longjmp causes uninitialized stack frame ***: terminated
*** longjmp causes uninitialized stack frame ***: terminated
*** longjmp causes uninitialized stack frame ***: terminated
*** longjmp causes uninitialized stack frame ***: terminated
*** longjmp causes uninitialized stack frame ***: terminated
*** longjmp causes uninitialized stack frame ***: terminated
*** longjmp causes uninitialized stack frame ***: terminated
*** longjmp causes uninitialized stack frame ***: terminated
*** longjmp causes uninitialized stack frame ***: terminated
*** longjmp causes uninitialized stack frame ***: terminated
*** longjmp causes uninitialized stack frame ***: terminated
*** longjmp causes uninitialized stack frame ***: terminated
*** longjmp causes uninitialized stack frame ***: terminated
*** longjmp causes uninitialized stack frame ***: terminated
*** longjmp causes uninitialized stack frame ***: terminated
*** longjmp causes uninitialized stack frame ***: terminated
*** longjmp causes uninitialized stack frame ***: terminated
*** longjmp causes uninitialized stack frame ***: terminated
*** longjmp causes uninitialized stack frame ***: terminated
*** longjmp causes uninitialized stack frame ***: terminated
*** longjmp causes uninitialized stack frame ***: terminated
*** longjmp causes uninitialized stack frame ***: terminated
*** longjmp causes uninitialized stack frame ***: terminated
*** longjmp causes uninitialized stack frame ***: terminated
*** longjmp causes uninitialized stack frame ***: terminated
*** longjmp causes uninitialized stack frame ***: terminated
*** longjmp causes uninitialized stack frame ***: terminated
*** longjmp causes uninitialized stack frame ***: terminated
*** longjmp causes uninitialized stack frame ***: terminated
*** longjmp causes uninitialized stack frame ***: terminated
*** longjmp causes uninitialized stack frame ***: terminated
*** longjmp causes uninitialized stack frame ***: terminated
*** longjmp causes uninitialized stack frame ***: terminated
*** longjmp causes uninitialized stack frame ***: terminated
*** longjmp causes uninitialized stack frame ***: terminated
*** longjmp causes uninitialized stack frame ***: terminated
*** longjmp causes uninitialized stack frame ***: terminated
*** longjmp causes uninitialized stack frame ***: terminated
*** longjmp causes uninitialized stack frame ***: terminated
*** longjmp causes uninitialized stack frame ***: terminated
*** longjmp causes uninitialized stack frame ***: terminated
*** longjmp causes uninitialized stack frame ***: terminated
*** longjmp causes uninitialized stack frame ***: terminated
*** longjmp causes uninitialized stack frame ***: terminated
*** longjmp causes uninitialized stack frame ***: terminated
*** longjmp causes uninitialized stack frame ***: terminated
*** longjmp causes uninitialized stack frame ***: terminated
*** longjmp causes uninitialized stack frame ***: terminated
*** longjmp causes uninitialized stack frame ***: terminated
*** longjmp causes uninitialized stack frame ***: terminated
*** longjmp causes uninitialized stack frame ***: terminated
*** longjmp causes uninitialized stack frame ***: terminated
*** longjmp causes uninitialized stack frame ***: terminated
*** longjmp causes uninitialized stack frame ***: terminated
*** longjmp causes uninitialized stack frame ***: terminated
*** longjmp causes uninitialized stack frame ***: terminated
*** longjmp causes uninitialized stack frame ***: terminated
*** longjmp causes uninitialized stack frame ***: terminated
*** longjmp causes uninitialized stack frame ***: terminated
*** longjmp causes uninitialized stack frame ***: terminated
*** longjmp causes uninitialized stack frame ***: terminated
*** longjmp causes uninitialized stack frame ***: terminated
*** longjmp causes uninitialized stack frame ***: terminated
*** longjmp causes uninitialized stack frame ***: terminated
*** longjmp causes uninitialized stack frame ***: terminated
*** longjmp causes uninitialized stack frame ***: terminated
*** longjmp causes uninitialized stack frame ***: terminated
*** longjmp causes uninitialized stack frame ***: terminated
*** longjmp causes uninitialized stack frame ***: terminated
*** longjmp causes uninitialized stack frame ***: terminated
*** longjmp causes uninitialized stack frame ***: terminated
*** longjmp causes uninitialized stack frame ***: terminated
*** longjmp causes uninitialized stack frame ***: terminated
*** longjmp causes uninitialized stack frame ***: terminated
*** longjmp causes uninitialized stack frame ***: terminated
*** longjmp causes uninitialized stack frame ***: terminated
*** longjmp causes uninitialized stack frame ***: terminated
*** longjmp causes uninitialized stack frame ***: terminated
*** longjmp causes uninitialized stack frame ***: terminated
*** longjmp causes uninitialized stack frame ***: terminated
*** longjmp causes uninitialized stack frame ***: terminated
*** longjmp causes uninitialized stack frame ***: terminated
*** longjmp causes uninitialized stack frame ***: terminated
*** longjmp causes uninitialized stack frame ***: terminated
*** longjmp causes uninitialized stack frame ***: terminated
*** longjmp causes uninitialized stack frame ***: terminated
*** longjmp causes uninitialized stack frame ***: terminated
*** longjmp causes uninitialized stack frame ***: terminated
*** longjmp causes uninitialized stack frame ***: terminated
*** longjmp causes uninitialized stack frame ***: terminated
*** longjmp causes uninitialized stack frame ***: terminated
*** longjmp causes uninitialized stack frame ***: terminated
*** longjmp causes uninitialized stack frame ***: terminated
*** longjmp causes uninitialized stack frame ***: terminated
*** longjmp causes uninitialized stack frame ***: terminated
*** longjmp causes uninitialized stack frame ***: terminated
*** longjmp causes uninitialized stack frame ***: terminated
*** longjmp causes uninitialized stack frame ***: terminated
*** longjmp causes uninitialized stack frame ***: terminated
*** longjmp causes uninitialized stack frame ***: terminated
*** longjmp causes uninitialized stack frame ***: terminated
*** longjmp causes uninitialized stack frame ***: terminated
*** longjmp causes uninitialized stack frame ***: terminated
*** longjmp causes uninitialized stack frame ***: terminated
*** longjmp causes uninitialized stack frame ***: terminated
*** longjmp causes uninitialized stack frame ***: terminated
*** longjmp causes uninitialized stack frame ***: terminated
*** longjmp causes uninitialized stack frame ***: terminated
*** longjmp causes uninitialized stack frame ***: terminated
*** longjmp causes uninitialized stack frame ***: terminated
*** longjmp causes uninitialized stack frame ***: terminated
*** longjmp causes uninitialized stack frame ***: terminated
*** longjmp causes uninitialized stack frame ***: terminated
*** longjmp causes uninitialized stack frame ***: terminated
*** longjmp causes uninitialized stack frame ***: terminated
*** longjmp causes uninitialized stack frame ***: terminated
*** longjmp causes uninitialized stack frame ***: terminated
*** longjmp causes uninitialized stack frame ***: terminated
*** longjmp causes uninitialized stack frame ***: terminated
*** longjmp causes uninitialized stack frame ***: terminated
*** longjmp causes uninitialized stack frame ***: terminated
*** longjmp causes uninitialized stack frame ***: terminated
*** longjmp causes uninitialized stack frame ***: terminated
*** longjmp causes uninitialized stack frame ***: terminated
*** longjmp causes uninitialized stack frame ***: terminated
*** longjmp causes uninitialized stack frame ***: terminated
*** longjmp causes uninitialized stack frame ***: terminated
*** longjmp causes uninitialized stack frame ***: terminated
*** longjmp causes uninitialized stack frame ***: terminated
*** longjmp causes uninitialized stack frame ***: terminated
*** longjmp causes uninitialized stack frame ***: terminated
*** longjmp causes uninitialized stack frame ***: terminated
*** longjmp causes uninitialized stack frame ***: terminated
*** longjmp causes uninitialized stack frame ***: terminated
*** longjmp causes uninitialized stack frame ***: terminated
*** longjmp causes uninitialized stack frame ***: terminated
*** longjmp causes uninitialized stack frame ***: terminated
*** longjmp causes uninitialized stack frame ***: terminated
*** longjmp causes uninitialized stack frame ***: terminated
*** longjmp causes uninitialized stack frame ***: terminated
*** longjmp causes uninitialized stack frame ***: terminated
*** longjmp causes uninitialized stack frame ***: terminated
*** longjmp causes uninitialized stack frame ***: terminated
*** longjmp causes uninitialized stack frame ***: terminated
*** longjmp causes uninitialized stack frame ***: terminated
*** longjmp causes uninitialized stack frame ***: terminated
*** longjmp causes uninitialized stack frame ***: terminated
*** longjmp causes uninitialized stack frame ***: terminated
*** longjmp causes uninitialized stack frame ***: terminated
*** longjmp causes uninitialized stack frame ***: terminated
*** longjmp causes uninitialized stack frame ***: terminated
*** longjmp causes uninitialized stack frame ***: terminated
*** longjmp causes uninitialized stack frame ***: terminated
*** longjmp causes uninitialized stack frame ***: terminated
*** longjmp causes uninitialized stack frame ***: terminated
*** longjmp causes uninitialized stack frame ***: terminated
*** longjmp causes uninitialized stack frame ***: terminated
*** longjmp causes uninitialized stack frame ***: terminated
*** longjmp causes uninitialized stack frame ***: terminated
*** longjmp causes uninitialized stack frame ***: terminated
*** longjmp causes uninitialized stack frame ***: terminated
*** longjmp causes uninitialized stack frame ***: terminated
*** longjmp causes uninitialized stack frame ***: terminated
*** longjmp causes uninitialized stack frame ***: terminated
*** longjmp causes uninitialized stack frame ***: terminated
*** longjmp causes uninitialized stack frame ***: terminated
*** longjmp causes uninitialized stack frame ***: terminated
*** longjmp causes uninitialized stack frame ***: terminated
*** longjmp causes uninitialized stack frame ***: terminated
*** longjmp causes uninitialized stack frame ***: terminated
*** longjmp causes uninitialized stack frame ***: terminated
*** longjmp causes uninitialized stack frame ***: terminated
*** longjmp causes uninitialized stack frame ***: terminated
*** longjmp causes uninitialized stack frame ***: terminated
*** longjmp causes uninitialized stack frame ***: terminated
*** longjmp causes uninitialized stack frame ***: terminated
*** longjmp causes uninitialized stack frame ***: terminated
*** longjmp causes uninitialized stack frame ***: terminated
*** longjmp causes uninitialized stack frame ***: terminated
*** longjmp causes uninitialized stack frame ***: terminated
*** longjmp causes uninitialized stack frame ***: terminated
*** longjmp causes uninitialized stack frame ***: terminated
*** longjmp causes uninitialized stack frame ***: terminated
0:00:28.745441240 [32m    1[00m 0x708458001170 [37mTRACE  [00m [00;34m          GST_TRACER :0::[00m latency_tracer_pipeline, frame_latency=(double)42.124078, avg=(double)33.025970, min=(double)0.277575, max=(double)48.864863, latency=(double)12.066606, fps=(double)82.873342, frame_num=(uint)2086;
*** longjmp causes uninitialized stack frame ***: terminated
*** longjmp causes uninitialized stack frame ***: terminated
*** longjmp causes uninitialized stack frame ***: terminated
*** longjmp causes uninitialized stack frame ***: terminated
*** longjmp causes uninitialized stack frame ***: terminated
*** longjmp causes uninitialized stack frame ***: terminated
*** longjmp causes uninitialized stack frame ***: terminated
*** longjmp causes uninitialized stack frame ***: terminated
*** longjmp causes uninitialized stack frame ***: terminated
*** longjmp causes uninitialized stack frame ***: terminated
*** longjmp causes uninitialized stack frame ***: terminated
*** longjmp causes uninitialized stack frame ***: terminated
*** longjmp causes uninitialized stack frame ***: terminated
*** longjmp causes uninitialized stack frame ***: terminated
*** longjmp causes uninitialized stack frame ***: terminated
*** longjmp causes uninitialized stack frame ***: terminated
*** longjmp causes uninitialized stack frame ***: terminated
*** longjmp causes uninitialized stack frame ***: terminated
*** longjmp causes uninitialized stack frame ***: terminated
*** longjmp causes uninitialized stack frame ***: terminated
*** longjmp causes uninitialized stack frame ***: terminated
*** longjmp causes uninitialized stack frame ***: terminated
*** longjmp causes uninitialized stack frame ***: terminated
*** longjmp causes uninitialized stack frame ***: terminated
*** longjmp causes uninitialized stack frame ***: terminated
*** longjmp causes uninitialized stack frame ***: terminated
*** longjmp causes uninitialized stack frame ***: terminated
*** longjmp causes uninitialized stack frame ***: terminated
*** longjmp causes uninitialized stack frame ***: terminated
*** longjmp causes uninitialized stack frame ***: terminated
*** longjmp causes uninitialized stack frame ***: terminated
*** longjmp causes uninitialized stack frame ***: terminated
*** longjmp causes uninitialized stack frame ***: terminated
*** longjmp causes uninitialized stack frame ***: terminated
*** longjmp causes uninitialized stack frame ***: terminated
*** longjmp causes uninitialized stack frame ***: terminated
*** longjmp causes uninitialized stack frame ***: terminated
*** longjmp causes uninitialized stack frame ***: terminated
*** longjmp causes uninitialized stack frame ***: terminated
*** longjmp causes uninitialized stack frame ***: terminated
*** longjmp causes uninitialized stack frame ***: terminated
*** longjmp causes uninitialized stack frame ***: terminated
*** longjmp causes uninitialized stack frame ***: terminated
*** longjmp causes uninitialized stack frame ***: terminated
*** longjmp causes uninitialized stack frame ***: terminated
*** longjmp causes uninitialized stack frame ***: terminated
*** longjmp causes uninitialized stack frame ***: terminated
*** longjmp causes uninitialized stack frame ***: terminated
*** longjmp causes uninitialized stack frame ***: terminated
*** longjmp causes uninitialized stack frame ***: terminated
*** longjmp causes uninitialized stack frame ***: terminated
*** longjmp causes uninitialized stack frame ***: terminated
*** longjmp causes uninitialized stack frame ***: terminated
*** longjmp causes uninitialized stack frame ***: terminated
*** longjmp causes uninitialized stack frame ***: terminated
*** longjmp causes uninitialized stack frame ***: terminated
*** longjmp causes uninitialized stack frame ***: terminated
*** longjmp causes uninitialized stack frame ***: terminated
*** longjmp causes uninitialized stack frame ***: terminated
*** longjmp causes uninitialized stack frame ***: terminated
*** longjmp causes uninitialized stack frame ***: terminated
*** longjmp causes uninitialized stack frame ***: terminated
*** longjmp causes uninitialized stack frame ***: terminated
*** longjmp causes uninitialized stack frame ***: terminated
*** longjmp causes uninitialized stack frame ***: terminated
*** longjmp causes uninitialized stack frame ***: terminated
*** longjmp causes uninitialized stack frame ***: terminated
*** longjmp causes uninitialized stack frame ***: terminated
*** longjmp causes uninitialized stack frame ***: terminated
*** longjmp causes uninitialized stack frame ***: terminated
*** longjmp causes uninitialized stack frame ***: terminated
*** longjmp causes uninitialized stack frame ***: terminated
*** longjmp causes uninitialized stack frame ***: terminated
*** longjmp causes uninitialized stack frame ***: terminated
*** longjmp causes uninitialized stack frame ***: terminated
*** longjmp causes uninitialized stack frame ***: terminated
*** longjmp causes uninitialized stack frame ***: terminated
*** longjmp causes uninitialized stack frame ***: terminated
*** longjmp causes uninitialized stack frame ***: terminated
*** longjmp causes uninitialized stack frame ***: terminated
0:00:28.746281062 [32m    1[00m 0x708458001170 [37mTRACE  [00m [00;34m          GST_TRACER :0::[00m latency_tracer_pipelin*** longjmp causes uninitialized stack frame ***: terminated
e, frame_latency=(double)24.401430, avg=(double)33.021837, min=(double)0.277575, max=(double)48.864863, latency=(double)12.061229, fps=(double)82.910290, frame_num=(uint)2087;
*** longjmp causes uninitialized stack frame ***: terminated
*** longjmp causes uninitialized stack frame ***: terminated
*** longjmp causes uninitialized stack frame ***: terminated
*** longjmp causes uninitialized stack frame ***: terminated
*** longjmp causes uninitialized stack frame ***: terminated
*** longjmp causes uninitialized stack frame ***: terminated
*** longjmp causes uninitialized stack frame ***: terminated
*** longjmp causes uninitialized stack frame ***: terminated
*** longjmp causes uninitialized stack frame ***: terminated
*** longjmp causes uninitialized stack frame ***: terminated
*** longjmp causes uninitialized stack frame ***: terminated
*** longjmp causes uninitialized stack frame ***: terminated
*** longjmp causes uninitialized stack frame ***: terminated
*** longjmp causes uninitialized stack frame ***: terminated
*** longjmp causes uninitialized stack frame ***: terminated
*** longjmp causes uninitialized stack frame ***: terminated
*** longjmp causes uninitialized stack frame ***: terminated
*** longjmp causes uninitialized stack frame ***: terminated
*** longjmp causes uninitialized stack frame ***: terminated
*** longjmp causes uninitialized stack frame ***: terminated
*** longjmp causes uninitialized stack frame ***: terminated
*** longjmp causes uninitialized stack frame ***: terminated
*** longjmp causes uninitialized stack frame ***: terminated
*** longjmp causes uninitialized stack frame ***: terminated
*** longjmp causes uninitialized stack frame ***: terminated
*** longjmp causes uninitialized stack frame ***: terminated
*** longjmp causes uninitialized stack frame ***: terminated
*** longjmp causes uninitialized stack frame ***: terminated
*** longjmp causes uninitialized stack frame ***: terminated
*** longjmp causes uninitialized stack frame ***: terminated
*** longjmp causes uninitialized stack frame ***: terminated
*** longjmp causes uninitialized stack frame ***: terminated
*** longjmp causes uninitialized stack frame ***: terminated
*** longjmp causes uninitialized stack frame ***: terminated
*** longjmp causes uninitialized stack frame ***: terminated
*** longjmp causes uninitialized stack frame ***: terminated
*** longjmp causes uninitialized stack frame ***: terminated
*** longjmp causes uninitialized stack frame ***: terminated
*** longjmp causes uninitialized stack frame ***: terminated
*** longjmp causes uninitialized stack frame ***: terminated
*** longjmp causes uninitialized stack frame ***: terminated
*** longjmp causes uninitialized stack frame ***: terminated
*** longjmp causes uninitialized stack frame ***: terminated
*** longjmp causes uninitialized stack frame ***: terminated
*** longjmp causes uninitialized stack frame ***: terminated
*** longjmp causes uninitialized stack frame ***: terminated
*** longjmp causes uninitialized stack frame ***: terminated
*** longjmp causes uninitialized stack frame ***: terminated
*** longjmp causes uninitialized stack frame ***: terminated
*** longjmp causes uninitialized stack frame ***: terminated
*** longjmp causes uninitialized stack frame ***: terminated
*** longjmp causes uninitialized stack frame ***: terminated
*** longjmp causes uninitialized stack frame ***: terminated
*** longjmp causes uninitialized stack frame ***: terminated
*** longjmp causes uninitialized stack frame ***: terminated
*** longjmp causes uninitialized stack frame ***: terminated
*** longjmp causes uninitialized stack frame ***: terminated
*** longjmp causes uninitialized stack frame ***: terminated
*** longjmp causes uninitialized stack frame ***: terminated
*** longjmp causes uninitialized stack frame ***: terminated
*** longjmp causes uninitialized stack frame ***: terminated
*** longjmp causes uninitialized stack frame ***: terminated
*** longjmp causes uninitialized stack frame ***: terminated
*** longjmp causes uninitialized stack frame ***: terminated
*** longjmp causes uninitialized stack frame ***: terminated
*** longjmp causes uninitialized stack frame ***: terminated
*** longjmp causes uninitialized stack frame ***: terminated
*** longjmp causes uninitialized stack frame ***: terminated
*** longjmp causes uninitialized stack frame ***: terminated
*** longjmp causes uninitialized stack frame ***: terminated
*** longjmp causes uninitialized stack frame ***: terminated
*** longjmp causes uninitialized stack frame ***: terminated
*** longjmp causes uninitialized stack frame ***: terminated
*** longjmp causes uninitialized stack frame ***: terminated
*** longjmp causes uninitialized stack frame ***: terminated
*** longjmp causes uninitialized stack frame ***: terminated
*** longjmp causes uninitialized stack frame ***: terminated
*** longjmp causes uninitialized stack frame ***: terminated
*** longjmp causes uninitialized stack frame ***: terminated
*** longjmp causes uninitialized stack frame ***: terminated
*** longjmp causes uninitialized stack frame ***: terminated
*** longjmp causes uninitialized stack frame ***: terminated
*** longjmp causes uninitialized stack frame ***: terminated
*** longjmp causes uninitialized stack frame ***: terminated
*** longjmp causes uninitialized stack frame ***: terminated
*** longjmp causes uninitialized stack frame ***: terminated
*** longjmp causes uninitialized stack frame ***: terminated
*** longjmp causes uninitialized stack frame ***: terminated
*** longjmp causes uninitialized stack frame ***: terminated
*** longjmp causes uninitialized stack frame ***: terminated
*** longjmp causes uninitialized stack frame ***: terminated
*** longjmp causes uninitialized stack frame ***: terminated
*** longjmp causes uninitialized stack frame ***: terminated
*** longjmp causes uninitialized stack frame ***: terminated
*** longjmp causes uninitialized stack frame ***: terminated
*** longjmp causes uninitialized stack frame ***: terminated
*** longjmp causes uninitialized stack frame ***: terminated
*** longjmp causes uninitialized stack frame ***: terminated
*** longjmp causes uninitialized stack frame ***: terminated
*** longjmp causes uninitialized stack frame ***: terminated
*** longjmp causes uninitialized stack frame ***: terminated
*** longjmp causes uninitialized stack frame ***: terminated
*** longjmp causes uninitialized stack frame ***: terminated
*** longjmp causes uninitialized stack frame ***: terminated
*** longjmp causes uninitialized stack frame ***: terminated
*** longjmp causes uninitialized stack frame ***: terminated
*** longjmp causes uninitialized stack frame ***: terminated
*** longjmp causes uninitialized stack frame ***: terminated
*** longjmp causes uninitialized stack frame ***: terminated
*** longjmp causes uninitialized stack frame ***: terminated
*** longjmp causes uninitialized stack frame ***: terminated
*** longjmp causes uninitialized stack frame ***: terminated
*** longjmp causes uninitialized stack frame ***: terminated
*** longjmp causes uninitialized stack frame ***: terminated
*** longjmp causes uninitialized stack frame ***: terminated
*** longjmp causes uninitialized stack frame ***: terminated
*** longjmp causes uninitialized stack frame ***: terminated
*** longjmp causes uninitialized stack frame ***: terminated
*** longjmp causes uninitialized stack frame ***: terminated
*** longjmp causes uninitialized stack frame ***: terminated
*** longjmp causes uninitialized stack frame ***: terminated
*** longjmp causes uninitialized stack frame ***: terminated
*** longjmp causes uninitialized stack frame ***: terminated
*** longjmp causes uninitialized stack frame ***: terminated
*** longjmp causes uninitialized stack frame ***: terminated
*** longjmp causes uninitialized stack frame ***: terminated
*** longjmp causes uninitialized stack frame ***: terminated
*** longjmp causes uninitialized stack frame ***: terminated
*** longjmp causes uninitialized stack frame ***: terminated
*** longjmp causes uninitialized stack frame ***: terminated
*** longjmp causes uninitialized stack frame ***: terminated
*** longjmp causes uninitialized stack frame ***: terminated
*** longjmp causes uninitialized stack frame ***: terminated
*** longjmp causes uninitialized stack frame ***: terminated
*** longjmp causes uninitialized stack frame ***: terminated
*** longjmp causes uninitialized stack frame ***: terminated
*** longjmp causes uninitialized stack frame ***: terminated
*** longjmp causes uninitialized stack frame ***: terminated
*** longjmp causes uninitialized stack frame ***: terminated
*** longjmp causes uninitialized stack frame ***: terminated
*** longjmp causes uninitialized stack frame ***: terminated
*** longjmp causes uninitialized stack frame ***: terminated
*** longjmp causes uninitialized stack frame ***: terminated
*** longjmp causes uninitialized stack frame ***: terminated
*** longjmp causes uninitialized stack frame ***: terminated
*** longjmp causes uninitialized stack frame ***: terminated
*** longjmp causes uninitialized stack frame ***: terminated
*** longjmp causes uninitialized stack frame ***: terminated
*** longjmp causes uninitialized stack frame ***: terminated
*** longjmp causes uninitialized stack frame ***: terminated
*** longjmp causes uninitialized stack frame ***: terminated
*** longjmp causes uninitialized stack frame ***: terminated
*** longjmp causes uninitialized stack frame ***: terminated
*** longjmp causes uninitialized stack frame ***: terminated
*** longjmp causes uninitialized stack frame ***: terminated
*** longjmp causes uninitialized stack frame ***: terminated
*** longjmp causes uninitialized stack frame ***: terminated
*** longjmp causes uninitialized stack frame ***: terminated
*** longjmp causes uninitialized stack frame ***: terminated
*** longjmp causes uninitialized stack frame ***: terminated
*** longjmp causes uninitialized stack frame ***: terminated
*** longjmp causes uninitialized stack frame ***: terminated
*** longjmp causes uninitialized stack frame ***: terminated
*** longjmp causes uninitialized stack frame ***: terminated
*** longjmp causes uninitialized stack frame ***: terminated
*** longjmp causes uninitialized stack frame ***: terminated
*** longjmp causes uninitialized stack frame ***: terminated
*** longjmp causes uninitialized stack frame ***: terminated
*** longjmp causes uninitialized stack frame ***: terminated
*** longjmp causes uninitialized stack frame ***: terminated
*** longjmp causes uninitialized stack frame ***: terminated
*** longjmp causes uninitialized stack frame ***: terminated
*** longjmp causes uninitialized stack frame ***: terminated
*** longjmp causes uninitialized stack frame ***: terminated
*** longjmp causes uninitialized stack frame ***: terminated
*** longjmp causes uninitialized stack frame ***: terminated
*** longjmp causes uninitialized stack frame ***: terminated
*** longjmp causes uninitialized stack frame ***: terminated
*** longjmp causes uninitialized stack frame ***: terminated
*** longjmp causes uninitialized stack frame ***: terminated
*** longjmp causes uninitialized stack frame ***: terminated
*** longjmp causes uninitialized stack frame ***: terminated
*** longjmp causes uninitialized stack frame ***: terminated
*** longjmp causes uninitialized stack frame ***: terminated
*** longjmp causes uninitialized stack frame ***: terminated
*** longjmp causes uninitialized stack frame ***: terminated
*** longjmp causes uninitialized stack frame ***: terminated
*** longjmp causes uninitialized stack frame ***: terminated
*** longjmp causes uninitialized stack frame ***: terminated
*** longjmp causes uninitialized stack frame ***: terminated
*** longjmp causes uninitialized stack frame ***: terminated
*** longjmp causes uninitialized stack frame ***: terminated
*** longjmp causes uninitialized stack frame ***: terminated
*** longjmp causes uninitialized stack frame ***: terminated
*** longjmp causes uninitialized stack frame ***: terminated
*** longjmp causes uninitialized stack frame ***: terminated
*** longjmp causes uninitialized stack frame ***: terminated
*** longjmp causes uninitialized stack frame ***: terminated
*** longjmp causes uninitialized stack frame ***: terminated
*** longjmp causes uninitialized stack frame ***: terminated
*** longjmp causes uninitialized stack frame ***: terminated
*** longjmp causes uninitialized stack frame ***: terminated
*** longjmp causes uninitialized stack frame ***: terminated
*** longjmp causes uninitialized stack frame ***: terminated
*** longjmp causes uninitialized stack frame ***: terminated
*** longjmp causes uninitialized stack frame ***: terminated
*** longjmp causes uninitialized stack frame ***: terminated
*** longjmp causes uninitialized stack frame ***: terminated
*** longjmp causes uninitialized stack frame ***: terminated
*** longjmp causes uninitialized stack frame ***: terminated
*** longjmp causes uninitialized stack frame ***: terminated
*** longjmp causes uninitialized stack frame ***: terminated
*** longjmp causes uninitialized stack frame ***: terminated
*** longjmp causes uninitialized stack frame ***: terminated
*** longjmp causes uninitialized stack frame ***: terminated
*** longjmp causes uninitialized stack frame ***: terminated
*** longjmp causes uninitialized stack frame ***: terminated
*** longjmp causes uninitialized stack frame ***: terminated
*** longjmp causes uninitialized stack frame ***: terminated
*** longjmp causes uninitialized stack frame ***: terminated
*** longjmp causes uninitialized stack frame ***: terminated
*** longjmp causes uninitialized stack frame ***: terminated
*** longjmp causes uninitialized stack frame ***: terminated
*** longjmp causes uninitialized stack frame ***: terminated
*** longjmp causes uninitialized stack frame ***: terminated
*** longjmp causes uninitialized stack frame ***: terminated
*** longjmp causes uninitialized stack frame ***: terminated
*** longjmp causes uninitialized stack frame ***: terminated
*** longjmp causes uninitialized stack frame ***: terminated
*** longjmp causes uninitialized stack frame ***: terminated
*** longjmp causes uninitialized stack frame ***: terminated
*** longjmp causes uninitialized stack frame ***: terminated
*** longjmp causes uninitialized stack frame ***: terminated
*** longjmp causes uninitialized stack frame ***: terminated
*** longjmp causes uninitialized stack frame ***: terminated
*** longjmp causes uninitialized stack frame ***: terminated
*** longjmp causes uninitialized stack frame ***: terminated
*** longjmp causes uninitialized stack frame ***: terminated
*** longjmp causes uninitialized stack frame ***: terminated
*** longjmp causes uninitialized stack frame ***: terminated
*** longjmp causes uninitialized stack frame ***: terminated
*** longjmp causes uninitialized stack frame ***: terminated
*** longjmp causes uninitialized stack frame ***: terminated
*** longjmp causes uninitialized stack frame ***: terminated
*** longjmp causes uninitialized stack frame ***: terminated
*** longjmp causes uninitialized stack frame ***: terminated
*** longjmp causes uninitialized stack frame ***: terminated
*** longjmp causes uninitialized stack frame ***: terminated
*** longjmp causes uninitialized stack frame ***: terminated
*** longjmp causes uninitialized stack frame ***: terminated
*** longjmp causes uninitialized stack frame ***: terminated
*** longjmp causes uninitialized stack frame ***: terminated
*** longjmp causes uninitialized stack frame ***: terminated
*** longjmp causes uninitialized stack frame ***: terminated
*** longjmp causes uninitialized stack frame ***: terminated
*** longjmp causes uninitialized stack frame ***: terminated
*** longjmp causes uninitialized stack frame ***: terminated
*** longjmp causes uninitialized stack frame ***: terminated
*** longjmp causes uninitialized stack frame ***: terminated
*** longjmp causes uninitialized stack frame ***: terminated
*** longjmp causes uninitialized stack frame ***: terminated
*** longjmp causes uninitialized stack frame ***: terminated
*** longjmp causes uninitialized stack frame ***: terminated
*** longjmp causes uninitialized stack frame ***: terminated
*** longjmp causes uninitialized stack frame ***: terminated
*** longjmp causes uninitialized stack frame ***: terminated
*** longjmp causes uninitialized stack frame ***: terminated
*** longjmp causes uninitialized stack frame ***: terminated
*** longjmp causes uninitialized stack frame ***: terminated
*** longjmp causes uninitialized stack frame ***: terminated
*** longjmp causes uninitialized stack frame ***: terminated
*** longjmp causes uninitialized stack frame ***: terminated
*** longjmp causes uninitialized stack frame ***: terminated
*** longjmp causes uninitialized stack frame ***: terminated
*** longjmp causes uninitialized stack frame ***: terminated
*** longjmp causes uninitialized stack frame ***: terminated
*** longjmp causes uninitialized stack frame ***: terminated
*** longjmp causes uninitialized stack frame ***: terminated
*** longjmp causes uninitialized stack frame ***: terminated
*** longjmp causes uninitialized stack frame ***: terminated
*** longjmp causes uninitialized stack frame ***: terminated
*** longjmp causes uninitialized stack frame ***: terminated
*** longjmp causes uninitialized stack frame ***: terminated
*** longjmp causes uninitialized stack frame ***: terminated
*** longjmp causes uninitialized stack frame ***: terminated
*** longjmp causes uninitialized stack frame ***: terminated
*** longjmp causes uninitialized stack frame ***: terminated
*** longjmp causes uninitialized stack frame ***: terminated
*** longjmp causes uninitialized stack frame ***: terminated
*** longjmp causes uninitialized stack frame ***: terminated
*** longjmp causes uninitialized stack frame ***: terminated
*** longjmp causes uninitialized stack frame ***: terminated
*** longjmp causes uninitialized stack frame ***: terminated
*** longjmp causes uninitialized stack frame ***: terminated
*** longjmp causes uninitialized stack frame ***: terminated
*** longjmp causes uninitialized stack frame ***: terminated
*** longjmp causes uninitialized stack frame ***: terminated
*** longjmp causes uninitialized stack frame ***: terminated
*** longjmp causes uninitialized stack frame ***: terminated
*** longjmp causes uninitialized stack frame ***: terminated
*** longjmp causes uninitialized stack frame ***: terminated
*** longjmp causes uninitialized stack frame ***: terminated
*** longjmp causes uninitialized stack frame ***: terminated
*** longjmp causes uninitialized stack frame ***: terminated
*** longjmp causes uninitialized stack frame ***: terminated
*** longjmp causes uninitialized stack frame ***: terminated
*** longjmp causes uninitialized stack frame ***: terminated
*** longjmp causes uninitialized stack frame ***: terminated
*** longjmp causes uninitialized stack frame ***: terminated
*** longjmp causes uninitialized stack frame ***: terminated
*** longjmp causes uninitialized stack frame ***: terminated
*** longjmp causes uninitialized stack frame ***: terminated
*** longjmp causes uninitialized stack frame ***: terminated
*** longjmp causes uninitialized stack frame ***: terminated
*** longjmp causes uninitialized stack frame ***: terminated
*** longjmp causes uninitialized stack frame ***: terminated
*** longjmp causes uninitialized stack frame ***: terminated
*** longjmp causes uninitialized stack frame ***: terminated
*** longjmp causes uninitialized stack frame ***: terminated
*** longjmp causes uninitialized stack frame ***: terminated
*** longjmp causes uninitialized stack frame ***: terminated
*** longjmp causes uninitialized stack frame ***: terminated
*** longjmp causes uninitialized stack frame ***: terminated
*** longjmp causes uninitialized stack frame ***: terminated
*** longjmp causes uninitialized stack frame ***: terminated
*** longjmp causes uninitialized stack frame ***: terminated
*** longjmp causes uninitialized stack frame ***: terminated
*** longjmp causes uninitialized stack frame ***: terminated
*** longjmp causes uninitialized stack frame ***: terminated
*** longjmp causes uninitialized stack frame ***: terminated
*** longjmp causes uninitialized stack frame ***: terminated
*** longjmp causes uninitialized stack frame ***: terminated
*** longjmp causes uninitialized stack frame ***: terminated
*** longjmp causes uninitialized stack frame ***: terminated
*** longjmp causes uninitialized stack frame ***: terminated
*** longjmp causes uninitialized stack frame ***: terminated
*** longjmp causes uninitialized stack frame ***: terminated
*** longjmp causes uninitialized stack frame ***: terminated
*** longjmp causes uninitialized stack frame ***: terminated
*** longjmp causes uninitialized stack frame ***: terminated
*** longjmp causes uninitialized stack frame ***: terminated
*** longjmp causes uninitialized stack frame ***: terminated
*** longjmp causes uninitialized stack frame ***: terminated
*** longjmp causes uninitialized stack frame ***: terminated
*** longjmp causes uninitialized stack frame ***: terminated
*** longjmp causes uninitialized stack frame ***: terminated
*** longjmp causes uninitialized stack frame ***: terminated
*** longjmp causes uninitialized stack frame ***: terminated
*** longjmp causes uninitialized stack frame ***: terminated
*** longjmp causes uninitialized stack frame ***: terminated
*** longjmp causes uninitialized stack frame ***: terminated
*** longjmp causes uninitialized stack frame ***: terminated
*** longjmp causes uninitialized stack frame ***: terminated
*** longjmp causes uninitialized stack frame ***: terminated
*** longjmp causes uninitialized stack frame ***: terminated
*** longjmp causes uninitialized stack frame ***: terminated
*** longjmp causes uninitialized stack frame ***: terminated
*** longjmp causes uninitialized stack frame ***: terminated
*** longjmp causes uninitialized stack frame ***: terminated
*** longjmp causes uninitialized stack frame ***: terminated
*** longjmp causes uninitialized stack frame ***: terminated
*** longjmp causes uninitialized stack frame ***: terminated
*** longjmp causes uninitialized stack frame ***: terminated
*** longjmp causes uninitialized stack frame ***: terminated
*** longjmp causes uninitialized stack frame ***: terminated
*** longjmp causes uninitialized stack frame ***: terminated
*** longjmp causes uninitialized stack frame ***: terminated
*** longjmp causes uninitialized stack frame ***: terminated
*** longjmp causes uninitialized stack frame ***: terminated
*** longjmp causes uninitialized stack frame ***: terminated
*** longjmp causes uninitialized stack frame ***: terminated
*** longjmp causes uninitialized stack frame ***: terminated
*** longjmp causes uninitialized stack frame ***: terminated
*** longjmp causes uninitialized stack frame ***: terminated
*** longjmp causes uninitialized stack frame ***: terminated
*** longjmp causes uninitialized stack frame ***: terminated
*** longjmp causes uninitialized stack frame ***: terminated
*** longjmp causes uninitialized stack frame ***: terminated
*** longjmp causes uninitialized stack frame ***: terminated
*** longjmp causes uninitialized stack frame ***: terminated
*** longjmp causes uninitialized stack frame ***: terminated
*** longjmp causes uninitialized stack frame ***: terminated
*** longjmp causes uninitialized stack frame ***: terminated
*** longjmp causes uninitialized stack frame ***: terminated
*** longjmp causes uninitialized stack frame ***: terminated
*** longjmp causes uninitialized stack frame ***: terminated
*** longjmp causes uninitialized stack frame ***: terminated
*** longjmp causes uninitialized stack frame ***: terminated
*** longjmp causes uninitialized stack frame ***: terminated
*** longjmp causes uninitialized stack frame ***: terminated
*** longjmp causes uninitialized stack frame ***: terminated
*** longjmp causes uninitialized stack frame ***: terminated
*** longjmp causes uninitialized stack frame ***: terminated
*** longjmp causes uninitialized stack frame ***: terminated
*** longjmp causes uninitialized stack frame ***: terminated
*** longjmp causes uninitialized stack frame ***: terminated
*** longjmp causes uninitialized stack frame ***: terminated
*** longjmp causes uninitialized stack frame ***: terminated
*** longjmp causes uninitialized stack frame ***: terminated
*** longjmp causes uninitialized stack frame ***: terminated
*** longjmp causes uninitialized stack frame ***: terminated
*** longjmp causes uninitialized stack frame ***: terminated
*** longjmp causes uninitialized stack frame ***: terminated
*** longjmp causes uninitialized stack frame ***: terminated
*** longjmp causes uninitialized stack frame ***: terminated
*** longjmp causes uninitialized stack frame ***: terminated
*** longjmp causes uninitialized stack frame ***: terminated
*** longjmp causes uninitialized stack frame ***: terminated
*** longjmp causes uninitialized stack frame ***: terminated
*** longjmp causes uninitialized stack frame ***: terminated
*** longjmp causes uninitialized stack frame ***: terminated
*** longjmp causes uninitialized stack frame ***: terminated
*** longjmp causes uninitialized stack frame ***: terminated
*** longjmp causes uninitialized stack frame ***: terminated
*** longjmp causes uninitialized stack frame ***: terminated
*** longjmp causes uninitialized stack frame ***: terminated
*** longjmp causes uninitialized stack frame ***: terminated
*** longjmp causes uninitialized stack frame ***: terminated
*** longjmp causes uninitialized stack frame ***: terminated
*** longjmp causes uninitialized stack frame ***: terminated
*** longjmp causes uninitialized stack frame ***: terminated
*** longjmp causes uninitialized stack frame ***: terminated
*** longjmp causes uninitialized stack frame ***: terminated
*** longjmp causes uninitialized stack frame ***: terminated
*** longjmp causes uninitialized stack frame ***: terminated
*** longjmp causes uninitialized stack frame ***: terminated
*** longjmp causes uninitialized stack frame ***: terminated
*** longjmp causes uninitialized stack frame ***: terminated
*** longjmp causes uninitialized stack frame ***: terminated
*** longjmp causes uninitialized stack frame ***: terminated
*** longjmp causes uninitialized stack frame ***: terminated
*** longjmp causes uninitialized stack frame ***: terminated
*** longjmp causes uninitialized stack frame ***: terminated
*** longjmp causes uninitialized stack frame ***: terminated
*** longjmp causes uninitialized stack frame ***: terminated
*** longjmp causes uninitialized stack frame ***: terminated
*** longjmp causes uninitialized stack frame ***: terminated
*** longjmp causes uninitialized stack frame ***: terminated
*** longjmp causes uninitialized stack frame ***: terminated
*** longjmp causes uninitialized stack frame ***: terminated
*** longjmp causes uninitialized stack frame ***: terminated
*** longjmp causes uninitialized stack frame ***: terminated
*** longjmp causes uninitialized stack frame ***: terminated
*** longjmp causes uninitialized stack frame ***: terminated
*** longjmp causes uninitialized stack frame ***: terminated
*** longjmp causes uninitialized stack frame ***: terminated
*** longjmp causes uninitialized stack frame ***: terminated
*** longjmp causes uninitialized stack frame ***: terminated
*** longjmp causes uninitialized stack frame ***: terminated
*** longjmp causes uninitialized stack frame ***: terminated
*** longjmp causes uninitialized stack frame ***: terminated
*** longjmp causes uninitialized stack frame ***: terminated
*** longjmp causes uninitialized stack frame ***: terminated
*** longjmp causes uninitialized stack frame ***: terminated
*** longjmp causes uninitialized stack frame ***: terminated
*** longjmp causes uninitialized stack frame ***: terminated
*** longjmp causes uninitialized stack frame ***: terminated
*** longjmp causes uninitialized stack frame ***: terminated
*** longjmp causes uninitialized stack frame ***: terminated
*** longjmp causes uninitialized stack frame ***: terminated
*** longjmp causes uninitialized stack frame ***: terminated
*** longjmp causes uninitialized stack frame ***: terminated
*** longjmp causes uninitialized stack frame ***: terminated
*** longjmp causes uninitialized stack frame ***: terminated
*** longjmp causes uninitialized stack frame ***: terminated
*** longjmp causes uninitialized stack frame ***: terminated
*** longjmp causes uninitialized stack frame ***: terminated
*** longjmp causes uninitialized stack frame ***: terminated
*** longjmp causes uninitialized stack frame ***: terminated
*** longjmp causes uninitialized stack frame ***: terminated
*** longjmp causes uninitialized stack frame ***: terminated
*** longjmp causes uninitialized stack frame ***: terminated
*** longjmp causes uninitialized stack frame ***: terminated
*** longjmp causes uninitialized stack frame ***: terminated
*** longjmp causes uninitialized stack frame ***: terminated
*** longjmp causes uninitialized stack frame ***: terminated
*** longjmp causes uninitialized stack frame ***: terminated
*** longjmp causes uninitialized stack frame ***: terminated
*** longjmp causes uninitialized stack frame ***: terminated
*** longjmp causes uninitialized stack frame ***: terminated
*** longjmp causes uninitialized stack frame ***: terminated
*** longjmp causes uninitialized stack frame ***: terminated
*** longjmp causes uninitialized stack frame ***: terminated
*** longjmp causes uninitialized stack frame ***: terminated
*** longjmp causes uninitialized stack frame ***: terminated
*** longjmp causes uninitialized stack frame ***: terminated
*** longjmp causes uninitialized stack frame ***: terminated
*** longjmp causes uninitialized stack frame ***: terminated
*** longjmp causes uninitialized stack frame ***: terminated
*** longjmp causes uninitialized stack frame ***: terminated
*** longjmp causes uninitialized stack frame ***: terminated
*** longjmp causes uninitialized stack frame ***: terminated
*** longjmp causes uninitialized stack frame ***: terminated
*** longjmp causes uninitialized stack frame ***: terminated
*** longjmp causes uninitialized stack frame ***: terminated
*** longjmp causes uninitialized stack frame ***: terminated
*** longjmp causes uninitialized stack frame ***: terminated
*** longjmp causes uninitialized stack frame ***: terminated
*** longjmp causes uninitialized stack frame ***: terminated
*** longjmp causes uninitialized stack frame ***: terminated
*** longjmp causes uninitialized stack frame ***: terminated
*** longjmp causes uninitialized stack frame ***: terminated
*** longjmp causes uninitialized stack frame ***: terminated
*** longjmp causes uninitialized stack frame ***: terminated
*** longjmp causes uninitialized stack frame ***: terminated
*** longjmp causes uninitialized stack frame ***: terminated
*** longjmp causes uninitialized stack frame ***: terminated
*** longjmp causes uninitialized stack frame ***: terminated
*** longjmp causes uninitialized stack frame ***: terminated
*** longjmp causes uninitialized stack frame ***: terminated
*** longjmp causes uninitialized stack frame ***: terminated
*** longjmp causes uninitialized stack frame ***: terminated
*** longjmp causes uninitialized stack frame ***: terminated
*** longjmp causes uninitialized stack frame ***: terminated
*** longjmp causes uninitialized stack frame ***: terminated
*** longjmp causes uninitialized stack frame ***: terminated
*** longjmp causes uninitialized stack frame ***: terminated
*** longjmp causes uninitialized stack frame ***: terminated
*** longjmp causes uninitialized stack frame ***: terminated
*** longjmp causes uninitialized stack frame ***: terminated
*** longjmp causes uninitialized stack frame ***: terminated
*** longjmp causes uninitialized stack frame ***: terminated
*** longjmp causes uninitialized stack frame ***: terminated
*** longjmp causes uninitialized stack frame ***: terminated
*** longjmp causes uninitialized stack frame ***: terminated
*** longjmp causes uninitialized stack frame ***: terminated
*** longjmp causes uninitialized stack frame ***: terminated
*** longjmp causes uninitialized stack frame ***: terminated
*** longjmp causes uninitialized stack frame ***: terminated
*** longjmp causes uninitialized stack frame ***: terminated
*** longjmp causes uninitialized stack frame ***: terminated
*** longjmp causes uninitialized stack frame ***: terminated
*** longjmp causes uninitialized stack frame ***: terminated
*** longjmp causes uninitialized stack frame ***: terminated
*** longjmp causes uninitialized stack frame ***: terminated
*** longjmp causes uninitialized stack frame ***: terminated
*** longjmp causes uninitialized stack frame ***: terminated
*** longjmp causes uninitialized stack frame ***: terminated
*** longjmp causes uninitialized stack frame ***: terminated
*** longjmp causes uninitialized stack frame ***: terminated
*** longjmp causes uninitialized stack frame ***: terminated
*** longjmp causes uninitialized stack frame ***: terminated
*** longjmp causes uninitialized stack frame ***: terminated
*** longjmp causes uninitialized stack frame ***: terminated
*** longjmp causes uninitialized stack frame ***: terminated
*** longjmp causes uninitialized stack frame ***: terminated
*** longjmp causes uninitialized stack frame ***: terminated
*** longjmp causes uninitialized stack frame ***: terminated
*** longjmp causes uninitialized stack frame ***: terminated
*** longjmp causes uninitialized stack frame ***: terminated
*** longjmp causes uninitialized stack frame ***: terminated
*** longjmp causes uninitialized stack frame ***: terminated
*** longjmp causes uninitialized stack frame ***: terminated
*** longjmp causes uninitialized stack frame ***: terminated
*** longjmp causes uninitialized stack frame ***: terminated
*** longjmp causes uninitialized stack frame ***: terminated
*** longjmp causes uninitialized stack frame ***: terminated
*** longjmp causes uninitialized stack frame ***: terminated
*** longjmp causes uninitialized stack frame ***: terminated
*** longjmp causes uninitialized stack frame ***: terminated
*** longjmp causes uninitialized stack frame ***: terminated
*** longjmp causes uninitialized stack frame ***: terminated
*** longjmp causes uninitialized stack frame ***: terminated
*** longjmp causes uninitialized stack frame ***: terminated
*** longjmp causes uninitialized stack frame ***: terminated
*** longjmp causes uninitialized stack frame ***: terminated
*** longjmp causes uninitialized stack frame ***: terminated
*** longjmp causes uninitialized stack frame ***: terminated
*** longjmp causes uninitialized stack frame ***: terminated
*** longjmp causes uninitialized stack frame ***: terminated
*** longjmp causes uninitialized stack frame ***: terminated
*** longjmp causes uninitialized stack frame ***: terminated
*** longjmp causes uninitialized stack frame ***: terminated
*** longjmp causes uninitialized stack frame ***: terminated
*** longjmp causes uninitialized stack frame ***: terminated
*** longjmp causes uninitialized stack frame ***: terminated
*** longjmp causes uninitialized stack frame ***: terminated
*** longjmp causes uninitialized stack frame ***: terminated
*** longjmp causes uninitialized stack frame ***: terminated
*** longjmp causes uninitialized stack frame ***: terminated
*** longjmp causes uninitialized stack frame ***: terminated
*** longjmp causes uninitialized stack frame ***: terminated
*** longjmp causes uninitialized stack frame ***: terminated
*** longjmp causes uninitialized stack frame ***: terminated
*** longjmp causes uninitialized stack frame ***: terminated
*** longjmp causes uninitialized stack frame ***: terminated
*** longjmp causes uninitialized stack frame ***: terminated
*** longjmp causes uninitialized stack frame ***: terminated
*** longjmp causes uninitialized stack frame ***: terminated
*** longjmp causes uninitialized stack frame ***: terminated
*** longjmp causes uninitialized stack frame ***: terminated
*** longjmp causes uninitialized stack frame ***: terminated
*** longjmp causes uninitialized stack frame ***: terminated
*** longjmp causes uninitialized stack frame ***: terminated
*** longjmp causes uninitialized stack frame ***: terminated
*** longjmp causes uninitialized stack frame ***: terminated
*** longjmp causes uninitialized stack frame ***: terminated
*** longjmp causes uninitialized stack frame ***: terminated
*** longjmp causes uninitialized stack frame ***: terminated
*** longjmp causes uninitialized stack frame ***: terminated
*** longjmp causes uninitialized stack frame ***: terminated
*** longjmp causes uninitialized stack frame ***: terminated
*** longjmp causes uninitialized stack frame ***: terminated
*** longjmp causes uninitialized stack frame ***: terminated
*** longjmp causes uninitialized stack frame ***: terminated
*** longjmp causes uninitialized stack frame ***: terminated
*** longjmp causes uninitialized stack frame ***: terminated
*** longjmp causes uninitialized stack frame ***: terminated
*** longjmp causes uninitialized stack frame ***: terminated
*** longjmp causes uninitialized stack frame ***: terminated
*** longjmp causes uninitialized stack frame ***: terminated
*** longjmp causes uninitialized stack frame ***: terminated
*** longjmp causes uninitialized stack frame ***: terminated
*** longjmp causes uninitialized stack frame ***: terminated
*** longjmp causes uninitialized stack frame ***: terminated
*** longjmp causes uninitialized stack frame ***: terminated
*** longjmp causes uninitialized stack frame ***: terminated
*** longjmp causes uninitialized stack frame ***: terminated
*** longjmp causes uninitialized stack frame ***: terminated
*** longjmp causes uninitialized stack frame ***: terminated
*** longjmp causes uninitialized stack frame ***: terminated
*** longjmp causes uninitialized stack frame ***: terminated
*** longjmp causes uninitialized stack frame ***: terminated
*** longjmp causes uninitialized stack frame ***: terminated
*** longjmp causes uninitialized stack frame ***: terminated
*** longjmp causes uninitialized stack frame ***: terminated
*** longjmp causes uninitialized stack frame ***: terminated
*** longjmp causes uninitialized stack frame ***: terminated
*** longjmp causes uninitialized stack frame ***: terminated
*** longjmp causes uninitialized stack frame ***: terminated
*** longjmp causes uninitialized stack frame ***: terminated
*** longjmp causes uninitialized stack frame ***: terminated
*** longjmp causes uninitialized stack frame ***: terminated
*** longjmp causes uninitialized stack frame ***: terminated
*** longjmp causes uninitialized stack frame ***: terminated
*** longjmp causes uninitialized stack frame ***: terminated
*** longjmp causes uninitialized stack frame ***: terminated
*** longjmp causes uninitialized stack frame ***: terminated
*** longjmp causes uninitialized stack frame ***: terminated
*** longjmp causes uninitialized stack frame ***: terminated
*** longjmp causes uninitialized stack frame ***: terminated
*** longjmp causes uninitialized stack frame ***: terminated
*** longjmp causes uninitialized stack frame ***: terminated
*** longjmp causes uninitialized stack frame ***: terminated
*** longjmp causes uninitialized stack frame ***: terminated
*** longjmp causes uninitialized stack frame ***: terminated
*** longjmp causes uninitialized stack frame ***: terminated
*** longjmp causes uninitialized stack frame ***: terminated
*** longjmp causes uninitialized stack frame ***: terminated
*** longjmp causes uninitialized stack frame ***: terminated
*** longjmp causes uninitialized stack frame ***: terminated
*** longjmp causes uninitialized stack frame ***: terminated
*** longjmp causes uninitialized stack frame ***: terminated
*** longjmp causes uninitialized stack frame ***: terminated
*** longjmp causes uninitialized stack frame ***: terminated
*** longjmp causes uninitialized stack frame ***: terminated
*** longjmp causes uninitialized stack frame ***: terminated
*** longjmp causes uninitialized stack frame ***: terminated
*** longjmp causes uninitialized stack frame ***: terminated
*** longjmp causes uninitialized stack frame ***: terminated
*** longjmp causes uninitialized stack frame ***: terminated
*** longjmp causes uninitialized stack frame ***: terminated
*** longjmp causes uninitialized stack frame ***: terminated
*** longjmp causes uninitialized stack frame ***: terminated
*** longjmp causes uninitialized stack frame ***: terminated
*** longjmp causes uninitialized stack frame ***: terminated
*** longjmp causes uninitialized stack frame ***: terminated
*** longjmp causes uninitialized stack frame ***: terminated
*** longjmp causes uninitialized stack frame ***: terminated
*** longjmp causes uninitialized stack frame ***: terminated
*** longjmp causes uninitialized stack frame ***: terminated
*** longjmp causes uninitialized stack frame ***: terminated
*** longjmp causes uninitialized stack frame ***: terminated
*** longjmp causes uninitialized stack frame ***: terminated
*** longjmp causes uninitialized stack frame ***: terminated
*** longjmp causes uninitialized stack frame ***: terminated
*** longjmp causes uninitialized stack frame ***: terminated
*** longjmp causes uninitialized stack frame ***: terminated
*** longjmp causes uninitialized stack frame ***: terminated
*** longjmp causes uninitialized stack frame ***: terminated
*** longjmp causes uninitialized stack frame ***: terminated
*** longjmp causes uninitialized stack frame ***: terminated
*** longjmp causes uninitialized stack frame ***: terminated
*** longjmp causes uninitialized stack frame ***: terminated
*** longjmp causes uninitialized stack frame ***: terminated
*** longjmp causes uninitialized stack frame ***: terminated
*** longjmp causes uninitialized stack frame ***: terminated
*** longjmp causes uninitialized stack frame ***: terminated
*** longjmp causes uninitialized stack frame ***: terminated
*** longjmp causes uninitialized stack frame ***: terminated
*** longjmp causes uninitialized stack frame ***: terminated
*** longjmp causes uninitialized stack frame ***: terminated
*** longjmp causes uninitialized stack frame ***: terminated
*** longjmp causes uninitialized stack frame ***: terminated
*** longjmp causes uninitialized stack frame ***: terminated
*** longjmp causes uninitialized stack frame ***: terminated
*** longjmp causes uninitialized stack frame ***: terminated
*** longjmp causes uninitialized stack frame ***: terminated
*** longjmp causes uninitialized stack frame ***: terminated
*** longjmp causes uninitialized stack frame ***: terminated
*** longjmp causes uninitialized stack frame ***: terminated
*** longjmp causes uninitialized stack frame ***: terminated
*** longjmp causes uninitialized stack frame ***: terminated
*** longjmp causes uninitialized stack frame ***: terminated
*** longjmp causes uninitialized stack frame ***: terminated
*** longjmp causes uninitialized stack frame ***: terminated
*** longjmp causes uninitialized stack frame ***: terminated
*** longjmp causes uninitialized stack frame ***: terminated
*** longjmp causes uninitialized stack frame ***: terminated
*** longjmp causes uninitialized stack frame ***: terminated
*** longjmp causes uninitialized stack frame ***: terminated
*** longjmp causes uninitialized stack frame ***: terminated
*** longjmp causes uninitialized stack frame ***: terminated
*** longjmp causes uninitialized stack frame ***: terminated
*** longjmp causes uninitialized stack frame ***: terminated
*** longjmp causes uninitialized stack frame ***: terminated
*** longjmp causes uninitialized stack frame ***: terminated
*** longjmp causes uninitialized stack frame ***: terminated
*** longjmp causes uninitialized stack frame ***: terminated
*** longjmp causes uninitialized stack frame ***: terminated
*** longjmp causes uninitialized stack frame ***: terminated
*** longjmp causes uninitialized stack frame ***: terminated
*** longjmp causes uninitialized stack frame ***: terminated
*** longjmp causes uninitialized stack frame ***: terminated
*** longjmp causes uninitialized stack frame ***: terminated
*** longjmp causes uninitialized stack frame ***: terminated
*** longjmp causes uninitialized stack frame ***: terminated
*** longjmp causes uninitialized stack frame ***: terminated
*** longjmp causes uninitialized stack frame ***: terminated
*** longjmp causes uninitialized stack frame ***: terminated
*** longjmp causes uninitialized stack frame ***: terminated
*** longjmp causes uninitialized stack frame ***: terminated
*** longjmp causes uninitialized stack frame ***: terminated
*** longjmp causes uninitialized stack frame ***: terminated
*** longjmp causes uninitialized stack frame ***: terminated
*** longjmp causes uninitialized stack frame ***: terminated
*** longjmp causes uninitialized stack frame ***: terminated
*** longjmp causes uninitialized stack frame ***: terminated
*** longjmp causes uninitialized stack frame ***: terminated
*** longjmp causes uninitialized stack frame ***: terminated
*** longjmp causes uninitialized stack frame ***: terminated
*** longjmp causes uninitialized stack frame ***: terminated
*** longjmp causes uninitialized stack frame ***: terminated
*** longjmp causes uninitialized stack frame ***: terminated
*** longjmp causes uninitialized stack frame ***: terminated
*** longjmp causes uninitialized stack frame ***: terminated
*** longjmp causes uninitialized stack frame ***: terminated
*** longjmp causes uninitialized stack frame ***: terminated
*** longjmp causes uninitialized stack frame ***: terminated
*** longjmp causes uninitialized stack frame ***: terminated
*** longjmp causes uninitialized stack frame ***: terminated
*** longjmp causes uninitialized stack frame ***: terminated
*** longjmp causes uninitialized stack frame ***: terminated
*** longjmp causes uninitialized stack frame ***: terminated
*** longjmp causes uninitialized stack frame ***: terminated
*** longjmp causes uninitialized stack frame ***: terminated
*** longjmp causes uninitialized stack frame ***: terminated
*** longjmp causes uninitialized stack frame ***: terminated
*** longjmp causes uninitialized stack frame ***: terminated
*** longjmp causes uninitialized stack frame ***: terminated
*** longjmp causes uninitialized stack frame ***: terminated
*** longjmp causes uninitialized stack frame ***: terminated
*** longjmp causes uninitialized stack frame ***: terminated
*** longjmp causes uninitialized stack frame ***: terminated
*** longjmp causes uninitialized stack frame ***: terminated
*** longjmp causes uninitialized stack frame ***: terminated
*** longjmp causes uninitialized stack frame ***: terminated
*** longjmp causes uninitialized stack frame ***: terminated
*** longjmp causes uninitialized stack frame ***: terminated
*** longjmp causes uninitialized stack frame ***: terminated
*** longjmp causes uninitialized stack frame ***: terminated
*** longjmp causes uninitialized stack frame ***: terminated
*** longjmp causes uninitialized stack frame ***: terminated
*** longjmp causes uninitialized stack frame ***: terminated
*** longjmp causes uninitialized stack frame ***: terminated
*** longjmp causes uninitialized stack frame ***: terminated
*** longjmp causes uninitialized stack frame ***: terminated
*** longjmp causes uninitialized stack frame ***: terminated
*** longjmp causes uninitialized stack frame ***: terminated
*** longjmp causes uninitialized stack frame ***: terminated
*** longjmp causes uninitialized stack frame ***: terminated
*** longjmp causes uninitialized stack frame ***: terminated
*** longjmp causes uninitialized stack frame ***: terminated
*** longjmp causes uninitialized stack frame ***: terminated
*** longjmp causes uninitialized stack frame ***: terminated
*** longjmp causes uninitialized stack frame ***: terminated
*** longjmp causes uninitialized stack frame ***: terminated
*** longjmp causes uninitialized stack frame ***: terminated
*** longjmp causes uninitialized stack frame ***: terminated
*** longjmp causes uninitialized stack frame ***: terminated
*** longjmp causes uninitialized stack frame ***: terminated
*** longjmp causes uninitialized stack frame ***: terminated
*** longjmp causes uninitialized stack frame ***: terminated
*** longjmp causes uninitialized stack frame ***: terminated
*** longjmp causes uninitialized stack frame ***: terminated
*** longjmp causes uninitialized stack frame ***: terminated
*** longjmp causes uninitialized stack frame ***: terminated
*** longjmp causes uninitialized stack frame ***: terminated
*** longjmp causes uninitialized stack frame ***: terminated
*** longjmp causes uninitialized stack frame ***: terminated
*** longjmp causes uninitialized stack frame ***: terminated
*** longjmp causes uninitialized stack frame ***: terminated
*** longjmp causes uninitialized stack frame ***: terminated
*** longjmp causes uninitialized stack frame ***: terminated
*** longjmp causes uninitialized stack frame ***: terminated
*** longjmp causes uninitialized stack frame ***: terminated
*** longjmp causes uninitialized stack frame ***: terminated
*** longjmp causes uninitialized stack frame ***: terminated
*** longjmp causes uninitialized stack frame ***: terminated
*** longjmp causes uninitialized stack frame ***: terminated
*** longjmp causes uninitialized stack frame ***: terminated
*** longjmp causes uninitialized stack frame ***: terminated
*** longjmp causes uninitialized stack frame ***: terminated
*** longjmp causes uninitialized stack frame ***: terminated
*** longjmp causes uninitialized stack frame ***: terminated
*** longjmp causes uninitialized stack frame ***: terminated
*** longjmp causes uninitialized stack frame ***: terminated
*** longjmp causes uninitialized stack frame ***: terminated
*** longjmp causes uninitialized stack frame ***: terminated
*** longjmp causes uninitialized stack frame ***: terminated
*** longjmp causes uninitialized stack frame ***: terminated
*** longjmp causes uninitialized stack frame ***: terminated
*** longjmp causes uninitialized stack frame ***: terminated
*** longjmp causes uninitialized stack frame ***: terminated
*** longjmp causes uninitialized stack frame ***: terminated
*** longjmp causes uninitialized stack frame ***: terminated
*** longjmp causes uninitialized stack frame ***: terminated
*** longjmp causes uninitialized stack frame ***: terminated
*** longjmp causes uninitialized stack frame ***: terminated
*** longjmp causes uninitialized stack frame ***: terminated
*** longjmp causes uninitialized stack frame ***: terminated
*** longjmp causes uninitialized stack frame ***: terminated
*** longjmp causes uninitialized stack frame ***: terminated
*** longjmp causes uninitialized stack frame ***: terminated
*** longjmp causes uninitialized stack frame ***: terminated
*** longjmp causes uninitialized stack frame ***: terminated
*** longjmp causes uninitialized stack frame ***: terminated
*** longjmp causes uninitialized stack frame ***: terminated
*** longjmp causes uninitialized stack frame ***: terminated
*** longjmp causes uninitialized stack frame ***: terminated
*** longjmp causes uninitialized stack frame ***: terminated
*** longjmp causes uninitialized stack frame ***: terminated
*** longjmp causes uninitialized stack frame ***: terminated
*** longjmp causes uninitialized stack frame ***: terminated
*** longjmp causes uninitialized stack frame ***: terminated
*** longjmp causes uninitialized stack frame ***: terminated
*** longjmp causes uninitialized stack frame ***: terminated
*** longjmp causes uninitialized stack frame ***: terminated
*** longjmp causes uninitialized stack frame ***: terminated
*** longjmp causes uninitialized stack frame ***: terminated
*** longjmp causes uninitialized stack frame ***: terminated
*** longjmp causes uninitialized stack frame ***: terminated
*** longjmp causes uninitialized stack frame ***: terminated
*** longjmp causes uninitialized stack frame ***: terminated
*** longjmp causes uninitialized stack frame ***: terminated
*** longjmp causes uninitialized stack frame ***: terminated
*** longjmp causes uninitialized stack frame ***: terminated
*** longjmp causes uninitialized stack frame ***: terminated
*** longjmp causes uninitialized stack frame ***: terminated
*** longjmp causes uninitialized stack frame ***: terminated
*** longjmp causes uninitialized stack frame ***: terminated
*** longjmp causes uninitialized stack frame ***: terminated
*** longjmp causes uninitialized stack frame ***: terminated
*** longjmp causes uninitialized stack frame ***: terminated
*** longjmp causes uninitialized stack frame ***: terminated
*** longjmp causes uninitialized stack frame ***: terminated
*** longjmp causes uninitialized stack frame ***: terminated
*** longjmp causes uninitialized stack frame ***: terminated
*** longjmp causes uninitialized stack frame ***: terminated
*** longjmp causes uninitialized stack frame ***: terminated
*** longjmp causes uninitialized stack frame ***: terminated
*** longjmp causes uninitialized stack frame ***: terminated
*** longjmp causes uninitialized stack frame ***: terminated
*** longjmp causes uninitialized stack frame ***: terminated
*** longjmp causes uninitialized stack frame ***: terminated
*** longjmp causes uninitialized stack frame ***: terminated
*** longjmp causes uninitialized stack frame ***: terminated
*** longjmp causes uninitialized stack frame ***: terminated
*** longjmp causes uninitialized stack frame ***: terminated
*** longjmp causes uninitialized stack frame ***: terminated
*** longjmp causes uninitialized stack frame ***: terminated
*** longjmp causes uninitialized stack frame ***: terminated
*** longjmp causes uninitialized stack frame ***: terminated
*** longjmp causes uninitialized stack frame ***: terminated
*** longjmp causes uninitialized stack frame ***: terminated
*** longjmp causes uninitialized stack frame ***: terminated
*** longjmp causes uninitialized stack frame ***: terminated
*** longjmp causes uninitialized stack frame ***: terminated
*** longjmp causes uninitialized stack frame ***: terminated
*** longjmp causes uninitialized stack frame ***: terminated
*** longjmp causes uninitialized stack frame ***: terminated
*** longjmp causes uninitialized stack frame ***: terminated
*** longjmp causes uninitialized stack frame ***: terminated
*** longjmp causes uninitialized stack frame ***: terminated
*** longjmp causes uninitialized stack frame ***: terminated
*** longjmp causes uninitialized stack frame ***: terminated
*** longjmp causes uninitialized stack frame ***: terminated
*** longjmp causes uninitialized stack frame ***: terminated
*** longjmp causes uninitialized stack frame ***: terminated
*** longjmp causes uninitialized stack frame ***: terminated
*** longjmp causes uninitialized stack frame ***: terminated
*** longjmp causes uninitialized stack frame ***: terminated
*** longjmp causes uninitialized stack frame ***: terminated
*** longjmp causes uninitialized stack frame ***: terminated
*** longjmp causes uninitialized stack frame ***: terminated
*** longjmp causes uninitialized stack frame ***: terminated
*** longjmp causes uninitialized stack frame ***: terminated
*** longjmp causes uninitialized stack frame ***: terminated
*** longjmp causes uninitialized stack frame ***: terminated
*** longjmp causes uninitialized stack frame ***: terminated
*** longjmp causes uninitialized stack frame ***: terminated
*** longjmp causes uninitialized stack frame ***: terminated
*** longjmp causes uninitialized stack frame ***: terminated
*** longjmp causes uninitialized stack frame ***: terminated
*** longjmp causes uninitialized stack frame ***: terminated
*** longjmp causes uninitialized stack frame ***: terminated
*** longjmp causes uninitialized stack frame ***: terminated
*** longjmp causes uninitialized stack frame ***: terminated
*** longjmp causes uninitialized stack frame ***: terminated
*** longjmp causes uninitialized stack frame ***: terminated
*** longjmp causes uninitialized stack frame ***: terminated
*** longjmp causes uninitialized stack frame ***: terminated
*** longjmp causes uninitialized stack frame ***: terminated
*** longjmp causes uninitialized stack frame ***: terminated
*** longjmp causes uninitialized stack frame ***: terminated
*** longjmp causes uninitialized stack frame ***: terminated
*** longjmp causes uninitialized stack frame ***: terminated
*** longjmp causes uninitialized stack frame ***: terminated
*** longjmp causes uninitialized stack frame ***: terminated
*** longjmp causes uninitialized stack frame ***: terminated
*** longjmp causes uninitialized stack frame ***: terminated
*** longjmp causes uninitialized stack frame ***: terminated
*** longjmp causes uninitialized stack frame ***: terminated
*** longjmp causes uninitialized stack frame ***: terminated
*** longjmp causes uninitialized stack frame ***: terminated
*** longjmp causes uninitialized stack frame ***: terminated
*** longjmp causes uninitialized stack frame ***: terminated
*** longjmp causes uninitialized stack frame ***: terminated
*** longjmp causes uninitialized stack frame ***: terminated
*** longjmp causes uninitialized stack frame ***: terminated
*** longjmp causes uninitialized stack frame ***: terminated
*** longjmp causes uninitialized stack frame ***: terminated
*** longjmp causes uninitialized stack frame ***: terminated
*** longjmp causes uninitialized stack frame ***: terminated
*** longjmp causes uninitialized stack frame ***: terminated
*** longjmp causes uninitialized stack frame ***: terminated
*** longjmp causes uninitialized stack frame ***: terminated
*** longjmp causes uninitialized stack frame ***: terminated
*** longjmp causes uninitialized stack frame ***: terminated
*** longjmp causes uninitialized stack frame ***: terminated
*** longjmp causes uninitialized stack frame ***: terminated
*** longjmp causes uninitialized stack frame ***: terminated
*** longjmp causes uninitialized stack frame ***: terminated
*** longjmp causes uninitialized stack frame ***: terminated
*** longjmp causes uninitialized stack frame ***: terminated
*** longjmp causes uninitialized stack frame ***: terminated
*** longjmp causes uninitialized stack frame ***: terminated
*** longjmp causes uninitialized stack frame ***: terminated
*** longjmp causes uninitialized stack frame ***: terminated
*** longjmp causes uninitialized stack frame ***: terminated
*** longjmp causes uninitialized stack frame ***: terminated
*** longjmp causes uninitialized stack frame ***: terminated
*** longjmp causes uninitialized stack frame ***: terminated
*** longjmp causes uninitialized stack frame ***: terminated
*** longjmp causes uninitialized stack frame ***: terminated
*** longjmp causes uninitialized stack frame ***: terminated
*** longjmp causes uninitialized stack frame ***: terminated
*** longjmp causes uninitialized stack frame ***: terminated
*** longjmp causes uninitialized stack frame ***: terminated
*** longjmp causes uninitialized stack frame ***: terminated
*** longjmp causes uninitialized stack frame ***: terminated
*** longjmp causes uninitialized stack frame ***: terminated
*** longjmp causes uninitialized stack frame ***: terminated
*** longjmp causes uninitialized stack frame ***: terminated
*** longjmp causes uninitialized stack frame ***: terminated
*** longjmp causes uninitialized stack frame ***: terminated
*** longjmp causes uninitialized stack frame ***: terminated
*** longjmp causes uninitialized stack frame ***: terminated
*** longjmp causes uninitialized stack frame ***: terminated
*** longjmp causes uninitialized stack frame ***: terminated
*** longjmp causes uninitialized stack frame ***: terminated
*** longjmp causes uninitialized stack frame ***: terminated
*** longjmp causes uninitialized stack frame ***: terminated
*** longjmp causes uninitialized stack frame ***: terminated
*** longjmp causes uninitialized stack frame ***: terminated
*** longjmp causes uninitialized stack frame ***: terminated
*** longjmp causes uninitialized stack frame ***: terminated
*** longjmp causes uninitialized stack frame ***: terminated
*** longjmp causes uninitialized stack frame ***: terminated
*** longjmp causes uninitialized stack frame ***: terminated
*** longjmp causes uninitialized stack frame ***: terminated
*** longjmp causes uninitialized stack frame ***: terminated
*** longjmp causes uninitialized stack frame ***: terminated
*** longjmp causes uninitialized stack frame ***: terminated
*** longjmp causes uninitialized stack frame ***: terminated
*** longjmp causes uninitialized stack frame ***: terminated
*** longjmp causes uninitialized stack frame ***: terminated
*** longjmp causes uninitialized stack frame ***: terminated
*** longjmp causes uninitialized stack frame ***: terminated
*** longjmp causes uninitialized stack frame ***: terminated
*** longjmp causes uninitialized stack frame ***: terminated
*** longjmp causes uninitialized stack frame ***: terminated
*** longjmp causes uninitialized stack frame ***: terminated
*** longjmp causes uninitialized stack frame ***: terminated
*** longjmp causes uninitialized stack frame ***: terminated
*** longjmp causes uninitialized stack frame ***: terminated
*** longjmp causes uninitialized stack frame ***: terminated
*** longjmp causes uninitialized stack frame ***: terminated
*** longjmp causes uninitialized stack frame ***: terminated
*** longjmp causes uninitialized stack frame ***: terminated
*** longjmp causes uninitialized stack frame ***: terminated
*** longjmp causes uninitialized stack frame ***: terminated
*** longjmp causes uninitialized stack frame ***: terminated
*** longjmp causes uninitialized stack frame ***: terminated
*** longjmp causes uninitialized stack frame ***: terminated
*** longjmp causes uninitialized stack frame ***: terminated
*** longjmp causes uninitialized stack frame ***: terminated
*** longjmp causes uninitialized stack frame ***: terminated
*** longjmp causes uninitialized stack frame ***: terminated
*** longjmp causes uninitialized stack frame ***: terminated
*** longjmp causes uninitialized stack frame ***: terminated
*** longjmp causes uninitialized stack frame ***: terminated
*** longjmp causes uninitialized stack frame ***: terminated
*** longjmp causes uninitialized stack frame ***: terminated
*** longjmp causes uninitialized stack frame ***: terminated
*** longjmp causes uninitialized stack frame ***: terminated
*** longjmp causes uninitialized stack frame ***: terminated
*** longjmp causes uninitialized stack frame ***: terminated
*** longjmp causes uninitialized stack frame ***: terminated
*** longjmp causes uninitialized stack frame ***: terminated
*** longjmp causes uninitialized stack frame ***: terminated
*** longjmp causes uninitialized stack frame ***: terminated
*** longjmp causes uninitialized stack frame ***: terminated
*** longjmp causes uninitialized stack frame ***: terminated
*** longjmp causes uninitialized stack frame ***: terminated
*** longjmp causes uninitialized stack frame ***: terminated
*** longjmp causes uninitialized stack frame ***: terminated
*** longjmp causes uninitialized stack frame ***: terminated
*** longjmp causes uninitialized stack frame ***: terminated
*** longjmp causes uninitialized stack frame ***: terminated
*** longjmp causes uninitialized stack frame ***: terminated
*** longjmp causes uninitialized stack frame ***: terminated
*** longjmp causes uninitialized stack frame ***: terminated
*** longjmp causes uninitialized stack frame ***: terminated
*** longjmp causes uninitialized stack frame ***: terminated
*** longjmp causes uninitialized stack frame ***: terminated
*** longjmp causes uninitialized stack frame ***: terminated
*** longjmp causes uninitialized stack frame ***: terminated
*** longjmp causes uninitialized stack frame ***: terminated
*** longjmp causes uninitialized stack frame ***: terminated
*** longjmp causes uninitialized stack frame ***: terminated
*** longjmp causes uninitialized stack frame ***: terminated
*** longjmp causes uninitialized stack frame ***: terminated
*** longjmp causes uninitialized stack frame ***: terminated
*** longjmp causes uninitialized stack frame ***: terminated
*** longjmp causes uninitialized stack frame ***: terminated
*** longjmp causes uninitialized stack frame ***: terminated
*** longjmp causes uninitialized stack frame ***: terminated
*** longjmp causes uninitialized stack frame ***: terminated
*** longjmp causes uninitialized stack frame ***: terminated
*** longjmp causes uninitialized stack frame ***: terminated
*** longjmp causes uninitialized stack frame ***: terminated
*** longjmp causes uninitialized stack frame ***: terminated
*** longjmp causes uninitialized stack frame ***: terminated
*** longjmp causes uninitialized stack frame ***: terminated
*** longjmp causes uninitialized stack frame ***: terminated
*** longjmp causes uninitialized stack frame ***: terminated
*** longjmp causes uninitialized stack frame ***: terminated
*** longjmp causes uninitialized stack frame ***: terminated
*** longjmp causes uninitialized stack frame ***: terminated
*** longjmp causes uninitialized stack frame ***: terminated
*** longjmp causes uninitialized stack frame ***: terminated
*** longjmp causes uninitialized stack frame ***: terminated
*** longjmp causes uninitialized stack frame ***: terminated
*** longjmp causes uninitialized stack frame ***: terminated
*** longjmp causes uninitialized stack frame ***: terminated
*** longjmp causes uninitialized stack frame ***: terminated
*** longjmp causes uninitialized stack frame ***: terminated
*** longjmp causes uninitialized stack frame ***: terminated
*** longjmp causes uninitialized stack frame ***: terminated
*** longjmp causes uninitialized stack frame ***: terminated
*** longjmp causes uninitialized stack frame ***: terminated
*** longjmp causes uninitialized stack frame ***: terminated
*** longjmp causes uninitialized stack frame ***: terminated
*** longjmp causes uninitialized stack frame ***: terminated
*** longjmp causes uninitialized stack frame ***: terminated
*** longjmp causes uninitialized stack frame ***: terminated
*** longjmp causes uninitialized stack frame ***: terminated
*** longjmp causes uninitialized stack frame ***: terminated
*** longjmp causes uninitialized stack frame ***: terminated
*** longjmp causes uninitialized stack frame ***: terminated
*** longjmp causes uninitialized stack frame ***: terminated
*** longjmp causes uninitialized stack frame ***: terminated
*** longjmp causes uninitialized stack frame ***: terminated
*** longjmp causes uninitialized stack frame ***: terminated
*** longjmp causes uninitialized stack frame ***: terminated
*** longjmp causes uninitialized stack frame ***: terminated
*** longjmp causes uninitialized stack frame ***: terminated
*** longjmp causes uninitialized stack frame ***: terminated
*** longjmp causes uninitialized stack frame ***: terminated
*** longjmp causes uninitialized stack frame ***: terminated
*** longjmp causes uninitialized stack frame ***: terminated
*** longjmp causes uninitialized stack frame ***: terminated
*** longjmp causes uninitialized stack frame ***: terminated
*** longjmp causes uninitialized stack frame ***: terminated
*** longjmp causes uninitialized stack frame ***: terminated
*** longjmp causes uninitialized stack frame ***: terminated
*** longjmp causes uninitialized stack frame ***: terminated
*** longjmp causes uninitialized stack frame ***: terminated
*** longjmp causes uninitialized stack frame ***: terminated
*** longjmp causes uninitialized stack frame ***: terminated
*** longjmp causes uninitialized stack frame ***: terminated
*** longjmp causes uninitialized stack frame ***: terminated
*** longjmp causes uninitialized stack frame ***: terminated
*** longjmp causes uninitialized stack frame ***: terminated
*** longjmp causes uninitialized stack frame ***: terminated
*** longjmp causes uninitialized stack frame ***: terminated
*** longjmp causes uninitialized stack frame ***: terminated
*** longjmp causes uninitialized stack frame ***: terminated
*** longjmp causes uninitialized stack frame ***: terminated
*** longjmp causes uninitialized stack frame ***: terminated
*** longjmp causes uninitialized stack frame ***: terminated
*** longjmp causes uninitialized stack frame ***: terminated
*** longjmp causes uninitialized stack frame ***: terminated
*** longjmp causes uninitialized stack frame ***: terminated
*** longjmp causes uninitialized stack frame ***: terminated
*** longjmp causes uninitialized stack frame ***: terminated
*** longjmp causes uninitialized stack frame ***: terminated
*** longjmp causes uninitialized stack frame ***: terminated
*** longjmp causes uninitialized stack frame ***: terminated
*** longjmp causes uninitialized stack frame ***: terminated
*** longjmp causes uninitialized stack frame ***: terminated
*** longjmp causes uninitialized stack frame ***: terminated
*** longjmp causes uninitialized stack frame ***: terminated
*** longjmp causes uninitialized stack frame ***: terminated
*** longjmp causes uninitialized stack frame ***: terminated
*** longjmp causes uninitialized stack frame ***: terminated
*** longjmp causes uninitialized stack frame ***: terminated
*** longjmp causes uninitialized stack frame ***: terminated
*** longjmp causes uninitialized stack frame ***: terminated
*** longjmp causes uninitialized stack frame ***: terminated
*** longjmp causes uninitialized stack frame ***: terminated
*** longjmp causes uninitialized stack frame ***: terminated
*** longjmp causes uninitialized stack frame ***: terminated
*** longjmp causes uninitialized stack frame ***: terminated
*** longjmp causes uninitialized stack frame ***: terminated
*** longjmp causes uninitialized stack frame ***: terminated
*** longjmp causes uninitialized stack frame ***: terminated
*** longjmp causes uninitialized stack frame ***: terminated
*** longjmp causes uninitialized stack frame ***: terminated
*** longjmp causes uninitialized stack frame ***: terminated
*** longjmp causes uninitialized stack frame ***: terminated
*** longjmp causes uninitialized stack frame ***: terminated
*** longjmp causes uninitialized stack frame ***: terminated
*** longjmp causes uninitialized stack frame ***: terminated
*** longjmp causes uninitialized stack frame ***: terminated
*** longjmp causes uninitialized stack frame ***: terminated
*** longjmp causes uninitialized stack frame ***: terminated
*** longjmp causes uninitialized stack frame ***: terminated
*** longjmp causes uninitialized stack frame ***: terminated
*** longjmp causes uninitialized stack frame ***: terminated
*** longjmp causes uninitialized stack frame ***: terminated
*** longjmp causes uninitialized stack frame ***: terminated
*** longjmp causes uninitialized stack frame ***: terminated
*** longjmp causes uninitialized stack frame ***: terminated
*** longjmp causes uninitialized stack frame ***: terminated
*** longjmp causes uninitialized stack frame ***: terminated
*** longjmp causes uninitialized stack frame ***: terminated
*** longjmp causes uninitialized stack frame ***: terminated
*** longjmp causes uninitialized stack frame ***: terminated
*** longjmp causes uninitialized stack frame ***: terminated
*** longjmp causes uninitialized stack frame ***: terminated
*** longjmp causes uninitialized stack frame ***: terminated
*** longjmp causes uninitialized stack frame ***: terminated
*** longjmp causes uninitialized stack frame ***: terminated
*** longjmp causes uninitialized stack frame ***: terminated
*** longjmp causes uninitialized stack frame ***: terminated
*** longjmp causes uninitialized stack frame ***: terminated
*** longjmp causes uninitialized stack frame ***: terminated
*** longjmp causes uninitialized stack frame ***: terminated
*** longjmp causes uninitialized stack frame ***: terminated
*** longjmp causes uninitialized stack frame ***: terminated
*** longjmp causes uninitialized stack frame ***: terminated
*** longjmp causes uninitialized stack frame ***: terminated
*** longjmp causes uninitialized stack frame ***: terminated
*** longjmp causes uninitialized stack frame ***: terminated
*** longjmp causes uninitialized stack frame ***: terminated
*** longjmp causes uninitialized stack frame ***: terminated
*** longjmp causes uninitialized stack frame ***: terminated
*** longjmp causes uninitialized stack frame ***: terminated
*** longjmp causes uninitialized stack frame ***: terminated
*** longjmp causes uninitialized stack frame ***: terminated
*** longjmp causes uninitialized stack frame ***: terminated
*** longjmp causes uninitialized stack frame ***: terminated
*** longjmp causes uninitialized stack frame ***: terminated
*** longjmp causes uninitialized stack frame ***: terminated
*** longjmp causes uninitialized stack frame ***: terminated
*** longjmp causes uninitialized stack frame ***: terminated
*** longjmp causes uninitialized stack frame ***: terminated
*** longjmp causes uninitialized stack frame ***: terminated
*** longjmp causes uninitialized stack frame ***: terminated
*** longjmp causes uninitialized stack frame ***: terminated
*** longjmp causes uninitialized stack frame ***: terminated
*** longjmp causes uninitialized stack frame ***: terminated
*** longjmp causes uninitialized stack frame ***: terminated
*** longjmp causes uninitialized stack frame ***: terminated
*** longjmp causes uninitialized stack frame ***: terminated
*** longjmp causes uninitialized stack frame ***: terminated
*** longjmp causes uninitialized stack frame ***: terminated
*** longjmp causes uninitialized stack frame ***: terminated
*** longjmp causes uninitialized stack frame ***: terminated
*** longjmp causes uninitialized stack frame ***: terminated
*** longjmp causes uninitialized stack frame ***: terminated
*** longjmp causes uninitialized stack frame ***: terminated
*** longjmp causes uninitialized stack frame ***: terminated
*** longjmp causes uninitialized stack frame ***: terminated
*** longjmp causes uninitialized stack frame ***: terminated
*** longjmp causes uninitialized stack frame ***: terminated
*** longjmp causes uninitialized stack frame ***: terminated
*** longjmp causes uninitialized stack frame ***: terminated
*** longjmp causes uninitialized stack frame ***: terminated
*** longjmp causes uninitialized stack frame ***: terminated
*** longjmp causes uninitialized stack frame ***: terminated
*** longjmp causes uninitialized stack frame ***: terminated
*** longjmp causes uninitialized stack frame ***: terminated
*** longjmp causes uninitialized stack frame ***: terminated
*** longjmp causes uninitialized stack frame ***: terminated
*** longjmp causes uninitialized stack frame ***: terminated
*** longjmp causes uninitialized stack frame ***: terminated
*** longjmp causes uninitialized stack frame ***: terminated
*** longjmp causes uninitialized stack frame ***: terminated
*** longjmp causes uninitialized stack frame ***: terminated
*** longjmp causes uninitialized stack frame ***: terminated
*** longjmp causes uninitialized stack frame ***: terminated
*** longjmp causes uninitialized stack frame ***: terminated
*** longjmp causes uninitialized stack frame ***: terminated
*** longjmp causes uninitialized stack frame ***: terminated
*** longjmp causes uninitialized stack frame ***: terminated
*** longjmp causes uninitialized stack frame ***: terminated
*** longjmp causes uninitialized stack frame ***: terminated
*** longjmp causes uninitialized stack frame ***: terminated
*** longjmp causes uninitialized stack frame ***: terminated
*** longjmp causes uninitialized stack frame ***: terminated
*** longjmp causes uninitialized stack frame ***: terminated
*** longjmp causes uninitialized stack frame ***: terminated
*** longjmp causes uninitialized stack frame ***: terminated
*** longjmp causes uninitialized stack frame ***: terminated
*** longjmp causes uninitialized stack frame ***: terminated
*** longjmp causes uninitialized stack frame ***: terminated
*** longjmp causes uninitialized stack frame ***: terminated
*** longjmp causes uninitialized stack frame ***: terminated
*** longjmp causes uninitialized stack frame ***: terminated
*** longjmp causes uninitialized stack frame ***: terminated
*** longjmp causes uninitialized stack frame ***: terminated
*** longjmp causes uninitialized stack frame ***: terminated
*** longjmp causes uninitialized stack frame ***: terminated
*** longjmp causes uninitialized stack frame ***: terminated
*** longjmp causes uninitialized stack frame ***: terminated
*** longjmp causes uninitialized stack frame ***: terminated
*** longjmp causes uninitialized stack frame ***: terminated
*** longjmp causes uninitialized stack frame ***: terminated
*** longjmp causes uninitialized stack frame ***: terminated
*** longjmp causes uninitialized stack frame ***: terminated
*** longjmp causes uninitialized stack frame ***: terminated
*** longjmp causes uninitialized stack frame ***: terminated
*** longjmp causes uninitialized stack frame ***: terminated
*** longjmp causes uninitialized stack frame ***: terminated
*** longjmp causes uninitialized stack frame ***: terminated
*** longjmp causes uninitialized stack frame ***: terminated
*** longjmp causes uninitialized stack frame ***: terminated
*** longjmp causes uninitialized stack frame ***: terminated
*** longjmp causes uninitialized stack frame ***: terminated
*** longjmp causes uninitialized stack frame ***: terminated
*** longjmp causes uninitialized stack frame ***: terminated
*** longjmp causes uninitialized stack frame ***: terminated
*** longjmp causes uninitialized stack frame ***: terminated
*** longjmp causes uninitialized stack frame ***: terminated
*** longjmp causes uninitialized stack frame ***: terminated
*** longjmp causes uninitialized stack frame ***: terminated
*** longjmp causes uninitialized stack frame ***: terminated
*** longjmp causes uninitialized stack frame ***: terminated
*** longjmp causes uninitialized stack frame ***: terminated
*** longjmp causes uninitialized stack frame ***: terminated
*** longjmp causes uninitialized stack frame ***: terminated
*** longjmp causes uninitialized stack frame ***: terminated
*** longjmp causes uninitialized stack frame ***: terminated
*** longjmp causes uninitialized stack frame ***: terminated
*** longjmp causes uninitialized stack frame ***: terminated
*** longjmp causes uninitialized stack frame ***: terminated
*** longjmp causes uninitialized stack frame ***: terminated
*** longjmp causes uninitialized stack frame ***: terminated
*** longjmp causes uninitialized stack frame ***: terminated
*** longjmp causes uninitialized stack frame ***: terminated
*** longjmp causes uninitialized stack frame ***: terminated
*** longjmp causes uninitialized stack frame ***: terminated
*** longjmp causes uninitialized stack frame ***: terminated
*** longjmp causes uninitialized stack frame ***: terminated
*** longjmp causes uninitialized stack frame ***: terminated
*** longjmp causes uninitialized stack frame ***: terminated
*** longjmp causes uninitialized stack frame ***: terminated
*** longjmp causes uninitialized stack frame ***: terminated
*** longjmp causes uninitialized stack frame ***: terminated
*** longjmp causes uninitialized stack frame ***: terminated
*** longjmp causes uninitialized stack frame ***: terminated
*** longjmp causes uninitialized stack frame ***: terminated
*** longjmp causes uninitialized stack frame ***: terminated
*** longjmp causes uninitialized stack frame ***: terminated
*** longjmp causes uninitialized stack frame ***: terminated
*** longjmp causes uninitialized stack frame ***: terminated
*** longjmp causes uninitialized stack frame ***: terminated
*** longjmp causes uninitialized stack frame ***: terminated
*** longjmp causes uninitialized stack frame ***: terminated
*** longjmp causes uninitialized stack frame ***: terminated
*** longjmp causes uninitialized stack frame ***: terminated
*** longjmp causes uninitialized stack frame ***: terminated
*** longjmp causes uninitialized stack frame ***: terminated
*** longjmp causes uninitialized stack frame ***: terminated
*** longjmp causes uninitialized stack frame ***: terminated
*** longjmp causes uninitialized stack frame ***: terminated
*** longjmp causes uninitialized stack frame ***: terminated
*** longjmp causes uninitialized stack frame ***: terminated
*** longjmp causes uninitialized stack frame ***: terminated
*** longjmp causes uninitialized stack frame ***: terminated
*** longjmp causes uninitialized stack frame ***: terminated
*** longjmp causes uninitialized stack frame ***: terminated
*** longjmp causes uninitialized stack frame ***: terminated
*** longjmp causes uninitialized stack frame ***: terminated
*** longjmp causes uninitialized stack frame ***: terminated
*** longjmp causes uninitialized stack frame ***: terminated
*** longjmp causes uninitialized stack frame ***: terminated
*** longjmp causes uninitialized stack frame ***: terminated
*** longjmp causes uninitialized stack frame ***: terminated
*** longjmp causes uninitialized stack frame ***: terminated
*** longjmp causes uninitialized stack frame ***: terminated
*** longjmp causes uninitialized stack frame ***: terminated
*** longjmp causes uninitialized stack frame ***: terminated
*** longjmp causes uninitialized stack frame ***: terminated
*** longjmp causes uninitialized stack frame ***: terminated
*** longjmp causes uninitialized stack frame ***: terminated
*** longjmp causes uninitialized stack frame ***: terminated
*** longjmp causes uninitialized stack frame ***: terminated
*** longjmp causes uninitialized stack frame ***: terminated
*** longjmp causes uninitialized stack frame ***: terminated
*** longjmp causes uninitialized stack frame ***: terminated
*** longjmp causes uninitialized stack frame ***: terminated
*** longjmp causes uninitialized stack frame ***: terminated
*** longjmp causes uninitialized stack frame ***: terminated
*** longjmp causes uninitialized stack frame ***: terminated
*** longjmp causes uninitialized stack frame ***: terminated
*** longjmp causes uninitialized stack frame ***: terminated
*** longjmp causes uninitialized stack frame ***: terminated
*** longjmp causes uninitialized stack frame ***: terminated
*** longjmp causes uninitialized stack frame ***: terminated
*** longjmp causes uninitialized stack frame ***: terminated
*** longjmp causes uninitialized stack frame ***: terminated
*** longjmp causes uninitialized stack frame ***: terminated
*** longjmp causes uninitialized stack frame ***: terminated
