0:00:00.008530865 [31m    6[00m 0x60f7ff2483b0 [37mDEBUG  [00m [00;34m          GST_TRACER gsttracer.c:182:gst_tracer_register:<tracerfactory0>[00m new tracer factory for buffer_tracer
0:00:00.008546352 [31m    6[00m 0x60f7ff2483b0 [37mDEBUG  [00m [00;34m          GST_TRACER gsttracer.c:189:gst_tracer_register:<buffer_tracer>[00m tracer factory for 4280582640:BufferTracer
0:00:00.008608303 [31m    6[00m 0x60f7ff2483b0 [37mDEBUG  [00m [00;34m          GST_TRACER gsttracer.c:182:gst_tracer_register:<tracerfactory1>[00m new tracer factory for latency_tracer
0:00:00.008611362 [31m    6[00m 0x60f7ff2483b0 [37mDEBUG  [00m [00;34m          GST_TRACER gsttracer.c:189:gst_tracer_register:<latency_tracer>[00m tracer factory for 4280566176:LatencyTracer
0:00:00.009563673 [31m    6[00m 0x60f7ff2483b0 [37mDEBUG  [00m [00;34m          GST_TRACER gsttracer.c:182:gst_tracer_register:<tracerfactory2>[00m new tracer factory for gvaitttracer
0:00:00.009568753 [31m    6[00m 0x60f7ff2483b0 [37mDEBUG  [00m [00;34m          GST_TRACER gsttracer.c:189:gst_tracer_register:<gvaitttracer>[00m tracer factory for 4280630304:GstGvaITTTracer
0:00:00.109423149 [31m    6[00m 0x60f7ff2483b0 [31;01mERROR  [00m [00;33m        gesformatter ges-formatter.c:600:load_python_formatters:[00m Couldn't load libpython. Reason: libpython3.12.so: cannot open shared object file: No such file or directory
0:00:00.109467653 [31m    6[00m 0x60f7ff2483b0 [33;01mWARN   [00m [00;04m             default ges-meta-container.c:238:_set_value:<GESAsset@0x60f7ff9f0350>[00m Could not set value on item: format-version
0:00:00.109475835 [31m    6[00m 0x60f7ff2483b0 [33;01mWARN   [00m [00;04m             default ges-meta-container.c:238:_set_value:<GESAsset@0x60f7ff8baab0>[00m Could not set value on item: format-version
0:00:00.109481242 [31m    6[00m 0x60f7ff2483b0 [33;01mWARN   [00m [00;04m             default ges-meta-container.c:238:_set_value:<GESAsset@0x60f7ff8bb1f0>[00m Could not set value on item: format-version
0:00:00.109627494 [31m    6[00m 0x60f7ff2483b0 [33;01mWARN   [00m [00m           structure gststructure.c:3372:priv_gst_structure_parse_fields:[00m Failed to find delimiter, r=mimetype
0:00:00.184179743 [31m    6[00m 0x60f7ff2483b0 [33;01mWARN   [00m [00m          cudaloader gstcudaloader.cpp:358:gst_cuda_load_library_once_func:[00m Could not open library libcuda.so.1, libcuda.so.1: cannot open shared object file: No such file or directory
0:00:00.210666174 [31m    6[00m 0x60f7ff2483b0 [37mDEBUG  [00m [00;34m          GST_TRACER gsttracer.c:182:gst_tracer_register:<tracerfactory3>[00m new tracer factory for dots
0:00:00.210673880 [31m    6[00m 0x60f7ff2483b0 [37mDEBUG  [00m [00;34m          GST_TRACER gsttracer.c:189:gst_tracer_register:<dots>[00m tracer factory for 6769664:GstDotsTracer
0:00:00.210736416 [31m    6[00m 0x60f7ff2483b0 [37mDEBUG  [00m [00;34m          GST_TRACER gsttracer.c:182:gst_tracer_register:<tracerfactory4>[00m new tracer factory for latency
0:00:00.210738326 [31m    6[00m 0x60f7ff2483b0 [37mDEBUG  [00m [00;34m          GST_TRACER gsttracer.c:189:gst_tracer_register:<latency>[00m tracer factory for 6776528:GstLatencyTracer
0:00:00.210782431 [31m    6[00m 0x60f7ff2483b0 [37mDEBUG  [00m [00;34m          GST_TRACER gsttracer.c:182:gst_tracer_register:<tracerfactory5>[00m new tracer factory for log
0:00:00.210784139 [31m    6[00m 0x60f7ff2483b0 [37mDEBUG  [00m [00;34m          GST_TRACER gsttracer.c:189:gst_tracer_register:<log>[00m tracer factory for 6789264:GstLogTracer
0:00:00.210790843 [31m    6[00m 0x60f7ff2483b0 [37mDEBUG  [00m [00;34m          GST_TRACER gsttracer.c:182:gst_tracer_register:<tracerfactory6>[00m new tracer factory for rusage
0:00:00.210792675 [31m    6[00m 0x60f7ff2483b0 [37mDEBUG  [00m [00;34m          GST_TRACER gsttracer.c:189:gst_tracer_register:<rusage>[00m tracer factory for 4287716128:GstRUsageTracer
0:00:00.210800346 [31m    6[00m 0x60f7ff2483b0 [37mDEBUG  [00m [00;34m          GST_TRACER gsttracer.c:182:gst_tracer_register:<tracerfactory7>[00m new tracer factory for stats
0:00:00.210802453 [31m    6[00m 0x60f7ff2483b0 [37mDEBUG  [00m [00;34m          GST_TRACER gsttracer.c:189:gst_tracer_register:<stats>[00m tracer factory for 6796112:GstStatsTracer
0:00:00.210808910 [31m    6[00m 0x60f7ff2483b0 [37mDEBUG  [00m [00;34m          GST_TRACER gsttracer.c:182:gst_tracer_register:<tracerfactory8>[00m new tracer factory for leaks
0:00:00.210810649 [31m    6[00m 0x60f7ff2483b0 [37mDEBUG  [00m [00;34m          GST_TRACER gsttracer.c:189:gst_tracer_register:<leaks>[00m tracer factory for 7110960:GstLeaksTracer
0:00:00.210813216 [31m    6[00m 0x60f7ff2483b0 [37mDEBUG  [00m [00;34m          GST_TRACER gsttracer.c:182:gst_tracer_register:<tracerfactory9>[00m new tracer factory for factories
0:00:00.210814952 [31m    6[00m 0x60f7ff2483b0 [37mDEBUG  [00m [00;34m          GST_TRACER gsttracer.c:189:gst_tracer_register:<factories>[00m tracer factory for 6838528:GstFactoriesTracer
0:00:00.212813013 [31m    6[00m 0x60f7ff2483b0 [31;01mERROR  [00m [00m            pyplugin gstpythonplugin.c:260:plugin_init:[00m Couldn't load libpython. Reason: libpython3.12.so: cannot open shared object file: No such file or directory
0:00:00.212817527 [31m    6[00m 0x60f7ff2483b0 [33;01mWARN   [00m [00;01;36m  GST_PLUGIN_LOADING gstplugin.c:546:gst_plugin_register_func:[00m plugin "/opt/intel/dlstreamer/gstreamer/lib/gstreamer-1.0/libgstpython.so" failed to initialise
0:00:00.214949338 [31m    6[00m 0x60f7ff2483b0 [33;01mWARN   [00m [00;01;36m  GST_PLUGIN_LOADING gstplugin.c:887:_priv_gst_plugin_load_file_for_registry:[00m module_open failed: /opt/intel/dlstreamer/gstreamer/lib/python3/dist-packages/gi/overrides/_gi_gst.cpython-312-x86_64-linux-gnu.so: undefined symbol: PyExc_ValueError

(gst-plugin-scanner:6): GStreamer-WARNING **: 10:06:07.013: Failed to load plugin '/opt/intel/dlstreamer/gstreamer/lib/python3/dist-packages/gi/overrides/_gi_gst.cpython-312-x86_64-linux-gnu.so': /opt/intel/dlstreamer/gstreamer/lib/python3/dist-packages/gi/overrides/_gi_gst.cpython-312-x86_64-linux-gnu.so: undefined symbol: PyExc_ValueError
0:00:00.215084101 [31m    6[00m 0x60f7ff2483b0 [33;01mWARN   [00m [00;01;36m  GST_PLUGIN_LOADING gstplugin.c:887:_priv_gst_plugin_load_file_for_registry:[00m module_open failed: /opt/intel/dlstreamer/gstreamer/lib/python3/dist-packages/gi/overrides/_gi_gst_analytics.cpython-312-x86_64-linux-gnu.so: undefined symbol: PyCapsule_Type

(gst-plugin-scanner:6): GStreamer-WARNING **: 10:06:07.013: Failed to load plugin '/opt/intel/dlstreamer/gstreamer/lib/python3/dist-packages/gi/overrides/_gi_gst_analytics.cpython-312-x86_64-linux-gnu.so': /opt/intel/dlstreamer/gstreamer/lib/python3/dist-packages/gi/overrides/_gi_gst_analytics.cpython-312-x86_64-linux-gnu.so: undefined symbol: PyCapsule_Type
0:00:00.224013468 [31m    6[00m 0x60f7ff2483b0 [31;01mERROR  [00m [00m            pyplugin gstpythonplugin.c:260:plugin_init:[00m Couldn't load libpython. Reason: libpython3.12.so: cannot open shared object file: No such file or directory
0:00:00.224018657 [31m    6[00m 0x60f7ff2483b0 [33;01mWARN   [00m [00;01;36m  GST_PLUGIN_LOADING gstplugin.c:546:gst_plugin_register_func:[00m plugin "/opt/intel/dlstreamer/gstreamer/lib/gstreamer-1.0/libgstpython.so" failed to initialise
0:00:00.230080280 [31m    6[00m 0x60f7ff2483b0 [31;01mERROR  [00m [00m            pyplugin gstpythonplugin.c:260:plugin_init:[00m Couldn't load libpython. Reason: libpython3.12.so: cannot open shared object file: No such file or directory
0:00:00.230084208 [31m    6[00m 0x60f7ff2483b0 [33;01mWARN   [00m [00;01;36m  GST_PLUGIN_LOADING gstplugin.c:546:gst_plugin_register_func:[00m plugin "/opt/intel/dlstreamer/gstreamer/lib/gstreamer-1.0/libgstpython.so" failed to initialise
0:00:00.251492841 [32m    1[00m 0x63472177b200 [37mDEBUG  [00m [00;34m          GST_TRACER gsttracer.c:172:gst_tracer_register:<registry0>[00m update existing feature 0x6347215a2be0 (latency_tracer)
0:00:00.251533620 [32m    1[00m 0x63472177b200 [37mTRACE  [00m [00;34m          GST_TRACER gsttracerrecord.c:111:gst_tracer_record_build_format:[00m latency_tracer_pipeline.class, frame_latency=(structure)"value\,\ type\=\(type\)gdouble\,\ description\=\(string\)\"current\\\ frame\\\ latency\\\ in\\\ ms\"\;", avg=(structure)"value\,\ type\=\(type\)gdouble\,\ description\=\(string\)\"Average\\\ frame\\\ latency\\\ in\\\ ms\"\;", min=(structure)"value\,\ type\=\(type\)gdouble\,\ description\=\(string\)\"Min\\\ Per\\\ frame\\\ latency\\\ in\\\ ms\"\;", max=(structure)"value\,\ type\=\(type\)gdouble\,\ description\=\(string\)\"Max\\\ Per\\\ frame\\\ latency\\\ in\\\ ms\"\;", latency=(structure)"value\,\ type\=\(type\)gdouble\,\ description\=\(string\)\"pipeline\\\ latency\\\ in\\\ ms\\\(if\\\ frames\\\ dropped\\\ this\\\ may\\\ result\\\ in\\\ invalid\\\ value\\\)\"\;", fps=(structure)"value\,\ type\=\(type\)gdouble\,\ description\=\(string\)\"pipeline\\\ fps\\\(if\\\ frames\\\ dropped\\\ this\\\ may\\\ result\\\ in\\\ invalid\\\ value\\\)\"\;", frame_num=(structure)"value\,\ type\=\(type\)guint\,\ description\=\(string\)\"NUmber\\\ of\\\ frame\\\ processed\"\;";
0:00:00.251539283 [32m    1[00m 0x63472177b200 [37mDEBUG  [00m [00;34m          GST_TRACER gsttracerrecord.c:125:gst_tracer_record_build_format:[00m new format string: latency_tracer_pipeline, frame_latency=(double)%lf, avg=(double)%lf, min=(double)%lf, max=(double)%lf, latency=(double)%lf, fps=(double)%lf, frame_num=(uint)%u;
0:00:00.251547135 [32m    1[00m 0x63472177b200 [37mTRACE  [00m [00;34m          GST_TRACER gsttracerrecord.c:111:gst_tracer_record_build_format:[00m latency_tracer_pipeline_interval.class, interval=(structure)"value\,\ type\=\(type\)gdouble\,\ description\=\(string\)\"interval\\\ in\\\ ms\"\;", avg=(structure)"value\,\ type\=\(type\)gdouble\,\ description\=\(string\)\"Average\\\ interval\\\ frame\\\ latency\\\ in\\\ ms\"\;", min=(structure)"value\,\ type\=\(type\)gdouble\,\ description\=\(string\)\"Min\\\ interval\\\ Per\\\ frame\\\ latency\\\ in\\\ ms\"\;", max=(structure)"value\,\ type\=\(type\)gdouble\,\ description\=\(string\)\"Max\\\ interval\\\ Per\\\ frame\\\ latency\\\ in\\\ ms\"\;", latency=(structure)"value\,\ type\=\(type\)gdouble\,\ description\=\(string\)\"pipeline\\\ latency\\\ within\\\ the\\\ interval\\\ in\\\ ms\\\(if\\\ frames\\\ dropped\\\ this\\\ may\\\ result\\\ in\\\ invalid\\\ value\\\)\"\;", fps=(structure)"value\,\ type\=\(type\)gdouble\,\ description\=\(string\)\"pipeline\\\ fps\\\ ithin\\\ the\\\ interval\\\(if\\\ frames\\\ dropped\\\ this\\\ may\\\ result\\\ in\\\ invalid\\\ value\\\)\"\;";
0:00:00.251549873 [32m    1[00m 0x63472177b200 [37mDEBUG  [00m [00;34m          GST_TRACER gsttracerrecord.c:125:gst_tracer_record_build_format:[00m new format string: latency_tracer_pipeline_interval, interval=(double)%lf, avg=(double)%lf, min=(double)%lf, max=(double)%lf, latency=(double)%lf, fps=(double)%lf;
0:00:00.251556587 [32m    1[00m 0x63472177b200 [37mTRACE  [00m [00;34m          GST_TRACER gsttracerrecord.c:111:gst_tracer_record_build_format:[00m latency_tracer_element.class, name=(structure)"value\,\ type\=\(type\)gchararray\,\ description\=\(string\)\"Element\\\ Name\"\;", frame_latency=(structure)"value\,\ type\=\(type\)gdouble\,\ description\=\(string\)\"current\\\ frame\\\ latency\\\ in\\\ ms\"\;", avg=(structure)"value\,\ type\=\(type\)gdouble\,\ description\=\(string\)\"Average\\\ frame\\\ latency\\\ in\\\ ms\"\;", min=(structure)"value\,\ type\=\(type\)gdouble\,\ description\=\(string\)\"Min\\\ Per\\\ frame\\\ latency\\\ in\\\ ms\"\;", max=(structure)"value\,\ type\=\(type\)gdouble\,\ description\=\(string\)\"Max\\\ Per\\\ frame\\\ latency\\\ in\\\ ms\"\;", frame_num=(structure)"value\,\ type\=\(type\)guint\,\ description\=\(string\)\"Number\\\ of\\\ frame\\\ processed\"\;", is_bin=(structure)"value\,\ type\=\(type\)gboolean\,\ description\=\(string\)\"is\\\ element\\\ bin\"\;";
0:00:00.251559909 [32m    1[00m 0x63472177b200 [37mDEBUG  [00m [00;34m          GST_TRACER gsttracerrecord.c:125:gst_tracer_record_build_format:[00m new format string: latency_tracer_element, name=(string)%s, frame_latency=(double)%lf, avg=(double)%lf, min=(double)%lf, max=(double)%lf, frame_num=(uint)%u, is_bin=(boolean)%i;
0:00:00.251564972 [32m    1[00m 0x63472177b200 [37mTRACE  [00m [00;34m          GST_TRACER gsttracerrecord.c:111:gst_tracer_record_build_format:[00m latency_tracer_element_interval.class, name=(structure)"value\,\ type\=\(type\)gchararray\,\ description\=\(string\)\"Element\\\ Name\"\;", interval=(structure)"value\,\ type\=\(type\)gdouble\,\ description\=\(string\)\"Interval\\\ ms\"\;", avg=(structure)"value\,\ type\=\(type\)gdouble\,\ description\=\(string\)\"Average\\\ interval\\\ latency\\\ in\\\ ms\"\;", min=(structure)"value\,\ type\=\(type\)gdouble\,\ description\=\(string\)\"Min\\\ interval\\\ frame\\\ latency\\\ in\\\ ms\"\;", max=(structure)"value\,\ type\=\(type\)gdouble\,\ description\=\(string\)\"Max\\\ interval\\\ frame\\\ latency\\\ in\\\ ms\"\;";
0:00:00.251567198 [32m    1[00m 0x63472177b200 [37mDEBUG  [00m [00;34m          GST_TRACER gsttracerrecord.c:125:gst_tracer_record_build_format:[00m new format string: latency_tracer_element_interval, name=(string)%s, interval=(double)%lf, avg=(double)%lf, min=(double)%lf, max=(double)%lf;
Setting pipeline to PAUSED ...
Pipeline is live and does not need PREROLL ...
Got context from element 'vapostproc0': gst.va.display.handle=context, gst-display=(GstObject)"\(GstVaDisplayDrm\)\ vadisplaydrm2", description=(string)"Intel\(R\)\ Gen\ Graphics", path=(string)/dev/dri/renderD128;
Progress: (open) Opening Stream
Pipeline is PREROLLED ...
Prerolled, waiting for progress to finish...
Progress: (connect) Connecting to rtsp://127.0.0.1:8554/cam1
Progress: (open) Retrieving server options
Progress: (open) Retrieving media info
0:00:00.278166877 [32m    1[00m 0x79c908000d70 [33;01mWARN   [00m [00m              udpsrc gstudpsrc.c:1722:gst_udpsrc_open:<udpsrc0>[00m warning: Could not create a buffer of requested 524288 bytes (Operation not permitted). Need net.admin privilege?
0:00:00.278181545 [32m    1[00m 0x79c908000d70 [33;01mWARN   [00m [00m              udpsrc gstudpsrc.c:1732:gst_udpsrc_open:<udpsrc0>[00m have udp buffer of 212992 bytes while 524288 were requested
Progress: (request) SETUP stream 0
Progress: (open) Opened Stream
Setting pipeline to PLAYING ...
New clock: GstSystemClock
Progress: (request) Sending PLAY request
Redistribute latency...
Progress: (request) Sending PLAY request
0:00:01.282623918 [32m    1[00m 0x79c908000f70 [32;01mFIXME  [00m [00;04m             default gstutils.c:4169:gst_element_decorate_stream_id_internal:<fakesrc0>[00m Creating random stream-id, consider implementing a deterministic way of creating a stream-id
Redistribute latency...
Progress: (request) Sent PLAY request
Redistribute latency...
0:00:01.345275449 [32m    1[00m 0x79c908001570 [32;01mFIXME  [00m [00m          decodebin3 gstdecodebin3.c:1186:gst_decodebin_input_unblock_streams:<decodebin3-0>[00m Re-use existing input streams if/when possible
0:00:01.345536376 [32m    1[00m 0x79c908001570 [32;01mFIXME  [00m [00m          decodebin3 gstdecodebin3.c:1186:gst_decodebin_input_unblock_streams:<decodebin3-0>[00m Re-use existing input streams if/when possible
Redistribute latency...
Redistribute latency...

** (gst-launch-1.0:1): WARNING **: 10:06:08.382: Model quantization runtime (2023.3.0-13775-ceeafaf64f3-releases/2023/3) does not match current runtime (2025.2.0-19140-c01cd93e24d-releases/2025/2). Results may be inaccurate. Please re-quantize the model with the current runtime version.
0:00:01.605878857 [32m    1[00m 0x79c908001770 [33;01mWARN   [00m [00m          GVA_common openvino_image_inference.cpp:1219:configure_image_input:[00m Layout for 'image' input is not explicitly set, so it's defaulted to [?,?,H,W]
Redistribute latency...
0:00:04.561555418 [32m    1[00m 0x79c908001770 [33;01mWARN   [00m [00m          GVA_common image_inference_async.cpp:48:create_va_api_image_pool:[00m Vaapi pre-proc with RGBP output may be not high-performant on some systems. Please set environment variable ENABLE_GVA_FEATURES=vaapi-preproc-yuv to enable I420 output for vaapi pre-proc and see if it enables better performance. 
0:00:04.561700265 [32m    1[00m 0x79c908001770 [33;01mWARN   [00m [00m          GVA_common blob_to_meta_converter.cpp:125:checkOnNameDeprecation:[00m The 'ssd' - is deprecated converter name. Please use 'boxes_labels' instead.
0:00:04.583481236 [32m    1[00m 0x79c908000b70 [37mTRACE  [00m [00;34m          GST_TRACER :0::[00m latency_tracer_pipeline, frame_latency=(double)3071.486303, avg=(double)3071.486303, min=(double)3071.486303, max=(double)3071.486303, latency=(double)3268.523139, fps=(double)0.305949, frame_num=(uint)1;
0:00:04.583528951 [32m    1[00m 0x79c908000b70 [37mTRACE  [00m [00;34m          GST_TRACER :0::[00m latency_tracer_pipeline_interval, interval=(double)3268.523139, avg=(double)3071.486303, min=(double)3071.486303, max=(double)3071.486303, latency=(double)3268.523139, fps=(double)0.305949;
Redistribute latency...
0:00:04.584539875 [32m    1[00m 0x79c908000b70 [37mTRACE  [00m [00;34m          GST_TRACER :0::[00m latency_tracer_pipeline, frame_latency=(double)3039.584973, avg=(double)3055.535638, min=(double)3039.584973, max=(double)3071.486303, latency=(double)1634.794403, fps=(double)0.611698, frame_num=(uint)2;
0:00:04.584577939 [32m    1[00m 0x79c908000b70 [37mTRACE  [00m [00;34m          GST_TRACER :0::[00m latency_tracer_pipeline, frame_latency=(double)3039.584973, avg=(double)3050.218750, min=(double)3039.584973, max=(double)3071.486303, latency=(double)1089.862935, fps=(double)0.917547, frame_num=(uint)3;
0:00:04.592115515 [32m    1[00m 0x79c908000b70 [37mTRACE  [00m [00;34m          GST_TRACER :0::[00m latency_tracer_pipeline, frame_latency=(double)3013.844464, avg=(double)3041.125178, min=(double)3013.844464, max=(double)3071.486303, latency=(double)819.289840, fps=(double)1.220569, frame_num=(uint)4;
0:00:04.592130986 [32m    1[00m 0x79c908000b70 [37mTRACE  [00m [00;34m          GST_TRACER :0::[00m latency_tracer_pipeline, frame_latency=(double)3013.844464, avg=(double)3035.669035, min=(double)3013.844464, max=(double)3071.486303, latency=(double)655.431872, fps=(double)1.525712, frame_num=(uint)5;
0:00:04.592513830 [32m    1[00m 0x79c908000b70 [37mTRACE  [00m [00;34m          GST_TRACER :0::[00m latency_tracer_pipeline, frame_latency=(double)2981.016089, avg=(double)3026.560211, min=(double)2981.016089, max=(double)3071.486303, latency=(double)546.263330, fps=(double)1.830619, frame_num=(uint)6;
0:00:04.592525065 [32m    1[00m 0x79c908000b70 [37mTRACE  [00m [00;34m          GST_TRACER :0::[00m latency_tracer_pipeline, frame_latency=(double)2981.016089, avg=(double)3020.053908, min=(double)2981.016089, max=(double)3071.486303, latency=(double)468.225712, fps=(double)2.135722, frame_num=(uint)7;
0:00:04.596882745 [32m    1[00m 0x79c908000b70 [37mTRACE  [00m [00;34m          GST_TRACER :0::[00m latency_tracer_pipeline, frame_latency=(double)2952.000043, avg=(double)3011.547175, min=(double)2952.000043, max=(double)3071.486303, latency=(double)410.243543, fps=(double)2.437576, frame_num=(uint)8;
0:00:04.596892002 [32m    1[00m 0x79c908000b70 [37mTRACE  [00m [00;34m          GST_TRACER :0::[00m latency_tracer_pipeline, frame_latency=(double)2952.000043, avg=(double)3004.930827, min=(double)2952.000043, max=(double)3071.486303, latency=(double)364.660927, fps=(double)2.742274, frame_num=(uint)9;
0:00:04.607790338 [32m    1[00m 0x79c908000b70 [37mTRACE  [00m [00;34m          GST_TRACER :0::[00m latency_tracer_pipeline, frame_latency=(double)2929.587031, avg=(double)2997.396447, min=(double)2929.587031, max=(double)3071.486303, latency=(double)329.284365, fps=(double)3.036889, frame_num=(uint)10;
0:00:04.607806843 [32m    1[00m 0x79c908000b70 [37mTRACE  [00m [00;34m          GST_TRACER :0::[00m latency_tracer_pipeline, frame_latency=(double)2929.587031, avg=(double)2991.231955, min=(double)2929.587031, max=(double)3071.486303, latency=(double)299.349422, fps=(double)3.340578, frame_num=(uint)11;
0:00:04.608404859 [32m    1[00m 0x79c908000b70 [37mTRACE  [00m [00;34m          GST_TRACER :0::[00m latency_tracer_pipeline, frame_latency=(double)2896.876522, avg=(double)2983.369002, min=(double)2896.876522, max=(double)3071.486303, latency=(double)274.454864, fps=(double)3.643586, frame_num=(uint)12;
0:00:04.608429718 [32m    1[00m 0x79c908000b70 [37mTRACE  [00m [00;34m          GST_TRACER :0::[00m latency_tracer_pipeline, frame_latency=(double)2896.876522, avg=(double)2976.715734, min=(double)2896.876522, max=(double)3071.486303, latency=(double)253.342951, fps=(double)3.947219, frame_num=(uint)13;
0:00:04.612450404 [32m    1[00m 0x79c908000b70 [37mTRACE  [00m [00;34m          GST_TRACER :0::[00m latency_tracer_pipeline, frame_latency=(double)40.795573, avg=(double)2767.007151, min=(double)40.795573, max=(double)3071.486303, latency=(double)235.535930, fps=(double)4.245637, frame_num=(uint)14;
0:00:04.612471755 [32m    1[00m 0x79c908000b70 [37mTRACE  [00m [00;34m          GST_TRACER :0::[00m latency_tracer_pipeline, frame_latency=(double)40.795573, avg=(double)2585.259713, min=(double)40.795573, max=(double)3071.486303, latency=(double)219.833534, fps=(double)4.548897, frame_num=(uint)15;
0:00:04.621303375 [32m    1[00m 0x79c908000b70 [37mTRACE  [00m [00;34m          GST_TRACER :0::[00m latency_tracer_pipeline, frame_latency=(double)47.095970, avg=(double)2426.624479, min=(double)40.795573, max=(double)3071.486303, latency=(double)206.647490, fps=(double)4.839159, frame_num=(uint)16;
0:00:04.621313208 [32m    1[00m 0x79c908000b70 [37mTRACE  [00m [00;34m          GST_TRACER :0::[00m latency_tracer_pipeline, frame_latency=(double)47.095970, avg=(double)2286.652214, min=(double)40.795573, max=(double)3071.486303, latency=(double)194.491755, fps=(double)5.141606, frame_num=(uint)17;
0:00:04.621735204 [32m    1[00m 0x79c908000b70 [37mTRACE  [00m [00;34m          GST_TRACER :0::[00m latency_tracer_pipeline, frame_latency=(double)45.962129, avg=(double)2162.169431, min=(double)40.795573, max=(double)3071.486303, latency=(double)183.710683, fps=(double)5.443342, frame_num=(uint)18;
0:00:04.621757381 [32m    1[00m 0x79c908000b70 [37mTRACE  [00m [00;34m          GST_TRACER :0::[00m latency_tracer_pipeline, frame_latency=(double)45.962129, avg=(double)2050.790100, min=(double)40.795573, max=(double)3071.486303, latency=(double)174.041700, fps=(double)5.745749, frame_num=(uint)19;
0:00:04.625675876 [32m    1[00m 0x79c908000b70 [37mTRACE  [00m [00;34m          GST_TRACER :0::[00m latency_tracer_pipeline, frame_latency=(double)38.638745, avg=(double)1950.182532, min=(double)38.638745, max=(double)3071.486303, latency=(double)165.536473, fps=(double)6.040965, frame_num=(uint)20;
0:00:04.625702211 [32m    1[00m 0x79c908000b70 [37mTRACE  [00m [00;34m          GST_TRACER :0::[00m latency_tracer_pipeline, frame_latency=(double)38.638745, avg=(double)1859.156637, min=(double)38.638745, max=(double)3071.486303, latency=(double)157.653783, fps=(double)6.343013, frame_num=(uint)21;
0:00:04.635233704 [32m    1[00m 0x79c908000b70 [37mTRACE  [00m [00;34m          GST_TRACER :0::[00m latency_tracer_pipeline, frame_latency=(double)46.944404, avg=(double)1776.783354, min=(double)38.638745, max=(double)3071.486303, latency=(double)150.922292, fps=(double)6.625926, frame_num=(uint)22;
0:00:04.635249172 [32m    1[00m 0x79c908000b70 [37mTRACE  [00m [00;34m          GST_TRACER :0::[00m latency_tracer_pipeline, frame_latency=(double)46.944404, avg=(double)1701.572965, min=(double)38.638745, max=(double)3071.486303, latency=(double)144.360453, fps=(double)6.927105, frame_num=(uint)23;
0:00:04.635644870 [32m    1[00m 0x79c908000b70 [37mTRACE  [00m [00;34m          GST_TRACER :0::[00m latency_tracer_pipeline, frame_latency=(double)35.997860, avg=(double)1632.174002, min=(double)35.997860, max=(double)3071.486303, latency=(double)138.362588, fps=(double)7.227387, frame_num=(uint)24;
0:00:04.635666281 [32m    1[00m 0x79c908000b70 [37mTRACE  [00m [00;34m          GST_TRACER :0::[00m latency_tracer_pipeline, frame_latency=(double)35.997860, avg=(double)1568.326956, min=(double)35.997860, max=(double)3071.486303, latency=(double)132.828084, fps=(double)7.528528, frame_num=(uint)25;
0:00:04.639627124 [32m    1[00m 0x79c908000b70 [37mTRACE  [00m [00;34m          GST_TRACER :0::[00m latency_tracer_pipeline, frame_latency=(double)38.727386, avg=(double)1509.496204, min=(double)35.997860, max=(double)3071.486303, latency=(double)127.872817, fps=(double)7.820270, frame_num=(uint)26;
0:00:04.639635213 [32m    1[00m 0x79c908000b70 [37mTRACE  [00m [00;34m          GST_TRACER :0::[00m latency_tracer_pipeline, frame_latency=(double)38.727386, avg=(double)1455.023284, min=(double)35.997860, max=(double)3071.486303, latency=(double)123.136787, fps=(double)8.121050, frame_num=(uint)27;
0:00:04.650313055 [32m    1[00m 0x79c908000b70 [37mTRACE  [00m [00;34m          GST_TRACER :0::[00m latency_tracer_pipeline, frame_latency=(double)48.274821, avg=(double)1404.782268, min=(double)35.997860, max=(double)3071.486303, latency=(double)119.120340, fps=(double)8.394872, frame_num=(uint)28;
0:00:04.650337112 [32m    1[00m 0x79c908000b70 [37mTRACE  [00m [00;34m          GST_TRACER :0::[00m latency_tracer_pipeline, frame_latency=(double)48.274821, avg=(double)1358.006149, min=(double)35.997860, max=(double)3071.486303, latency=(double)115.012742, fps=(double)8.694689, frame_num=(uint)29;
0:00:04.650721368 [32m    1[00m 0x79c908000b70 [37mTRACE  [00m [00;34m          GST_TRACER :0::[00m latency_tracer_pipeline, frame_latency=(double)37.357763, avg=(double)1313.984536, min=(double)35.997860, max=(double)3071.486303, latency=(double)111.192638, fps=(double)8.993401, frame_num=(uint)30;
0:00:04.650730360 [32m    1[00m 0x79c908000b70 [37mTRACE  [00m [00;34m          GST_TRACER :0::[00m latency_tracer_pipeline, frame_latency=(double)37.357763, avg=(double)1272.803027, min=(double)35.997860, max=(double)3071.486303, latency=(double)107.605778, fps=(double)9.293181, frame_num=(uint)31;
0:00:04.654709825 [32m    1[00m 0x79c908000b70 [37mTRACE  [00m [00;34m          GST_TRACER :0::[00m latency_tracer_pipeline, frame_latency=(double)40.089676, avg=(double)1234.280735, min=(double)35.997860, max=(double)3071.486303, latency=(double)104.367673, fps=(double)9.581511, frame_num=(uint)32;
0:00:04.654733542 [32m    1[00m 0x79c908000b70 [37mTRACE  [00m [00;34m          GST_TRACER :0::[00m latency_tracer_pipeline, frame_latency=(double)40.089676, avg=(double)1198.093127, min=(double)35.997860, max=(double)3071.486303, latency=(double)101.205016, fps=(double)9.880933, frame_num=(uint)33;
0:00:04.665172614 [32m    1[00m 0x79c908000b70 [37mTRACE  [00m [00;34m          GST_TRACER :0::[00m latency_tracer_pipeline, frame_latency=(double)49.374209, avg=(double)1164.307277, min=(double)35.997860, max=(double)3071.486303, latency=(double)98.536033, fps=(double)10.148572, frame_num=(uint)34;
0:00:04.665186577 [32m    1[00m 0x79c908000b70 [37mTRACE  [00m [00;34m          GST_TRACER :0::[00m latency_tracer_pipeline, frame_latency=(double)49.374209, avg=(double)1132.452046, min=(double)35.997860, max=(double)3071.486303, latency=(double)95.720718, fps=(double)10.447059, frame_num=(uint)35;
0:00:04.665369625 [32m    1[00m 0x79c908000b70 [37mTRACE  [00m [00;34m          GST_TRACER :0::[00m latency_tracer_pipeline, frame_latency=(double)38.405533, avg=(double)1102.061865, min=(double)35.997860, max=(double)3071.486303, latency=(double)93.067765, fps=(double)10.744859, frame_num=(uint)36;
0:00:04.665372572 [32m    1[00m 0x79c908000b70 [37mTRACE  [00m [00;34m          GST_TRACER :0::[00m latency_tracer_pipeline, frame_latency=(double)38.405533, avg=(double)1073.314397, min=(double)35.997860, max=(double)3071.486303, latency=(double)90.552420, fps=(double)11.043327, frame_num=(uint)37;
0:00:04.669587071 [32m    1[00m 0x79c908000b70 [37mTRACE  [00m [00;34m          GST_TRACER :0::[00m latency_tracer_pipeline, frame_latency=(double)40.147491, avg=(double)1046.125794, min=(double)35.997860, max=(double)3071.486303, latency=(double)88.280097, fps=(double)11.327582, frame_num=(uint)38;
0:00:04.669608466 [32m    1[00m 0x79c908000b70 [37mTRACE  [00m [00;34m          GST_TRACER :0::[00m latency_tracer_pipeline, frame_latency=(double)40.147491, avg=(double)1020.331479, min=(double)35.997860, max=(double)3071.486303, latency=(double)86.016505, fps=(double)11.625676, frame_num=(uint)39;
0:00:04.678910001 [32m    1[00m 0x79c908000b70 [37mTRACE  [00m [00;34m          GST_TRACER :0::[00m latency_tracer_pipeline, frame_latency=(double)48.286446, avg=(double)996.030353, min=(double)35.997860, max=(double)3071.486303, latency=(double)84.099042, fps=(double)11.890742, frame_num=(uint)40;
0:00:04.678929850 [32m    1[00m 0x79c908000b70 [37mTRACE  [00m [00;34m          GST_TRACER :0::[00m latency_tracer_pipeline, frame_latency=(double)48.286446, avg=(double)972.914648, min=(double)35.997860, max=(double)3071.486303, latency=(double)82.047846, fps=(double)12.188010, frame_num=(uint)41;
0:00:04.679222964 [32m    1[00m 0x79c908000b70 [37mTRACE  [00m [00;34m          GST_TRACER :0::[00m latency_tracer_pipeline, frame_latency=(double)37.079506, avg=(double)950.632859, min=(double)35.997860, max=(double)3071.486303, latency=(double)80.101814, fps=(double)12.484112, frame_num=(uint)42;
0:00:04.679238562 [32m    1[00m 0x79c908000b70 [37mTRACE  [00m [00;34m          GST_TRACER :0::[00m latency_tracer_pipeline, frame_latency=(double)37.079506, avg=(double)929.387432, min=(double)35.997860, max=(double)3071.486303, latency=(double)78.238981, fps=(double)12.781353, frame_num=(uint)43;
0:00:04.683408607 [32m    1[00m 0x79c908000b70 [37mTRACE  [00m [00;34m          GST_TRACER :0::[00m latency_tracer_pipeline, frame_latency=(double)39.660826, avg=(double)909.166373, min=(double)35.997860, max=(double)3071.486303, latency=(double)76.555972, fps=(double)13.062338, frame_num=(uint)44;
0:00:04.683418730 [32m    1[00m 0x79c908000b70 [37mTRACE  [00m [00;34m          GST_TRACER :0::[00m latency_tracer_pipeline, frame_latency=(double)39.660826, avg=(double)889.844027, min=(double)35.997860, max=(double)3071.486303, latency=(double)74.854728, fps=(double)13.359210, frame_num=(uint)45;
0:00:04.693317194 [32m    1[00m 0x79c908000b70 [37mTRACE  [00m [00;34m          GST_TRACER :0::[00m latency_tracer_pipeline, frame_latency=(double)47.616766, avg=(double)871.534739, min=(double)35.997860, max=(double)3071.486303, latency=(double)73.442823, fps=(double)13.616034, frame_num=(uint)46;
0:00:04.693345949 [32m    1[00m 0x79c908000b70 [37mTRACE  [00m [00;34m          GST_TRACER :0::[00m latency_tracer_pipeline, frame_latency=(double)47.616766, avg=(double)854.004569, min=(double)35.997860, max=(double)3071.486303, latency=(double)71.880209, fps=(double)13.912035, frame_num=(uint)47;
0:00:04.693931573 [32m    1[00m 0x79c908000b70 [37mTRACE  [00m [00;34m          GST_TRACER :0::[00m latency_tracer_pipeline, frame_latency=(double)36.828086, avg=(double)836.980059, min=(double)35.997860, max=(double)3071.486303, latency=(double)70.395592, fps=(double)14.205435, frame_num=(uint)48;
0:00:04.693953991 [32m    1[00m 0x79c908000b70 [37mTRACE  [00m [00;34m          GST_TRACER :0::[00m latency_tracer_pipeline, frame_latency=(double)36.828086, avg=(double)820.650427, min=(double)35.997860, max=(double)3071.486303, latency=(double)68.958947, fps=(double)14.501382, frame_num=(uint)49;
0:00:04.697890594 [32m    1[00m 0x79c908000b70 [37mTRACE  [00m [00;34m          GST_TRACER :0::[00m latency_tracer_pipeline, frame_latency=(double)39.702232, avg=(double)805.031463, min=(double)35.997860, max=(double)3071.486303, latency=(double)67.658853, fps=(double)14.780032, frame_num=(uint)50;
0:00:04.697909411 [32m    1[00m 0x79c908000b70 [37mTRACE  [00m [00;34m          GST_TRACER :0::[00m latency_tracer_pipeline, frame_latency=(double)39.702232, avg=(double)790.025008, min=(double)35.997860, max=(double)3071.486303, latency=(double)66.332209, fps=(double)15.075632, frame_num=(uint)51;
0:00:04.708256084 [32m    1[00m 0x79c908000b70 [37mTRACE  [00m [00;34m          GST_TRACER :0::[00m latency_tracer_pipeline, frame_latency=(double)48.997563, avg=(double)775.774480, min=(double)35.997860, max=(double)3071.486303, latency=(double)65.255931, fps=(double)15.324278, frame_num=(uint)52;
0:00:04.708268976 [32m    1[00m 0x79c908000b70 [37mTRACE  [00m [00;34m          GST_TRACER :0::[00m latency_tracer_pipeline, frame_latency=(double)48.997563, avg=(double)762.061708, min=(double)35.997860, max=(double)3071.486303, latency=(double)64.024687, fps=(double)15.618975, frame_num=(uint)53;
0:00:04.708620978 [32m    1[00m 0x79c908000b70 [37mTRACE  [00m [00;34m          GST_TRACER :0::[00m latency_tracer_pipeline, frame_latency=(double)37.739661, avg=(double)748.648337, min=(double)35.997860, max=(double)3071.486303, latency=(double)62.845824, fps=(double)15.911956, frame_num=(uint)54;
0:00:04.708647462 [32m    1[00m 0x79c908000b70 [37mTRACE  [00m [00;34m          GST_TRACER :0::[00m latency_tracer_pipeline, frame_latency=(double)37.739661, avg=(double)735.722724, min=(double)35.997860, max=(double)3071.486303, latency=(double)61.703172, fps=(double)16.206622, frame_num=(uint)55;
0:00:04.712547306 [32m    1[00m 0x79c908000b70 [37mTRACE  [00m [00;34m          GST_TRACER :0::[00m latency_tracer_pipeline, frame_latency=(double)40.630902, avg=(double)723.310370, min=(double)35.997860, max=(double)3071.486303, latency=(double)60.671481, fps=(double)16.482208, frame_num=(uint)56;
0:00:04.712574122 [32m    1[00m 0x79c908000b70 [37mTRACE  [00m [00;34m          GST_TRACER :0::[00m latency_tracer_pipeline, frame_latency=(double)40.630902, avg=(double)711.333538, min=(double)35.997860, max=(double)3071.486303, latency=(double)59.607069, fps=(double)16.776534, frame_num=(uint)57;
0:00:04.721930491 [32m    1[00m 0x79c908000b70 [37mTRACE  [00m [00;34m          GST_TRACER :0::[00m latency_tracer_pipeline, frame_latency=(double)48.997070, avg=(double)699.913943, min=(double)35.997860, max=(double)3071.486303, latency=(double)58.741088, fps=(double)17.023859, frame_num=(uint)58;
0:00:04.721958347 [32m    1[00m 0x79c908000b70 [37mTRACE  [00m [00;34m          GST_TRACER :0::[00m latency_tracer_pipeline, frame_latency=(double)48.997070, avg=(double)688.881454, min=(double)35.997860, max=(double)3071.486303, latency=(double)57.745476, fps=(double)17.317374, frame_num=(uint)59;
0:00:04.722611010 [32m    1[00m 0x79c908000b70 [37mTRACE  [00m [00;34m          GST_TRACER :0::[00m latency_tracer_pipeline, frame_latency=(double)37.989105, avg=(double)678.033248, min=(double)35.997860, max=(double)3071.486303, latency=(double)56.794403, fps=(double)17.607369, frame_num=(uint)60;
0:00:04.722633709 [32m    1[00m 0x79c908000b70 [37mTRACE  [00m [00;34m          GST_TRACER :0::[00m latency_tracer_pipeline, frame_latency=(double)37.989105, avg=(double)667.540721, min=(double)35.997860, max=(double)3071.486303, latency=(double)55.863348, fps=(double)17.900825, frame_num=(uint)61;
0:00:04.726283068 [32m    1[00m 0x79c908000b70 [37mTRACE  [00m [00;34m          GST_TRACER :0::[00m latency_tracer_pipeline, frame_latency=(double)39.062933, avg=(double)657.403983, min=(double)35.997860, max=(double)3071.486303, latency=(double)55.021536, fps=(double)18.174702, frame_num=(uint)62;
0:00:04.726299534 [32m    1[00m 0x79c908000b70 [37mTRACE  [00m [00;34m          GST_TRACER :0::[00m latency_tracer_pipeline, frame_latency=(double)39.062933, avg=(double)647.589045, min=(double)35.997860, max=(double)3071.486303, latency=(double)54.148178, fps=(double)18.467842, frame_num=(uint)63;
0:00:04.736405226 [32m    1[00m 0x79c908000b70 [37mTRACE  [00m [00;34m          GST_TRACER :0::[00m latency_tracer_pipeline, frame_latency=(double)47.123765, avg=(double)638.206775, min=(double)35.997860, max=(double)3071.486303, latency=(double)53.460261, fps=(double)18.705483, frame_num=(uint)64;
0:00:04.736434554 [32m    1[00m 0x79c908000b70 [37mTRACE  [00m [00;34m          GST_TRACER :0::[00m latency_tracer_pipeline, frame_latency=(double)47.123765, avg=(double)629.113191, min=(double)35.997860, max=(double)3071.486303, latency=(double)52.637795, fps=(double)18.997756, frame_num=(uint)65;
0:00:04.737022599 [32m    1[00m 0x79c908000b70 [37mTRACE  [00m [00;34m          GST_TRACER :0::[00m latency_tracer_pipeline, frame_latency=(double)36.620417, avg=(double)620.136027, min=(double)35.997860, max=(double)3071.486303, latency=(double)51.849639, fps=(double)19.286537, frame_num=(uint)66;
0:00:04.737049860 [32m    1[00m 0x79c908000b70 [37mTRACE  [00m [00;34m          GST_TRACER :0::[00m latency_tracer_pipeline, frame_latency=(double)36.620417, avg=(double)611.426839, min=(double)35.997860, max=(double)3071.486303, latency=(double)51.075764, fps=(double)19.578758, frame_num=(uint)67;
0:00:04.740942454 [32m    1[00m 0x79c908000b70 [37mTRACE  [00m [00;34m          GST_TRACER :0::[00m latency_tracer_pipeline, frame_latency=(double)39.438722, avg=(double)603.015249, min=(double)35.997860, max=(double)3071.486303, latency=(double)50.382488, fps=(double)19.848166, frame_num=(uint)68;
0:00:04.740950991 [32m    1[00m 0x79c908000b70 [37mTRACE  [00m [00;34m          GST_TRACER :0::[00m latency_tracer_pipeline, frame_latency=(double)39.438722, avg=(double)594.847473, min=(double)35.997860, max=(double)3071.486303, latency=(double)49.652307, fps=(double)20.140051, frame_num=(uint)69;
0:00:04.751130049 [32m    1[00m 0x79c908000b70 [37mTRACE  [00m [00;34m          GST_TRACER :0::[00m latency_tracer_pipeline, frame_latency=(double)48.569380, avg=(double)587.043501, min=(double)35.997860, max=(double)3071.486303, latency=(double)49.088343, fps=(double)20.371435, frame_num=(uint)70;
0:00:04.751152371 [32m    1[00m 0x79c908000b70 [37mTRACE  [00m [00;34m          GST_TRACER :0::[00m latency_tracer_pipeline, frame_latency=(double)48.569380, avg=(double)579.459358, min=(double)35.997860, max=(double)3071.486303, latency=(double)48.396958, fps=(double)20.662456, frame_num=(uint)71;
0:00:04.751987990 [32m    1[00m 0x79c908000b70 [37mTRACE  [00m [00;34m          GST_TRACER :0::[00m latency_tracer_pipeline, frame_latency=(double)37.904553, avg=(double)571.937764, min=(double)35.997860, max=(double)3071.486303, latency=(double)47.736729, fps=(double)20.948230, frame_num=(uint)72;
0:00:04.752011499 [32m    1[00m 0x79c908000b70 [37mTRACE  [00m [00;34m          GST_TRACER :0::[00m latency_tracer_pipeline, frame_latency=(double)37.904553, avg=(double)564.622240, min=(double)35.997860, max=(double)3071.486303, latency=(double)47.082801, fps=(double)21.239178, frame_num=(uint)73;
0:00:04.756439997 [32m    1[00m 0x79c908000b70 [37mTRACE  [00m [00;34m          GST_TRACER :0::[00m latency_tracer_pipeline, frame_latency=(double)41.203870, avg=(double)557.549019, min=(double)35.997860, max=(double)3071.486303, latency=(double)46.506657, fps=(double)21.502298, frame_num=(uint)74;
0:00:04.756450533 [32m    1[00m 0x79c908000b70 [37mTRACE  [00m [00;34m          GST_TRACER :0::[00m latency_tracer_pipeline, frame_latency=(double)41.203870, avg=(double)550.664417, min=(double)35.997860, max=(double)3071.486303, latency=(double)45.886568, fps=(double)21.792870, frame_num=(uint)75;
0:00:04.766686330 [32m    1[00m 0x79c908000b70 [37mTRACE  [00m [00;34m          GST_TRACER :0::[00m latency_tracer_pipeline, frame_latency=(double)49.422995, avg=(double)544.069135, min=(double)35.997860, max=(double)3071.486303, latency=(double)45.417556, fps=(double)22.017918, frame_num=(uint)76;
0:00:04.766723829 [32m    1[00m 0x79c908000b70 [37mTRACE  [00m [00;34m          GST_TRACER :0::[00m latency_tracer_pipeline, frame_latency=(double)49.422995, avg=(double)537.645159, min=(double)35.997860, max=(double)3071.486303, latency=(double)44.827717, fps=(double)22.307627, frame_num=(uint)77;
0:00:04.767252534 [32m    1[00m 0x79c908000b70 [37mTRACE  [00m [00;34m          GST_TRACER :0::[00m latency_tracer_pipeline, frame_latency=(double)38.625516, avg=(double)531.247472, min=(double)35.997860, max=(double)3071.486303, latency=(double)44.260484, fps=(double)22.593517, frame_num=(uint)78;
0:00:04.767261552 [32m    1[00m 0x79c908000b70 [37mTRACE  [00m [00;34m          GST_TRACER :0::[00m latency_tracer_pipeline, frame_latency=(double)38.625516, avg=(double)525.011751, min=(double)35.997860, max=(double)3071.486303, latency=(double)43.700225, fps=(double)22.883177, frame_num=(uint)79;
0:00:04.774906217 [32m    1[00m 0x79c908000b70 [37mTRACE  [00m [00;34m          GST_TRACER :0::[00m latency_tracer_pipeline, frame_latency=(double)45.173735, avg=(double)519.013775, min=(double)35.997860, max=(double)3071.486303, latency=(double)43.249475, fps=(double)23.121668, frame_num=(uint)80;
0:00:04.774925184 [32m    1[00m 0x79c908000b70 [37mTRACE  [00m [00;34m          GST_TRACER :0::[00m latency_tracer_pipeline, frame_latency=(double)45.173735, avg=(double)513.163898, min=(double)35.997860, max=(double)3071.486303, latency=(double)42.715531, fps=(double)23.410689, frame_num=(uint)81;
0:00:04.780800040 [32m    1[00m 0x79c908000b70 [37mTRACE  [00m [00;34m          GST_TRACER :0::[00m latency_tracer_pipeline, frame_latency=(double)50.196363, avg=(double)507.517953, min=(double)35.997860, max=(double)3071.486303, latency=(double)42.266477, fps=(double)23.659412, frame_num=(uint)82;
0:00:04.780817801 [32m    1[00m 0x79c908000b70 [37mTRACE  [00m [00;34m          GST_TRACER :0::[00m latency_tracer_pipeline, frame_latency=(double)50.196363, avg=(double)502.008054, min=(double)35.997860, max=(double)3071.486303, latency=(double)41.757242, fps=(double)23.947942, frame_num=(uint)83;
0:00:04.781590653 [32m    1[00m 0x79c908000b70 [37mTRACE  [00m [00;34m          GST_TRACER :0::[00m latency_tracer_pipeline, frame_latency=(double)39.339304, avg=(double)496.500093, min=(double)35.997860, max=(double)3071.486303, latency=(double)41.269555, fps=(double)24.230938, frame_num=(uint)84;
0:00:04.781606240 [32m    1[00m 0x79c908000b70 [37mTRACE  [00m [00;34m          GST_TRACER :0::[00m latency_tracer_pipeline, frame_latency=(double)39.339304, avg=(double)491.121731, min=(double)35.997860, max=(double)3071.486303, latency=(double)40.784030, fps=(double)24.519401, frame_num=(uint)85;
0:00:04.793028374 [32m    1[00m 0x79c908000b70 [37mTRACE  [00m [00;34m          GST_TRACER :0::[00m latency_tracer_pipeline, frame_latency=(double)48.100855, avg=(double)485.970325, min=(double)35.997860, max=(double)3071.486303, latency=(double)40.442815, fps=(double)24.726271, frame_num=(uint)86;
0:00:04.793053488 [32m    1[00m 0x79c908000b70 [37mTRACE  [00m [00;34m          GST_TRACER :0::[00m latency_tracer_pipeline, frame_latency=(double)48.100855, avg=(double)480.937343, min=(double)35.997860, max=(double)3071.486303, latency=(double)39.977955, fps=(double)25.013785, frame_num=(uint)87;
0:00:04.793555069 [32m    1[00m 0x79c908000b70 [37mTRACE  [00m [00;34m          GST_TRACER :0::[00m latency_tracer_pipeline, frame_latency=(double)46.613913, avg=(double)476.001849, min=(double)35.997860, max=(double)3071.486303, latency=(double)39.529686, fps=(double)25.297444, frame_num=(uint)88;
0:00:04.793560837 [32m    1[00m 0x79c908000b70 [37mTRACE  [00m [00;34m          GST_TRACER :0::[00m latency_tracer_pipeline, frame_latency=(double)46.613913, avg=(double)471.177266, min=(double)35.997860, max=(double)3071.486303, latency=(double)39.085532, fps=(double)25.584915, frame_num=(uint)89;
0:00:04.798609523 [32m    1[00m 0x79c908000b70 [37mTRACE  [00m [00;34m          GST_TRACER :0::[00m latency_tracer_pipeline, frame_latency=(double)40.562215, avg=(double)466.392654, min=(double)35.997860, max=(double)3071.486303, latency=(double)38.707393, fps=(double)25.834858, frame_num=(uint)90;
0:00:04.798633378 [32m    1[00m 0x79c908000b70 [37mTRACE  [00m [00;34m          GST_TRACER :0::[00m latency_tracer_pipeline, frame_latency=(double)40.562215, avg=(double)461.713199, min=(double)35.997860, max=(double)3071.486303, latency=(double)38.282037, fps=(double)26.121912, frame_num=(uint)91;
0:00:04.807227111 [32m    1[00m 0x79c908000b70 [37mTRACE  [00m [00;34m          GST_TRACER :0::[00m latency_tracer_pipeline, frame_latency=(double)48.024925, avg=(double)457.216587, min=(double)35.997860, max=(double)3071.486303, latency=(double)37.959560, fps=(double)26.343825, frame_num=(uint)92;
0:00:04.807241383 [32m    1[00m 0x79c908000b70 [37mTRACE  [00m [00;34m          GST_TRACER :0::[00m latency_tracer_pipeline, frame_latency=(double)48.024925, avg=(double)452.816677, min=(double)35.997860, max=(double)3071.486303, latency=(double)37.551393, fps=(double)26.630171, frame_num=(uint)93;
0:00:04.808096641 [32m    1[00m 0x79c908000b70 [37mTRACE  [00m [00;34m          GST_TRACER :0::[00m latency_tracer_pipeline, frame_latency=(double)47.875706, avg=(double)448.508794, min=(double)35.997860, max=(double)3071.486303, latency=(double)37.161191, fps=(double)26.909794, frame_num=(uint)94;
0:00:04.808106694 [32m    1[00m 0x79c908000b70 [37mTRACE  [00m [00;34m          GST_TRACER :0::[00m latency_tracer_pipeline, frame_latency=(double)47.875706, avg=(double)444.291603, min=(double)35.997860, max=(double)3071.486303, latency=(double)36.770021, fps=(double)27.196069, frame_num=(uint)95;
0:00:04.814181737 [32m    1[00m 0x79c908000b70 [37mTRACE  [00m [00;34m          GST_TRACER :0::[00m latency_tracer_pipeline, frame_latency=(double)41.730543, avg=(double)440.098259, min=(double)35.997860, max=(double)3071.486303, latency=(double)36.450363, fps=(double)27.434569, frame_num=(uint)96;
0:00:04.814199599 [32m    1[00m 0x79c908000b70 [37mTRACE  [00m [00;34m          GST_TRACER :0::[00m latency_tracer_pipeline, frame_latency=(double)41.730543, avg=(double)435.991375, min=(double)35.997860, max=(double)3071.486303, latency=(double)36.074586, fps=(double)27.720346, frame_num=(uint)97;
0:00:04.822067863 [32m    1[00m 0x79c908000b70 [37mTRACE  [00m [00;34m          GST_TRACER :0::[00m latency_tracer_pipeline, frame_latency=(double)37.259161, avg=(double)431.922679, min=(double)35.997860, max=(double)3071.486303, latency=(double)35.786944, fps=(double)27.943152, frame_num=(uint)98;
0:00:04.822079883 [32m    1[00m 0x79c908000b70 [37mTRACE  [00m [00;34m          GST_TRACER :0::[00m latency_tracer_pipeline, frame_latency=(double)37.259161, avg=(double)427.936179, min=(double)35.997860, max=(double)3071.486303, latency=(double)35.425459, fps=(double)28.228286, frame_num=(uint)99;
0:00:04.822744847 [32m    1[00m 0x79c908000b70 [37mTRACE  [00m [00;34m          GST_TRACER :0::[00m latency_tracer_pipeline, frame_latency=(double)36.910814, avg=(double)424.025925, min=(double)35.997860, max=(double)3071.486303, latency=(double)35.077977, fps=(double)28.507916, frame_num=(uint)100;
0:00:04.822769618 [32m    1[00m 0x79c908000b70 [37mTRACE  [00m [00;34m          GST_TRACER :0::[00m latency_tracer_pipeline, frame_latency=(double)36.910814, avg=(double)420.193103, min=(double)35.997860, max=(double)3071.486303, latency=(double)34.730670, fps=(double)28.792995, frame_num=(uint)101;
0:00:04.827503526 [32m    1[00m 0x79c908000b70 [37mTRACE  [00m [00;34m          GST_TRACER :0::[00m latency_tracer_pipeline, frame_latency=(double)40.707094, avg=(double)416.472652, min=(double)35.997860, max=(double)3071.486303, latency=(double)34.436767, fps=(double)29.038730, frame_num=(uint)102;
0:00:04.827520632 [32m    1[00m 0x79c908000b70 [37mTRACE  [00m [00;34m          GST_TRACER :0::[00m latency_tracer_pipeline, frame_latency=(double)40.707094, avg=(double)412.824442, min=(double)35.997860, max=(double)3071.486303, latency=(double)34.102430, fps=(double)29.323424, frame_num=(uint)103;
0:00:04.835359157 [32m    1[00m 0x79c908000b70 [37mTRACE  [00m [00;34m          GST_TRACER :0::[00m latency_tracer_pipeline, frame_latency=(double)36.707793, avg=(double)409.207936, min=(double)35.997860, max=(double)3071.486303, latency=(double)33.850146, fps=(double)29.541970, frame_num=(uint)104;
0:00:04.835372439 [32m    1[00m 0x79c908000b70 [37mTRACE  [00m [00;34m          GST_TRACER :0::[00m latency_tracer_pipeline, frame_latency=(double)36.707793, avg=(double)405.660316, min=(double)35.997860, max=(double)3071.486303, latency=(double)33.527764, fps=(double)29.826028, frame_num=(uint)105;
0:00:04.836142043 [32m    1[00m 0x79c908000b70 [37mTRACE  [00m [00;34m          GST_TRACER :0::[00m latency_tracer_pipeline, frame_latency=(double)36.196440, avg=(double)402.174807, min=(double)35.997860, max=(double)3071.486303, latency=(double)33.218817, fps=(double)30.103420, frame_num=(uint)106;
0:00:04.836168959 [32m    1[00m 0x79c908000b70 [37mTRACE  [00m [00;34m          GST_TRACER :0::[00m latency_tracer_pipeline, frame_latency=(double)36.196440, avg=(double)398.754449, min=(double)35.997860, max=(double)3071.486303, latency=(double)32.908361, fps=(double)30.387414, frame_num=(uint)107;
0:00:04.842065822 [32m    1[00m 0x79c908000b70 [37mTRACE  [00m [00;34m          GST_TRACER :0::[00m latency_tracer_pipeline, frame_latency=(double)39.746364, avg=(double)395.430300, min=(double)35.997860, max=(double)3071.486303, latency=(double)32.658537, fps=(double)30.619865, frame_num=(uint)108;
0:00:04.842087798 [32m    1[00m 0x79c908000b70 [37mTRACE  [00m [00;34m          GST_TRACER :0::[00m latency_tracer_pipeline, frame_latency=(double)39.746364, avg=(double)392.167144, min=(double)35.997860, max=(double)3071.486303, latency=(double)32.358918, fps=(double)30.903382, frame_num=(uint)109;
0:00:04.849857721 [32m    1[00m 0x79c908000b70 [37mTRACE  [00m [00;34m          GST_TRACER :0::[00m latency_tracer_pipeline, frame_latency=(double)36.026364, avg=(double)388.929501, min=(double)35.997860, max=(double)3071.486303, latency=(double)32.135544, fps=(double)31.118191, frame_num=(uint)110;
0:00:04.849870680 [32m    1[00m 0x79c908000b70 [37mTRACE  [00m [00;34m          GST_TRACER :0::[00m latency_tracer_pipeline, frame_latency=(double)36.026364, avg=(double)385.750193, min=(double)35.997860, max=(double)3071.486303, latency=(double)31.846035, fps=(double)31.401084, frame_num=(uint)111;
0:00:04.850312809 [32m    1[00m 0x79c908000b70 [37mTRACE  [00m [00;34m          GST_TRACER :0::[00m latency_tracer_pipeline, frame_latency=(double)35.432142, avg=(double)382.622354, min=(double)35.432142, max=(double)3071.486303, latency=(double)31.565876, fps=(double)31.679780, frame_num=(uint)112;
0:00:04.850321653 [32m    1[00m 0x79c908000b70 [37mTRACE  [00m [00;34m          GST_TRACER :0::[00m latency_tracer_pipeline, frame_latency=(double)35.432142, avg=(double)379.549874, min=(double)35.432142, max=(double)3071.486303, latency=(double)31.286532, fps=(double)31.962635, frame_num=(uint)113;
0:00:04.854930682 [32m    1[00m 0x79c908000b70 [37mTRACE  [00m [00;34m          GST_TRACER :0::[00m latency_tracer_pipeline, frame_latency=(double)39.995042, avg=(double)376.571323, min=(double)35.432142, max=(double)3071.486303, latency=(double)31.052515, fps=(double)32.203511, frame_num=(uint)114;
0:00:04.854954445 [32m    1[00m 0x79c908000b70 [37mTRACE  [00m [00;34m          GST_TRACER :0::[00m latency_tracer_pipeline, frame_latency=(double)39.995042, avg=(double)373.644573, min=(double)35.432142, max=(double)3071.486303, latency=(double)30.782493, fps=(double)32.485998, frame_num=(uint)115;
0:00:04.863529642 [32m    1[00m 0x79c908000b70 [37mTRACE  [00m [00;34m          GST_TRACER :0::[00m latency_tracer_pipeline, frame_latency=(double)47.541072, avg=(double)370.833335, min=(double)35.432142, max=(double)3071.486303, latency=(double)30.591334, fps=(double)32.688996, frame_num=(uint)116;
0:00:04.863539734 [32m    1[00m 0x79c908000b70 [37mTRACE  [00m [00;34m          GST_TRACER :0::[00m latency_tracer_pipeline, frame_latency=(double)47.541072, avg=(double)368.070154, min=(double)35.432142, max=(double)3071.486303, latency=(double)30.329869, fps=(double)32.970798, frame_num=(uint)117;
0:00:04.864298537 [32m    1[00m 0x79c908000b70 [37mTRACE  [00m [00;34m          GST_TRACER :0::[00m latency_tracer_pipeline, frame_latency=(double)36.536245, avg=(double)365.260544, min=(double)35.432142, max=(double)3071.486303, latency=(double)30.079273, fps=(double)33.245485, frame_num=(uint)118;
0:00:04.864320584 [32m    1[00m 0x79c908000b70 [37mTRACE  [00m [00;34m          GST_TRACER :0::[00m latency_tracer_pipeline, frame_latency=(double)36.536245, avg=(double)362.498155, min=(double)35.432142, max=(double)3071.486303, latency=(double)29.826506, fps=(double)33.527226, frame_num=(uint)119;
0:00:04.870298738 [32m    1[00m 0x79c908000b70 [37mTRACE  [00m [00;34m          GST_TRACER :0::[00m latency_tracer_pipeline, frame_latency=(double)40.638878, avg=(double)359.815995, min=(double)35.432142, max=(double)3071.486303, latency=(double)29.628032, fps=(double)33.751819, frame_num=(uint)120;
0:00:04.870310937 [32m    1[00m 0x79c908000b70 [37mTRACE  [00m [00;34m          GST_TRACER :0::[00m latency_tracer_pipeline, frame_latency=(double)40.638878, avg=(double)357.178167, min=(double)35.432142, max=(double)3071.486303, latency=(double)29.383173, fps=(double)34.033085, frame_num=(uint)121;
0:00:04.878251802 [32m    1[00m 0x79c908000b70 [37mTRACE  [00m [00;34m          GST_TRACER :0::[00m latency_tracer_pipeline, frame_latency=(double)36.707963, avg=(double)354.551362, min=(double)35.432142, max=(double)3071.486303, latency=(double)29.207449, fps=(double)34.237841, frame_num=(uint)122;
0:00:04.878262097 [32m    1[00m 0x79c908000b70 [37mTRACE  [00m [00;34m          GST_TRACER :0::[00m latency_tracer_pipeline, frame_latency=(double)36.707963, avg=(double)351.967270, min=(double)35.432142, max=(double)3071.486303, latency=(double)28.969990, fps=(double)34.518479, frame_num=(uint)123;
0:00:04.879091431 [32m    1[00m 0x79c908000b70 [37mTRACE  [00m [00;34m          GST_TRACER :0::[00m latency_tracer_pipeline, frame_latency=(double)36.641766, avg=(double)349.424322, min=(double)35.432142, max=(double)3071.486303, latency=(double)28.743100, fps=(double)34.790958, frame_num=(uint)124;
0:00:04.879117706 [32m    1[00m 0x79c908000b70 [37mTRACE  [00m [00;34m          GST_TRACER :0::[00m latency_tracer_pipeline, frame_latency=(double)36.641766, avg=(double)346.922062, min=(double)35.432142, max=(double)3071.486303, latency=(double)28.513156, fps=(double)35.071530, frame_num=(uint)125;
0:00:04.883897095 [32m    1[00m 0x79c908000b70 [37mTRACE  [00m [00;34m          GST_TRACER :0::[00m latency_tracer_pipeline, frame_latency=(double)40.431212, avg=(double)344.489594, min=(double)35.432142, max=(double)3071.486303, latency=(double)28.325026, fps=(double)35.304469, frame_num=(uint)126;
0:00:04.883920072 [32m    1[00m 0x79c908000b70 [37mTRACE  [00m [00;34m          GST_TRACER :0::[00m latency_tracer_pipeline, frame_latency=(double)40.431212, avg=(double)342.095434, min=(double)35.432142, max=(double)3071.486303, latency=(double)28.101994, fps=(double)35.584663, frame_num=(uint)127;
0:00:04.891963120 [32m    1[00m 0x79c908000b70 [37mTRACE  [00m [00;34m          GST_TRACER :0::[00m latency_tracer_pipeline, frame_latency=(double)36.453481, avg=(double)339.707606, min=(double)35.432142, max=(double)3071.486303, latency=(double)27.945425, fps=(double)35.784033, frame_num=(uint)128;
0:00:04.891981146 [32m    1[00m 0x79c908000b70 [37mTRACE  [00m [00;34m          GST_TRACER :0::[00m latency_tracer_pipeline, frame_latency=(double)36.453481, avg=(double)337.356799, min=(double)35.432142, max=(double)3071.486303, latency=(double)27.728793, fps=(double)36.063596, frame_num=(uint)129;
0:00:04.892420308 [32m    1[00m 0x79c908000b70 [37mTRACE  [00m [00;34m          GST_TRACER :0::[00m latency_tracer_pipeline, frame_latency=(double)36.076340, avg=(double)335.039257, min=(double)35.432142, max=(double)3071.486303, latency=(double)27.519022, fps=(double)36.338501, frame_num=(uint)130;
0:00:04.892446667 [32m    1[00m 0x79c908000b70 [37mTRACE  [00m [00;34m          GST_TRACER :0::[00m latency_tracer_pipeline, frame_latency=(double)36.076340, avg=(double)332.757097, min=(double)35.432142, max=(double)3071.486303, latency=(double)27.308953, fps=(double)36.618028, frame_num=(uint)131;
0:00:04.899983764 [32m    1[00m 0x79c908000b70 [37mTRACE  [00m [00;34m          GST_TRACER :0::[00m latency_tracer_pipeline, frame_latency=(double)41.272198, avg=(double)330.548878, min=(double)35.432142, max=(double)3071.486303, latency=(double)27.159393, fps=(double)36.819675, frame_num=(uint)132;
0:00:04.899996975 [32m    1[00m 0x79c908000b70 [37mTRACE  [00m [00;34m          GST_TRACER :0::[00m latency_tracer_pipeline, frame_latency=(double)41.272198, avg=(double)328.373866, min=(double)35.432142, max=(double)3071.486303, latency=(double)26.955187, fps=(double)37.098612, frame_num=(uint)133;
0:00:04.905883085 [32m    1[00m 0x79c908000b70 [37mTRACE  [00m [00;34m          GST_TRACER :0::[00m latency_tracer_pipeline, frame_latency=(double)47.120705, avg=(double)326.274962, min=(double)35.432142, max=(double)3071.486303, latency=(double)26.798034, fps=(double)37.316171, frame_num=(uint)134;
0:00:04.905903235 [32m    1[00m 0x79c908000b70 [37mTRACE  [00m [00;34m          GST_TRACER :0::[00m latency_tracer_pipeline, frame_latency=(double)47.120705, avg=(double)324.207152, min=(double)35.432142, max=(double)3071.486303, latency=(double)26.599530, fps=(double)37.594649, frame_num=(uint)135;
0:00:04.906599880 [32m    1[00m 0x79c908000b70 [37mTRACE  [00m [00;34m          GST_TRACER :0::[00m latency_tracer_pipeline, frame_latency=(double)36.611746, avg=(double)322.092480, min=(double)35.432142, max=(double)3071.486303, latency=(double)26.409205, fps=(double)37.865585, frame_num=(uint)136;
0:00:04.906626738 [32m    1[00m 0x79c908000b70 [37mTRACE  [00m [00;34m          GST_TRACER :0::[00m latency_tracer_pipeline, frame_latency=(double)36.611746, avg=(double)320.008679, min=(double)35.432142, max=(double)3071.486303, latency=(double)26.216437, fps=(double)38.144008, frame_num=(uint)137;
0:00:04.918269000 [32m    1[00m 0x79c908000b70 [37mTRACE  [00m [00;34m          GST_TRACER :0::[00m latency_tracer_pipeline, frame_latency=(double)47.274517, avg=(double)318.032345, min=(double)35.432142, max=(double)3071.486303, latency=(double)26.111071, fps=(double)38.297931, frame_num=(uint)138;
0:00:04.918280518 [32m    1[00m 0x79c908000b70 [37mTRACE  [00m [00;34m          GST_TRACER :0::[00m latency_tracer_pipeline, frame_latency=(double)47.274517, avg=(double)316.084447, min=(double)35.432142, max=(double)3071.486303, latency=(double)25.923222, fps=(double)38.575452, frame_num=(uint)139;
0:00:04.918841510 [32m    1[00m 0x79c908000b70 [37mTRACE  [00m [00;34m          GST_TRACER :0::[00m latency_tracer_pipeline, frame_latency=(double)46.307313, avg=(double)314.157467, min=(double)35.432142, max=(double)3071.486303, latency=(double)25.742185, fps=(double)38.846742, frame_num=(uint)140;
0:00:04.918852352 [32m    1[00m 0x79c908000b70 [37mTRACE  [00m [00;34m          GST_TRACER :0::[00m latency_tracer_pipeline, frame_latency=(double)46.307313, avg=(double)312.257821, min=(double)35.432142, max=(double)3071.486303, latency=(double)25.559616, fps=(double)39.124219, frame_num=(uint)141;
0:00:04.923504397 [32m    1[00m 0x79c908000b70 [37mTRACE  [00m [00;34m          GST_TRACER :0::[00m latency_tracer_pipeline, frame_latency=(double)39.542005, avg=(double)310.337287, min=(double)35.432142, max=(double)3071.486303, latency=(double)25.412238, fps=(double)39.351118, frame_num=(uint)142;
0:00:04.923527805 [32m    1[00m 0x79c908000b70 [37mTRACE  [00m [00;34m          GST_TRACER :0::[00m latency_tracer_pipeline, frame_latency=(double)39.542005, avg=(double)308.443613, min=(double)35.432142, max=(double)3071.486303, latency=(double)25.234530, fps=(double)39.628239, frame_num=(uint)143;
0:00:04.933033604 [32m    1[00m 0x79c908000b70 [37mTRACE  [00m [00;34m          GST_TRACER :0::[00m latency_tracer_pipeline, frame_latency=(double)48.035713, avg=(double)306.635225, min=(double)35.432142, max=(double)3071.486303, latency=(double)25.125672, fps=(double)39.799931, frame_num=(uint)144;
0:00:04.933044193 [32m    1[00m 0x79c908000b70 [37mTRACE  [00m [00;34m          GST_TRACER :0::[00m latency_tracer_pipeline, frame_latency=(double)48.035713, avg=(double)304.851780, min=(double)35.432142, max=(double)3071.486303, latency=(double)24.952391, fps=(double)40.076319, frame_num=(uint)145;
0:00:04.933332236 [32m    1[00m 0x79c908000b70 [37mTRACE  [00m [00;34m          GST_TRACER :0::[00m latency_tracer_pipeline, frame_latency=(double)47.381066, avg=(double)303.088282, min=(double)35.432142, max=(double)3071.486303, latency=(double)24.783533, fps=(double)40.349372, frame_num=(uint)146;
0:00:04.933342397 [32m    1[00m 0x79c908000b70 [37mTRACE  [00m [00;34m          GST_TRACER :0::[00m latency_tracer_pipeline, frame_latency=(double)47.381066, avg=(double)301.348777, min=(double)35.432142, max=(double)3071.486303, latency=(double)24.614937, fps=(double)40.625738, frame_num=(uint)147;
0:00:04.942147770 [32m    1[00m 0x79c908000b70 [37mTRACE  [00m [00;34m          GST_TRACER :0::[00m latency_tracer_pipeline, frame_latency=(double)44.325259, avg=(double)299.612132, min=(double)35.432142, max=(double)3071.486303, latency=(double)24.508140, fps=(double)40.802771, frame_num=(uint)148;
0:00:04.942157711 [32m    1[00m 0x79c908000b70 [37mTRACE  [00m [00;34m          GST_TRACER :0::[00m latency_tracer_pipeline, frame_latency=(double)44.325259, avg=(double)297.898797, min=(double)35.432142, max=(double)3071.486303, latency=(double)24.343655, fps=(double)41.078465, frame_num=(uint)149;
0:00:04.947892379 [32m    1[00m 0x79c908000b70 [37mTRACE  [00m [00;34m          GST_TRACER :0::[00m latency_tracer_pipeline, frame_latency=(double)49.040121, avg=(double)296.239739, min=(double)35.432142, max=(double)3071.486303, latency=(double)24.219707, fps=(double)41.288691, frame_num=(uint)150;
0:00:04.947905486 [32m    1[00m 0x79c908000b70 [37mTRACE  [00m [00;34m          GST_TRACER :0::[00m latency_tracer_pipeline, frame_latency=(double)49.040121, avg=(double)294.602656, min=(double)35.432142, max=(double)3071.486303, latency=(double)24.059312, fps=(double)41.563949, frame_num=(uint)151;
0:00:04.948804845 [32m    1[00m 0x79c908000b70 [37mTRACE  [00m [00;34m          GST_TRACER :0::[00m latency_tracer_pipeline, frame_latency=(double)38.839672, avg=(double)292.920005, min=(double)35.432142, max=(double)3071.486303, latency=(double)23.906973, fps=(double)41.828799, frame_num=(uint)152;
0:00:04.948825265 [32m    1[00m 0x79c908000b70 [37mTRACE  [00m [00;34m          GST_TRACER :0::[00m latency_tracer_pipeline, frame_latency=(double)38.839672, avg=(double)291.259349, min=(double)35.432142, max=(double)3071.486303, latency=(double)23.750719, fps=(double)42.103989, frame_num=(uint)153;
0:00:04.959584962 [32m    1[00m 0x79c908000b70 [37mTRACE  [00m [00;34m          GST_TRACER :0::[00m latency_tracer_pipeline, frame_latency=(double)48.522555, avg=(double)289.683136, min=(double)35.432142, max=(double)3071.486303, latency=(double)23.666493, fps=(double)42.253832, frame_num=(uint)154;
0:00:04.959606300 [32m    1[00m 0x79c908000b70 [37mTRACE  [00m [00;34m          GST_TRACER :0::[00m latency_tracer_pipeline, frame_latency=(double)48.522555, avg=(double)288.127261, min=(double)35.432142, max=(double)3071.486303, latency=(double)23.513806, fps=(double)42.528207, frame_num=(uint)155;
0:00:04.960119709 [32m    1[00m 0x79c908000b70 [37mTRACE  [00m [00;34m          GST_TRACER :0::[00m latency_tracer_pipeline, frame_latency=(double)48.066300, avg=(double)286.588409, min=(double)35.432142, max=(double)3071.486303, latency=(double)23.366570, fps=(double)42.796184, frame_num=(uint)156;
0:00:04.960129878 [32m    1[00m 0x79c908000b70 [37mTRACE  [00m [00;34m          GST_TRACER :0::[00m latency_tracer_pipeline, frame_latency=(double)48.066300, avg=(double)285.069160, min=(double)35.432142, max=(double)3071.486303, latency=(double)23.217738, fps=(double)43.070518, frame_num=(uint)157;
0:00:04.964899284 [32m    1[00m 0x79c908000b70 [37mTRACE  [00m [00;34m          GST_TRACER :0::[00m latency_tracer_pipeline, frame_latency=(double)40.301634, avg=(double)283.519998, min=(double)35.432142, max=(double)3071.486303, latency=(double)23.100979, fps=(double)43.288210, frame_num=(uint)158;
0:00:04.964908011 [32m    1[00m 0x79c908000b70 [37mTRACE  [00m [00;34m          GST_TRACER :0::[00m latency_tracer_pipeline, frame_latency=(double)40.301634, avg=(double)281.990323, min=(double)35.432142, max=(double)3071.486303, latency=(double)22.955689, fps=(double)43.562186, frame_num=(uint)159;
0:00:04.972995059 [32m    1[00m 0x79c908000b70 [37mTRACE  [00m [00;34m          GST_TRACER :0::[00m latency_tracer_pipeline, frame_latency=(double)47.165694, avg=(double)280.522669, min=(double)35.432142, max=(double)3071.486303, latency=(double)22.862819, fps=(double)43.739139, frame_num=(uint)160;
0:00:04.973007140 [32m    1[00m 0x79c908000b70 [37mTRACE  [00m [00;34m          GST_TRACER :0::[00m latency_tracer_pipeline, frame_latency=(double)47.165694, avg=(double)279.073247, min=(double)35.432142, max=(double)3071.486303, latency=(double)22.720814, fps=(double)44.012508, frame_num=(uint)161;
0:00:04.973781774 [32m    1[00m 0x79c908000b70 [37mTRACE  [00m [00;34m          GST_TRACER :0::[00m latency_tracer_pipeline, frame_latency=(double)46.888231, avg=(double)277.640006, min=(double)35.432142, max=(double)3071.486303, latency=(double)22.585385, fps=(double)44.276421, frame_num=(uint)162;
0:00:04.973795556 [32m    1[00m 0x79c908000b70 [37mTRACE  [00m [00;34m          GST_TRACER :0::[00m latency_tracer_pipeline, frame_latency=(double)46.888231, avg=(double)276.224351, min=(double)35.432142, max=(double)3071.486303, latency=(double)22.446824, fps=(double)44.549732, frame_num=(uint)163;
0:00:04.980580288 [32m    1[00m 0x79c908000b70 [37mTRACE  [00m [00;34m          GST_TRACER :0::[00m latency_tracer_pipeline, frame_latency=(double)41.718086, avg=(double)274.794435, min=(double)35.432142, max=(double)3071.486303, latency=(double)22.351436, fps=(double)44.739854, frame_num=(uint)164;
0:00:04.980603520 [32m    1[00m 0x79c908000b70 [37mTRACE  [00m [00;34m          GST_TRACER :0::[00m latency_tracer_pipeline, frame_latency=(double)41.718086, avg=(double)273.381851, min=(double)35.432142, max=(double)3071.486303, latency=(double)22.215973, fps=(double)45.012658, frame_num=(uint)165;
0:00:04.987472864 [32m    1[00m 0x79c908000b70 [37mTRACE  [00m [00;34m          GST_TRACER :0::[00m latency_tracer_pipeline, frame_latency=(double)47.623500, avg=(double)272.021861, min=(double)35.432142, max=(double)3071.486303, latency=(double)22.123635, fps=(double)45.200529, frame_num=(uint)166;
0:00:04.987498461 [32m    1[00m 0x79c908000b70 [37mTRACE  [00m [00;34m          GST_TRACER :0::[00m latency_tracer_pipeline, frame_latency=(double)47.623500, avg=(double)270.678158, min=(double)35.432142, max=(double)3071.486303, latency=(double)21.991158, fps=(double)45.472821, frame_num=(uint)167;
0:00:04.988055990 [32m    1[00m 0x79c908000b70 [37mTRACE  [00m [00;34m          GST_TRACER :0::[00m latency_tracer_pipeline, frame_latency=(double)37.076036, avg=(double)269.287669, min=(double)35.432142, max=(double)3071.486303, latency=(double)21.863742, fps=(double)45.737824, frame_num=(uint)168;
0:00:04.988066030 [32m    1[00m 0x79c908000b70 [37mTRACE  [00m [00;34m          GST_TRACER :0::[00m latency_tracer_pipeline, frame_latency=(double)37.076036, avg=(double)267.913636, min=(double)35.432142, max=(double)3071.486303, latency=(double)21.734371, fps=(double)46.010073, frame_num=(uint)169;
0:00:04.992604563 [32m    1[00m 0x79c908000b70 [37mTRACE  [00m [00;34m          GST_TRACER :0::[00m latency_tracer_pipeline, frame_latency=(double)40.624225, avg=(double)266.576639, min=(double)35.432142, max=(double)3071.486303, latency=(double)21.633283, fps=(double)46.225069, frame_num=(uint)170;
0:00:04.992618018 [32m    1[00m 0x79c908000b70 [37mTRACE  [00m [00;34m          GST_TRACER :0::[00m latency_tracer_pipeline, frame_latency=(double)40.624225, avg=(double)265.255280, min=(double)35.432142, max=(double)3071.486303, latency=(double)21.506772, fps=(double)46.496981, frame_num=(uint)171;
0:00:05.002559969 [32m    1[00m 0x79c908000b70 [37mTRACE  [00m [00;34m          GST_TRACER :0::[00m latency_tracer_pipeline, frame_latency=(double)49.014776, avg=(double)263.998068, min=(double)35.432142, max=(double)3071.486303, latency=(double)21.439618, fps=(double)46.642621, frame_num=(uint)172;
0:00:05.002585038 [32m    1[00m 0x79c908000b70 [37mTRACE  [00m [00;34m          GST_TRACER :0::[00m latency_tracer_pipeline, frame_latency=(double)49.014776, avg=(double)262.755390, min=(double)35.432142, max=(double)3071.486303, latency=(double)21.315690, fps=(double)46.913799, frame_num=(uint)173;
0:00:05.003027861 [32m    1[00m 0x79c908000b70 [37mTRACE  [00m [00;34m          GST_TRACER :0::[00m latency_tracer_pipeline, frame_latency=(double)37.875735, avg=(double)261.462978, min=(double)35.432142, max=(double)3071.486303, latency=(double)21.195858, fps=(double)47.179029, frame_num=(uint)174;
0:00:05.003055361 [32m    1[00m 0x79c908000b70 [37mTRACE  [00m [00;34m          GST_TRACER :0::[00m latency_tracer_pipeline, frame_latency=(double)37.875735, avg=(double)260.185337, min=(double)35.432142, max=(double)3071.486303, latency=(double)21.074739, fps=(double)47.450173, frame_num=(uint)175;
0:00:05.012473944 [32m    1[00m 0x79c908000b70 [37mTRACE  [00m [00;34m          GST_TRACER :0::[00m latency_tracer_pipeline, frame_latency=(double)46.348345, avg=(double)258.970354, min=(double)35.432142, max=(double)3071.486303, latency=(double)21.008705, fps=(double)47.599318, frame_num=(uint)176;
0:00:05.012494400 [32m    1[00m 0x79c908000b70 [37mTRACE  [00m [00;34m          GST_TRACER :0::[00m latency_tracer_pipeline, frame_latency=(double)46.348345, avg=(double)257.769100, min=(double)35.432142, max=(double)3071.486303, latency=(double)20.890011, fps=(double)47.869768, frame_num=(uint)177;
0:00:05.017359339 [32m    1[00m 0x79c908000b70 [37mTRACE  [00m [00;34m          GST_TRACER :0::[00m latency_tracer_pipeline, frame_latency=(double)50.238111, avg=(double)256.603195, min=(double)35.432142, max=(double)3071.486303, latency=(double)20.800064, fps=(double)48.076775, frame_num=(uint)178;
0:00:05.017375634 [32m    1[00m 0x79c908000b70 [37mTRACE  [00m [00;34m          GST_TRACER :0::[00m latency_tracer_pipeline, frame_latency=(double)50.238111, avg=(double)255.450318, min=(double)35.432142, max=(double)3071.486303, latency=(double)20.683862, fps=(double)48.346870, frame_num=(uint)179;
0:00:05.018980306 [32m    1[00m 0x79c908000b70 [37mTRACE  [00m [00;34m          GST_TRACER :0::[00m latency_tracer_pipeline, frame_latency=(double)40.049985, avg=(double)254.253649, min=(double)35.432142, max=(double)3071.486303, latency=(double)20.578001, fps=(double)48.595585, frame_num=(uint)180;
0:00:05.018991420 [32m    1[00m 0x79c908000b70 [37mTRACE  [00m [00;34m          GST_TRACER :0::[00m latency_tracer_pipeline, frame_latency=(double)40.049985, avg=(double)253.070203, min=(double)35.432142, max=(double)3071.486303, latency=(double)20.464310, fps=(double)48.865561, frame_num=(uint)181;
0:00:05.028771952 [32m    1[00m 0x79c908000b70 [37mTRACE  [00m [00;34m          GST_TRACER :0::[00m latency_tracer_pipeline, frame_latency=(double)47.467902, avg=(double)251.940520, min=(double)35.432142, max=(double)3071.486303, latency=(double)20.405616, fps=(double)49.006118, frame_num=(uint)182;
0:00:05.028800199 [32m    1[00m 0x79c908000b70 [37mTRACE  [00m [00;34m          GST_TRACER :0::[00m latency_tracer_pipeline, frame_latency=(double)47.467902, avg=(double)250.823184, min=(double)35.432142, max=(double)3071.486303, latency=(double)20.294109, fps=(double)49.275382, frame_num=(uint)183;
0:00:05.029423557 [32m    1[00m 0x79c908000b70 [37mTRACE  [00m [00;34m          GST_TRACER :0::[00m latency_tracer_pipeline, frame_latency=(double)46.443004, avg=(double)249.712422, min=(double)35.432142, max=(double)3071.486303, latency=(double)20.187431, fps=(double)49.535773, frame_num=(uint)184;
0:00:05.029433359 [32m    1[00m 0x79c908000b70 [37mTRACE  [00m [00;34m          GST_TRACER :0::[00m latency_tracer_pipeline, frame_latency=(double)46.443004, avg=(double)248.613668, min=(double)35.432142, max=(double)3071.486303, latency=(double)20.078310, fps=(double)49.804989, frame_num=(uint)185;
0:00:05.034196951 [32m    1[00m 0x79c908000b70 [37mTRACE  [00m [00;34m          GST_TRACER :0::[00m latency_tracer_pipeline, frame_latency=(double)39.965789, avg=(double)247.491905, min=(double)35.432142, max=(double)3071.486303, latency=(double)19.995968, fps=(double)50.010083, frame_num=(uint)186;
0:00:05.034224638 [32m    1[00m 0x79c908000b70 [37mTRACE  [00m [00;34m          GST_TRACER :0::[00m latency_tracer_pipeline, frame_latency=(double)39.965789, avg=(double)246.382140, min=(double)35.432142, max=(double)3071.486303, latency=(double)19.889037, fps=(double)50.278954, frame_num=(uint)187;
0:00:05.044361857 [32m    1[00m 0x79c908000b70 [37mTRACE  [00m [00;34m          GST_TRACER :0::[00m latency_tracer_pipeline, frame_latency=(double)49.109448, avg=(double)245.332817, min=(double)35.432142, max=(double)3071.486303, latency=(double)19.837282, fps=(double)50.410132, frame_num=(uint)188;
0:00:05.044390288 [32m    1[00m 0x79c908000b70 [37mTRACE  [00m [00;34m          GST_TRACER :0::[00m latency_tracer_pipeline, frame_latency=(double)49.109448, avg=(double)244.294598, min=(double)35.432142, max=(double)3071.486303, latency=(double)19.732323, fps=(double)50.678271, frame_num=(uint)189;
0:00:05.044966150 [32m    1[00m 0x79c908000b70 [37mTRACE  [00m [00;34m          GST_TRACER :0::[00m latency_tracer_pipeline, frame_latency=(double)48.678242, avg=(double)243.265039, min=(double)35.432142, max=(double)3071.486303, latency=(double)19.631665, fps=(double)50.938115, frame_num=(uint)190;
0:00:05.044977779 [32m    1[00m 0x79c908000b70 [37mTRACE  [00m [00;34m          GST_TRACER :0::[00m latency_tracer_pipeline, frame_latency=(double)48.678242, avg=(double)242.246260, min=(double)35.432142, max=(double)3071.486303, latency=(double)19.528881, fps=(double)51.206210, frame_num=(uint)191;
0:00:05.053313884 [32m    1[00m 0x79c908000b70 [37mTRACE  [00m [00;34m          GST_TRACER :0::[00m latency_tracer_pipeline, frame_latency=(double)44.934632, avg=(double)241.218595, min=(double)35.432142, max=(double)3071.486303, latency=(double)19.470646, fps=(double)51.359364, frame_num=(uint)192;
0:00:05.053343681 [32m    1[00m 0x79c908000b70 [37mTRACE  [00m [00;34m          GST_TRACER :0::[00m latency_tracer_pipeline, frame_latency=(double)44.934632, avg=(double)240.201580, min=(double)35.432142, max=(double)3071.486303, latency=(double)19.369762, fps=(double)51.626861, frame_num=(uint)193;
0:00:05.059229918 [32m    1[00m 0x79c908000b70 [37mTRACE  [00m [00;34m          GST_TRACER :0::[00m latency_tracer_pipeline, frame_latency=(double)49.565522, avg=(double)239.218919, min=(double)35.432142, max=(double)3071.486303, latency=(double)19.300436, fps=(double)51.812300, frame_num=(uint)194;
0:00:05.059255414 [32m    1[00m 0x79c908000b70 [37mTRACE  [00m [00;34m          GST_TRACER :0::[00m latency_tracer_pipeline, frame_latency=(double)49.565522, avg=(double)238.246338, min=(double)35.432142, max=(double)3071.486303, latency=(double)19.201460, fps=(double)52.079374, frame_num=(uint)195;
0:00:05.059804533 [32m    1[00m 0x79c908000b70 [37mTRACE  [00m [00;34m          GST_TRACER :0::[00m latency_tracer_pipeline, frame_latency=(double)39.191900, avg=(double)237.230754, min=(double)35.432142, max=(double)3071.486303, latency=(double)19.106476, fps=(double)52.338275, frame_num=(uint)196;
0:00:05.059816102 [32m    1[00m 0x79c908000b70 [37mTRACE  [00m [00;34m          GST_TRACER :0::[00m latency_tracer_pipeline, frame_latency=(double)39.191900, avg=(double)236.225481, min=(double)35.432142, max=(double)3071.486303, latency=(double)19.009489, fps=(double)52.605307, frame_num=(uint)197;
0:00:05.070995052 [32m    1[00m 0x79c908000b70 [37mTRACE  [00m [00;34m          GST_TRACER :0::[00m latency_tracer_pipeline, frame_latency=(double)49.080585, avg=(double)235.280304, min=(double)35.432142, max=(double)3071.486303, latency=(double)18.969947, fps=(double)52.714959, frame_num=(uint)198;
0:00:05.071008456 [32m    1[00m 0x79c908000b70 [37mTRACE  [00m [00;34m          GST_TRACER :0::[00m latency_tracer_pipeline, frame_latency=(double)49.080585, avg=(double)234.344627, min=(double)35.432142, max=(double)3071.486303, latency=(double)18.874621, fps=(double)52.981196, frame_num=(uint)199;
0:00:05.071909958 [32m    1[00m 0x79c908000b70 [37mTRACE  [00m [00;34m          GST_TRACER :0::[00m latency_tracer_pipeline, frame_latency=(double)48.983502, avg=(double)233.417822, min=(double)35.432142, max=(double)3071.486303, latency=(double)18.784812, fps=(double)53.234497, frame_num=(uint)200;
0:00:05.071937621 [32m    1[00m 0x79c908000b70 [37mTRACE  [00m [00;34m          GST_TRACER :0::[00m latency_tracer_pipeline, frame_latency=(double)48.983502, avg=(double)232.500238, min=(double)35.432142, max=(double)3071.486303, latency=(double)18.691355, fps=(double)53.500670, frame_num=(uint)201;
0:00:05.076139485 [32m    1[00m 0x79c908000b70 [37mTRACE  [00m [00;34m          GST_TRACER :0::[00m latency_tracer_pipeline, frame_latency=(double)41.550673, avg=(double)231.554943, min=(double)35.432142, max=(double)3071.486303, latency=(double)18.619782, fps=(double)53.706322, frame_num=(uint)202;
0:00:05.076154407 [32m    1[00m 0x79c908000b70 [37mTRACE  [00m [00;34m          GST_TRACER :0::[00m latency_tracer_pipeline, frame_latency=(double)41.550673, avg=(double)230.618962, min=(double)35.432142, max=(double)3071.486303, latency=(double)18.528059, fps=(double)53.972195, frame_num=(uint)203;
0:00:05.084989379 [32m    1[00m 0x79c908000b70 [37mTRACE  [00m [00;34m          GST_TRACER :0::[00m latency_tracer_pipeline, frame_latency=(double)48.734389, avg=(double)229.727371, min=(double)35.432142, max=(double)3071.486303, latency=(double)18.480649, fps=(double)54.110654, frame_num=(uint)204;
0:00:05.085002910 [32m    1[00m 0x79c908000b70 [37mTRACE  [00m [00;34m          GST_TRACER :0::[00m latency_tracer_pipeline, frame_latency=(double)48.734389, avg=(double)228.844478, min=(double)35.432142, max=(double)3071.486303, latency=(double)18.390499, fps=(double)54.375903, frame_num=(uint)205;
0:00:05.085792383 [32m    1[00m 0x79c908000b70 [37mTRACE  [00m [00;34m          GST_TRACER :0::[00m latency_tracer_pipeline, frame_latency=(double)47.111392, avg=(double)227.962279, min=(double)35.432142, max=(double)3071.486303, latency=(double)18.305152, fps=(double)54.629429, frame_num=(uint)206;
0:00:05.085796024 [32m    1[00m 0x79c908000b70 [37mTRACE  [00m [00;34m          GST_TRACER :0::[00m latency_tracer_pipeline, frame_latency=(double)47.111392, avg=(double)227.088603, min=(double)35.432142, max=(double)3071.486303, latency=(double)18.216721, fps=(double)54.894620, frame_num=(uint)207;
0:00:05.092867302 [32m    1[00m 0x79c908000b70 [37mTRACE  [00m [00;34m          GST_TRACER :0::[00m latency_tracer_pipeline, frame_latency=(double)42.610072, avg=(double)226.201687, min=(double)35.432142, max=(double)3071.486303, latency=(double)18.163128, fps=(double)55.056597, frame_num=(uint)208;
0:00:05.092878852 [32m    1[00m 0x79c908000b70 [37mTRACE  [00m [00;34m          GST_TRACER :0::[00m latency_tracer_pipeline, frame_latency=(double)42.610072, avg=(double)225.323258, min=(double)35.432142, max=(double)3071.486303, latency=(double)18.076223, fps=(double)55.321292, frame_num=(uint)209;
0:00:05.098883170 [32m    1[00m 0x79c908000b70 [37mTRACE  [00m [00;34m          GST_TRACER :0::[00m latency_tracer_pipeline, frame_latency=(double)47.598746, avg=(double)224.476951, min=(double)35.432142, max=(double)3071.486303, latency=(double)18.018750, fps=(double)55.497745, frame_num=(uint)210;
0:00:05.098909530 [32m    1[00m 0x79c908000b70 [37mTRACE  [00m [00;34m          GST_TRACER :0::[00m latency_tracer_pipeline, frame_latency=(double)47.598746, avg=(double)223.638665, min=(double)35.432142, max=(double)3071.486303, latency=(double)17.933353, fps=(double)55.762020, frame_num=(uint)211;
0:00:05.099390562 [32m    1[00m 0x79c908000b70 [37mTRACE  [00m [00;34m          GST_TRACER :0::[00m latency_tracer_pipeline, frame_latency=(double)36.645042, avg=(double)222.756620, min=(double)35.432142, max=(double)3071.486303, latency=(double)17.851204, fps=(double)56.018631, frame_num=(uint)212;
0:00:05.099399722 [32m    1[00m 0x79c908000b70 [37mTRACE  [00m [00;34m          GST_TRACER :0::[00m latency_tracer_pipeline, frame_latency=(double)36.645042, avg=(double)221.882857, min=(double)35.432142, max=(double)3071.486303, latency=(double)17.767395, fps=(double)56.282870, frame_num=(uint)213;
0:00:05.122328111 [32m    1[00m 0x79c908000b70 [37mTRACE  [00m [00;34m          GST_TRACER :0::[00m latency_tracer_pipeline, frame_latency=(double)44.243852, avg=(double)221.052768, min=(double)35.432142, max=(double)3071.486303, latency=(double)17.791496, fps=(double)56.206629, frame_num=(uint)214;
0:00:05.122353351 [32m    1[00m 0x79c908000b70 [37mTRACE  [00m [00;34m          GST_TRACER :0::[00m latency_tracer_pipeline, frame_latency=(double)44.243852, avg=(double)220.230401, min=(double)35.432142, max=(double)3071.486303, latency=(double)17.708744, fps=(double)56.469277, frame_num=(uint)215;
0:00:05.155526898 [32m    1[00m 0x79c908000b70 [37mTRACE  [00m [00;34m          GST_TRACER :0::[00m latency_tracer_pipeline, frame_latency=(double)43.915215, avg=(double)219.414127, min=(double)35.432142, max=(double)3071.486303, latency=(double)17.780456, fps=(double)56.241528, frame_num=(uint)216;
0:00:05.155540408 [32m    1[00m 0x79c908000b70 [37mTRACE  [00m [00;34m          GST_TRACER :0::[00m latency_tracer_pipeline, frame_latency=(double)43.915215, avg=(double)218.605376, min=(double)35.432142, max=(double)3071.486303, latency=(double)17.698518, fps=(double)56.501906, frame_num=(uint)217;
0:00:05.185718459 [32m    1[00m 0x79c908000b70 [37mTRACE  [00m [00;34m          GST_TRACER :0::[00m latency_tracer_pipeline, frame_latency=(double)40.865605, avg=(double)217.790056, min=(double)35.432142, max=(double)3071.486303, latency=(double)17.755842, fps=(double)56.319492, frame_num=(uint)218;
0:00:05.185744244 [32m    1[00m 0x79c908000b70 [37mTRACE  [00m [00;34m          GST_TRACER :0::[00m latency_tracer_pipeline, frame_latency=(double)40.865605, avg=(double)216.982182, min=(double)35.432142, max=(double)3071.486303, latency=(double)17.674765, fps=(double)56.577838, frame_num=(uint)219;
0:00:05.222289869 [32m    1[00m 0x79c908000b70 [37mTRACE  [00m [00;34m          GST_TRACER :0::[00m latency_tracer_pipeline, frame_latency=(double)44.348702, avg=(double)216.197484, min=(double)35.432142, max=(double)3071.486303, latency=(double)17.760681, fps=(double)56.304147, frame_num=(uint)220;
0:00:05.222303282 [32m    1[00m 0x79c908000b70 [37mTRACE  [00m [00;34m          GST_TRACER :0::[00m latency_tracer_pipeline, frame_latency=(double)44.348702, avg=(double)215.419888, min=(double)35.432142, max=(double)3071.486303, latency=(double)17.680316, fps=(double)56.560075, frame_num=(uint)221;
0:00:05.253318159 [32m    1[00m 0x79c908000b70 [37mTRACE  [00m [00;34m          GST_TRACER :0::[00m latency_tracer_pipeline, frame_latency=(double)41.729518, avg=(double)214.637499, min=(double)35.432142, max=(double)3071.486303, latency=(double)17.740468, fps=(double)56.368299, frame_num=(uint)222;
0:00:05.253329623 [32m    1[00m 0x79c908000b70 [37mTRACE  [00m [00;34m          GST_TRACER :0::[00m latency_tracer_pipeline, frame_latency=(double)41.729518, avg=(double)213.862127, min=(double)35.432142, max=(double)3071.486303, latency=(double)17.660914, fps=(double)56.622210, frame_num=(uint)223;
0:00:05.288760315 [32m    1[00m 0x79c908000b70 [37mTRACE  [00m [00;34m          GST_TRACER :0::[00m latency_tracer_pipeline, frame_latency=(double)44.031713, avg=(double)213.103955, min=(double)35.432142, max=(double)3071.486303, latency=(double)17.740265, fps=(double)56.368944, frame_num=(uint)224;
0:00:05.288775597 [32m    1[00m 0x79c908000b70 [37mTRACE  [00m [00;34m          GST_TRACER :0::[00m latency_tracer_pipeline, frame_latency=(double)44.031713, avg=(double)212.352523, min=(double)35.432142, max=(double)3071.486303, latency=(double)17.661419, fps=(double)56.620591, frame_num=(uint)225;
0:00:05.318827261 [32m    1[00m 0x79c908000b70 [37mTRACE  [00m [00;34m          GST_TRACER :0::[00m latency_tracer_pipeline, frame_latency=(double)40.737532, avg=(double)211.593165, min=(double)35.432142, max=(double)3071.486303, latency=(double)17.716292, fps=(double)56.445220, frame_num=(uint)226;
0:00:05.318843435 [32m    1[00m 0x79c908000b70 [37mTRACE  [00m [00;34m          GST_TRACER :0::[00m latency_tracer_pipeline, frame_latency=(double)40.737532, avg=(double)210.840497, min=(double)35.432142, max=(double)3071.486303, latency=(double)17.638247, fps=(double)56.694977, frame_num=(uint)227;
0:00:05.357385911 [32m    1[00m 0x79c908000b70 [37mTRACE  [00m [00;34m          GST_TRACER :0::[00m latency_tracer_pipeline, frame_latency=(double)46.167701, avg=(double)210.118248, min=(double)35.432142, max=(double)3071.486303, latency=(double)17.730029, fps=(double)56.401486, frame_num=(uint)228;
0:00:05.357404928 [32m    1[00m 0x79c908000b70 [37mTRACE  [00m [00;34m          GST_TRACER :0::[00m latency_tracer_pipeline, frame_latency=(double)46.167701, avg=(double)209.402306, min=(double)35.432142, max=(double)3071.486303, latency=(double)17.652606, fps=(double)56.648861, frame_num=(uint)229;
0:00:05.386793903 [32m    1[00m 0x79c908000b70 [37mTRACE  [00m [00;34m          GST_TRACER :0::[00m latency_tracer_pipeline, frame_latency=(double)41.540309, avg=(double)208.672472, min=(double)35.432142, max=(double)3071.486303, latency=(double)17.703701, fps=(double)56.485363, frame_num=(uint)230;
0:00:05.386807967 [32m    1[00m 0x79c908000b70 [37mTRACE  [00m [00;34m          GST_TRACER :0::[00m latency_tracer_pipeline, frame_latency=(double)41.540309, avg=(double)207.948956, min=(double)35.432142, max=(double)3071.486303, latency=(double)17.627062, fps=(double)56.730951, frame_num=(uint)231;
0:00:05.423059017 [32m    1[00m 0x79c908000b70 [37mTRACE  [00m [00;34m          GST_TRACER :0::[00m latency_tracer_pipeline, frame_latency=(double)44.798836, avg=(double)207.245723, min=(double)35.432142, max=(double)3071.486303, latency=(double)17.707414, fps=(double)56.473519, frame_num=(uint)232;
0:00:05.423075089 [32m    1[00m 0x79c908000b70 [37mTRACE  [00m [00;34m          GST_TRACER :0::[00m latency_tracer_pipeline, frame_latency=(double)44.798836, avg=(double)206.548526, min=(double)35.432142, max=(double)3071.486303, latency=(double)17.631417, fps=(double)56.716939, frame_num=(uint)233;
0:00:05.454048580 [32m    1[00m 0x79c908000b70 [37mTRACE  [00m [00;34m          GST_TRACER :0::[00m latency_tracer_pipeline, frame_latency=(double)42.423532, avg=(double)205.847137, min=(double)35.432142, max=(double)3071.486303, latency=(double)17.688490, fps=(double)56.533937, frame_num=(uint)234;
0:00:05.454061855 [32m    1[00m 0x79c908000b70 [37mTRACE  [00m [00;34m          GST_TRACER :0::[00m latency_tracer_pipeline, frame_latency=(double)42.423532, avg=(double)205.151717, min=(double)35.432142, max=(double)3071.486303, latency=(double)17.613220, fps=(double)56.775535, frame_num=(uint)235;
0:00:05.489785451 [32m    1[00m 0x79c908000b70 [37mTRACE  [00m [00;34m          GST_TRACER :0::[00m latency_tracer_pipeline, frame_latency=(double)44.812698, avg=(double)204.472314, min=(double)35.432142, max=(double)3071.486303, latency=(double)17.690025, fps=(double)56.529033, frame_num=(uint)236;
0:00:05.489801124 [32m    1[00m 0x79c908000b70 [37mTRACE  [00m [00;34m          GST_TRACER :0::[00m latency_tracer_pipeline, frame_latency=(double)44.812698, avg=(double)203.798645, min=(double)35.432142, max=(double)3071.486303, latency=(double)17.615383, fps=(double)56.768563, frame_num=(uint)237;
0:00:05.519979515 [32m    1[00m 0x79c908000b70 [37mTRACE  [00m [00;34m          GST_TRACER :0::[00m latency_tracer_pipeline, frame_latency=(double)41.951911, avg=(double)203.118617, min=(double)35.432142, max=(double)3071.486303, latency=(double)17.668202, fps=(double)56.598855, frame_num=(uint)238;
0:00:05.519999037 [32m    1[00m 0x79c908000b70 [37mTRACE  [00m [00;34m          GST_TRACER :0::[00m latency_tracer_pipeline, frame_latency=(double)41.951911, avg=(double)202.444279, min=(double)35.432142, max=(double)3071.486303, latency=(double)17.594276, fps=(double)56.836665, frame_num=(uint)239;
0:00:05.556789653 [32m    1[00m 0x79c908000b70 [37mTRACE  [00m [00;34m          GST_TRACER :0::[00m latency_tracer_pipeline, frame_latency=(double)45.405843, avg=(double)201.789952, min=(double)35.432142, max=(double)3071.486303, latency=(double)17.674381, fps=(double)56.579068, frame_num=(uint)240;
0:00:05.556805671 [32m    1[00m 0x79c908000b70 [37mTRACE  [00m [00;34m          GST_TRACER :0::[00m latency_tracer_pipeline, frame_latency=(double)45.405843, avg=(double)201.141056, min=(double)35.432142, max=(double)3071.486303, latency=(double)17.601043, fps=(double)56.814814, frame_num=(uint)241;
FpsCounter(last 1.00sec): total=121.65 fps, number-streams=1, per-stream=121.65 fps
latency: 967.78ms
0:00:05.586309911 [32m    1[00m 0x79c908000b70 [37mTRACE  [00m [00;34m          GST_TRACER :0::[00m latency_tracer_pipeline, frame_latency=(double)41.730239, avg=(double)200.482333, min=(double)35.432142, max=(double)3071.486303, latency=(double)17.650313, fps=(double)56.656218, frame_num=(uint)242;
0:00:05.586315757 [32m    1[00m 0x79c908000b70 [37mTRACE  [00m [00;34m          GST_TRACER :0::[00m latency_tracer_pipeline_interval, interval=(double)1002.852725, avg=(double)188.569454, min=(double)35.432142, max=(double)3039.584973, latency=(double)4.161215, fps=(double)240.314449;
0:00:05.586318728 [32m    1[00m 0x79c908000b70 [37mTRACE  [00m [00;34m          GST_TRACER :0::[00m latency_tracer_pipeline, frame_latency=(double)41.730239, avg=(double)199.829033, min=(double)35.432142, max=(double)3071.486303, latency=(double)17.577678, fps=(double)56.890334, frame_num=(uint)243;
0:00:05.622449032 [32m    1[00m 0x79c908000b70 [37mTRACE  [00m [00;34m          GST_TRACER :0::[00m latency_tracer_pipeline, frame_latency=(double)44.482287, avg=(double)199.192366, min=(double)35.432142, max=(double)3071.486303, latency=(double)17.653741, fps=(double)56.645217, frame_num=(uint)244;
0:00:05.622462020 [32m    1[00m 0x79c908000b70 [37mTRACE  [00m [00;34m          GST_TRACER :0::[00m latency_tracer_pipeline, frame_latency=(double)44.482287, avg=(double)198.560896, min=(double)35.432142, max=(double)3071.486303, latency=(double)17.581685, fps=(double)56.877370, frame_num=(uint)245;
0:00:05.653319523 [32m    1[00m 0x79c908000b70 [37mTRACE  [00m [00;34m          GST_TRACER :0::[00m latency_tracer_pipeline, frame_latency=(double)42.012626, avg=(double)197.924521, min=(double)35.432142, max=(double)3071.486303, latency=(double)17.635693, fps=(double)56.703187, frame_num=(uint)246;
0:00:05.653333960 [32m    1[00m 0x79c908000b70 [37mTRACE  [00m [00;34m          GST_TRACER :0::[00m latency_tracer_pipeline, frame_latency=(double)42.012626, avg=(double)197.293298, min=(double)35.432142, max=(double)3071.486303, latency=(double)17.564294, fps=(double)56.933687, frame_num=(uint)247;
0:00:05.688789407 [32m    1[00m 0x79c908000b70 [37mTRACE  [00m [00;34m          GST_TRACER :0::[00m latency_tracer_pipeline, frame_latency=(double)43.823002, avg=(double)196.674467, min=(double)35.432142, max=(double)3071.486303, latency=(double)17.636479, fps=(double)56.700659, frame_num=(uint)248;
0:00:05.688804875 [32m    1[00m 0x79c908000b70 [37mTRACE  [00m [00;34m          GST_TRACER :0::[00m latency_tracer_pipeline, frame_latency=(double)43.823002, avg=(double)196.060605, min=(double)35.432142, max=(double)3071.486303, latency=(double)17.565650, fps=(double)56.929291, frame_num=(uint)249;
0:00:05.719772886 [32m    1[00m 0x79c908000b70 [37mTRACE  [00m [00;34m          GST_TRACER :0::[00m latency_tracer_pipeline, frame_latency=(double)41.689703, avg=(double)195.443122, min=(double)35.432142, max=(double)3071.486303, latency=(double)17.619303, fps=(double)56.755933, frame_num=(uint)250;
0:00:05.719787725 [32m    1[00m 0x79c908000b70 [37mTRACE  [00m [00;34m          GST_TRACER :0::[00m latency_tracer_pipeline, frame_latency=(double)41.689703, avg=(double)194.830558, min=(double)35.432142, max=(double)3071.486303, latency=(double)17.549107, fps=(double)56.982956, frame_num=(uint)251;
0:00:05.756237472 [32m    1[00m 0x79c908000b70 [37mTRACE  [00m [00;34m          GST_TRACER :0::[00m latency_tracer_pipeline, frame_latency=(double)44.899220, avg=(double)194.235593, min=(double)35.432142, max=(double)3071.486303, latency=(double)17.624197, fps=(double)56.740174, frame_num=(uint)252;
0:00:05.756251402 [32m    1[00m 0x79c908000b70 [37mTRACE  [00m [00;34m          GST_TRACER :0::[00m latency_tracer_pipeline, frame_latency=(double)44.899220, avg=(double)193.645330, min=(double)35.432142, max=(double)3071.486303, latency=(double)17.554536, fps=(double)56.965333, frame_num=(uint)253;
0:00:05.787315095 [32m    1[00m 0x79c908000b70 [37mTRACE  [00m [00;34m          GST_TRACER :0::[00m latency_tracer_pipeline, frame_latency=(double)42.369769, avg=(double)193.049757, min=(double)35.432142, max=(double)3071.486303, latency=(double)17.607796, fps=(double)56.793026, frame_num=(uint)254;
0:00:05.787326484 [32m    1[00m 0x79c908000b70 [37mTRACE  [00m [00;34m          GST_TRACER :0::[00m latency_tracer_pipeline, frame_latency=(double)42.369769, avg=(double)192.458855, min=(double)35.432142, max=(double)3071.486303, latency=(double)17.538745, fps=(double)57.016621, frame_num=(uint)255;
0:00:05.822252507 [32m    1[00m 0x79c908000b70 [37mTRACE  [00m [00;34m          GST_TRACER :0::[00m latency_tracer_pipeline, frame_latency=(double)44.476078, avg=(double)191.880798, min=(double)35.432142, max=(double)3071.486303, latency=(double)17.606699, fps=(double)56.796564, frame_num=(uint)256;
0:00:05.822266569 [32m    1[00m 0x79c908000b70 [37mTRACE  [00m [00;34m          GST_TRACER :0::[00m latency_tracer_pipeline, frame_latency=(double)44.476078, avg=(double)191.307238, min=(double)35.432142, max=(double)3071.486303, latency=(double)17.538190, fps=(double)57.018425, frame_num=(uint)257;
0:00:05.852698277 [32m    1[00m 0x79c908000b70 [37mTRACE  [00m [00;34m          GST_TRACER :0::[00m latency_tracer_pipeline, frame_latency=(double)41.501172, avg=(double)190.726595, min=(double)35.432142, max=(double)3071.486303, latency=(double)17.588199, fps=(double)56.856306, frame_num=(uint)258;
0:00:05.852710458 [32m    1[00m 0x79c908000b70 [37mTRACE  [00m [00;34m          GST_TRACER :0::[00m latency_tracer_pipeline, frame_latency=(double)41.501172, avg=(double)190.150435, min=(double)35.432142, max=(double)3071.486303, latency=(double)17.520291, fps=(double)57.076679, frame_num=(uint)259;
0:00:05.888493803 [32m    1[00m 0x79c908000b70 [37mTRACE  [00m [00;34m          GST_TRACER :0::[00m latency_tracer_pipeline, frame_latency=(double)43.958798, avg=(double)189.588159, min=(double)35.432142, max=(double)3071.486303, latency=(double)17.590563, fps=(double)56.848665, frame_num=(uint)260;
0:00:05.888507831 [32m    1[00m 0x79c908000b70 [37mTRACE  [00m [00;34m          GST_TRACER :0::[00m latency_tracer_pipeline, frame_latency=(double)43.958798, avg=(double)189.030192, min=(double)35.432142, max=(double)3071.486303, latency=(double)17.523166, fps=(double)57.067314, frame_num=(uint)261;
0:00:05.921255617 [32m    1[00m 0x79c908000b70 [37mTRACE  [00m [00;34m          GST_TRACER :0::[00m latency_tracer_pipeline, frame_latency=(double)43.297799, avg=(double)188.473962, min=(double)35.432142, max=(double)3071.486303, latency=(double)17.581335, fps=(double)56.878503, frame_num=(uint)262;
0:00:05.921274072 [32m    1[00m 0x79c908000b70 [37mTRACE  [00m [00;34m          GST_TRACER :0::[00m latency_tracer_pipeline, frame_latency=(double)43.297799, avg=(double)187.921961, min=(double)35.432142, max=(double)3071.486303, latency=(double)17.514486, fps=(double)57.095597, frame_num=(uint)263;
0:00:05.957762369 [32m    1[00m 0x79c908000b70 [37mTRACE  [00m [00;34m          GST_TRACER :0::[00m latency_tracer_pipeline, frame_latency=(double)46.158172, avg=(double)187.384977, min=(double)35.432142, max=(double)3071.486303, latency=(double)17.586461, fps=(double)56.861924, frame_num=(uint)264;
0:00:05.957778356 [32m    1[00m 0x79c908000b70 [37mTRACE  [00m [00;34m          GST_TRACER :0::[00m latency_tracer_pipeline, frame_latency=(double)46.158172, avg=(double)186.852046, min=(double)35.432142, max=(double)3071.486303, latency=(double)17.520097, fps=(double)57.077310, frame_num=(uint)265;
0:00:05.986233721 [32m    1[00m 0x79c908000b70 [37mTRACE  [00m [00;34m          GST_TRACER :0::[00m latency_tracer_pipeline, frame_latency=(double)41.524733, avg=(double)186.305703, min=(double)35.432142, max=(double)3071.486303, latency=(double)17.561273, fps=(double)56.943479, frame_num=(uint)266;
0:00:05.986242612 [32m    1[00m 0x79c908000b70 [37mTRACE  [00m [00;34m          GST_TRACER :0::[00m latency_tracer_pipeline, frame_latency=(double)41.524733, avg=(double)185.763452, min=(double)35.432142, max=(double)3071.486303, latency=(double)17.495501, fps=(double)57.157552, frame_num=(uint)267;
0:00:06.022712266 [32m    1[00m 0x79c908000b70 [37mTRACE  [00m [00;34m          GST_TRACER :0::[00m latency_tracer_pipeline, frame_latency=(double)44.685078, avg=(double)185.237040, min=(double)35.432142, max=(double)3071.486303, latency=(double)17.566317, fps=(double)56.927131, frame_num=(uint)268;
0:00:06.022732685 [32m    1[00m 0x79c908000b70 [37mTRACE  [00m [00;34m          GST_TRACER :0::[00m latency_tracer_pipeline, frame_latency=(double)44.685078, avg=(double)184.714542, min=(double)35.432142, max=(double)3071.486303, latency=(double)17.501014, fps=(double)57.139545, frame_num=(uint)269;
0:00:06.052866222 [32m    1[00m 0x79c908000b70 [37mTRACE  [00m [00;34m          GST_TRACER :0::[00m latency_tracer_pipeline, frame_latency=(double)41.162063, avg=(double)184.182866, min=(double)35.432142, max=(double)3071.486303, latency=(double)17.547852, fps=(double)56.987032, frame_num=(uint)270;
0:00:06.052886414 [32m    1[00m 0x79c908000b70 [37mTRACE  [00m [00;34m          GST_TRACER :0::[00m latency_tracer_pipeline, frame_latency=(double)41.162063, avg=(double)183.655114, min=(double)35.432142, max=(double)3071.486303, latency=(double)17.483100, fps=(double)57.198095, frame_num=(uint)271;
0:00:06.090481266 [32m    1[00m 0x79c908000b70 [37mTRACE  [00m [00;34m          GST_TRACER :0::[00m latency_tracer_pipeline, frame_latency=(double)45.820936, avg=(double)183.148371, min=(double)35.432142, max=(double)3071.486303, latency=(double)17.557058, fps=(double)56.957152, frame_num=(uint)272;
0:00:06.090507825 [32m    1[00m 0x79c908000b70 [37mTRACE  [00m [00;34m          GST_TRACER :0::[00m latency_tracer_pipeline, frame_latency=(double)45.820936, avg=(double)182.645340, min=(double)35.432142, max=(double)3071.486303, latency=(double)17.492746, fps=(double)57.166554, frame_num=(uint)273;
0:00:06.119864051 [32m    1[00m 0x79c908000b70 [37mTRACE  [00m [00;34m          GST_TRACER :0::[00m latency_tracer_pipeline, frame_latency=(double)41.578658, avg=(double)182.130498, min=(double)35.432142, max=(double)3071.486303, latency=(double)17.536215, fps=(double)57.024850, frame_num=(uint)274;
0:00:06.119877816 [32m    1[00m 0x79c908000b70 [37mTRACE  [00m [00;34m          GST_TRACER :0::[00m latency_tracer_pipeline, frame_latency=(double)41.578658, avg=(double)181.619400, min=(double)35.432142, max=(double)3071.486303, latency=(double)17.472446, fps=(double)57.232970, frame_num=(uint)275;
0:00:06.156643935 [32m    1[00m 0x79c908000b70 [37mTRACE  [00m [00;34m          GST_TRACER :0::[00m latency_tracer_pipeline, frame_latency=(double)45.158469, avg=(double)181.124977, min=(double)35.432142, max=(double)3071.486303, latency=(double)17.542369, fps=(double)57.004843, frame_num=(uint)276;
0:00:06.156676629 [32m    1[00m 0x79c908000b70 [37mTRACE  [00m [00;34m          GST_TRACER :0::[00m latency_tracer_pipeline, frame_latency=(double)45.158469, avg=(double)180.634123, min=(double)35.432142, max=(double)3071.486303, latency=(double)17.479039, fps=(double)57.211382, frame_num=(uint)277;
0:00:06.187991030 [32m    1[00m 0x79c908000b70 [37mTRACE  [00m [00;34m          GST_TRACER :0::[00m latency_tracer_pipeline, frame_latency=(double)43.143801, avg=(double)180.139553, min=(double)35.432142, max=(double)3071.486303, latency=(double)17.528961, fps=(double)57.048446, frame_num=(uint)278;
0:00:06.188003355 [32m    1[00m 0x79c908000b70 [37mTRACE  [00m [00;34m          GST_TRACER :0::[00m latency_tracer_pipeline, frame_latency=(double)43.143801, avg=(double)179.648529, min=(double)35.432142, max=(double)3071.486303, latency=(double)17.466134, fps=(double)57.253656, frame_num=(uint)279;
0:00:06.222843931 [32m    1[00m 0x79c908000b70 [37mTRACE  [00m [00;34m          GST_TRACER :0::[00m latency_tracer_pipeline, frame_latency=(double)44.100547, avg=(double)179.164429, min=(double)35.432142, max=(double)3071.486303, latency=(double)17.528230, fps=(double)57.050827, frame_num=(uint)280;
0:00:06.222861181 [32m    1[00m 0x79c908000b70 [37mTRACE  [00m [00;34m          GST_TRACER :0::[00m latency_tracer_pipeline, frame_latency=(double)44.100547, avg=(double)178.683775, min=(double)35.432142, max=(double)3071.486303, latency=(double)17.465852, fps=(double)57.254580, frame_num=(uint)281;
0:00:06.253351047 [32m    1[00m 0x79c908000b70 [37mTRACE  [00m [00;34m          GST_TRACER :0::[00m latency_tracer_pipeline, frame_latency=(double)42.022334, avg=(double)178.199160, min=(double)35.432142, max=(double)3071.486303, latency=(double)17.512062, fps=(double)57.103497, frame_num=(uint)282;
0:00:06.253367417 [32m    1[00m 0x79c908000b70 [37mTRACE  [00m [00;34m          GST_TRACER :0::[00m latency_tracer_pipeline, frame_latency=(double)42.022334, avg=(double)177.717970, min=(double)35.432142, max=(double)3071.486303, latency=(double)17.450182, fps=(double)57.305992, frame_num=(uint)283;
0:00:06.291750807 [32m    1[00m 0x79c908000b70 [37mTRACE  [00m [00;34m          GST_TRACER :0::[00m latency_tracer_pipeline, frame_latency=(double)46.763140, avg=(double)177.256861, min=(double)35.432142, max=(double)3071.486303, latency=(double)17.523965, fps=(double)57.064713, frame_num=(uint)284;
0:00:06.291766923 [32m    1[00m 0x79c908000b70 [37mTRACE  [00m [00;34m          GST_TRACER :0::[00m latency_tracer_pipeline, frame_latency=(double)46.763140, avg=(double)176.798988, min=(double)35.432142, max=(double)3071.486303, latency=(double)17.462477, fps=(double)57.265645, frame_num=(uint)285;
0:00:06.322355416 [32m    1[00m 0x79c908000b70 [37mTRACE  [00m [00;34m          GST_TRACER :0::[00m latency_tracer_pipeline, frame_latency=(double)44.010022, avg=(double)176.334691, min=(double)35.432142, max=(double)3071.486303, latency=(double)17.508452, fps=(double)57.115271, frame_num=(uint)286;
0:00:06.322369175 [32m    1[00m 0x79c908000b70 [37mTRACE  [00m [00;34m          GST_TRACER :0::[00m latency_tracer_pipeline, frame_latency=(double)44.010022, avg=(double)175.873630, min=(double)35.432142, max=(double)3071.486303, latency=(double)17.447447, fps=(double)57.314975, frame_num=(uint)287;
0:00:06.355965786 [32m    1[00m 0x79c908000b70 [37mTRACE  [00m [00;34m          GST_TRACER :0::[00m latency_tracer_pipeline, frame_latency=(double)44.159534, avg=(double)175.416289, min=(double)35.432142, max=(double)3071.486303, latency=(double)17.503571, fps=(double)57.131198, frame_num=(uint)288;
0:00:06.355979830 [32m    1[00m 0x79c908000b70 [37mTRACE  [00m [00;34m          GST_TRACER :0::[00m latency_tracer_pipeline, frame_latency=(double)44.159534, avg=(double)174.962113, min=(double)35.432142, max=(double)3071.486303, latency=(double)17.443005, fps=(double)57.329570, frame_num=(uint)289;
0:00:06.386214648 [32m    1[00m 0x79c908000b70 [37mTRACE  [00m [00;34m          GST_TRACER :0::[00m latency_tracer_pipeline, frame_latency=(double)41.608393, avg=(double)174.502273, min=(double)35.432142, max=(double)3071.486303, latency=(double)17.487139, fps=(double)57.184882, frame_num=(uint)290;
0:00:06.386226683 [32m    1[00m 0x79c908000b70 [37mTRACE  [00m [00;34m          GST_TRACER :0::[00m latency_tracer_pipeline, frame_latency=(double)41.608393, avg=(double)174.045593, min=(double)35.432142, max=(double)3071.486303, latency=(double)17.427046, fps=(double)57.382071, frame_num=(uint)291;
0:00:06.424681566 [32m    1[00m 0x79c908000b70 [37mTRACE  [00m [00;34m          GST_TRACER :0::[00m latency_tracer_pipeline, frame_latency=(double)46.690313, avg=(double)173.609445, min=(double)35.432142, max=(double)3071.486303, latency=(double)17.499073, fps=(double)57.145885, frame_num=(uint)292;
0:00:06.424705253 [32m    1[00m 0x79c908000b70 [37mTRACE  [00m [00;34m          GST_TRACER :0::[00m latency_tracer_pipeline, frame_latency=(double)46.690313, avg=(double)173.176274, min=(double)35.432142, max=(double)3071.486303, latency=(double)17.439349, fps=(double)57.341590, frame_num=(uint)293;
0:00:06.453273275 [32m    1[00m 0x79c908000b70 [37mTRACE  [00m [00;34m          GST_TRACER :0::[00m latency_tracer_pipeline, frame_latency=(double)41.669965, avg=(double)172.728973, min=(double)35.432142, max=(double)3071.486303, latency=(double)17.477332, fps=(double)57.216971, frame_num=(uint)294;
0:00:06.453287076 [32m    1[00m 0x79c908000b70 [37mTRACE  [00m [00;34m          GST_TRACER :0::[00m latency_tracer_pipeline, frame_latency=(double)41.669965, avg=(double)172.284706, min=(double)35.432142, max=(double)3071.486303, latency=(double)17.418087, fps=(double)57.411587, frame_num=(uint)295;
0:00:06.489255677 [32m    1[00m 0x79c908000b70 [37mTRACE  [00m [00;34m          GST_TRACER :0::[00m latency_tracer_pipeline, frame_latency=(double)44.113023, avg=(double)171.851693, min=(double)35.432142, max=(double)3071.486303, latency=(double)17.480797, fps=(double)57.205628, frame_num=(uint)296;
0:00:06.489271207 [32m    1[00m 0x79c908000b70 [37mTRACE  [00m [00;34m          GST_TRACER :0::[00m latency_tracer_pipeline, frame_latency=(double)44.113023, avg=(double)171.421597, min=(double)35.432142, max=(double)3071.486303, latency=(double)17.421940, fps=(double)57.398891, frame_num=(uint)297;
0:00:06.520415136 [32m    1[00m 0x79c908000b70 [37mTRACE  [00m [00;34m          GST_TRACER :0::[00m latency_tracer_pipeline, frame_latency=(double)41.772251, avg=(double)170.986532, min=(double)35.432142, max=(double)3071.486303, latency=(double)17.468041, fps=(double)57.247404, frame_num=(uint)298;
0:00:06.520429092 [32m    1[00m 0x79c908000b70 [37mTRACE  [00m [00;34m          GST_TRACER :0::[00m latency_tracer_pipeline, frame_latency=(double)41.772251, avg=(double)170.554377, min=(double)35.432142, max=(double)3071.486303, latency=(double)17.409619, fps=(double)57.439510, frame_num=(uint)299;
0:00:06.557410528 [32m    1[00m 0x79c908000b70 [37mTRACE  [00m [00;34m          GST_TRACER :0::[00m latency_tracer_pipeline, frame_latency=(double)45.573721, avg=(double)170.137775, min=(double)35.432142, max=(double)3071.486303, latency=(double)17.474904, fps=(double)57.224922, frame_num=(uint)300;
0:00:06.557427004 [32m    1[00m 0x79c908000b70 [37mTRACE  [00m [00;34m          GST_TRACER :0::[00m latency_tracer_pipeline, frame_latency=(double)45.573721, avg=(double)169.723941, min=(double)35.432142, max=(double)3071.486303, latency=(double)17.416847, fps=(double)57.415672, frame_num=(uint)301;
FpsCounter(last 1.00sec): total=29.91 fps, number-streams=1, per-stream=29.91 fps
latency: -869.02ms
0:00:06.589274029 [32m    1[00m 0x79c908000b70 [37mTRACE  [00m [00;34m          GST_TRACER :0::[00m latency_tracer_pipeline, frame_latency=(double)44.320721, avg=(double)169.308698, min=(double)35.432142, max=(double)3071.486303, latency=(double)17.464668, fps=(double)57.258461, frame_num=(uint)302;
0:00:06.589292639 [32m    1[00m 0x79c908000b70 [37mTRACE  [00m [00;34m          GST_TRACER :0::[00m latency_tracer_pipeline_interval, interval=(double)1002.953781, avg=(double)43.575036, min=(double)41.162063, max=(double)46.763140, latency=(double)16.715896, fps=(double)59.823295;
0:00:06.589301247 [32m    1[00m 0x79c908000b70 [37mTRACE  [00m [00;34m          GST_TRACER :0::[00m latency_tracer_pipeline, frame_latency=(double)44.320721, avg=(double)168.896197, min=(double)35.432142, max=(double)3071.486303, latency=(double)17.407029, fps=(double)57.448059, frame_num=(uint)303;
0:00:06.622914523 [32m    1[00m 0x79c908000b70 [37mTRACE  [00m [00;34m          GST_TRACER :0::[00m latency_tracer_pipeline, frame_latency=(double)44.629126, avg=(double)168.487423, min=(double)35.432142, max=(double)3071.486303, latency=(double)17.460456, fps=(double)57.272273, frame_num=(uint)304;
0:00:06.622926436 [32m    1[00m 0x79c908000b70 [37mTRACE  [00m [00;34m          GST_TRACER :0::[00m latency_tracer_pipeline, frame_latency=(double)44.629126, avg=(double)168.081331, min=(double)35.432142, max=(double)3071.486303, latency=(double)17.403209, fps=(double)57.460669, frame_num=(uint)305;
0:00:06.652762131 [32m    1[00m 0x79c908000b70 [37mTRACE  [00m [00;34m          GST_TRACER :0::[00m latency_tracer_pipeline, frame_latency=(double)41.459677, avg=(double)167.667534, min=(double)35.432142, max=(double)3071.486303, latency=(double)17.443851, fps=(double)57.326790, frame_num=(uint)306;
0:00:06.652781151 [32m    1[00m 0x79c908000b70 [37mTRACE  [00m [00;34m          GST_TRACER :0::[00m latency_tracer_pipeline, frame_latency=(double)41.459677, avg=(double)167.256434, min=(double)35.432142, max=(double)3071.486303, latency=(double)17.387031, fps=(double)57.514132, frame_num=(uint)307;
0:00:06.690688627 [32m    1[00m 0x79c908000b70 [37mTRACE  [00m [00;34m          GST_TRACER :0::[00m latency_tracer_pipeline, frame_latency=(double)46.035865, avg=(double)166.862860, min=(double)35.432142, max=(double)3071.486303, latency=(double)17.453730, fps=(double)57.294343, frame_num=(uint)308;
0:00:06.690704896 [32m    1[00m 0x79c908000b70 [37mTRACE  [00m [00;34m          GST_TRACER :0::[00m latency_tracer_pipeline, frame_latency=(double)46.035865, avg=(double)166.471835, min=(double)35.432142, max=(double)3071.486303, latency=(double)17.397245, fps=(double)57.480364, frame_num=(uint)309;
0:00:06.722290374 [32m    1[00m 0x79c908000b70 [37mTRACE  [00m [00;34m          GST_TRACER :0::[00m latency_tracer_pipeline, frame_latency=(double)43.937231, avg=(double)166.076562, min=(double)35.432142, max=(double)3071.486303, latency=(double)17.443027, fps=(double)57.329499, frame_num=(uint)310;
0:00:06.722307225 [32m    1[00m 0x79c908000b70 [37mTRACE  [00m [00;34m          GST_TRACER :0::[00m latency_tracer_pipeline, frame_latency=(double)43.937231, avg=(double)165.683831, min=(double)35.432142, max=(double)3071.486303, latency=(double)17.386940, fps=(double)57.514433, frame_num=(uint)311;
0:00:06.756417763 [32m    1[00m 0x79c908000b70 [37mTRACE  [00m [00;34m          GST_TRACER :0::[00m latency_tracer_pipeline, frame_latency=(double)44.828816, avg=(double)165.296475, min=(double)35.432142, max=(double)3071.486303, latency=(double)17.440642, fps=(double)57.337338, frame_num=(uint)312;
0:00:06.756431596 [32m    1[00m 0x79c908000b70 [37mTRACE  [00m [00;34m          GST_TRACER :0::[00m latency_tracer_pipeline, frame_latency=(double)44.828816, avg=(double)164.911594, min=(double)35.432142, max=(double)3071.486303, latency=(double)17.384921, fps=(double)57.521112, frame_num=(uint)313;
0:00:06.786217410 [32m    1[00m 0x79c908000b70 [37mTRACE  [00m [00;34m          GST_TRACER :0::[00m latency_tracer_pipeline, frame_latency=(double)41.571069, avg=(double)164.518790, min=(double)35.432142, max=(double)3071.486303, latency=(double)17.424397, fps=(double)57.390794, frame_num=(uint)314;
0:00:06.786228320 [32m    1[00m 0x79c908000b70 [37mTRACE  [00m [00;34m          GST_TRACER :0::[00m latency_tracer_pipeline, frame_latency=(double)41.571069, avg=(double)164.128480, min=(double)35.432142, max=(double)3071.486303, latency=(double)17.369082, fps=(double)57.573567, frame_num=(uint)315;
0:00:06.824333985 [32m    1[00m 0x79c908000b70 [37mTRACE  [00m [00;34m          GST_TRACER :0::[00m latency_tracer_pipeline, frame_latency=(double)46.188651, avg=(double)163.755252, min=(double)35.432142, max=(double)3071.486303, latency=(double)17.434794, fps=(double)57.356571, frame_num=(uint)316;
0:00:06.824351588 [32m    1[00m 0x79c908000b70 [37mTRACE  [00m [00;34m          GST_TRACER :0::[00m latency_tracer_pipeline, frame_latency=(double)46.188651, avg=(double)163.384380, min=(double)35.432142, max=(double)3071.486303, latency=(double)17.379795, fps=(double)57.538079, frame_num=(uint)317;
0:00:06.853704112 [32m    1[00m 0x79c908000b70 [37mTRACE  [00m [00;34m          GST_TRACER :0::[00m latency_tracer_pipeline, frame_latency=(double)42.136286, avg=(double)163.003097, min=(double)35.432142, max=(double)3071.486303, latency=(double)17.417493, fps=(double)57.413544, frame_num=(uint)318;
0:00:06.853717444 [32m    1[00m 0x79c908000b70 [37mTRACE  [00m [00;34m          GST_TRACER :0::[00m latency_tracer_pipeline, frame_latency=(double)42.136286, avg=(double)162.624204, min=(double)35.432142, max=(double)3071.486303, latency=(double)17.362893, fps=(double)57.594090, frame_num=(uint)319;
0:00:06.890849293 [32m    1[00m 0x79c908000b70 [37mTRACE  [00m [00;34m          GST_TRACER :0::[00m latency_tracer_pipeline, frame_latency=(double)46.062628, avg=(double)162.259949, min=(double)35.432142, max=(double)3071.486303, latency=(double)17.424716, fps=(double)57.389743, frame_num=(uint)320;
0:00:06.890866034 [32m    1[00m 0x79c908000b70 [37mTRACE  [00m [00;34m          GST_TRACER :0::[00m latency_tracer_pipeline, frame_latency=(double)46.062628, avg=(double)161.897963, min=(double)35.432142, max=(double)3071.486303, latency=(double)17.370434, fps=(double)57.569086, frame_num=(uint)321;
0:00:06.920369180 [32m    1[00m 0x79c908000b70 [37mTRACE  [00m [00;34m          GST_TRACER :0::[00m latency_tracer_pipeline, frame_latency=(double)42.039858, avg=(double)161.525733, min=(double)35.432142, max=(double)3071.486303, latency=(double)17.408171, fps=(double)57.444290, frame_num=(uint)322;
0:00:06.920383071 [32m    1[00m 0x79c908000b70 [37mTRACE  [00m [00;34m          GST_TRACER :0::[00m latency_tracer_pipeline, frame_latency=(double)42.039858, avg=(double)161.155808, min=(double)35.432142, max=(double)3071.486303, latency=(double)17.354275, fps=(double)57.622688, frame_num=(uint)323;
0:00:06.955768968 [32m    1[00m 0x79c908000b70 [37mTRACE  [00m [00;34m          GST_TRACER :0::[00m latency_tracer_pipeline, frame_latency=(double)44.147494, avg=(double)160.794671, min=(double)35.432142, max=(double)3071.486303, latency=(double)17.409940, fps=(double)57.438452, frame_num=(uint)324;
0:00:06.955782956 [32m    1[00m 0x79c908000b70 [37mTRACE  [00m [00;34m          GST_TRACER :0::[00m latency_tracer_pipeline, frame_latency=(double)44.147494, avg=(double)160.435757, min=(double)35.432142, max=(double)3071.486303, latency=(double)17.356371, fps=(double)57.615731, frame_num=(uint)325;
0:00:06.988179671 [32m    1[00m 0x79c908000b70 [37mTRACE  [00m [00;34m          GST_TRACER :0::[00m latency_tracer_pipeline, frame_latency=(double)43.093041, avg=(double)160.075810, min=(double)35.432142, max=(double)3071.486303, latency=(double)17.402575, fps=(double)57.462762, frame_num=(uint)326;
0:00:06.988193938 [32m    1[00m 0x79c908000b70 [37mTRACE  [00m [00;34m          GST_TRACER :0::[00m latency_tracer_pipeline, frame_latency=(double)43.093041, avg=(double)159.718064, min=(double)35.432142, max=(double)3071.486303, latency=(double)17.349356, fps=(double)57.639028, frame_num=(uint)327;
0:00:07.022682985 [32m    1[00m 0x79c908000b70 [37mTRACE  [00m [00;34m          GST_TRACER :0::[00m latency_tracer_pipeline, frame_latency=(double)44.038257, avg=(double)159.365382, min=(double)35.432142, max=(double)3071.486303, latency=(double)17.401620, fps=(double)57.465914, frame_num=(uint)328;
0:00:07.022711965 [32m    1[00m 0x79c908000b70 [37mTRACE  [00m [00;34m          GST_TRACER :0::[00m latency_tracer_pipeline, frame_latency=(double)44.038257, avg=(double)159.014844, min=(double)35.432142, max=(double)3071.486303, latency=(double)17.348728, fps=(double)57.641115, frame_num=(uint)329;
0:00:07.053059547 [32m    1[00m 0x79c908000b70 [37mTRACE  [00m [00;34m          GST_TRACER :0::[00m latency_tracer_pipeline, frame_latency=(double)41.310605, avg=(double)158.658164, min=(double)35.432142, max=(double)3071.486303, latency=(double)17.388246, fps=(double)57.510113, frame_num=(uint)330;
0:00:07.053069759 [32m    1[00m 0x79c908000b70 [37mTRACE  [00m [00;34m          GST_TRACER :0::[00m latency_tracer_pipeline, frame_latency=(double)41.310605, avg=(double)158.303640, min=(double)35.432142, max=(double)3071.486303, latency=(double)17.335714, fps=(double)57.684386, frame_num=(uint)331;
0:00:07.088391348 [32m    1[00m 0x79c908000b70 [37mTRACE  [00m [00;34m          GST_TRACER :0::[00m latency_tracer_pipeline, frame_latency=(double)43.794950, avg=(double)157.958734, min=(double)35.432142, max=(double)3071.486303, latency=(double)17.389925, fps=(double)57.504562, frame_num=(uint)332;
0:00:07.088407818 [32m    1[00m 0x79c908000b70 [37mTRACE  [00m [00;34m          GST_TRACER :0::[00m latency_tracer_pipeline, frame_latency=(double)43.794950, avg=(double)157.615900, min=(double)35.432142, max=(double)3071.486303, latency=(double)17.337703, fps=(double)57.677769, frame_num=(uint)333;
0:00:07.120735655 [32m    1[00m 0x79c908000b70 [37mTRACE  [00m [00;34m          GST_TRACER :0::[00m latency_tracer_pipeline, frame_latency=(double)42.827401, avg=(double)157.272222, min=(double)35.432142, max=(double)3071.486303, latency=(double)17.382601, fps=(double)57.528790, frame_num=(uint)334;
0:00:07.120753212 [32m    1[00m 0x79c908000b70 [37mTRACE  [00m [00;34m          GST_TRACER :0::[00m latency_tracer_pipeline, frame_latency=(double)42.827401, avg=(double)156.930595, min=(double)35.432142, max=(double)3071.486303, latency=(double)17.330713, fps=(double)57.701032, frame_num=(uint)335;
0:00:07.156261018 [32m    1[00m 0x79c908000b70 [37mTRACE  [00m [00;34m          GST_TRACER :0::[00m latency_tracer_pipeline, frame_latency=(double)44.834786, avg=(double)156.596977, min=(double)35.432142, max=(double)3071.486303, latency=(double)17.384889, fps=(double)57.521219, frame_num=(uint)336;
0:00:07.156274521 [32m    1[00m 0x79c908000b70 [37mTRACE  [00m [00;34m          GST_TRACER :0::[00m latency_tracer_pipeline, frame_latency=(double)44.834786, avg=(double)156.265338, min=(double)35.432142, max=(double)3071.486303, latency=(double)17.333302, fps=(double)57.692413, frame_num=(uint)337;
0:00:07.187824370 [32m    1[00m 0x79c908000b70 [37mTRACE  [00m [00;34m          GST_TRACER :0::[00m latency_tracer_pipeline, frame_latency=(double)43.117644, avg=(double)155.930582, min=(double)35.432142, max=(double)3071.486303, latency=(double)17.375366, fps=(double)57.552745, frame_num=(uint)338;
0:00:07.187845271 [32m    1[00m 0x79c908000b70 [37mTRACE  [00m [00;34m          GST_TRACER :0::[00m latency_tracer_pipeline, frame_latency=(double)43.117644, avg=(double)155.597800, min=(double)35.432142, max=(double)3071.486303, latency=(double)17.324111, fps=(double)57.723020, frame_num=(uint)339;
0:00:07.222787786 [32m    1[00m 0x79c908000b70 [37mTRACE  [00m [00;34m          GST_TRACER :0::[00m latency_tracer_pipeline, frame_latency=(double)44.409929, avg=(double)155.270777, min=(double)35.432142, max=(double)3071.486303, latency=(double)17.376025, fps=(double)57.550562, frame_num=(uint)340;
0:00:07.222803844 [32m    1[00m 0x79c908000b70 [37mTRACE  [00m [00;34m          GST_TRACER :0::[00m latency_tracer_pipeline, frame_latency=(double)44.409929, avg=(double)154.945672, min=(double)35.432142, max=(double)3071.486303, latency=(double)17.325069, fps=(double)57.719828, frame_num=(uint)341;
0:00:07.253684718 [32m    1[00m 0x79c908000b70 [37mTRACE  [00m [00;34m          GST_TRACER :0::[00m latency_tracer_pipeline, frame_latency=(double)42.232846, avg=(double)154.616102, min=(double)35.432142, max=(double)3071.486303, latency=(double)17.364757, fps=(double)57.587908, frame_num=(uint)342;
0:00:07.253699139 [32m    1[00m 0x79c908000b70 [37mTRACE  [00m [00;34m          GST_TRACER :0::[00m latency_tracer_pipeline, frame_latency=(double)42.232846, avg=(double)154.288454, min=(double)35.432142, max=(double)3071.486303, latency=(double)17.314131, fps=(double)57.756293, frame_num=(uint)343;
0:00:07.288975365 [32m    1[00m 0x79c908000b70 [37mTRACE  [00m [00;34m          GST_TRACER :0::[00m latency_tracer_pipeline, frame_latency=(double)43.971253, avg=(double)153.967765, min=(double)35.432142, max=(double)3071.486303, latency=(double)17.366377, fps=(double)57.582535, frame_num=(uint)344;
0:00:07.288992300 [32m    1[00m 0x79c908000b70 [37mTRACE  [00m [00;34m          GST_TRACER :0::[00m latency_tracer_pipeline, frame_latency=(double)43.971253, avg=(double)153.648934, min=(double)35.432142, max=(double)3071.486303, latency=(double)17.316039, fps=(double)57.749926, frame_num=(uint)345;
0:00:07.319671716 [32m    1[00m 0x79c908000b70 [37mTRACE  [00m [00;34m          GST_TRACER :0::[00m latency_tracer_pipeline, frame_latency=(double)41.510424, avg=(double)153.324835, min=(double)35.432142, max=(double)3071.486303, latency=(double)17.354711, fps=(double)57.621241, frame_num=(uint)346;
0:00:07.319682094 [32m    1[00m 0x79c908000b70 [37mTRACE  [00m [00;34m          GST_TRACER :0::[00m latency_tracer_pipeline, frame_latency=(double)41.510424, avg=(double)153.002603, min=(double)35.432142, max=(double)3071.486303, latency=(double)17.304698, fps=(double)57.787776, frame_num=(uint)347;
0:00:07.358361714 [32m    1[00m 0x79c908000b70 [37mTRACE  [00m [00;34m          GST_TRACER :0::[00m latency_tracer_pipeline, frame_latency=(double)47.075462, avg=(double)152.698215, min=(double)35.432142, max=(double)3071.486303, latency=(double)17.366145, fps=(double)57.583304, frame_num=(uint)348;
0:00:07.358377180 [32m    1[00m 0x79c908000b70 [37mTRACE  [00m [00;34m          GST_TRACER :0::[00m latency_tracer_pipeline, frame_latency=(double)47.075462, avg=(double)152.395571, min=(double)35.432142, max=(double)3071.486303, latency=(double)17.316385, fps=(double)57.748773, frame_num=(uint)349;
0:00:07.387342508 [32m    1[00m 0x79c908000b70 [37mTRACE  [00m [00;34m          GST_TRACER :0::[00m latency_tracer_pipeline, frame_latency=(double)42.733274, avg=(double)152.082250, min=(double)35.432142, max=(double)3071.486303, latency=(double)17.349724, fps=(double)57.637804, frame_num=(uint)350;
0:00:07.387357120 [32m    1[00m 0x79c908000b70 [37mTRACE  [00m [00;34m          GST_TRACER :0::[00m latency_tracer_pipeline, frame_latency=(double)42.733274, avg=(double)151.770714, min=(double)35.432142, max=(double)3071.486303, latency=(double)17.300295, fps=(double)57.802484, frame_num=(uint)351;
0:00:07.422830163 [32m    1[00m 0x79c908000b70 [37mTRACE  [00m [00;34m          GST_TRACER :0::[00m latency_tracer_pipeline, frame_latency=(double)44.831605, avg=(double)151.466910, min=(double)35.432142, max=(double)3071.486303, latency=(double)17.351954, fps=(double)57.630396, frame_num=(uint)352;
0:00:07.422846136 [32m    1[00m 0x79c908000b70 [37mTRACE  [00m [00;34m          GST_TRACER :0::[00m latency_tracer_pipeline, frame_latency=(double)44.831605, avg=(double)151.164827, min=(double)35.432142, max=(double)3071.486303, latency=(double)17.302799, fps=(double)57.794118, frame_num=(uint)353;
0:00:07.453622212 [32m    1[00m 0x79c908000b70 [37mTRACE  [00m [00;34m          GST_TRACER :0::[00m latency_tracer_pipeline, frame_latency=(double)42.006213, avg=(double)150.856469, min=(double)35.432142, max=(double)3071.486303, latency=(double)17.340916, fps=(double)57.667080, frame_num=(uint)354;
0:00:07.453635969 [32m    1[00m 0x79c908000b70 [37mTRACE  [00m [00;34m          GST_TRACER :0::[00m latency_tracer_pipeline, frame_latency=(double)42.006213, avg=(double)150.549849, min=(double)35.432142, max=(double)3071.486303, latency=(double)17.292069, fps=(double)57.829981, frame_num=(uint)355;
0:00:07.489198044 [32m    1[00m 0x79c908000b70 [37mTRACE  [00m [00;34m          GST_TRACER :0::[00m latency_tracer_pipeline, frame_latency=(double)44.196934, avg=(double)150.251105, min=(double)35.432142, max=(double)3071.486303, latency=(double)17.343424, fps=(double)57.658742, frame_num=(uint)356;
0:00:07.489212365 [32m    1[00m 0x79c908000b70 [37mTRACE  [00m [00;34m          GST_TRACER :0::[00m latency_tracer_pipeline, frame_latency=(double)44.196934, avg=(double)149.954034, min=(double)35.432142, max=(double)3071.486303, latency=(double)17.294843, fps=(double)57.820705, frame_num=(uint)357;
0:00:07.522083223 [32m    1[00m 0x79c908000b70 [37mTRACE  [00m [00;34m          GST_TRACER :0::[00m latency_tracer_pipeline, frame_latency=(double)43.970546, avg=(double)149.657991, min=(double)35.432142, max=(double)3071.486303, latency=(double)17.338369, fps=(double)57.675552, frame_num=(uint)358;
0:00:07.522103186 [32m    1[00m 0x79c908000b70 [37mTRACE  [00m [00;34m          GST_TRACER :0::[00m latency_tracer_pipeline, frame_latency=(double)43.970546, avg=(double)149.363597, min=(double)35.432142, max=(double)3071.486303, latency=(double)17.290073, fps=(double)57.836657, frame_num=(uint)359;
0:00:07.556293939 [32m    1[00m 0x79c908000b70 [37mTRACE  [00m [00;34m          GST_TRACER :0::[00m latency_tracer_pipeline, frame_latency=(double)44.614799, avg=(double)149.072628, min=(double)35.432142, max=(double)3071.486303, latency=(double)17.337106, fps=(double)57.679753, frame_num=(uint)360;
0:00:07.556307769 [32m    1[00m 0x79c908000b70 [37mTRACE  [00m [00;34m          GST_TRACER :0::[00m latency_tracer_pipeline, frame_latency=(double)44.614799, avg=(double)148.783271, min=(double)35.432142, max=(double)3071.486303, latency=(double)17.289081, fps=(double)57.839974, frame_num=(uint)361;
0:00:07.586337246 [32m    1[00m 0x79c908000b70 [37mTRACE  [00m [00;34m          GST_TRACER :0::[00m latency_tracer_pipeline, frame_latency=(double)41.578315, avg=(double)148.487125, min=(double)35.432142, max=(double)3071.486303, latency=(double)17.324317, fps=(double)57.722335, frame_num=(uint)362;
0:00:07.586347193 [32m    1[00m 0x79c908000b70 [37mTRACE  [00m [00;34m          GST_TRACER :0::[00m latency_tracer_pipeline, frame_latency=(double)41.578315, avg=(double)148.192610, min=(double)35.432142, max=(double)3071.486303, latency=(double)17.276591, fps=(double)57.881789, frame_num=(uint)363;
FpsCounter(last 1.03sec): total=30.01 fps, number-streams=1, per-stream=30.01 fps
latency: -1072.38ms
0:00:07.622285434 [32m    1[00m 0x79c908000b70 [37mTRACE  [00m [00;34m          GST_TRACER :0::[00m latency_tracer_pipeline, frame_latency=(double)44.348225, avg=(double)147.907323, min=(double)35.432142, max=(double)3071.486303, latency=(double)17.327884, fps=(double)57.710452, frame_num=(uint)364;
0:00:07.622294010 [32m    1[00m 0x79c908000b70 [37mTRACE  [00m [00;34m          GST_TRACER :0::[00m latency_tracer_pipeline_interval, interval=(double)1033.020045, avg=(double)43.661918, min=(double)41.310605, max=(double)47.075462, latency=(double)16.661614, fps=(double)60.018196;
0:00:07.622297236 [32m    1[00m 0x79c908000b70 [37mTRACE  [00m [00;34m          GST_TRACER :0::[00m latency_tracer_pipeline, frame_latency=(double)44.348225, avg=(double)147.623600, min=(double)35.432142, max=(double)3071.486303, latency=(double)17.280410, fps=(double)57.868997, frame_num=(uint)365;
0:00:07.653804713 [32m    1[00m 0x79c908000b70 [37mTRACE  [00m [00;34m          GST_TRACER :0::[00m latency_tracer_pipeline, frame_latency=(double)42.315498, avg=(double)147.335873, min=(double)35.432142, max=(double)3071.486303, latency=(double)17.319307, fps=(double)57.739031, frame_num=(uint)366;
0:00:07.653817876 [32m    1[00m 0x79c908000b70 [37mTRACE  [00m [00;34m          GST_TRACER :0::[00m latency_tracer_pipeline, frame_latency=(double)42.315498, avg=(double)147.049714, min=(double)35.432142, max=(double)3071.486303, latency=(double)17.272115, fps=(double)57.896788, frame_num=(uint)367;
0:00:07.689759277 [32m    1[00m 0x79c908000b70 [37mTRACE  [00m [00;34m          GST_TRACER :0::[00m latency_tracer_pipeline, frame_latency=(double)44.829022, avg=(double)146.771940, min=(double)35.432142, max=(double)3071.486303, latency=(double)17.322849, fps=(double)57.727225, frame_num=(uint)368;
0:00:07.689775281 [32m    1[00m 0x79c908000b70 [37mTRACE  [00m [00;34m          GST_TRACER :0::[00m latency_tracer_pipeline, frame_latency=(double)44.829022, avg=(double)146.495672, min=(double)35.432142, max=(double)3071.486303, latency=(double)17.275903, fps=(double)57.884093, frame_num=(uint)369;
0:00:07.720566969 [32m    1[00m 0x79c908000b70 [37mTRACE  [00m [00;34m          GST_TRACER :0::[00m latency_tracer_pipeline, frame_latency=(double)42.097994, avg=(double)146.213516, min=(double)35.432142, max=(double)3071.486303, latency=(double)17.312511, fps=(double)57.761695, frame_num=(uint)370;
0:00:07.720579913 [32m    1[00m 0x79c908000b70 [37mTRACE  [00m [00;34m          GST_TRACER :0::[00m latency_tracer_pipeline, frame_latency=(double)42.097994, avg=(double)145.932881, min=(double)35.432142, max=(double)3071.486303, latency=(double)17.265847, fps=(double)57.917808, frame_num=(uint)371;
0:00:07.755442732 [32m    1[00m 0x79c908000b70 [37mTRACE  [00m [00;34m          GST_TRACER :0::[00m latency_tracer_pipeline, frame_latency=(double)43.722350, avg=(double)145.658122, min=(double)35.432142, max=(double)3071.486303, latency=(double)17.313180, fps=(double)57.759466, frame_num=(uint)372;
0:00:07.755454789 [32m    1[00m 0x79c908000b70 [37mTRACE  [00m [00;34m          GST_TRACER :0::[00m latency_tracer_pipeline, frame_latency=(double)43.722350, avg=(double)145.384836, min=(double)35.432142, max=(double)3071.486303, latency=(double)17.266764, fps=(double)57.914733, frame_num=(uint)373;
0:00:07.787569575 [32m    1[00m 0x79c908000b70 [37mTRACE  [00m [00;34m          GST_TRACER :0::[00m latency_tracer_pipeline, frame_latency=(double)42.840793, avg=(double)145.110654, min=(double)35.432142, max=(double)3071.486303, latency=(double)17.306479, fps=(double)57.781829, frame_num=(uint)374;
0:00:07.787585592 [32m    1[00m 0x79c908000b70 [37mTRACE  [00m [00;34m          GST_TRACER :0::[00m latency_tracer_pipeline, frame_latency=(double)42.840793, avg=(double)144.837934, min=(double)35.432142, max=(double)3071.486303, latency=(double)17.260328, fps=(double)57.936326, frame_num=(uint)375;
0:00:07.822963349 [32m    1[00m 0x79c908000b70 [37mTRACE  [00m [00;34m          GST_TRACER :0::[00m latency_tracer_pipeline, frame_latency=(double)44.601304, avg=(double)144.571347, min=(double)35.432142, max=(double)3071.486303, latency=(double)17.308571, fps=(double)57.774843, frame_num=(uint)376;
0:00:07.822980966 [32m    1[00m 0x79c908000b70 [37mTRACE  [00m [00;34m          GST_TRACER :0::[00m latency_tracer_pipeline, frame_latency=(double)44.601304, avg=(double)144.306175, min=(double)35.432142, max=(double)3071.486303, latency=(double)17.262660, fps=(double)57.928500, frame_num=(uint)377;
0:00:07.853789677 [32m    1[00m 0x79c908000b70 [37mTRACE  [00m [00;34m          GST_TRACER :0::[00m latency_tracer_pipeline, frame_latency=(double)42.340165, avg=(double)144.036423, min=(double)35.432142, max=(double)3071.486303, latency=(double)17.298537, fps=(double)57.808355, frame_num=(uint)378;
0:00:07.853802876 [32m    1[00m 0x79c908000b70 [37mTRACE  [00m [00;34m          GST_TRACER :0::[00m latency_tracer_pipeline, frame_latency=(double)42.340165, avg=(double)143.768096, min=(double)35.432142, max=(double)3071.486303, latency=(double)17.252895, fps=(double)57.961287, frame_num=(uint)379;
0:00:07.889802717 [32m    1[00m 0x79c908000b70 [37mTRACE  [00m [00;34m          GST_TRACER :0::[00m latency_tracer_pipeline, frame_latency=(double)44.479184, avg=(double)143.506809, min=(double)35.432142, max=(double)3071.486303, latency=(double)17.302267, fps=(double)57.795894, frame_num=(uint)380;
0:00:07.889818528 [32m    1[00m 0x79c908000b70 [37mTRACE  [00m [00;34m          GST_TRACER :0::[00m latency_tracer_pipeline, frame_latency=(double)44.479184, avg=(double)143.246894, min=(double)35.432142, max=(double)3071.486303, latency=(double)17.256854, fps=(double)57.947988, frame_num=(uint)381;
0:00:07.922192945 [32m    1[00m 0x79c908000b70 [37mTRACE  [00m [00;34m          GST_TRACER :0::[00m latency_tracer_pipeline, frame_latency=(double)43.721254, avg=(double)142.986356, min=(double)35.432142, max=(double)3071.486303, latency=(double)17.296461, fps=(double)57.815295, frame_num=(uint)382;
0:00:07.922206769 [32m    1[00m 0x79c908000b70 [37mTRACE  [00m [00;34m          GST_TRACER :0::[00m latency_tracer_pipeline, frame_latency=(double)43.721254, avg=(double)142.727178, min=(double)35.432142, max=(double)3071.486303, latency=(double)17.251301, fps=(double)57.966644, frame_num=(uint)383;
0:00:07.961018867 [32m    1[00m 0x79c908000b70 [37mTRACE  [00m [00;34m          GST_TRACER :0::[00m latency_tracer_pipeline, frame_latency=(double)48.804339, avg=(double)142.482587, min=(double)35.432142, max=(double)3071.486303, latency=(double)17.307500, fps=(double)57.778420, frame_num=(uint)384;
0:00:07.961034513 [32m    1[00m 0x79c908000b70 [37mTRACE  [00m [00;34m          GST_TRACER :0::[00m latency_tracer_pipeline, frame_latency=(double)48.804339, avg=(double)142.239267, min=(double)35.432142, max=(double)3071.486303, latency=(double)17.262545, fps=(double)57.928885, frame_num=(uint)385;
0:00:07.987189214 [32m    1[00m 0x79c908000b70 [37mTRACE  [00m [00;34m          GST_TRACER :0::[00m latency_tracer_pipeline, frame_latency=(double)42.204566, avg=(double)141.980110, min=(double)35.432142, max=(double)3071.486303, latency=(double)17.285603, fps=(double)57.851611, frame_num=(uint)386;
0:00:07.987202539 [32m    1[00m 0x79c908000b70 [37mTRACE  [00m [00;34m          GST_TRACER :0::[00m latency_tracer_pipeline, frame_latency=(double)42.204566, avg=(double)141.722292, min=(double)35.432142, max=(double)3071.486303, latency=(double)17.240938, fps=(double)58.001485, frame_num=(uint)387;
0:00:08.025825527 [32m    1[00m 0x79c908000b70 [37mTRACE  [00m [00;34m          GST_TRACER :0::[00m latency_tracer_pipeline, frame_latency=(double)47.636443, avg=(double)141.479802, min=(double)35.432142, max=(double)3071.486303, latency=(double)17.296071, fps=(double)57.816599, frame_num=(uint)388;
0:00:08.025845305 [32m    1[00m 0x79c908000b70 [37mTRACE  [00m [00;34m          GST_TRACER :0::[00m latency_tracer_pipeline, frame_latency=(double)47.636443, avg=(double)141.238560, min=(double)35.432142, max=(double)3071.486303, latency=(double)17.251608, fps=(double)57.965611, frame_num=(uint)389;
0:00:08.053789199 [32m    1[00m 0x79c908000b70 [37mTRACE  [00m [00;34m          GST_TRACER :0::[00m latency_tracer_pipeline, frame_latency=(double)42.052548, avg=(double)140.984237, min=(double)35.432142, max=(double)3071.486303, latency=(double)17.279103, fps=(double)57.873375, frame_num=(uint)390;
0:00:08.053802784 [32m    1[00m 0x79c908000b70 [37mTRACE  [00m [00;34m          GST_TRACER :0::[00m latency_tracer_pipeline, frame_latency=(double)42.052548, avg=(double)140.731215, min=(double)35.432142, max=(double)3071.486303, latency=(double)17.234911, fps=(double)58.021768, frame_num=(uint)391;
0:00:08.090581970 [32m    1[00m 0x79c908000b70 [37mTRACE  [00m [00;34m          GST_TRACER :0::[00m latency_tracer_pipeline, frame_latency=(double)45.517924, avg=(double)140.488324, min=(double)35.432142, max=(double)3071.486303, latency=(double)17.284797, fps=(double)57.854310, frame_num=(uint)392;
0:00:08.090597971 [32m    1[00m 0x79c908000b70 [37mTRACE  [00m [00;34m          GST_TRACER :0::[00m latency_tracer_pipeline, frame_latency=(double)45.517924, avg=(double)140.246669, min=(double)35.432142, max=(double)3071.486303, latency=(double)17.240815, fps=(double)58.001898, frame_num=(uint)393;
0:00:08.121699469 [32m    1[00m 0x79c908000b70 [37mTRACE  [00m [00;34m          GST_TRACER :0::[00m latency_tracer_pipeline, frame_latency=(double)43.515522, avg=(double)140.001158, min=(double)35.432142, max=(double)3071.486303, latency=(double)17.276020, fps=(double)57.883703, frame_num=(uint)394;
0:00:08.121727738 [32m    1[00m 0x79c908000b70 [37mTRACE  [00m [00;34m          GST_TRACER :0::[00m latency_tracer_pipeline, frame_latency=(double)43.515522, avg=(double)139.756891, min=(double)35.432142, max=(double)3071.486303, latency=(double)17.232283, fps=(double)58.030616, frame_num=(uint)395;
0:00:08.160319968 [32m    1[00m 0x79c908000b70 [37mTRACE  [00m [00;34m          GST_TRACER :0::[00m latency_tracer_pipeline, frame_latency=(double)48.954515, avg=(double)139.527592, min=(double)35.432142, max=(double)3071.486303, latency=(double)17.286315, fps=(double)57.849231, frame_num=(uint)396;
0:00:08.160332964 [32m    1[00m 0x79c908000b70 [37mTRACE  [00m [00;34m          GST_TRACER :0::[00m latency_tracer_pipeline, frame_latency=(double)48.954515, avg=(double)139.299448, min=(double)35.432142, max=(double)3071.486303, latency=(double)17.242772, fps=(double)57.995315, frame_num=(uint)397;
0:00:08.190245457 [32m    1[00m 0x79c908000b70 [37mTRACE  [00m [00;34m          GST_TRACER :0::[00m latency_tracer_pipeline, frame_latency=(double)45.687155, avg=(double)139.064241, min=(double)35.432142, max=(double)3071.486303, latency=(double)17.274637, fps=(double)57.888338, frame_num=(uint)398;
0:00:08.190262908 [32m    1[00m 0x79c908000b70 [37mTRACE  [00m [00;34m          GST_TRACER :0::[00m latency_tracer_pipeline, frame_latency=(double)45.687155, avg=(double)138.830213, min=(double)35.432142, max=(double)3071.486303, latency=(double)17.231342, fps=(double)58.033786, frame_num=(uint)399;
0:00:08.228274684 [32m    1[00m 0x79c908000b70 [37mTRACE  [00m [00;34m          GST_TRACER :0::[00m latency_tracer_pipeline, frame_latency=(double)50.387277, avg=(double)138.609106, min=(double)35.432142, max=(double)3071.486303, latency=(double)17.283330, fps=(double)57.859219, frame_num=(uint)400;
0:00:08.228293952 [32m    1[00m 0x79c908000b70 [37mTRACE  [00m [00;34m          GST_TRACER :0::[00m latency_tracer_pipeline, frame_latency=(double)50.387277, avg=(double)138.389101, min=(double)35.432142, max=(double)3071.486303, latency=(double)17.240230, fps=(double)58.003867, frame_num=(uint)401;
0:00:08.255718021 [32m    1[00m 0x79c908000b70 [37mTRACE  [00m [00;34m          GST_TRACER :0::[00m latency_tracer_pipeline, frame_latency=(double)43.804385, avg=(double)138.153816, min=(double)35.432142, max=(double)3071.486303, latency=(double)17.265597, fps=(double)57.918647, frame_num=(uint)402;
0:00:08.255735480 [32m    1[00m 0x79c908000b70 [37mTRACE  [00m [00;34m          GST_TRACER :0::[00m latency_tracer_pipeline, frame_latency=(double)43.804385, avg=(double)137.919698, min=(double)35.432142, max=(double)3071.486303, latency=(double)17.222754, fps=(double)58.062723, frame_num=(uint)403;
0:00:08.294565425 [32m    1[00m 0x79c908000b70 [37mTRACE  [00m [00;34m          GST_TRACER :0::[00m latency_tracer_pipeline, frame_latency=(double)49.557618, avg=(double)137.700980, min=(double)35.432142, max=(double)3071.486303, latency=(double)17.276298, fps=(double)57.882772, frame_num=(uint)404;
0:00:08.294583837 [32m    1[00m 0x79c908000b70 [37mTRACE  [00m [00;34m          GST_TRACER :0::[00m latency_tracer_pipeline, frame_latency=(double)49.557618, avg=(double)137.483342, min=(double)35.432142, max=(double)3071.486303, latency=(double)17.233640, fps=(double)58.026046, frame_num=(uint)405;
0:00:08.321956593 [32m    1[00m 0x79c908000b70 [37mTRACE  [00m [00;34m          GST_TRACER :0::[00m latency_tracer_pipeline, frame_latency=(double)43.666578, avg=(double)137.252267, min=(double)35.432142, max=(double)3071.486303, latency=(double)17.258665, fps=(double)57.941910, frame_num=(uint)406;
0:00:08.321970754 [32m    1[00m 0x79c908000b70 [37mTRACE  [00m [00;34m          GST_TRACER :0::[00m latency_tracer_pipeline, frame_latency=(double)43.666578, avg=(double)137.022326, min=(double)35.432142, max=(double)3071.486303, latency=(double)17.216260, fps=(double)58.084624, frame_num=(uint)407;
0:00:08.359875911 [32m    1[00m 0x79c908000b70 [37mTRACE  [00m [00;34m          GST_TRACER :0::[00m latency_tracer_pipeline, frame_latency=(double)48.521019, avg=(double)136.805411, min=(double)35.432142, max=(double)3071.486303, latency=(double)17.267003, fps=(double)57.913930, frame_num=(uint)408;
0:00:08.359890170 [32m    1[00m 0x79c908000b70 [37mTRACE  [00m [00;34m          GST_TRACER :0::[00m latency_tracer_pipeline, frame_latency=(double)48.521019, avg=(double)136.589557, min=(double)35.432142, max=(double)3071.486303, latency=(double)17.224785, fps=(double)58.055876, frame_num=(uint)409;
0:00:08.388523830 [32m    1[00m 0x79c908000b70 [37mTRACE  [00m [00;34m          GST_TRACER :0::[00m latency_tracer_pipeline, frame_latency=(double)43.779263, avg=(double)136.363191, min=(double)35.432142, max=(double)3071.486303, latency=(double)17.252643, fps=(double)57.962133, frame_num=(uint)410;
0:00:08.388541604 [32m    1[00m 0x79c908000b70 [37mTRACE  [00m [00;34m          GST_TRACER :0::[00m latency_tracer_pipeline, frame_latency=(double)43.779263, avg=(double)136.137926, min=(double)35.432142, max=(double)3071.486303, latency=(double)17.210666, fps=(double)58.103504, frame_num=(uint)411;
0:00:08.423861574 [32m    1[00m 0x79c908000b70 [37mTRACE  [00m [00;34m          GST_TRACER :0::[00m latency_tracer_pipeline, frame_latency=(double)45.813501, avg=(double)135.918692, min=(double)35.432142, max=(double)3071.486303, latency=(double)17.254639, fps=(double)57.955428, frame_num=(uint)412;
0:00:08.423886479 [32m    1[00m 0x79c908000b70 [37mTRACE  [00m [00;34m          GST_TRACER :0::[00m latency_tracer_pipeline, frame_latency=(double)45.813501, avg=(double)135.700519, min=(double)35.432142, max=(double)3071.486303, latency=(double)17.212860, fps=(double)58.096097, frame_num=(uint)413;
0:00:08.456617706 [32m    1[00m 0x79c908000b70 [37mTRACE  [00m [00;34m          GST_TRACER :0::[00m latency_tracer_pipeline, frame_latency=(double)45.123691, avg=(double)135.481735, min=(double)35.432142, max=(double)3071.486303, latency=(double)17.250419, fps=(double)57.969606, frame_num=(uint)414;
0:00:08.456637065 [32m    1[00m 0x79c908000b70 [37mTRACE  [00m [00;34m          GST_TRACER :0::[00m latency_tracer_pipeline, frame_latency=(double)45.123691, avg=(double)135.264004, min=(double)35.432142, max=(double)3071.486303, latency=(double)17.208852, fps=(double)58.109629, frame_num=(uint)415;
0:00:08.494742465 [32m    1[00m 0x79c908000b70 [37mTRACE  [00m [00;34m          GST_TRACER :0::[00m latency_tracer_pipeline, frame_latency=(double)49.735362, avg=(double)135.058407, min=(double)35.432142, max=(double)3071.486303, latency=(double)17.259136, fps=(double)57.940326, frame_num=(uint)416;
0:00:08.494760794 [32m    1[00m 0x79c908000b70 [37mTRACE  [00m [00;34m          GST_TRACER :0::[00m latency_tracer_pipeline, frame_latency=(double)49.735362, avg=(double)134.853795, min=(double)35.432142, max=(double)3071.486303, latency=(double)17.217748, fps=(double)58.079606, frame_num=(uint)417;
0:00:08.522266226 [32m    1[00m 0x79c908000b70 [37mTRACE  [00m [00;34m          GST_TRACER :0::[00m latency_tracer_pipeline, frame_latency=(double)44.250614, avg=(double)134.637041, min=(double)35.432142, max=(double)3071.486303, latency=(double)17.242400, fps=(double)57.996566, frame_num=(uint)418;
0:00:08.522285603 [32m    1[00m 0x79c908000b70 [37mTRACE  [00m [00;34m          GST_TRACER :0::[00m latency_tracer_pipeline, frame_latency=(double)44.250614, avg=(double)134.421322, min=(double)35.432142, max=(double)3071.486303, latency=(double)17.201249, fps=(double)58.135314, frame_num=(uint)419;
0:00:08.559814581 [32m    1[00m 0x79c908000b70 [37mTRACE  [00m [00;34m          GST_TRACER :0::[00m latency_tracer_pipeline, frame_latency=(double)48.017864, avg=(double)134.215599, min=(double)35.432142, max=(double)3071.486303, latency=(double)17.249696, fps=(double)57.972037, frame_num=(uint)420;
0:00:08.559833906 [32m    1[00m 0x79c908000b70 [37mTRACE  [00m [00;34m          GST_TRACER :0::[00m latency_tracer_pipeline, frame_latency=(double)48.017864, avg=(double)134.010854, min=(double)35.432142, max=(double)3071.486303, latency=(double)17.208723, fps=(double)58.110066, frame_num=(uint)421;
0:00:08.588568795 [32m    1[00m 0x79c908000b70 [37mTRACE  [00m [00;34m          GST_TRACER :0::[00m latency_tracer_pipeline, frame_latency=(double)43.222986, avg=(double)133.795717, min=(double)35.432142, max=(double)3071.486303, latency=(double)17.236087, fps=(double)58.017809, frame_num=(uint)422;
0:00:08.588587092 [32m    1[00m 0x79c908000b70 [37mTRACE  [00m [00;34m          GST_TRACER :0::[00m latency_tracer_pipeline, frame_latency=(double)43.222986, avg=(double)133.581597, min=(double)35.432142, max=(double)3071.486303, latency=(double)17.195340, fps=(double)58.155292, frame_num=(uint)423;
FpsCounter(last 1.00sec): total=29.96 fps, number-streams=1, per-stream=29.96 fps
latency: -1273.85ms
0:00:08.623476092 [32m    1[00m 0x79c908000b70 [37mTRACE  [00m [00;34m          GST_TRACER :0::[00m latency_tracer_pipeline, frame_latency=(double)45.081177, avg=(double)133.372869, min=(double)35.432142, max=(double)3071.486303, latency=(double)17.237121, fps=(double)58.014327, frame_num=(uint)424;
0:00:08.623490847 [32m    1[00m 0x79c908000b70 [37mTRACE  [00m [00;34m          GST_TRACER :0::[00m latency_tracer_pipeline_interval, interval=(double)1001.189807, avg=(double)45.197181, min=(double)42.052548, max=(double)50.387277, latency=(double)16.686497, fps=(double)59.928696;
0:00:08.623501607 [32m    1[00m 0x79c908000b70 [37mTRACE  [00m [00;34m          GST_TRACER :0::[00m latency_tracer_pipeline, frame_latency=(double)45.081177, avg=(double)133.165124, min=(double)35.432142, max=(double)3071.486303, latency=(double)17.196564, fps=(double)58.151153, frame_num=(uint)425;
0:00:08.654904256 [32m    1[00m 0x79c908000b70 [37mTRACE  [00m [00;34m          GST_TRACER :0::[00m latency_tracer_pipeline, frame_latency=(double)43.546017, avg=(double)132.954751, min=(double)35.432142, max=(double)3071.486303, latency=(double)17.229940, fps=(double)58.038506, frame_num=(uint)426;
0:00:08.654921950 [32m    1[00m 0x79c908000b70 [37mTRACE  [00m [00;34m          GST_TRACER :0::[00m latency_tracer_pipeline, frame_latency=(double)43.546017, avg=(double)132.745363, min=(double)35.432142, max=(double)3071.486303, latency=(double)17.189589, fps=(double)58.174747, frame_num=(uint)427;
0:00:08.690497572 [32m    1[00m 0x79c908000b70 [37mTRACE  [00m [00;34m          GST_TRACER :0::[00m latency_tracer_pipeline, frame_latency=(double)45.749688, avg=(double)132.542102, min=(double)35.432142, max=(double)3071.486303, latency=(double)17.232582, fps=(double)58.029609, frame_num=(uint)428;
0:00:08.690512009 [32m    1[00m 0x79c908000b70 [37mTRACE  [00m [00;34m          GST_TRACER :0::[00m latency_tracer_pipeline, frame_latency=(double)45.749688, avg=(double)132.339788, min=(double)35.432142, max=(double)3071.486303, latency=(double)17.192413, fps=(double)58.165192, frame_num=(uint)429;
0:00:08.722887290 [32m    1[00m 0x79c908000b70 [37mTRACE  [00m [00;34m          GST_TRACER :0::[00m latency_tracer_pipeline, frame_latency=(double)44.992297, avg=(double)132.136655, min=(double)35.432142, max=(double)3071.486303, latency=(double)17.227762, fps=(double)58.045846, frame_num=(uint)430;
0:00:08.722903160 [32m    1[00m 0x79c908000b70 [37mTRACE  [00m [00;34m          GST_TRACER :0::[00m latency_tracer_pipeline, frame_latency=(double)44.992297, avg=(double)131.934464, min=(double)35.432142, max=(double)3071.486303, latency=(double)17.187790, fps=(double)58.180837, frame_num=(uint)431;
0:00:08.760708313 [32m    1[00m 0x79c908000b70 [37mTRACE  [00m [00;34m          GST_TRACER :0::[00m latency_tracer_pipeline, frame_latency=(double)48.842504, avg=(double)131.742121, min=(double)35.432142, max=(double)3071.486303, latency=(double)17.235572, fps=(double)58.019543, frame_num=(uint)432;
0:00:08.760728319 [32m    1[00m 0x79c908000b70 [37mTRACE  [00m [00;34m          GST_TRACER :0::[00m latency_tracer_pipeline, frame_latency=(double)48.842504, avg=(double)131.550667, min=(double)35.432142, max=(double)3071.486303, latency=(double)17.195767, fps=(double)58.153848, frame_num=(uint)433;
0:00:08.789462314 [32m    1[00m 0x79c908000b70 [37mTRACE  [00m [00;34m          GST_TRACER :0::[00m latency_tracer_pipeline, frame_latency=(double)44.740913, avg=(double)131.350645, min=(double)35.432142, max=(double)3071.486303, latency=(double)17.222398, fps=(double)58.063922, frame_num=(uint)434;
0:00:08.789481574 [32m    1[00m 0x79c908000b70 [37mTRACE  [00m [00;34m          GST_TRACER :0::[00m latency_tracer_pipeline, frame_latency=(double)44.740913, avg=(double)131.151542, min=(double)35.432142, max=(double)3071.486303, latency=(double)17.182807, fps=(double)58.197710, frame_num=(uint)435;
0:00:08.824336706 [32m    1[00m 0x79c908000b70 [37mTRACE  [00m [00;34m          GST_TRACER :0::[00m latency_tracer_pipeline, frame_latency=(double)46.006438, avg=(double)130.956255, min=(double)35.432142, max=(double)3071.486303, latency=(double)17.223383, fps=(double)58.060601, frame_num=(uint)436;
0:00:08.824355197 [32m    1[00m 0x79c908000b70 [37mTRACE  [00m [00;34m          GST_TRACER :0::[00m latency_tracer_pipeline, frame_latency=(double)46.006438, avg=(double)130.761862, min=(double)35.432142, max=(double)3071.486303, latency=(double)17.183971, fps=(double)58.193768, frame_num=(uint)437;
0:00:08.854810508 [32m    1[00m 0x79c908000b70 [37mTRACE  [00m [00;34m          GST_TRACER :0::[00m latency_tracer_pipeline, frame_latency=(double)43.481948, avg=(double)130.562592, min=(double)35.432142, max=(double)3071.486303, latency=(double)17.214317, fps=(double)58.091180, frame_num=(uint)438;
0:00:08.854826459 [32m    1[00m 0x79c908000b70 [37mTRACE  [00m [00;34m          GST_TRACER :0::[00m latency_tracer_pipeline, frame_latency=(double)43.481948, avg=(double)130.364231, min=(double)35.432142, max=(double)3071.486303, latency=(double)17.175105, fps=(double)58.223808, frame_num=(uint)439;
0:00:08.891535316 [32m    1[00m 0x79c908000b70 [37mTRACE  [00m [00;34m          GST_TRACER :0::[00m latency_tracer_pipeline, frame_latency=(double)46.789470, avg=(double)130.174288, min=(double)35.432142, max=(double)3071.486303, latency=(double)17.219531, fps=(double)58.073590, frame_num=(uint)440;
0:00:08.891555099 [32m    1[00m 0x79c908000b70 [37mTRACE  [00m [00;34m          GST_TRACER :0::[00m latency_tracer_pipeline, frame_latency=(double)46.789470, avg=(double)129.985207, min=(double)35.432142, max=(double)3071.486303, latency=(double)17.180485, fps=(double)58.205575, frame_num=(uint)441;
0:00:08.922240043 [32m    1[00m 0x79c908000b70 [37mTRACE  [00m [00;34m          GST_TRACER :0::[00m latency_tracer_pipeline, frame_latency=(double)44.016999, avg=(double)129.790709, min=(double)35.432142, max=(double)3071.486303, latency=(double)17.211066, fps=(double)58.102155, frame_num=(uint)442;
0:00:08.922261003 [32m    1[00m 0x79c908000b70 [37mTRACE  [00m [00;34m          GST_TRACER :0::[00m latency_tracer_pipeline, frame_latency=(double)44.016999, avg=(double)129.597089, min=(double)35.432142, max=(double)3071.486303, latency=(double)17.172214, fps=(double)58.233608, frame_num=(uint)443;
0:00:08.957501553 [32m    1[00m 0x79c908000b70 [37mTRACE  [00m [00;34m          GST_TRACER :0::[00m latency_tracer_pipeline, frame_latency=(double)46.093940, avg=(double)129.409019, min=(double)35.432142, max=(double)3071.486303, latency=(double)17.212953, fps=(double)58.095784, frame_num=(uint)444;
0:00:08.957517376 [32m    1[00m 0x79c908000b70 [37mTRACE  [00m [00;34m          GST_TRACER :0::[00m latency_tracer_pipeline, frame_latency=(double)46.093940, avg=(double)129.221794, min=(double)35.432142, max=(double)3071.486303, latency=(double)17.174272, fps=(double)58.226630, frame_num=(uint)445;
0:00:08.989610078 [32m    1[00m 0x79c908000b70 [37mTRACE  [00m [00;34m          GST_TRACER :0::[00m latency_tracer_pipeline, frame_latency=(double)44.907868, avg=(double)129.032749, min=(double)35.432142, max=(double)3071.486303, latency=(double)17.207756, fps=(double)58.113328, frame_num=(uint)446;
0:00:08.989629549 [32m    1[00m 0x79c908000b70 [37mTRACE  [00m [00;34m          GST_TRACER :0::[00m latency_tracer_pipeline, frame_latency=(double)44.907868, avg=(double)128.844550, min=(double)35.432142, max=(double)3071.486303, latency=(double)17.169260, fps=(double)58.243627, frame_num=(uint)447;
0:00:09.024147784 [32m    1[00m 0x79c908000b70 [37mTRACE  [00m [00;34m          GST_TRACER :0::[00m latency_tracer_pipeline, frame_latency=(double)46.230439, avg=(double)128.660144, min=(double)35.432142, max=(double)3071.486303, latency=(double)17.208056, fps=(double)58.112318, frame_num=(uint)448;
0:00:09.024161994 [32m    1[00m 0x79c908000b70 [37mTRACE  [00m [00;34m          GST_TRACER :0::[00m latency_tracer_pipeline, frame_latency=(double)46.230439, avg=(double)128.476559, min=(double)35.432142, max=(double)3071.486303, latency=(double)17.169730, fps=(double)58.242033, frame_num=(uint)449;
0:00:09.055442333 [32m    1[00m 0x79c908000b70 [37mTRACE  [00m [00;34m          GST_TRACER :0::[00m latency_tracer_pipeline, frame_latency=(double)44.039471, avg=(double)128.288921, min=(double)35.432142, max=(double)3071.486303, latency=(double)17.201121, fps=(double)58.135747, frame_num=(uint)450;
0:00:09.055457918 [32m    1[00m 0x79c908000b70 [37mTRACE  [00m [00;34m          GST_TRACER :0::[00m latency_tracer_pipeline, frame_latency=(double)44.039471, avg=(double)128.102115, min=(double)35.432142, max=(double)3071.486303, latency=(double)17.162981, fps=(double)58.264938, frame_num=(uint)451;
0:00:09.094851921 [32m    1[00m 0x79c908000b70 [37mTRACE  [00m [00;34m          GST_TRACER :0::[00m latency_tracer_pipeline, frame_latency=(double)50.207940, avg=(double)127.929783, min=(double)35.432142, max=(double)3071.486303, latency=(double)17.212188, fps=(double)58.098365, frame_num=(uint)452;
0:00:09.094872401 [32m    1[00m 0x79c908000b70 [37mTRACE  [00m [00;34m          GST_TRACER :0::[00m latency_tracer_pipeline, frame_latency=(double)50.207940, avg=(double)127.758211, min=(double)35.432142, max=(double)3071.486303, latency=(double)17.174192, fps=(double)58.226901, frame_num=(uint)453;
0:00:09.123311181 [32m    1[00m 0x79c908000b70 [37mTRACE  [00m [00;34m          GST_TRACER :0::[00m latency_tracer_pipeline, frame_latency=(double)45.084647, avg=(double)127.576111, min=(double)35.432142, max=(double)3071.486303, latency=(double)17.199045, fps=(double)58.142765, frame_num=(uint)454;
0:00:09.123327102 [32m    1[00m 0x79c908000b70 [37mTRACE  [00m [00;34m          GST_TRACER :0::[00m latency_tracer_pipeline, frame_latency=(double)45.084647, avg=(double)127.394811, min=(double)35.432142, max=(double)3071.486303, latency=(double)17.161244, fps=(double)58.270832, frame_num=(uint)455;
0:00:09.159671382 [32m    1[00m 0x79c908000b70 [37mTRACE  [00m [00;34m          GST_TRACER :0::[00m latency_tracer_pipeline, frame_latency=(double)47.984700, avg=(double)127.220666, min=(double)35.432142, max=(double)3071.486303, latency=(double)17.203362, fps=(double)58.128172, frame_num=(uint)456;
0:00:09.159685066 [32m    1[00m 0x79c908000b70 [37mTRACE  [00m [00;34m          GST_TRACER :0::[00m latency_tracer_pipeline, frame_latency=(double)47.984700, avg=(double)127.047283, min=(double)35.432142, max=(double)3071.486303, latency=(double)17.165718, fps=(double)58.255646, frame_num=(uint)457;
0:00:09.188891338 [32m    1[00m 0x79c908000b70 [37mTRACE  [00m [00;34m          GST_TRACER :0::[00m latency_tracer_pipeline, frame_latency=(double)44.142219, avg=(double)126.866268, min=(double)35.432142, max=(double)3071.486303, latency=(double)17.192028, fps=(double)58.166495, frame_num=(uint)458;
0:00:09.188908179 [32m    1[00m 0x79c908000b70 [37mTRACE  [00m [00;34m          GST_TRACER :0::[00m latency_tracer_pipeline, frame_latency=(double)44.142219, avg=(double)126.686041, min=(double)35.432142, max=(double)3071.486303, latency=(double)17.154573, fps=(double)58.293496, frame_num=(uint)459;
0:00:09.224380794 [32m    1[00m 0x79c908000b70 [37mTRACE  [00m [00;34m          GST_TRACER :0::[00m latency_tracer_pipeline, frame_latency=(double)46.110525, avg=(double)126.510877, min=(double)35.432142, max=(double)3071.486303, latency=(double)17.194433, fps=(double)58.158357, frame_num=(uint)460;
0:00:09.224399028 [32m    1[00m 0x79c908000b70 [37mTRACE  [00m [00;34m          GST_TRACER :0::[00m latency_tracer_pipeline, frame_latency=(double)46.110525, avg=(double)126.336473, min=(double)35.432142, max=(double)3071.486303, latency=(double)17.157135, fps=(double)58.284788, frame_num=(uint)461;
0:00:09.256035526 [32m    1[00m 0x79c908000b70 [37mTRACE  [00m [00;34m          GST_TRACER :0::[00m latency_tracer_pipeline, frame_latency=(double)44.633899, avg=(double)126.159627, min=(double)35.432142, max=(double)3071.486303, latency=(double)17.188499, fps=(double)58.178435, frame_num=(uint)462;
0:00:09.256053155 [32m    1[00m 0x79c908000b70 [37mTRACE  [00m [00;34m          GST_TRACER :0::[00m latency_tracer_pipeline, frame_latency=(double)44.633899, avg=(double)125.983546, min=(double)35.432142, max=(double)3071.486303, latency=(double)17.151375, fps=(double)58.304363, frame_num=(uint)463;
0:00:09.292356049 [32m    1[00m 0x79c908000b70 [37mTRACE  [00m [00;34m          GST_TRACER :0::[00m latency_tracer_pipeline, frame_latency=(double)47.337635, avg=(double)125.814050, min=(double)35.432142, max=(double)3071.486303, latency=(double)17.192705, fps=(double)58.164205, frame_num=(uint)464;
0:00:09.292376156 [32m    1[00m 0x79c908000b70 [37mTRACE  [00m [00;34m          GST_TRACER :0::[00m latency_tracer_pipeline, frame_latency=(double)47.337635, avg=(double)125.645284, min=(double)35.432142, max=(double)3071.486303, latency=(double)17.155731, fps=(double)58.289559, frame_num=(uint)465;
0:00:09.322856809 [32m    1[00m 0x79c908000b70 [37mTRACE  [00m [00;34m          GST_TRACER :0::[00m latency_tracer_pipeline, frame_latency=(double)44.165545, avg=(double)125.470434, min=(double)35.432142, max=(double)3071.486303, latency=(double)17.184371, fps=(double)58.192411, frame_num=(uint)466;
0:00:09.322874415 [32m    1[00m 0x79c908000b70 [37mTRACE  [00m [00;34m          GST_TRACER :0::[00m latency_tracer_pipeline, frame_latency=(double)44.165545, avg=(double)125.296334, min=(double)35.432142, max=(double)3071.486303, latency=(double)17.147574, fps=(double)58.317288, frame_num=(uint)467;
0:00:09.357873677 [32m    1[00m 0x79c908000b70 [37mTRACE  [00m [00;34m          GST_TRACER :0::[00m latency_tracer_pipeline, frame_latency=(double)46.144341, avg=(double)125.127206, min=(double)35.432142, max=(double)3071.486303, latency=(double)17.185747, fps=(double)58.187751, frame_num=(uint)468;
0:00:09.357893723 [32m    1[00m 0x79c908000b70 [37mTRACE  [00m [00;34m          GST_TRACER :0::[00m latency_tracer_pipeline, frame_latency=(double)46.144341, avg=(double)124.958799, min=(double)35.432142, max=(double)3071.486303, latency=(double)17.149104, fps=(double)58.312084, frame_num=(uint)469;
0:00:09.389206405 [32m    1[00m 0x79c908000b70 [37mTRACE  [00m [00;34m          GST_TRACER :0::[00m latency_tracer_pipeline, frame_latency=(double)44.330630, avg=(double)124.787250, min=(double)35.432142, max=(double)3071.486303, latency=(double)17.179291, fps=(double)58.209619, frame_num=(uint)470;
0:00:09.389222415 [32m    1[00m 0x79c908000b70 [37mTRACE  [00m [00;34m          GST_TRACER :0::[00m latency_tracer_pipeline, frame_latency=(double)44.330630, avg=(double)124.616429, min=(double)35.432142, max=(double)3071.486303, latency=(double)17.142817, fps=(double)58.333470, frame_num=(uint)471;
0:00:09.424675343 [32m    1[00m 0x79c908000b70 [37mTRACE  [00m [00;34m          GST_TRACER :0::[00m latency_tracer_pipeline, frame_latency=(double)46.222044, avg=(double)124.450339, min=(double)35.432142, max=(double)3071.486303, latency=(double)17.181639, fps=(double)58.201666, frame_num=(uint)472;
0:00:09.424693187 [32m    1[00m 0x79c908000b70 [37mTRACE  [00m [00;34m          GST_TRACER :0::[00m latency_tracer_pipeline, frame_latency=(double)46.222044, avg=(double)124.284951, min=(double)35.432142, max=(double)3071.486303, latency=(double)17.145314, fps=(double)58.324974, frame_num=(uint)473;
0:00:09.455130201 [32m    1[00m 0x79c908000b70 [37mTRACE  [00m [00;34m          GST_TRACER :0::[00m latency_tracer_pipeline, frame_latency=(double)43.740837, avg=(double)124.115027, min=(double)35.432142, max=(double)3071.486303, latency=(double)17.173387, fps=(double)58.229632, frame_num=(uint)474;
0:00:09.455145586 [32m    1[00m 0x79c908000b70 [37mTRACE  [00m [00;34m          GST_TRACER :0::[00m latency_tracer_pipeline, frame_latency=(double)43.740837, avg=(double)123.945818, min=(double)35.432142, max=(double)3071.486303, latency=(double)17.137233, fps=(double)58.352479, frame_num=(uint)475;
0:00:09.490764527 [32m    1[00m 0x79c908000b70 [37mTRACE  [00m [00;34m          GST_TRACER :0::[00m latency_tracer_pipeline, frame_latency=(double)46.014414, avg=(double)123.782097, min=(double)35.432142, max=(double)3071.486303, latency=(double)17.176106, fps=(double)58.220413, frame_num=(uint)476;
0:00:09.490779244 [32m    1[00m 0x79c908000b70 [37mTRACE  [00m [00;34m          GST_TRACER :0::[00m latency_tracer_pipeline, frame_latency=(double)46.014414, avg=(double)123.619062, min=(double)35.432142, max=(double)3071.486303, latency=(double)17.140098, fps=(double)58.342725, frame_num=(uint)477;
0:00:09.523757336 [32m    1[00m 0x79c908000b70 [37mTRACE  [00m [00;34m          GST_TRACER :0::[00m latency_tracer_pipeline, frame_latency=(double)45.752080, avg=(double)123.456160, min=(double)35.432142, max=(double)3071.486303, latency=(double)17.173245, fps=(double)58.230115, frame_num=(uint)478;
0:00:09.523772618 [32m    1[00m 0x79c908000b70 [37mTRACE  [00m [00;34m          GST_TRACER :0::[00m latency_tracer_pipeline, frame_latency=(double)45.752080, avg=(double)123.293939, min=(double)35.432142, max=(double)3071.486303, latency=(double)17.137392, fps=(double)58.351935, frame_num=(uint)479;
0:00:09.559841753 [32m    1[00m 0x79c908000b70 [37mTRACE  [00m [00;34m          GST_TRACER :0::[00m latency_tracer_pipeline, frame_latency=(double)48.283801, avg=(double)123.137668, min=(double)35.432142, max=(double)3071.486303, latency=(double)17.176881, fps=(double)58.217786, frame_num=(uint)480;
0:00:09.559857985 [32m    1[00m 0x79c908000b70 [37mTRACE  [00m [00;34m          GST_TRACER :0::[00m latency_tracer_pipeline, frame_latency=(double)48.283801, avg=(double)122.982046, min=(double)35.432142, max=(double)3071.486303, latency=(double)17.141170, fps=(double)58.339073, frame_num=(uint)481;
0:00:09.589110833 [32m    1[00m 0x79c908000b70 [37mTRACE  [00m [00;34m          GST_TRACER :0::[00m latency_tracer_pipeline, frame_latency=(double)44.425967, avg=(double)122.819067, min=(double)35.432142, max=(double)3071.486303, latency=(double)17.166316, fps=(double)58.253618, frame_num=(uint)482;
0:00:09.589128494 [32m    1[00m 0x79c908000b70 [37mTRACE  [00m [00;34m          GST_TRACER :0::[00m latency_tracer_pipeline, frame_latency=(double)44.425967, avg=(double)122.656762, min=(double)35.432142, max=(double)3071.486303, latency=(double)17.130775, fps=(double)58.374476, frame_num=(uint)483;
FpsCounter(last 1.00sec): total=29.88 fps, number-streams=1, per-stream=29.88 fps
latency: -1473.48ms
0:00:09.627435540 [32m    1[00m 0x79c908000b70 [37mTRACE  [00m [00;34m          GST_TRACER :0::[00m latency_tracer_pipeline, frame_latency=(double)49.371702, avg=(double)122.505347, min=(double)35.432142, max=(double)3071.486303, latency=(double)17.174584, fps=(double)58.225573, frame_num=(uint)484;
0:00:09.627445336 [32m    1[00m 0x79c908000b70 [37mTRACE  [00m [00;34m          GST_TRACER :0::[00m latency_tracer_pipeline_interval, interval=(double)1003.959189, avg=(double)45.708189, min=(double)43.481948, max=(double)50.207940, latency=(double)16.732653, fps=(double)59.763385;
0:00:09.627463734 [32m    1[00m 0x79c908000b70 [37mTRACE  [00m [00;34m          GST_TRACER :0::[00m latency_tracer_pipeline, frame_latency=(double)49.371702, avg=(double)122.354556, min=(double)35.432142, max=(double)3071.486303, latency=(double)17.139173, fps=(double)58.345874, frame_num=(uint)485;
0:00:09.655397964 [32m    1[00m 0x79c908000b70 [37mTRACE  [00m [00;34m          GST_TRACER :0::[00m latency_tracer_pipeline, frame_latency=(double)43.799222, avg=(double)122.192919, min=(double)35.432142, max=(double)3071.486303, latency=(double)17.161438, fps=(double)58.270174, frame_num=(uint)486;
0:00:09.655412634 [32m    1[00m 0x79c908000b70 [37mTRACE  [00m [00;34m          GST_TRACER :0::[00m latency_tracer_pipeline, frame_latency=(double)43.799222, avg=(double)122.031947, min=(double)35.432142, max=(double)3071.486303, latency=(double)17.126199, fps=(double)58.390072, frame_num=(uint)487;
0:00:09.693074883 [32m    1[00m 0x79c908000b70 [37mTRACE  [00m [00;34m          GST_TRACER :0::[00m latency_tracer_pipeline, frame_latency=(double)48.142092, avg=(double)121.880533, min=(double)35.432142, max=(double)3071.486303, latency=(double)17.168306, fps=(double)58.246864, frame_num=(uint)488;
0:00:09.693093032 [32m    1[00m 0x79c908000b70 [37mTRACE  [00m [00;34m          GST_TRACER :0::[00m latency_tracer_pipeline, frame_latency=(double)48.142092, avg=(double)121.729739, min=(double)35.432142, max=(double)3071.486303, latency=(double)17.133197, fps=(double)58.366222, frame_num=(uint)489;
0:00:09.721793619 [32m    1[00m 0x79c908000b70 [37mTRACE  [00m [00;34m          GST_TRACER :0::[00m latency_tracer_pipeline, frame_latency=(double)43.396656, avg=(double)121.569875, min=(double)35.432142, max=(double)3071.486303, latency=(double)17.156832, fps=(double)58.285820, frame_num=(uint)490;
0:00:09.721808812 [32m    1[00m 0x79c908000b70 [37mTRACE  [00m [00;34m          GST_TRACER :0::[00m latency_tracer_pipeline, frame_latency=(double)43.396656, avg=(double)121.410663, min=(double)35.432142, max=(double)3071.486303, latency=(double)17.121889, fps=(double)58.404770, frame_num=(uint)491;
0:00:09.757993324 [32m    1[00m 0x79c908000b70 [37mTRACE  [00m [00;34m          GST_TRACER :0::[00m latency_tracer_pipeline, frame_latency=(double)46.631270, avg=(double)121.258672, min=(double)35.432142, max=(double)3071.486303, latency=(double)17.160675, fps=(double)58.272766, frame_num=(uint)492;
0:00:09.758012848 [32m    1[00m 0x79c908000b70 [37mTRACE  [00m [00;34m          GST_TRACER :0::[00m latency_tracer_pipeline, frame_latency=(double)46.631270, avg=(double)121.107298, min=(double)35.432142, max=(double)3071.486303, latency=(double)17.125866, fps=(double)58.391206, frame_num=(uint)493;
0:00:09.789461724 [32m    1[00m 0x79c908000b70 [37mTRACE  [00m [00;34m          GST_TRACER :0::[00m latency_tracer_pipeline, frame_latency=(double)44.663232, avg=(double)120.952553, min=(double)35.432142, max=(double)3071.486303, latency=(double)17.154886, fps=(double)58.292430, frame_num=(uint)494;
0:00:09.789492874 [32m    1[00m 0x79c908000b70 [37mTRACE  [00m [00;34m          GST_TRACER :0::[00m latency_tracer_pipeline, frame_latency=(double)44.663232, avg=(double)120.798433, min=(double)35.432142, max=(double)3071.486303, latency=(double)17.120230, fps=(double)58.410431, frame_num=(uint)495;
0:00:09.824115090 [32m    1[00m 0x79c908000b70 [37mTRACE  [00m [00;34m          GST_TRACER :0::[00m latency_tracer_pipeline, frame_latency=(double)45.784617, avg=(double)120.647196, min=(double)35.432142, max=(double)3071.486303, latency=(double)17.155593, fps=(double)58.290027, frame_num=(uint)496;
0:00:09.824132148 [32m    1[00m 0x79c908000b70 [37mTRACE  [00m [00;34m          GST_TRACER :0::[00m latency_tracer_pipeline, frame_latency=(double)45.784617, avg=(double)120.496567, min=(double)35.432142, max=(double)3071.486303, latency=(double)17.121075, fps=(double)58.407547, frame_num=(uint)497;
0:00:09.855561441 [32m    1[00m 0x79c908000b70 [37mTRACE  [00m [00;34m          GST_TRACER :0::[00m latency_tracer_pipeline, frame_latency=(double)44.097047, avg=(double)120.343154, min=(double)35.432142, max=(double)3071.486303, latency=(double)17.149827, fps=(double)58.309627, frame_num=(uint)498;
0:00:09.855583927 [32m    1[00m 0x79c908000b70 [37mTRACE  [00m [00;34m          GST_TRACER :0::[00m latency_tracer_pipeline, frame_latency=(double)44.097047, avg=(double)120.190357, min=(double)35.432142, max=(double)3071.486303, latency=(double)17.115458, fps=(double)58.426714, frame_num=(uint)499;
0:00:09.891574870 [32m    1[00m 0x79c908000b70 [37mTRACE  [00m [00;34m          GST_TRACER :0::[00m latency_tracer_pipeline, frame_latency=(double)46.623970, avg=(double)120.043224, min=(double)35.432142, max=(double)3071.486303, latency=(double)17.153266, fps=(double)58.297935, frame_num=(uint)500;
0:00:09.891594481 [32m    1[00m 0x79c908000b70 [37mTRACE  [00m [00;34m          GST_TRACER :0::[00m latency_tracer_pipeline, frame_latency=(double)46.623970, avg=(double)119.896678, min=(double)35.432142, max=(double)3071.486303, latency=(double)17.119028, fps=(double)58.414531, frame_num=(uint)501;
0:00:09.922862756 [32m    1[00m 0x79c908000b70 [37mTRACE  [00m [00;34m          GST_TRACER :0::[00m latency_tracer_pipeline, frame_latency=(double)44.310213, avg=(double)119.746108, min=(double)35.432142, max=(double)3071.486303, latency=(double)17.147240, fps=(double)58.318424, frame_num=(uint)502;
0:00:09.922879128 [32m    1[00m 0x79c908000b70 [37mTRACE  [00m [00;34m          GST_TRACER :0::[00m latency_tracer_pipeline, frame_latency=(double)44.310213, avg=(double)119.596136, min=(double)35.432142, max=(double)3071.486303, latency=(double)17.113150, fps=(double)58.434597, frame_num=(uint)503;
0:00:09.960235714 [32m    1[00m 0x79c908000b70 [37mTRACE  [00m [00;34m          GST_TRACER :0::[00m latency_tracer_pipeline, frame_latency=(double)48.112903, avg=(double)119.454304, min=(double)35.432142, max=(double)3071.486303, latency=(double)17.153370, fps=(double)58.297583, frame_num=(uint)504;
0:00:09.960249193 [32m    1[00m 0x79c908000b70 [37mTRACE  [00m [00;34m          GST_TRACER :0::[00m latency_tracer_pipeline, frame_latency=(double)48.112903, avg=(double)119.313034, min=(double)35.432142, max=(double)3071.486303, latency=(double)17.119403, fps=(double)58.413253, frame_num=(uint)505;
0:00:09.988409732 [32m    1[00m 0x79c908000b70 [37mTRACE  [00m [00;34m          GST_TRACER :0::[00m latency_tracer_pipeline, frame_latency=(double)43.656954, avg=(double)119.163516, min=(double)35.432142, max=(double)3071.486303, latency=(double)17.141250, fps=(double)58.338802, frame_num=(uint)506;
0:00:09.988421721 [32m    1[00m 0x79c908000b70 [37mTRACE  [00m [00;34m          GST_TRACER :0::[00m latency_tracer_pipeline, frame_latency=(double)43.656954, avg=(double)119.014588, min=(double)35.432142, max=(double)3071.486303, latency=(double)17.107441, fps=(double)58.454096, frame_num=(uint)507;
0:00:10.024600070 [32m    1[00m 0x79c908000b70 [37mTRACE  [00m [00;34m          GST_TRACER :0::[00m latency_tracer_pipeline, frame_latency=(double)46.470105, avg=(double)118.871784, min=(double)35.432142, max=(double)3071.486303, latency=(double)17.145001, fps=(double)58.326039, frame_num=(uint)508;
0:00:10.024616391 [32m    1[00m 0x79c908000b70 [37mTRACE  [00m [00;34m          GST_TRACER :0::[00m latency_tracer_pipeline, frame_latency=(double)46.470105, avg=(double)118.729541, min=(double)35.432142, max=(double)3071.486303, latency=(double)17.111317, fps=(double)58.440854, frame_num=(uint)509;
0:00:10.053347130 [32m    1[00m 0x79c908000b70 [37mTRACE  [00m [00;34m          GST_TRACER :0::[00m latency_tracer_pipeline, frame_latency=(double)41.818581, avg=(double)118.578735, min=(double)35.432142, max=(double)3071.486303, latency=(double)17.134142, fps=(double)58.363005, frame_num=(uint)510;
0:00:10.053357095 [32m    1[00m 0x79c908000b70 [37mTRACE  [00m [00;34m          GST_TRACER :0::[00m latency_tracer_pipeline, frame_latency=(double)41.818581, avg=(double)118.428519, min=(double)35.432142, max=(double)3071.486303, latency=(double)17.100611, fps=(double)58.477442, frame_num=(uint)511;
0:00:10.091995228 [32m    1[00m 0x79c908000b70 [37mTRACE  [00m [00;34m          GST_TRACER :0::[00m latency_tracer_pipeline, frame_latency=(double)47.308175, avg=(double)118.289612, min=(double)35.432142, max=(double)3071.486303, latency=(double)17.142687, fps=(double)58.333913, frame_num=(uint)512;
0:00:10.092010349 [32m    1[00m 0x79c908000b70 [37mTRACE  [00m [00;34m          GST_TRACER :0::[00m latency_tracer_pipeline, frame_latency=(double)47.308175, avg=(double)118.151247, min=(double)35.432142, max=(double)3071.486303, latency=(double)17.109270, fps=(double)58.447846, frame_num=(uint)513;
0:00:10.120818774 [32m    1[00m 0x79c908000b70 [37mTRACE  [00m [00;34m          GST_TRACER :0::[00m latency_tracer_pipeline, frame_latency=(double)42.613231, avg=(double)118.004286, min=(double)35.432142, max=(double)3071.486303, latency=(double)17.132046, fps=(double)58.370145, frame_num=(uint)514;
0:00:10.120832696 [32m    1[00m 0x79c908000b70 [37mTRACE  [00m [00;34m          GST_TRACER :0::[00m latency_tracer_pipeline, frame_latency=(double)42.613231, avg=(double)117.857895, min=(double)35.432142, max=(double)3071.486303, latency=(double)17.098780, fps=(double)58.483706, frame_num=(uint)515;
0:00:10.155837812 [32m    1[00m 0x79c908000b70 [37mTRACE  [00m [00;34m          GST_TRACER :0::[00m latency_tracer_pipeline, frame_latency=(double)44.111783, avg=(double)117.714977, min=(double)35.432142, max=(double)3071.486303, latency=(double)17.133523, fps=(double)58.365112, frame_num=(uint)516;
0:00:10.155855232 [32m    1[00m 0x79c908000b70 [37mTRACE  [00m [00;34m          GST_TRACER :0::[00m latency_tracer_pipeline, frame_latency=(double)44.111783, avg=(double)117.572611, min=(double)35.432142, max=(double)3071.486303, latency=(double)17.100383, fps=(double)58.478222, frame_num=(uint)517;
0:00:10.186914327 [32m    1[00m 0x79c908000b70 [37mTRACE  [00m [00;34m          GST_TRACER :0::[00m latency_tracer_pipeline, frame_latency=(double)42.050391, avg=(double)117.426815, min=(double)35.432142, max=(double)3071.486303, latency=(double)17.127362, fps=(double)58.386109, frame_num=(uint)518;
0:00:10.186927533 [32m    1[00m 0x79c908000b70 [37mTRACE  [00m [00;34m          GST_TRACER :0::[00m latency_tracer_pipeline, frame_latency=(double)42.050391, avg=(double)117.281581, min=(double)35.432142, max=(double)3071.486303, latency=(double)17.094361, fps=(double)58.498823, frame_num=(uint)519;
0:00:10.222986656 [32m    1[00m 0x79c908000b70 [37mTRACE  [00m [00;34m          GST_TRACER :0::[00m latency_tracer_pipeline, frame_latency=(double)44.888449, avg=(double)117.142363, min=(double)35.432142, max=(double)3071.486303, latency=(double)17.130844, fps=(double)58.374239, frame_num=(uint)520;
0:00:10.223005036 [32m    1[00m 0x79c908000b70 [37mTRACE  [00m [00;34m          GST_TRACER :0::[00m latency_tracer_pipeline, frame_latency=(double)44.888449, avg=(double)117.003680, min=(double)35.432142, max=(double)3071.486303, latency=(double)17.097964, fps=(double)58.486497, frame_num=(uint)521;
0:00:10.253327670 [32m    1[00m 0x79c908000b70 [37mTRACE  [00m [00;34m          GST_TRACER :0::[00m latency_tracer_pipeline, frame_latency=(double)41.646157, avg=(double)116.859317, min=(double)35.432142, max=(double)3071.486303, latency=(double)17.123325, fps=(double)58.399874, frame_num=(uint)522;
0:00:10.253349123 [32m    1[00m 0x79c908000b70 [37mTRACE  [00m [00;34m          GST_TRACER :0::[00m latency_tracer_pipeline, frame_latency=(double)41.646157, avg=(double)116.715506, min=(double)35.432142, max=(double)3071.486303, latency=(double)17.090584, fps=(double)58.511751, frame_num=(uint)523;
0:00:10.289847252 [32m    1[00m 0x79c908000b70 [37mTRACE  [00m [00;34m          GST_TRACER :0::[00m latency_tracer_pipeline, frame_latency=(double)44.996058, avg=(double)116.578637, min=(double)35.432142, max=(double)3071.486303, latency=(double)17.127672, fps=(double)58.385050, frame_num=(uint)524;
0:00:10.289863975 [32m    1[00m 0x79c908000b70 [37mTRACE  [00m [00;34m          GST_TRACER :0::[00m latency_tracer_pipeline, frame_latency=(double)44.996058, avg=(double)116.442289, min=(double)35.432142, max=(double)3071.486303, latency=(double)17.095048, fps=(double)58.496472, frame_num=(uint)525;
0:00:10.320798261 [32m    1[00m 0x79c908000b70 [37mTRACE  [00m [00;34m          GST_TRACER :0::[00m latency_tracer_pipeline, frame_latency=(double)42.567756, avg=(double)116.301843, min=(double)35.432142, max=(double)3071.486303, latency=(double)17.121390, fps=(double)58.406473, frame_num=(uint)526;
0:00:10.320818320 [32m    1[00m 0x79c908000b70 [37mTRACE  [00m [00;34m          GST_TRACER :0::[00m latency_tracer_pipeline, frame_latency=(double)42.567756, avg=(double)116.161930, min=(double)35.432142, max=(double)3071.486303, latency=(double)17.088901, fps=(double)58.517512, frame_num=(uint)527;
0:00:10.356608521 [32m    1[00m 0x79c908000b70 [37mTRACE  [00m [00;34m          GST_TRACER :0::[00m latency_tracer_pipeline, frame_latency=(double)45.033828, avg=(double)116.027218, min=(double)35.432142, max=(double)3071.486303, latency=(double)17.124380, fps=(double)58.396275, frame_num=(uint)528;
0:00:10.356620967 [32m    1[00m 0x79c908000b70 [37mTRACE  [00m [00;34m          GST_TRACER :0::[00m latency_tracer_pipeline, frame_latency=(double)45.033828, avg=(double)115.893015, min=(double)35.432142, max=(double)3071.486303, latency=(double)17.092009, fps=(double)58.506874, frame_num=(uint)529;
0:00:10.386821642 [32m    1[00m 0x79c908000b70 [37mTRACE  [00m [00;34m          GST_TRACER :0::[00m latency_tracer_pipeline, frame_latency=(double)42.138496, avg=(double)115.753856, min=(double)35.432142, max=(double)3071.486303, latency=(double)17.116747, fps=(double)58.422316, frame_num=(uint)530;
0:00:10.386835835 [32m    1[00m 0x79c908000b70 [37mTRACE  [00m [00;34m          GST_TRACER :0::[00m latency_tracer_pipeline, frame_latency=(double)42.138496, avg=(double)115.615220, min=(double)35.432142, max=(double)3071.486303, latency=(double)17.084512, fps=(double)58.532547, frame_num=(uint)531;
0:00:10.425774248 [32m    1[00m 0x79c908000b70 [37mTRACE  [00m [00;34m          GST_TRACER :0::[00m latency_tracer_pipeline, frame_latency=(double)47.591383, avg=(double)115.487356, min=(double)35.432142, max=(double)3071.486303, latency=(double)17.125613, fps=(double)58.392070, frame_num=(uint)532;
0:00:10.425790141 [32m    1[00m 0x79c908000b70 [37mTRACE  [00m [00;34m          GST_TRACER :0::[00m latency_tracer_pipeline, frame_latency=(double)47.591383, avg=(double)115.359971, min=(double)35.432142, max=(double)3071.486303, latency=(double)17.093482, fps=(double)58.501830, frame_num=(uint)533;
0:00:10.453591585 [32m    1[00m 0x79c908000b70 [37mTRACE  [00m [00;34m          GST_TRACER :0::[00m latency_tracer_pipeline, frame_latency=(double)42.126813, avg=(double)115.222831, min=(double)35.432142, max=(double)3071.486303, latency=(double)17.113568, fps=(double)58.433169, frame_num=(uint)534;
0:00:10.453613927 [32m    1[00m 0x79c908000b70 [37mTRACE  [00m [00;34m          GST_TRACER :0::[00m latency_tracer_pipeline, frame_latency=(double)42.126813, avg=(double)115.086203, min=(double)35.432142, max=(double)3071.486303, latency=(double)17.081580, fps=(double)58.542595, frame_num=(uint)535;
0:00:10.489436612 [32m    1[00m 0x79c908000b70 [37mTRACE  [00m [00;34m          GST_TRACER :0::[00m latency_tracer_pipeline, frame_latency=(double)44.289088, avg=(double)114.954118, min=(double)35.432142, max=(double)3071.486303, latency=(double)17.116584, fps=(double)58.422872, frame_num=(uint)536;
0:00:10.489451167 [32m    1[00m 0x79c908000b70 [37mTRACE  [00m [00;34m          GST_TRACER :0::[00m latency_tracer_pipeline, frame_latency=(double)44.289088, avg=(double)114.822526, min=(double)35.432142, max=(double)3071.486303, latency=(double)17.084710, fps=(double)58.531870, frame_num=(uint)537;
0:00:10.520426124 [32m    1[00m 0x79c908000b70 [37mTRACE  [00m [00;34m          GST_TRACER :0::[00m latency_tracer_pipeline, frame_latency=(double)42.167713, avg=(double)114.687480, min=(double)35.432142, max=(double)3071.486303, latency=(double)17.110559, fps=(double)58.443444, frame_num=(uint)538;
0:00:10.520439122 [32m    1[00m 0x79c908000b70 [37mTRACE  [00m [00;34m          GST_TRACER :0::[00m latency_tracer_pipeline, frame_latency=(double)42.167713, avg=(double)114.552935, min=(double)35.432142, max=(double)3071.486303, latency=(double)17.078814, fps=(double)58.552075, frame_num=(uint)539;
0:00:10.556237451 [32m    1[00m 0x79c908000b70 [37mTRACE  [00m [00;34m          GST_TRACER :0::[00m latency_tracer_pipeline, frame_latency=(double)44.478486, avg=(double)114.423168, min=(double)35.432142, max=(double)3071.486303, latency=(double)17.113515, fps=(double)58.433348, frame_num=(uint)540;
0:00:10.556252925 [32m    1[00m 0x79c908000b70 [37mTRACE  [00m [00;34m          GST_TRACER :0::[00m latency_tracer_pipeline, frame_latency=(double)44.478486, avg=(double)114.293880, min=(double)35.432142, max=(double)3071.486303, latency=(double)17.081882, fps=(double)58.541558, frame_num=(uint)541;
0:00:10.586796704 [32m    1[00m 0x79c908000b70 [37mTRACE  [00m [00;34m          GST_TRACER :0::[00m latency_tracer_pipeline, frame_latency=(double)41.781446, avg=(double)114.160093, min=(double)35.432142, max=(double)3071.486303, latency=(double)17.106730, fps=(double)58.456525, frame_num=(uint)542;
0:00:10.586819188 [32m    1[00m 0x79c908000b70 [37mTRACE  [00m [00;34m          GST_TRACER :0::[00m latency_tracer_pipeline, frame_latency=(double)41.781446, avg=(double)114.026799, min=(double)35.432142, max=(double)3071.486303, latency=(double)17.075226, fps=(double)58.564378, frame_num=(uint)543;
0:00:10.622994760 [32m    1[00m 0x79c908000b70 [37mTRACE  [00m [00;34m          GST_TRACER :0::[00m latency_tracer_pipeline, frame_latency=(double)44.992454, avg=(double)113.899898, min=(double)35.432142, max=(double)3071.486303, latency=(double)17.110396, fps=(double)58.444002, frame_num=(uint)544;
0:00:10.623010094 [32m    1[00m 0x79c908000b70 [37mTRACE  [00m [00;34m          GST_TRACER :0::[00m latency_tracer_pipeline, frame_latency=(double)44.992454, avg=(double)113.773462, min=(double)35.432142, max=(double)3071.486303, latency=(double)17.079001, fps=(double)58.551436, frame_num=(uint)545;
FpsCounter(last 1.03sec): total=30.21 fps, number-streams=1, per-stream=30.21 fps
latency: -1678.15ms
0:00:10.653660463 [32m    1[00m 0x79c908000b70 [37mTRACE  [00m [00;34m          GST_TRACER :0::[00m latency_tracer_pipeline, frame_latency=(double)41.660155, avg=(double)113.641386, min=(double)35.432142, max=(double)3071.486303, latency=(double)17.103893, fps=(double)58.466222, frame_num=(uint)546;
0:00:10.653668321 [32m    1[00m 0x79c908000b70 [37mTRACE  [00m [00;34m          GST_TRACER :0::[00m latency_tracer_pipeline_interval, interval=(double)1026.226771, avg=(double)44.445306, min=(double)41.646157, max=(double)49.371702, latency=(double)16.552045, fps=(double)60.415497;
0:00:10.653680661 [32m    1[00m 0x79c908000b70 [37mTRACE  [00m [00;34m          GST_TRACER :0::[00m latency_tracer_pipeline, frame_latency=(double)41.660155, avg=(double)113.509794, min=(double)35.432142, max=(double)3071.486303, latency=(double)17.072624, fps=(double)58.573303, frame_num=(uint)547;
0:00:10.689021506 [32m    1[00m 0x79c908000b70 [37mTRACE  [00m [00;34m          GST_TRACER :0::[00m latency_tracer_pipeline, frame_latency=(double)43.939133, avg=(double)113.382840, min=(double)35.432142, max=(double)3071.486303, latency=(double)17.105987, fps=(double)58.459065, frame_num=(uint)548;
0:00:10.689035014 [32m    1[00m 0x79c908000b70 [37mTRACE  [00m [00;34m          GST_TRACER :0::[00m latency_tracer_pipeline, frame_latency=(double)43.939133, avg=(double)113.256349, min=(double)35.432142, max=(double)3071.486303, latency=(double)17.074828, fps=(double)58.565742, frame_num=(uint)549;
0:00:10.723123116 [32m    1[00m 0x79c908000b70 [37mTRACE  [00m [00;34m          GST_TRACER :0::[00m latency_tracer_pipeline, frame_latency=(double)44.498747, avg=(double)113.131335, min=(double)35.432142, max=(double)3071.486303, latency=(double)17.105771, fps=(double)58.459802, frame_num=(uint)550;
0:00:10.723137755 [32m    1[00m 0x79c908000b70 [37mTRACE  [00m [00;34m          GST_TRACER :0::[00m latency_tracer_pipeline, frame_latency=(double)44.498747, avg=(double)113.006775, min=(double)35.432142, max=(double)3071.486303, latency=(double)17.074726, fps=(double)58.566093, frame_num=(uint)551;
0:00:10.755854245 [32m    1[00m 0x79c908000b70 [37mTRACE  [00m [00;34m          GST_TRACER :0::[00m latency_tracer_pipeline, frame_latency=(double)43.538352, avg=(double)112.880926, min=(double)35.432142, max=(double)3071.486303, latency=(double)17.103108, fps=(double)58.468904, frame_num=(uint)552;
0:00:10.755865298 [32m    1[00m 0x79c908000b70 [37mTRACE  [00m [00;34m          GST_TRACER :0::[00m latency_tracer_pipeline, frame_latency=(double)43.538352, avg=(double)112.755533, min=(double)35.432142, max=(double)3071.486303, latency=(double)17.072180, fps=(double)58.574826, frame_num=(uint)553;
0:00:10.787121398 [32m    1[00m 0x79c908000b70 [37mTRACE  [00m [00;34m          GST_TRACER :0::[00m latency_tracer_pipeline, frame_latency=(double)42.353573, avg=(double)112.628453, min=(double)35.432142, max=(double)3071.486303, latency=(double)17.097802, fps=(double)58.487050, frame_num=(uint)554;
0:00:10.787136609 [32m    1[00m 0x79c908000b70 [37mTRACE  [00m [00;34m          GST_TRACER :0::[00m latency_tracer_pipeline, frame_latency=(double)42.353573, avg=(double)112.501832, min=(double)35.432142, max=(double)3071.486303, latency=(double)17.066995, fps=(double)58.592622, frame_num=(uint)555;
0:00:10.822053418 [32m    1[00m 0x79c908000b70 [37mTRACE  [00m [00;34m          GST_TRACER :0::[00m latency_tracer_pipeline, frame_latency=(double)43.976626, avg=(double)112.378585, min=(double)35.432142, max=(double)3071.486303, latency=(double)17.099113, fps=(double)58.482565, frame_num=(uint)556;
0:00:10.822068770 [32m    1[00m 0x79c908000b70 [37mTRACE  [00m [00;34m          GST_TRACER :0::[00m latency_tracer_pipeline, frame_latency=(double)43.976626, avg=(double)112.255781, min=(double)35.432142, max=(double)3071.486303, latency=(double)17.068415, fps=(double)58.587750, frame_num=(uint)557;
0:00:10.853728701 [32m    1[00m 0x79c908000b70 [37mTRACE  [00m [00;34m          GST_TRACER :0::[00m latency_tracer_pipeline, frame_latency=(double)42.302095, avg=(double)112.130416, min=(double)35.432142, max=(double)3071.486303, latency=(double)17.094590, fps=(double)58.498041, frame_num=(uint)558;
0:00:10.853747024 [32m    1[00m 0x79c908000b70 [37mTRACE  [00m [00;34m          GST_TRACER :0::[00m latency_tracer_pipeline, frame_latency=(double)42.302095, avg=(double)112.005499, min=(double)35.432142, max=(double)3071.486303, latency=(double)17.064009, fps=(double)58.602876, frame_num=(uint)559;
0:00:10.891613141 [32m    1[00m 0x79c908000b70 [37mTRACE  [00m [00;34m          GST_TRACER :0::[00m latency_tracer_pipeline, frame_latency=(double)46.770401, avg=(double)111.889008, min=(double)35.432142, max=(double)3071.486303, latency=(double)17.101202, fps=(double)58.475420, frame_num=(uint)560;
0:00:10.891627416 [32m    1[00m 0x79c908000b70 [37mTRACE  [00m [00;34m          GST_TRACER :0::[00m latency_tracer_pipeline, frame_latency=(double)46.770401, avg=(double)111.772932, min=(double)35.432142, max=(double)3071.486303, latency=(double)17.070719, fps=(double)58.579841, frame_num=(uint)561;
0:00:10.919796288 [32m    1[00m 0x79c908000b70 [37mTRACE  [00m [00;34m          GST_TRACER :0::[00m latency_tracer_pipeline, frame_latency=(double)41.682339, avg=(double)111.648216, min=(double)35.432142, max=(double)3071.486303, latency=(double)17.090476, fps=(double)58.512122, frame_num=(uint)562;
0:00:10.919822395 [32m    1[00m 0x79c908000b70 [37mTRACE  [00m [00;34m          GST_TRACER :0::[00m latency_tracer_pipeline, frame_latency=(double)41.682339, avg=(double)111.523942, min=(double)35.432142, max=(double)3071.486303, latency=(double)17.060120, fps=(double)58.616237, frame_num=(uint)563;
0:00:10.957851094 [32m    1[00m 0x79c908000b70 [37mTRACE  [00m [00;34m          GST_TRACER :0::[00m latency_tracer_pipeline, frame_latency=(double)46.543765, avg=(double)111.408729, min=(double)35.432142, max=(double)3071.486303, latency=(double)17.097364, fps=(double)58.488548, frame_num=(uint)564;
0:00:10.957864169 [32m    1[00m 0x79c908000b70 [37mTRACE  [00m [00;34m          GST_TRACER :0::[00m latency_tracer_pipeline, frame_latency=(double)46.543765, avg=(double)111.293924, min=(double)35.432142, max=(double)3071.486303, latency=(double)17.067103, fps=(double)58.592251, frame_num=(uint)565;
0:00:10.986925295 [32m    1[00m 0x79c908000b70 [37mTRACE  [00m [00;34m          GST_TRACER :0::[00m latency_tracer_pipeline, frame_latency=(double)42.077410, avg=(double)111.171633, min=(double)35.432142, max=(double)3071.486303, latency=(double)17.088300, fps=(double)58.519571, frame_num=(uint)566;
0:00:10.986952769 [32m    1[00m 0x79c908000b70 [37mTRACE  [00m [00;34m          GST_TRACER :0::[00m latency_tracer_pipeline, frame_latency=(double)42.077410, avg=(double)111.049774, min=(double)35.432142, max=(double)3071.486303, latency=(double)17.058162, fps=(double)58.622963, frame_num=(uint)567;
0:00:11.022783650 [32m    1[00m 0x79c908000b70 [37mTRACE  [00m [00;34m          GST_TRACER :0::[00m latency_tracer_pipeline, frame_latency=(double)44.469332, avg=(double)110.932555, min=(double)35.432142, max=(double)3071.486303, latency=(double)17.091273, fps=(double)58.509391, frame_num=(uint)568;
0:00:11.022798073 [32m    1[00m 0x79c908000b70 [37mTRACE  [00m [00;34m          GST_TRACER :0::[00m latency_tracer_pipeline, frame_latency=(double)44.469332, avg=(double)110.815748, min=(double)35.432142, max=(double)3071.486303, latency=(double)17.061236, fps=(double)58.612400, frame_num=(uint)569;
0:00:11.053619504 [32m    1[00m 0x79c908000b70 [37mTRACE  [00m [00;34m          GST_TRACER :0::[00m latency_tracer_pipeline, frame_latency=(double)41.847582, avg=(double)110.694751, min=(double)35.432142, max=(double)3071.486303, latency=(double)17.085386, fps=(double)58.529551, frame_num=(uint)570;
0:00:11.053635580 [32m    1[00m 0x79c908000b70 [37mTRACE  [00m [00;34m          GST_TRACER :0::[00m latency_tracer_pipeline, frame_latency=(double)41.847582, avg=(double)110.574178, min=(double)35.432142, max=(double)3071.486303, latency=(double)17.055465, fps=(double)58.632235, frame_num=(uint)571;
0:00:11.089192734 [32m    1[00m 0x79c908000b70 [37mTRACE  [00m [00;34m          GST_TRACER :0::[00m latency_tracer_pipeline, frame_latency=(double)44.190712, avg=(double)110.458123, min=(double)35.432142, max=(double)3071.486303, latency=(double)17.087857, fps=(double)58.521090, frame_num=(uint)572;
0:00:11.089208584 [32m    1[00m 0x79c908000b70 [37mTRACE  [00m [00;34m          GST_TRACER :0::[00m latency_tracer_pipeline, frame_latency=(double)44.190712, avg=(double)110.342473, min=(double)35.432142, max=(double)3071.486303, latency=(double)17.058035, fps=(double)58.623399, frame_num=(uint)573;
0:00:11.123106448 [32m    1[00m 0x79c908000b70 [37mTRACE  [00m [00;34m          GST_TRACER :0::[00m latency_tracer_pipeline, frame_latency=(double)44.869234, avg=(double)110.228408, min=(double)35.432142, max=(double)3071.486303, latency=(double)17.087395, fps=(double)58.522670, frame_num=(uint)574;
0:00:11.123119237 [32m    1[00m 0x79c908000b70 [37mTRACE  [00m [00;34m          GST_TRACER :0::[00m latency_tracer_pipeline, frame_latency=(double)44.869234, avg=(double)110.114740, min=(double)35.432142, max=(double)3071.486303, latency=(double)17.057678, fps=(double)58.624626, frame_num=(uint)575;
0:00:11.156319550 [32m    1[00m 0x79c908000b70 [37mTRACE  [00m [00;34m          GST_TRACER :0::[00m latency_tracer_pipeline, frame_latency=(double)44.122619, avg=(double)110.000171, min=(double)35.432142, max=(double)3071.486303, latency=(double)17.085710, fps=(double)58.528442, frame_num=(uint)576;
0:00:11.156334889 [32m    1[00m 0x79c908000b70 [37mTRACE  [00m [00;34m          GST_TRACER :0::[00m latency_tracer_pipeline, frame_latency=(double)44.122619, avg=(double)109.885998, min=(double)35.432142, max=(double)3071.486303, latency=(double)17.056099, fps=(double)58.630054, frame_num=(uint)577;
0:00:11.187202449 [32m    1[00m 0x79c908000b70 [37mTRACE  [00m [00;34m          GST_TRACER :0::[00m latency_tracer_pipeline, frame_latency=(double)42.461997, avg=(double)109.769348, min=(double)35.432142, max=(double)3071.486303, latency=(double)17.080035, fps=(double)58.547890, frame_num=(uint)578;
0:00:11.187215200 [32m    1[00m 0x79c908000b70 [37mTRACE  [00m [00;34m          GST_TRACER :0::[00m latency_tracer_pipeline, frame_latency=(double)42.461997, avg=(double)109.653100, min=(double)35.432142, max=(double)3071.486303, latency=(double)17.050536, fps=(double)58.649183, frame_num=(uint)579;
0:00:11.222304201 [32m    1[00m 0x79c908000b70 [37mTRACE  [00m [00;34m          GST_TRACER :0::[00m latency_tracer_pipeline, frame_latency=(double)43.856136, avg=(double)109.539657, min=(double)35.432142, max=(double)3071.486303, latency=(double)17.081663, fps=(double)58.542308, frame_num=(uint)580;
0:00:11.222320397 [32m    1[00m 0x79c908000b70 [37mTRACE  [00m [00;34m          GST_TRACER :0::[00m latency_tracer_pipeline, frame_latency=(double)43.856136, avg=(double)109.426604, min=(double)35.432142, max=(double)3071.486303, latency=(double)17.052263, fps=(double)58.643243, frame_num=(uint)581;
0:00:11.254391690 [32m    1[00m 0x79c908000b70 [37mTRACE  [00m [00;34m          GST_TRACER :0::[00m latency_tracer_pipeline, frame_latency=(double)42.920792, avg=(double)109.312333, min=(double)35.432142, max=(double)3071.486303, latency=(double)17.078094, fps=(double)58.554544, frame_num=(uint)582;
0:00:11.254405995 [32m    1[00m 0x79c908000b70 [37mTRACE  [00m [00;34m          GST_TRACER :0::[00m latency_tracer_pipeline, frame_latency=(double)42.920792, avg=(double)109.198454, min=(double)35.432142, max=(double)3071.486303, latency=(double)17.048800, fps=(double)58.655153, frame_num=(uint)583;
0:00:11.290043922 [32m    1[00m 0x79c908000b70 [37mTRACE  [00m [00;34m          GST_TRACER :0::[00m latency_tracer_pipeline, frame_latency=(double)44.629030, avg=(double)109.087890, min=(double)35.432142, max=(double)3071.486303, latency=(double)17.080644, fps=(double)58.545804, frame_num=(uint)584;
0:00:11.290056635 [32m    1[00m 0x79c908000b70 [37mTRACE  [00m [00;34m          GST_TRACER :0::[00m latency_tracer_pipeline, frame_latency=(double)44.629030, avg=(double)108.977704, min=(double)35.432142, max=(double)3071.486303, latency=(double)17.051446, fps=(double)58.646053, frame_num=(uint)585;
0:00:11.319669701 [32m    1[00m 0x79c908000b70 [37mTRACE  [00m [00;34m          GST_TRACER :0::[00m latency_tracer_pipeline, frame_latency=(double)41.446377, avg=(double)108.862463, min=(double)35.432142, max=(double)3071.486303, latency=(double)17.072902, fps=(double)58.572351, frame_num=(uint)586;
0:00:11.319689463 [32m    1[00m 0x79c908000b70 [37mTRACE  [00m [00;34m          GST_TRACER :0::[00m latency_tracer_pipeline, frame_latency=(double)41.446377, avg=(double)108.747614, min=(double)35.432142, max=(double)3071.486303, latency=(double)17.043817, fps=(double)58.672304, frame_num=(uint)587;
0:00:11.357301282 [32m    1[00m 0x79c908000b70 [37mTRACE  [00m [00;34m          GST_TRACER :0::[00m latency_tracer_pipeline, frame_latency=(double)45.936792, avg=(double)108.640793, min=(double)35.432142, max=(double)3071.486303, latency=(double)17.078847, fps=(double)58.551961, frame_num=(uint)588;
0:00:11.357319579 [32m    1[00m 0x79c908000b70 [37mTRACE  [00m [00;34m          GST_TRACER :0::[00m latency_tracer_pipeline, frame_latency=(double)45.936792, avg=(double)108.534335, min=(double)35.432142, max=(double)3071.486303, latency=(double)17.049851, fps=(double)58.651539, frame_num=(uint)589;
0:00:11.388038510 [32m    1[00m 0x79c908000b70 [37mTRACE  [00m [00;34m          GST_TRACER :0::[00m latency_tracer_pipeline, frame_latency=(double)43.004312, avg=(double)108.423267, min=(double)35.432142, max=(double)3071.486303, latency=(double)17.073040, fps=(double)58.571878, frame_num=(uint)590;
0:00:11.388051334 [32m    1[00m 0x79c908000b70 [37mTRACE  [00m [00;34m          GST_TRACER :0::[00m latency_tracer_pipeline, frame_latency=(double)43.004312, avg=(double)108.312575, min=(double)35.432142, max=(double)3071.486303, latency=(double)17.044151, fps=(double)58.671152, frame_num=(uint)591;
0:00:11.424664210 [32m    1[00m 0x79c908000b70 [37mTRACE  [00m [00;34m          GST_TRACER :0::[00m latency_tracer_pipeline, frame_latency=(double)46.019169, avg=(double)108.207350, min=(double)35.432142, max=(double)3071.486303, latency=(double)17.077238, fps=(double)58.557479, frame_num=(uint)592;
0:00:11.424679906 [32m    1[00m 0x79c908000b70 [37mTRACE  [00m [00;34m          GST_TRACER :0::[00m latency_tracer_pipeline, frame_latency=(double)46.019169, avg=(double)108.102479, min=(double)35.432142, max=(double)3071.486303, latency=(double)17.048440, fps=(double)58.656393, frame_num=(uint)593;
0:00:11.453822266 [32m    1[00m 0x79c908000b70 [37mTRACE  [00m [00;34m          GST_TRACER :0::[00m latency_tracer_pipeline, frame_latency=(double)42.254891, avg=(double)107.991625, min=(double)35.432142, max=(double)3071.486303, latency=(double)17.068816, fps=(double)58.586371, frame_num=(uint)594;
0:00:11.453835966 [32m    1[00m 0x79c908000b70 [37mTRACE  [00m [00;34m          GST_TRACER :0::[00m latency_tracer_pipeline, frame_latency=(double)42.254891, avg=(double)107.881143, min=(double)35.432142, max=(double)3071.486303, latency=(double)17.040129, fps=(double)58.685002, frame_num=(uint)595;
0:00:11.488852822 [32m    1[00m 0x79c908000b70 [37mTRACE  [00m [00;34m          GST_TRACER :0::[00m latency_tracer_pipeline, frame_latency=(double)43.953294, avg=(double)107.773881, min=(double)35.432142, max=(double)3071.486303, latency=(double)17.070324, fps=(double)58.581195, frame_num=(uint)596;
0:00:11.488867199 [32m    1[00m 0x79c908000b70 [37mTRACE  [00m [00;34m          GST_TRACER :0::[00m latency_tracer_pipeline, frame_latency=(double)43.953294, avg=(double)107.666979, min=(double)35.432142, max=(double)3071.486303, latency=(double)17.041731, fps=(double)58.679486, frame_num=(uint)597;
0:00:11.520797920 [32m    1[00m 0x79c908000b70 [37mTRACE  [00m [00;34m          GST_TRACER :0::[00m latency_tracer_pipeline, frame_latency=(double)42.592061, avg=(double)107.558158, min=(double)35.432142, max=(double)3071.486303, latency=(double)17.066633, fps=(double)58.593864, frame_num=(uint)598;
0:00:11.520820744 [32m    1[00m 0x79c908000b70 [37mTRACE  [00m [00;34m          GST_TRACER :0::[00m latency_tracer_pipeline, frame_latency=(double)42.592061, avg=(double)107.449701, min=(double)35.432142, max=(double)3071.486303, latency=(double)17.038142, fps=(double)58.691847, frame_num=(uint)599;
0:00:11.557082516 [32m    1[00m 0x79c908000b70 [37mTRACE  [00m [00;34m          GST_TRACER :0::[00m latency_tracer_pipeline, frame_latency=(double)45.588609, avg=(double)107.346599, min=(double)35.432142, max=(double)3071.486303, latency=(double)17.070225, fps=(double)58.581537, frame_num=(uint)600;
0:00:11.557102345 [32m    1[00m 0x79c908000b70 [37mTRACE  [00m [00;34m          GST_TRACER :0::[00m latency_tracer_pipeline, frame_latency=(double)45.588609, avg=(double)107.243840, min=(double)35.432142, max=(double)3071.486303, latency=(double)17.041822, fps=(double)58.679173, frame_num=(uint)601;
0:00:11.585997715 [32m    1[00m 0x79c908000b70 [37mTRACE  [00m [00;34m          GST_TRACER :0::[00m latency_tracer_pipeline, frame_latency=(double)40.588780, avg=(double)107.133117, min=(double)35.432142, max=(double)3071.486303, latency=(double)17.061542, fps=(double)58.611348, frame_num=(uint)602;
0:00:11.586021855 [32m    1[00m 0x79c908000b70 [37mTRACE  [00m [00;34m          GST_TRACER :0::[00m latency_tracer_pipeline, frame_latency=(double)40.588780, avg=(double)107.022762, min=(double)35.432142, max=(double)3071.486303, latency=(double)17.033248, fps=(double)58.708709, frame_num=(uint)603;
0:00:11.623291157 [32m    1[00m 0x79c908000b70 [37mTRACE  [00m [00;34m          GST_TRACER :0::[00m latency_tracer_pipeline, frame_latency=(double)45.362132, avg=(double)106.920675, min=(double)35.432142, max=(double)3071.486303, latency=(double)17.066811, fps=(double)58.593253, frame_num=(uint)604;
0:00:11.623303942 [32m    1[00m 0x79c908000b70 [37mTRACE  [00m [00;34m          GST_TRACER :0::[00m latency_tracer_pipeline, frame_latency=(double)45.362132, avg=(double)106.818925, min=(double)35.432142, max=(double)3071.486303, latency=(double)17.038602, fps=(double)58.690262, frame_num=(uint)605;
0:00:11.653629357 [32m    1[00m 0x79c908000b70 [37mTRACE  [00m [00;34m          GST_TRACER :0::[00m latency_tracer_pipeline, frame_latency=(double)41.188726, avg=(double)106.710624, min=(double)35.432142, max=(double)3071.486303, latency=(double)17.060544, fps=(double)58.614779, frame_num=(uint)606;
0:00:11.653640022 [32m    1[00m 0x79c908000b70 [37mTRACE  [00m [00;34m          GST_TRACER :0::[00m latency_tracer_pipeline, frame_latency=(double)41.188726, avg=(double)106.602681, min=(double)35.432142, max=(double)3071.486303, latency=(double)17.032437, fps=(double)58.711503, frame_num=(uint)607;
FpsCounter(last 1.04sec): total=29.92 fps, number-streams=1, per-stream=29.92 fps
latency: -1885.47ms
0:00:11.689625925 [32m    1[00m 0x79c908000b70 [37mTRACE  [00m [00;34m          GST_TRACER :0::[00m latency_tracer_pipeline, frame_latency=(double)44.998202, avg=(double)106.501357, min=(double)35.432142, max=(double)3071.486303, latency=(double)17.063602, fps=(double)58.604272, frame_num=(uint)608;
0:00:11.689634191 [32m    1[00m 0x79c908000b70 [37mTRACE  [00m [00;34m          GST_TRACER :0::[00m latency_tracer_pipeline_interval, interval=(double)1035.944860, avg=(double)43.623039, min=(double)40.588780, max=(double)46.770401, latency=(double)16.708788, fps=(double)59.848745;
0:00:11.689637659 [32m    1[00m 0x79c908000b70 [37mTRACE  [00m [00;34m          GST_TRACER :0::[00m latency_tracer_pipeline, frame_latency=(double)44.998202, avg=(double)106.400367, min=(double)35.432142, max=(double)3071.486303, latency=(double)17.035583, fps=(double)58.700660, frame_num=(uint)609;
0:00:11.720593566 [32m    1[00m 0x79c908000b70 [37mTRACE  [00m [00;34m          GST_TRACER :0::[00m latency_tracer_pipeline, frame_latency=(double)42.315448, avg=(double)106.295310, min=(double)35.432142, max=(double)3071.486303, latency=(double)17.058443, fps=(double)58.621996, frame_num=(uint)610;
0:00:11.720606783 [32m    1[00m 0x79c908000b70 [37mTRACE  [00m [00;34m          GST_TRACER :0::[00m latency_tracer_pipeline, frame_latency=(double)42.315448, avg=(double)106.190596, min=(double)35.432142, max=(double)3071.486303, latency=(double)17.030524, fps=(double)58.718098, frame_num=(uint)611;
0:00:11.755434327 [32m    1[00m 0x79c908000b70 [37mTRACE  [00m [00;34m          GST_TRACER :0::[00m latency_tracer_pipeline, frame_latency=(double)43.766308, avg=(double)106.088596, min=(double)35.432142, max=(double)3071.486303, latency=(double)17.059633, fps=(double)58.617910, frame_num=(uint)612;
0:00:11.755452789 [32m    1[00m 0x79c908000b70 [37mTRACE  [00m [00;34m          GST_TRACER :0::[00m latency_tracer_pipeline, frame_latency=(double)43.766308, avg=(double)105.986928, min=(double)35.432142, max=(double)3071.486303, latency=(double)17.031803, fps=(double)58.713691, frame_num=(uint)613;
0:00:11.787497207 [32m    1[00m 0x79c908000b70 [37mTRACE  [00m [00;34m          GST_TRACER :0::[00m latency_tracer_pipeline, frame_latency=(double)42.657215, avg=(double)105.883785, min=(double)35.432142, max=(double)3071.486303, latency=(double)17.056266, fps=(double)58.629478, frame_num=(uint)614;
0:00:11.787510971 [32m    1[00m 0x79c908000b70 [37mTRACE  [00m [00;34m          GST_TRACER :0::[00m latency_tracer_pipeline, frame_latency=(double)42.657215, avg=(double)105.780978, min=(double)35.432142, max=(double)3071.486303, latency=(double)17.028533, fps=(double)58.724966, frame_num=(uint)615;
0:00:11.821976731 [32m    1[00m 0x79c908000b70 [37mTRACE  [00m [00;34m          GST_TRACER :0::[00m latency_tracer_pipeline, frame_latency=(double)43.209351, avg=(double)105.679401, min=(double)35.432142, max=(double)3071.486303, latency=(double)17.056880, fps=(double)58.627371, frame_num=(uint)616;
0:00:11.821992903 [32m    1[00m 0x79c908000b70 [37mTRACE  [00m [00;34m          GST_TRACER :0::[00m latency_tracer_pipeline, frame_latency=(double)43.209351, avg=(double)105.578153, min=(double)35.432142, max=(double)3071.486303, latency=(double)17.029235, fps=(double)58.722545, frame_num=(uint)617;
0:00:11.854413860 [32m    1[00m 0x79c908000b70 [37mTRACE  [00m [00;34m          GST_TRACER :0::[00m latency_tracer_pipeline, frame_latency=(double)43.137066, avg=(double)105.477115, min=(double)35.432142, max=(double)3071.486303, latency=(double)17.054167, fps=(double)58.636696, frame_num=(uint)618;
0:00:11.854428528 [32m    1[00m 0x79c908000b70 [37mTRACE  [00m [00;34m          GST_TRACER :0::[00m latency_tracer_pipeline, frame_latency=(double)43.137066, avg=(double)105.376404, min=(double)35.432142, max=(double)3071.486303, latency=(double)17.026616, fps=(double)58.731578, frame_num=(uint)619;
0:00:11.889393457 [32m    1[00m 0x79c908000b70 [37mTRACE  [00m [00;34m          GST_TRACER :0::[00m latency_tracer_pipeline, frame_latency=(double)44.358461, avg=(double)105.277988, min=(double)35.432142, max=(double)3071.486303, latency=(double)17.055571, fps=(double)58.631870, frame_num=(uint)620;
0:00:11.889409456 [32m    1[00m 0x79c908000b70 [37mTRACE  [00m [00;34m          GST_TRACER :0::[00m latency_tracer_pipeline, frame_latency=(double)44.358461, avg=(double)105.179889, min=(double)35.432142, max=(double)3071.486303, latency=(double)17.028106, fps=(double)58.726437, frame_num=(uint)621;
0:00:11.920549608 [32m    1[00m 0x79c908000b70 [37mTRACE  [00m [00;34m          GST_TRACER :0::[00m latency_tracer_pipeline, frame_latency=(double)42.383152, avg=(double)105.078930, min=(double)35.432142, max=(double)3071.486303, latency=(double)17.050823, fps=(double)58.648197, frame_num=(uint)622;
0:00:11.920563833 [32m    1[00m 0x79c908000b70 [37mTRACE  [00m [00;34m          GST_TRACER :0::[00m latency_tracer_pipeline, frame_latency=(double)42.383152, avg=(double)104.978295, min=(double)35.432142, max=(double)3071.486303, latency=(double)17.023454, fps=(double)58.742487, frame_num=(uint)623;
0:00:11.955930507 [32m    1[00m 0x79c908000b70 [37mTRACE  [00m [00;34m          GST_TRACER :0::[00m latency_tracer_pipeline, frame_latency=(double)44.223452, avg=(double)104.880931, min=(double)35.432142, max=(double)3071.486303, latency=(double)17.052873, fps=(double)58.641145, frame_num=(uint)624;
0:00:11.955943846 [32m    1[00m 0x79c908000b70 [37mTRACE  [00m [00;34m          GST_TRACER :0::[00m latency_tracer_pipeline, frame_latency=(double)44.223452, avg=(double)104.783879, min=(double)35.432142, max=(double)3071.486303, latency=(double)17.025588, fps=(double)58.735121, frame_num=(uint)625;
0:00:11.987179397 [32m    1[00m 0x79c908000b70 [37mTRACE  [00m [00;34m          GST_TRACER :0::[00m latency_tracer_pipeline, frame_latency=(double)42.622649, avg=(double)104.684580, min=(double)35.432142, max=(double)3071.486303, latency=(double)17.048296, fps=(double)58.656889, frame_num=(uint)626;
0:00:11.987200109 [32m    1[00m 0x79c908000b70 [37mTRACE  [00m [00;34m          GST_TRACER :0::[00m latency_tracer_pipeline, frame_latency=(double)42.622649, avg=(double)104.585598, min=(double)35.432142, max=(double)3071.486303, latency=(double)17.021106, fps=(double)58.750590, frame_num=(uint)627;
0:00:12.025065538 [32m    1[00m 0x79c908000b70 [37mTRACE  [00m [00;34m          GST_TRACER :0::[00m latency_tracer_pipeline, frame_latency=(double)46.808503, avg=(double)104.493596, min=(double)35.432142, max=(double)3071.486303, latency=(double)17.054344, fps=(double)58.636088, frame_num=(uint)628;
0:00:12.025079183 [32m    1[00m 0x79c908000b70 [37mTRACE  [00m [00;34m          GST_TRACER :0::[00m latency_tracer_pipeline, frame_latency=(double)46.808503, avg=(double)104.401887, min=(double)35.432142, max=(double)3071.486303, latency=(double)17.027230, fps=(double)58.729457, frame_num=(uint)629;
0:00:12.053907756 [32m    1[00m 0x79c908000b70 [37mTRACE  [00m [00;34m          GST_TRACER :0::[00m latency_tracer_pipeline, frame_latency=(double)42.542768, avg=(double)104.303698, min=(double)35.432142, max=(double)3071.486303, latency=(double)17.045963, fps=(double)58.664915, frame_num=(uint)630;
0:00:12.053923176 [32m    1[00m 0x79c908000b70 [37mTRACE  [00m [00;34m          GST_TRACER :0::[00m latency_tracer_pipeline, frame_latency=(double)42.542768, avg=(double)104.205820, min=(double)35.432142, max=(double)3071.486303, latency=(double)17.018949, fps=(double)58.758034, frame_num=(uint)631;
0:00:12.089411615 [32m    1[00m 0x79c908000b70 [37mTRACE  [00m [00;34m          GST_TRACER :0::[00m latency_tracer_pipeline, frame_latency=(double)44.690618, avg=(double)104.111650, min=(double)35.432142, max=(double)3071.486303, latency=(double)17.048215, fps=(double)58.657166, frame_num=(uint)632;
0:00:12.089428614 [32m    1[00m 0x79c908000b70 [37mTRACE  [00m [00;34m          GST_TRACER :0::[00m latency_tracer_pipeline, frame_latency=(double)44.690618, avg=(double)104.017778, min=(double)35.432142, max=(double)3071.486303, latency=(double)17.021283, fps=(double)58.749978, frame_num=(uint)633;
0:00:12.121026497 [32m    1[00m 0x79c908000b70 [37mTRACE  [00m [00;34m          GST_TRACER :0::[00m latency_tracer_pipeline, frame_latency=(double)42.580880, avg=(double)103.920874, min=(double)35.432142, max=(double)3071.486303, latency=(double)17.044303, fps=(double)58.670629, frame_num=(uint)634;
0:00:12.121038518 [32m    1[00m 0x79c908000b70 [37mTRACE  [00m [00;34m          GST_TRACER :0::[00m latency_tracer_pipeline, frame_latency=(double)42.580880, avg=(double)103.824276, min=(double)35.432142, max=(double)3071.486303, latency=(double)17.017462, fps=(double)58.763170, frame_num=(uint)635;
0:00:12.158280174 [32m    1[00m 0x79c908000b70 [37mTRACE  [00m [00;34m          GST_TRACER :0::[00m latency_tracer_pipeline, frame_latency=(double)46.813310, avg=(double)103.734636, min=(double)35.432142, max=(double)3071.486303, latency=(double)17.049278, fps=(double)58.653509, frame_num=(uint)636;
0:00:12.158296119 [32m    1[00m 0x79c908000b70 [37mTRACE  [00m [00;34m          GST_TRACER :0::[00m latency_tracer_pipeline, frame_latency=(double)46.813310, avg=(double)103.645278, min=(double)35.432142, max=(double)3071.486303, latency=(double)17.022513, fps=(double)58.745732, frame_num=(uint)637;
0:00:12.188179077 [32m    1[00m 0x79c908000b70 [37mTRACE  [00m [00;34m          GST_TRACER :0::[00m latency_tracer_pipeline, frame_latency=(double)43.455845, avg=(double)103.550937, min=(double)35.432142, max=(double)3071.486303, latency=(double)17.042686, fps=(double)58.676195, frame_num=(uint)638;
0:00:12.188192332 [32m    1[00m 0x79c908000b70 [37mTRACE  [00m [00;34m          GST_TRACER :0::[00m latency_tracer_pipeline, frame_latency=(double)43.455845, avg=(double)103.456891, min=(double)35.432142, max=(double)3071.486303, latency=(double)17.016016, fps=(double)58.768164, frame_num=(uint)639;
0:00:12.223158277 [32m    1[00m 0x79c908000b70 [37mTRACE  [00m [00;34m          GST_TRACER :0::[00m latency_tracer_pipeline, frame_latency=(double)44.713390, avg=(double)103.365105, min=(double)35.432142, max=(double)3071.486303, latency=(double)17.044077, fps=(double)58.671409, frame_num=(uint)640;
0:00:12.223174601 [32m    1[00m 0x79c908000b70 [37mTRACE  [00m [00;34m          GST_TRACER :0::[00m latency_tracer_pipeline, frame_latency=(double)44.713390, avg=(double)103.273604, min=(double)35.432142, max=(double)3071.486303, latency=(double)17.017487, fps=(double)58.763083, frame_num=(uint)641;
0:00:12.254866164 [32m    1[00m 0x79c908000b70 [37mTRACE  [00m [00;34m          GST_TRACER :0::[00m latency_tracer_pipeline, frame_latency=(double)43.088039, avg=(double)103.179857, min=(double)35.432142, max=(double)3071.486303, latency=(double)17.040386, fps=(double)58.684118, frame_num=(uint)642;
0:00:12.254878775 [32m    1[00m 0x79c908000b70 [37mTRACE  [00m [00;34m          GST_TRACER :0::[00m latency_tracer_pipeline, frame_latency=(double)43.088039, avg=(double)103.086402, min=(double)35.432142, max=(double)3071.486303, latency=(double)17.013884, fps=(double)58.775526, frame_num=(uint)643;
0:00:12.291424272 [32m    1[00m 0x79c908000b70 [37mTRACE  [00m [00;34m          GST_TRACER :0::[00m latency_tracer_pipeline, frame_latency=(double)46.270372, avg=(double)102.998178, min=(double)35.432142, max=(double)3071.486303, latency=(double)17.044230, fps=(double)58.670881, frame_num=(uint)644;
0:00:12.291439305 [32m    1[00m 0x79c908000b70 [37mTRACE  [00m [00;34m          GST_TRACER :0::[00m latency_tracer_pipeline, frame_latency=(double)46.270372, avg=(double)102.910228, min=(double)35.432142, max=(double)3071.486303, latency=(double)17.017805, fps=(double)58.761985, frame_num=(uint)645;
0:00:12.320575402 [32m    1[00m 0x79c908000b70 [37mTRACE  [00m [00;34m          GST_TRACER :0::[00m latency_tracer_pipeline, frame_latency=(double)42.281910, avg=(double)102.816376, min=(double)35.432142, max=(double)3071.486303, latency=(double)17.036579, fps=(double)58.697231, frame_num=(uint)646;
0:00:12.320588795 [32m    1[00m 0x79c908000b70 [37mTRACE  [00m [00;34m          GST_TRACER :0::[00m latency_tracer_pipeline, frame_latency=(double)42.281910, avg=(double)102.722815, min=(double)35.432142, max=(double)3071.486303, latency=(double)17.010247, fps=(double)58.788093, frame_num=(uint)647;
0:00:12.356206697 [32m    1[00m 0x79c908000b70 [37mTRACE  [00m [00;34m          GST_TRACER :0::[00m latency_tracer_pipeline, frame_latency=(double)44.454268, avg=(double)102.632894, min=(double)35.432142, max=(double)3071.486303, latency=(double)17.038996, fps=(double)58.688905, frame_num=(uint)648;
0:00:12.356218714 [32m    1[00m 0x79c908000b70 [37mTRACE  [00m [00;34m          GST_TRACER :0::[00m latency_tracer_pipeline, frame_latency=(double)44.454268, avg=(double)102.543250, min=(double)35.432142, max=(double)3071.486303, latency=(double)17.012741, fps=(double)58.779474, frame_num=(uint)649;
0:00:12.387070342 [32m    1[00m 0x79c908000b70 [37mTRACE  [00m [00;34m          GST_TRACER :0::[00m latency_tracer_pipeline, frame_latency=(double)42.360367, avg=(double)102.450661, min=(double)35.432142, max=(double)3071.486303, latency=(double)17.034036, fps=(double)58.705994, frame_num=(uint)650;
0:00:12.387083185 [32m    1[00m 0x79c908000b70 [37mTRACE  [00m [00;34m          GST_TRACER :0::[00m latency_tracer_pipeline, frame_latency=(double)42.360367, avg=(double)102.358357, min=(double)35.432142, max=(double)3071.486303, latency=(double)17.007870, fps=(double)58.796311, frame_num=(uint)651;
0:00:12.423125414 [32m    1[00m 0x79c908000b70 [37mTRACE  [00m [00;34m          GST_TRACER :0::[00m latency_tracer_pipeline, frame_latency=(double)44.899417, avg=(double)102.270230, min=(double)35.432142, max=(double)3071.486303, latency=(double)17.037096, fps=(double)58.695448, frame_num=(uint)652;
0:00:12.423140800 [32m    1[00m 0x79c908000b70 [37mTRACE  [00m [00;34m          GST_TRACER :0::[00m latency_tracer_pipeline, frame_latency=(double)44.899417, avg=(double)102.182372, min=(double)35.432142, max=(double)3071.486303, latency=(double)17.011006, fps=(double)58.785472, frame_num=(uint)653;
0:00:12.453645569 [32m    1[00m 0x79c908000b70 [37mTRACE  [00m [00;34m          GST_TRACER :0::[00m latency_tracer_pipeline, frame_latency=(double)41.825666, avg=(double)102.090084, min=(double)35.432142, max=(double)3071.486303, latency=(double)17.031643, fps=(double)58.714240, frame_num=(uint)654;
0:00:12.453673195 [32m    1[00m 0x79c908000b70 [37mTRACE  [00m [00;34m          GST_TRACER :0::[00m latency_tracer_pipeline, frame_latency=(double)41.825666, avg=(double)101.998077, min=(double)35.432142, max=(double)3071.486303, latency=(double)17.005641, fps=(double)58.804017, frame_num=(uint)655;
0:00:12.492844096 [32m    1[00m 0x79c908000b70 [37mTRACE  [00m [00;34m          GST_TRACER :0::[00m latency_tracer_pipeline, frame_latency=(double)47.943981, avg=(double)101.915677, min=(double)35.432142, max=(double)3071.486303, latency=(double)17.039489, fps=(double)58.687205, frame_num=(uint)656;
0:00:12.492858164 [32m    1[00m 0x79c908000b70 [37mTRACE  [00m [00;34m          GST_TRACER :0::[00m latency_tracer_pipeline, frame_latency=(double)47.943981, avg=(double)101.833529, min=(double)35.432142, max=(double)3071.486303, latency=(double)17.013554, fps=(double)58.776667, frame_num=(uint)657;
0:00:12.520530949 [32m    1[00m 0x79c908000b70 [37mTRACE  [00m [00;34m          GST_TRACER :0::[00m latency_tracer_pipeline, frame_latency=(double)42.141499, avg=(double)101.742811, min=(double)35.432142, max=(double)3071.486303, latency=(double)17.029773, fps=(double)58.720688, frame_num=(uint)658;
0:00:12.520543252 [32m    1[00m 0x79c908000b70 [37mTRACE  [00m [00;34m          GST_TRACER :0::[00m latency_tracer_pipeline, frame_latency=(double)42.141499, avg=(double)101.652369, min=(double)35.432142, max=(double)3071.486303, latency=(double)17.003931, fps=(double)58.809929, frame_num=(uint)659;
0:00:12.555752803 [32m    1[00m 0x79c908000b70 [37mTRACE  [00m [00;34m          GST_TRACER :0::[00m latency_tracer_pipeline, frame_latency=(double)44.145924, avg=(double)101.565238, min=(double)35.432142, max=(double)3071.486303, latency=(double)17.031536, fps=(double)58.714610, frame_num=(uint)660;
0:00:12.555769078 [32m    1[00m 0x79c908000b70 [37mTRACE  [00m [00;34m          GST_TRACER :0::[00m latency_tracer_pipeline, frame_latency=(double)44.145924, avg=(double)101.478371, min=(double)35.432142, max=(double)3071.486303, latency=(double)17.005770, fps=(double)58.803571, frame_num=(uint)661;
0:00:12.586819224 [32m    1[00m 0x79c908000b70 [37mTRACE  [00m [00;34m          GST_TRACER :0::[00m latency_tracer_pipeline, frame_latency=(double)41.990361, avg=(double)101.388510, min=(double)35.432142, max=(double)3071.486303, latency=(double)17.026997, fps=(double)58.730264, frame_num=(uint)662;
0:00:12.586841690 [32m    1[00m 0x79c908000b70 [37mTRACE  [00m [00;34m          GST_TRACER :0::[00m latency_tracer_pipeline, frame_latency=(double)41.990361, avg=(double)101.298920, min=(double)35.432142, max=(double)3071.486303, latency=(double)17.001315, fps=(double)58.818980, frame_num=(uint)663;
0:00:12.626133856 [32m    1[00m 0x79c908000b70 [37mTRACE  [00m [00;34m          GST_TRACER :0::[00m latency_tracer_pipeline, frame_latency=(double)48.079815, avg=(double)101.218771, min=(double)35.432142, max=(double)3071.486303, latency=(double)17.034914, fps=(double)58.702966, frame_num=(uint)664;
0:00:12.626148434 [32m    1[00m 0x79c908000b70 [37mTRACE  [00m [00;34m          GST_TRACER :0::[00m latency_tracer_pipeline, frame_latency=(double)48.079815, avg=(double)101.138863, min=(double)35.432142, max=(double)3071.486303, latency=(double)17.009298, fps=(double)58.791374, frame_num=(uint)665;
0:00:12.653328382 [32m    1[00m 0x79c908000b70 [37mTRACE  [00m [00;34m          GST_TRACER :0::[00m latency_tracer_pipeline, frame_latency=(double)41.553277, avg=(double)101.049395, min=(double)35.432142, max=(double)3071.486303, latency=(double)17.024598, fps=(double)58.738538, frame_num=(uint)666;
0:00:12.653344185 [32m    1[00m 0x79c908000b70 [37mTRACE  [00m [00;34m          GST_TRACER :0::[00m latency_tracer_pipeline, frame_latency=(double)41.553277, avg=(double)100.960195, min=(double)35.432142, max=(double)3071.486303, latency=(double)16.999074, fps=(double)58.826734, frame_num=(uint)667;
0:00:12.689545784 [32m    1[00m 0x79c908000b70 [37mTRACE  [00m [00;34m          GST_TRACER :0::[00m latency_tracer_pipeline, frame_latency=(double)44.422887, avg=(double)100.875558, min=(double)35.432142, max=(double)3071.486303, latency=(double)17.027855, fps=(double)58.727304, frame_num=(uint)668;
0:00:12.689561367 [32m    1[00m 0x79c908000b70 [37mTRACE  [00m [00;34m          GST_TRACER :0::[00m latency_tracer_pipeline, frame_latency=(double)44.422887, avg=(double)100.791175, min=(double)35.432142, max=(double)3071.486303, latency=(double)17.002402, fps=(double)58.815220, frame_num=(uint)669;
FpsCounter(last 1.03sec): total=30.04 fps, number-streams=1, per-stream=30.04 fps
latency: -2092.02ms
0:00:12.721409693 [32m    1[00m 0x79c908000b70 [37mTRACE  [00m [00;34m          GST_TRACER :0::[00m latency_tracer_pipeline, frame_latency=(double)42.840408, avg=(double)100.704681, min=(double)35.432142, max=(double)3071.486303, latency=(double)17.024589, fps=(double)58.738570, frame_num=(uint)670;
0:00:12.721417519 [32m    1[00m 0x79c908000b70 [37mTRACE  [00m [00;34m          GST_TRACER :0::[00m latency_tracer_pipeline_interval, interval=(double)1031.804158, avg=(double)43.859855, min=(double)41.553277, max=(double)48.079815, latency=(double)16.642003, fps=(double)60.088922;
0:00:12.721420754 [32m    1[00m 0x79c908000b70 [37mTRACE  [00m [00;34m          GST_TRACER :0::[00m latency_tracer_pipeline, frame_latency=(double)42.840408, avg=(double)100.618445, min=(double)35.432142, max=(double)3071.486303, latency=(double)16.999217, fps=(double)58.826240, frame_num=(uint)671;
0:00:12.756948387 [32m    1[00m 0x79c908000b70 [37mTRACE  [00m [00;34m          GST_TRACER :0::[00m latency_tracer_pipeline, frame_latency=(double)45.154163, avg=(double)100.535909, min=(double)35.432142, max=(double)3071.486303, latency=(double)17.026797, fps=(double)58.730953, frame_num=(uint)672;
0:00:12.756965192 [32m    1[00m 0x79c908000b70 [37mTRACE  [00m [00;34m          GST_TRACER :0::[00m latency_tracer_pipeline, frame_latency=(double)45.154163, avg=(double)100.453618, min=(double)35.432142, max=(double)3071.486303, latency=(double)17.001497, fps=(double)58.818350, frame_num=(uint)673;
0:00:12.787284136 [32m    1[00m 0x79c908000b70 [37mTRACE  [00m [00;34m          GST_TRACER :0::[00m latency_tracer_pipeline, frame_latency=(double)42.323809, avg=(double)100.367372, min=(double)35.432142, max=(double)3071.486303, latency=(double)17.021277, fps=(double)58.750000, frame_num=(uint)674;
0:00:12.787296755 [32m    1[00m 0x79c908000b70 [37mTRACE  [00m [00;34m          GST_TRACER :0::[00m latency_tracer_pipeline, frame_latency=(double)42.323809, avg=(double)100.281382, min=(double)35.432142, max=(double)3071.486303, latency=(double)16.996060, fps=(double)58.837166, frame_num=(uint)675;
0:00:12.825775923 [32m    1[00m 0x79c908000b70 [37mTRACE  [00m [00;34m          GST_TRACER :0::[00m latency_tracer_pipeline, frame_latency=(double)47.435956, avg=(double)100.203208, min=(double)35.432142, max=(double)3071.486303, latency=(double)17.027866, fps=(double)58.727265, frame_num=(uint)676;
0:00:12.825791526 [32m    1[00m 0x79c908000b70 [37mTRACE  [00m [00;34m          GST_TRACER :0::[00m latency_tracer_pipeline, frame_latency=(double)47.435956, avg=(double)100.125265, min=(double)35.432142, max=(double)3071.486303, latency=(double)17.002714, fps=(double)58.814140, frame_num=(uint)677;
0:00:12.853446415 [32m    1[00m 0x79c908000b70 [37mTRACE  [00m [00;34m          GST_TRACER :0::[00m latency_tracer_pipeline, frame_latency=(double)42.076162, avg=(double)100.039647, min=(double)35.432142, max=(double)3071.486303, latency=(double)17.018433, fps=(double)58.759817, frame_num=(uint)678;
0:00:12.853457639 [32m    1[00m 0x79c908000b70 [37mTRACE  [00m [00;34m          GST_TRACER :0::[00m latency_tracer_pipeline, frame_latency=(double)42.076162, avg=(double)99.954281, min=(double)35.432142, max=(double)3071.486303, latency=(double)16.993369, fps=(double)58.846484, frame_num=(uint)679;
0:00:12.892277512 [32m    1[00m 0x79c908000b70 [37mTRACE  [00m [00;34m          GST_TRACER :0::[00m latency_tracer_pipeline, frame_latency=(double)47.548542, avg=(double)99.877214, min=(double)35.432142, max=(double)3071.486303, latency=(double)17.025486, fps=(double)58.735476, frame_num=(uint)680;
0:00:12.892293914 [32m    1[00m 0x79c908000b70 [37mTRACE  [00m [00;34m          GST_TRACER :0::[00m latency_tracer_pipeline, frame_latency=(double)47.548542, avg=(double)99.800373, min=(double)35.432142, max=(double)3071.486303, latency=(double)17.000485, fps=(double)58.821851, frame_num=(uint)681;
0:00:12.919514867 [32m    1[00m 0x79c908000b70 [37mTRACE  [00m [00;34m          GST_TRACER :0::[00m latency_tracer_pipeline, frame_latency=(double)40.841732, avg=(double)99.713923, min=(double)35.432142, max=(double)3071.486303, latency=(double)17.015512, fps=(double)58.769903, frame_num=(uint)682;
0:00:12.919524699 [32m    1[00m 0x79c908000b70 [37mTRACE  [00m [00;34m          GST_TRACER :0::[00m latency_tracer_pipeline, frame_latency=(double)40.841732, avg=(double)99.627727, min=(double)35.432142, max=(double)3071.486303, latency=(double)16.990599, fps=(double)58.856076, frame_num=(uint)683;
0:00:12.955975367 [32m    1[00m 0x79c908000b70 [37mTRACE  [00m [00;34m          GST_TRACER :0::[00m latency_tracer_pipeline, frame_latency=(double)44.691067, avg=(double)99.547410, min=(double)35.432142, max=(double)3071.486303, latency=(double)17.019057, fps=(double)58.757661, frame_num=(uint)684;
0:00:12.955991027 [32m    1[00m 0x79c908000b70 [37mTRACE  [00m [00;34m          GST_TRACER :0::[00m latency_tracer_pipeline, frame_latency=(double)44.691067, avg=(double)99.467328, min=(double)35.432142, max=(double)3071.486303, latency=(double)16.994212, fps=(double)58.843564, frame_num=(uint)685;
0:00:12.987616675 [32m    1[00m 0x79c908000b70 [37mTRACE  [00m [00;34m          GST_TRACER :0::[00m latency_tracer_pipeline, frame_latency=(double)42.672043, avg=(double)99.384536, min=(double)35.432142, max=(double)3071.486303, latency=(double)17.015561, fps=(double)58.769735, frame_num=(uint)686;
0:00:12.987628622 [32m    1[00m 0x79c908000b70 [37mTRACE  [00m [00;34m          GST_TRACER :0::[00m latency_tracer_pipeline, frame_latency=(double)42.672043, avg=(double)99.301985, min=(double)35.432142, max=(double)3071.486303, latency=(double)16.990793, fps=(double)58.855406, frame_num=(uint)687;
0:00:13.022311340 [32m    1[00m 0x79c908000b70 [37mTRACE  [00m [00;34m          GST_TRACER :0::[00m latency_tracer_pipeline, frame_latency=(double)43.908452, avg=(double)99.221471, min=(double)35.432142, max=(double)3071.486303, latency=(double)17.016529, fps=(double)58.766391, frame_num=(uint)688;
0:00:13.022323929 [32m    1[00m 0x79c908000b70 [37mTRACE  [00m [00;34m          GST_TRACER :0::[00m latency_tracer_pipeline, frame_latency=(double)43.908452, avg=(double)99.141191, min=(double)35.432142, max=(double)3071.486303, latency=(double)16.991832, fps=(double)58.851808, frame_num=(uint)689;
0:00:13.053637285 [32m    1[00m 0x79c908000b70 [37mTRACE  [00m [00;34m          GST_TRACER :0::[00m latency_tracer_pipeline, frame_latency=(double)42.049083, avg=(double)99.058449, min=(double)35.432142, max=(double)3071.486303, latency=(double)17.012591, fps=(double)58.779995, frame_num=(uint)690;
0:00:13.053656464 [32m    1[00m 0x79c908000b70 [37mTRACE  [00m [00;34m          GST_TRACER :0::[00m latency_tracer_pipeline, frame_latency=(double)42.049083, avg=(double)98.975946, min=(double)35.432142, max=(double)3071.486303, latency=(double)16.987970, fps=(double)58.865184, frame_num=(uint)691;
0:00:13.089112709 [32m    1[00m 0x79c908000b70 [37mTRACE  [00m [00;34m          GST_TRACER :0::[00m latency_tracer_pipeline, frame_latency=(double)44.293320, avg=(double)98.896925, min=(double)35.432142, max=(double)3071.486303, latency=(double)17.014702, fps=(double)58.772702, frame_num=(uint)692;
0:00:13.089128065 [32m    1[00m 0x79c908000b70 [37mTRACE  [00m [00;34m          GST_TRACER :0::[00m latency_tracer_pipeline, frame_latency=(double)44.293320, avg=(double)98.818132, min=(double)35.432142, max=(double)3071.486303, latency=(double)16.990150, fps=(double)58.857634, frame_num=(uint)693;
0:00:13.120295273 [32m    1[00m 0x79c908000b70 [37mTRACE  [00m [00;34m          GST_TRACER :0::[00m latency_tracer_pipeline, frame_latency=(double)42.129329, avg=(double)98.736448, min=(double)35.432142, max=(double)3071.486303, latency=(double)17.010589, fps=(double)58.786912, frame_num=(uint)694;
0:00:13.120314232 [32m    1[00m 0x79c908000b70 [37mTRACE  [00m [00;34m          GST_TRACER :0::[00m latency_tracer_pipeline, frame_latency=(double)42.129329, avg=(double)98.654999, min=(double)35.432142, max=(double)3071.486303, latency=(double)16.986113, fps=(double)58.871620, frame_num=(uint)695;
0:00:13.156119522 [32m    1[00m 0x79c908000b70 [37mTRACE  [00m [00;34m          GST_TRACER :0::[00m latency_tracer_pipeline, frame_latency=(double)44.631954, avg=(double)98.577379, min=(double)35.432142, max=(double)3071.486303, latency=(double)17.013194, fps=(double)58.777913, frame_num=(uint)696;
0:00:13.156132867 [32m    1[00m 0x79c908000b70 [37mTRACE  [00m [00;34m          GST_TRACER :0::[00m latency_tracer_pipeline, frame_latency=(double)44.631954, avg=(double)98.499983, min=(double)35.432142, max=(double)3071.486303, latency=(double)16.988784, fps=(double)58.862364, frame_num=(uint)697;
0:00:13.187777821 [32m    1[00m 0x79c908000b70 [37mTRACE  [00m [00;34m          GST_TRACER :0::[00m latency_tracer_pipeline, frame_latency=(double)43.211699, avg=(double)98.420773, min=(double)35.432142, max=(double)3071.486303, latency=(double)17.009798, fps=(double)58.789645, frame_num=(uint)698;
0:00:13.187792217 [32m    1[00m 0x79c908000b70 [37mTRACE  [00m [00;34m          GST_TRACER :0::[00m latency_tracer_pipeline, frame_latency=(double)43.211699, avg=(double)98.341790, min=(double)35.432142, max=(double)3071.486303, latency=(double)16.985464, fps=(double)58.873871, frame_num=(uint)699;
0:00:13.225613393 [32m    1[00m 0x79c908000b70 [37mTRACE  [00m [00;34m          GST_TRACER :0::[00m latency_tracer_pipeline, frame_latency=(double)46.907836, avg=(double)98.268313, min=(double)35.432142, max=(double)3071.486303, latency=(double)17.015236, fps=(double)58.770859, frame_num=(uint)700;
0:00:13.225630228 [32m    1[00m 0x79c908000b70 [37mTRACE  [00m [00;34m          GST_TRACER :0::[00m latency_tracer_pipeline, frame_latency=(double)46.907836, avg=(double)98.195046, min=(double)35.432142, max=(double)3071.486303, latency=(double)16.990963, fps=(double)58.854817, frame_num=(uint)701;
0:00:13.254064369 [32m    1[00m 0x79c908000b70 [37mTRACE  [00m [00;34m          GST_TRACER :0::[00m latency_tracer_pipeline, frame_latency=(double)41.974826, avg=(double)98.114960, min=(double)35.432142, max=(double)3071.486303, latency=(double)17.007289, fps=(double)58.798317, frame_num=(uint)702;
0:00:13.254078713 [32m    1[00m 0x79c908000b70 [37mTRACE  [00m [00;34m          GST_TRACER :0::[00m latency_tracer_pipeline, frame_latency=(double)41.974826, avg=(double)98.035102, min=(double)35.432142, max=(double)3071.486303, latency=(double)16.983097, fps=(double)58.882075, frame_num=(uint)703;
0:00:13.291741733 [32m    1[00m 0x79c908000b70 [37mTRACE  [00m [00;34m          GST_TRACER :0::[00m latency_tracer_pipeline, frame_latency=(double)46.726068, avg=(double)97.962220, min=(double)35.432142, max=(double)3071.486303, latency=(double)17.012504, fps=(double)58.780296, frame_num=(uint)704;
0:00:13.291757157 [32m    1[00m 0x79c908000b70 [37mTRACE  [00m [00;34m          GST_TRACER :0::[00m latency_tracer_pipeline, frame_latency=(double)46.726068, avg=(double)97.889544, min=(double)35.432142, max=(double)3071.486303, latency=(double)16.988372, fps=(double)58.863791, frame_num=(uint)705;
0:00:13.320362597 [32m    1[00m 0x79c908000b70 [37mTRACE  [00m [00;34m          GST_TRACER :0::[00m latency_tracer_pipeline, frame_latency=(double)42.183835, avg=(double)97.810641, min=(double)35.432142, max=(double)3071.486303, latency=(double)17.004850, fps=(double)58.806751, frame_num=(uint)706;
0:00:13.320375303 [32m    1[00m 0x79c908000b70 [37mTRACE  [00m [00;34m          GST_TRACER :0::[00m latency_tracer_pipeline, frame_latency=(double)42.183835, avg=(double)97.731961, min=(double)35.432142, max=(double)3071.486303, latency=(double)16.980798, fps=(double)58.890046, frame_num=(uint)707;
0:00:13.355768206 [32m    1[00m 0x79c908000b70 [37mTRACE  [00m [00;34m          GST_TRACER :0::[00m latency_tracer_pipeline, frame_latency=(double)44.281685, avg=(double)97.656466, min=(double)35.432142, max=(double)3071.486303, latency=(double)17.006807, fps=(double)58.799986, frame_num=(uint)708;
0:00:13.355784181 [32m    1[00m 0x79c908000b70 [37mTRACE  [00m [00;34m          GST_TRACER :0::[00m latency_tracer_pipeline, frame_latency=(double)44.281685, avg=(double)97.581185, min=(double)35.432142, max=(double)3071.486303, latency=(double)16.982820, fps=(double)58.883037, frame_num=(uint)709;
0:00:13.386606603 [32m    1[00m 0x79c908000b70 [37mTRACE  [00m [00;34m          GST_TRACER :0::[00m latency_tracer_pipeline, frame_latency=(double)41.766269, avg=(double)97.502572, min=(double)35.432142, max=(double)3071.486303, latency=(double)17.002352, fps=(double)58.815392, frame_num=(uint)710;
0:00:13.386617577 [32m    1[00m 0x79c908000b70 [37mTRACE  [00m [00;34m          GST_TRACER :0::[00m latency_tracer_pipeline, frame_latency=(double)41.766269, avg=(double)97.424181, min=(double)35.432142, max=(double)3071.486303, latency=(double)16.978439, fps=(double)58.898231, frame_num=(uint)711;
0:00:13.422511735 [32m    1[00m 0x79c908000b70 [37mTRACE  [00m [00;34m          GST_TRACER :0::[00m latency_tracer_pipeline, frame_latency=(double)44.564917, avg=(double)97.349940, min=(double)35.432142, max=(double)3071.486303, latency=(double)17.005019, fps=(double)58.806167, frame_num=(uint)712;
0:00:13.422524675 [32m    1[00m 0x79c908000b70 [37mTRACE  [00m [00;34m          GST_TRACER :0::[00m latency_tracer_pipeline, frame_latency=(double)44.564917, avg=(double)97.275908, min=(double)35.432142, max=(double)3071.486303, latency=(double)16.981169, fps=(double)58.888760, frame_num=(uint)713;
0:00:13.455076758 [32m    1[00m 0x79c908000b70 [37mTRACE  [00m [00;34m          GST_TRACER :0::[00m latency_tracer_pipeline, frame_latency=(double)43.097772, avg=(double)97.200028, min=(double)35.432142, max=(double)3071.486303, latency=(double)17.002983, fps=(double)58.813210, frame_num=(uint)714;
0:00:13.455099435 [32m    1[00m 0x79c908000b70 [37mTRACE  [00m [00;34m          GST_TRACER :0::[00m latency_tracer_pipeline, frame_latency=(double)43.097772, avg=(double)97.124361, min=(double)35.432142, max=(double)3071.486303, latency=(double)16.979202, fps=(double)58.895581, frame_num=(uint)715;
0:00:13.487605605 [32m    1[00m 0x79c908000b70 [37mTRACE  [00m [00;34m          GST_TRACER :0::[00m latency_tracer_pipeline, frame_latency=(double)42.184256, avg=(double)97.047629, min=(double)35.432142, max=(double)3071.486303, latency=(double)17.000929, fps=(double)58.820314, frame_num=(uint)716;
0:00:13.487617579 [32m    1[00m 0x79c908000b70 [37mTRACE  [00m [00;34m          GST_TRACER :0::[00m latency_tracer_pipeline, frame_latency=(double)42.184256, avg=(double)96.971111, min=(double)35.432142, max=(double)3071.486303, latency=(double)16.977218, fps=(double)58.902465, frame_num=(uint)717;
0:00:13.521092830 [32m    1[00m 0x79c908000b70 [37mTRACE  [00m [00;34m          GST_TRACER :0::[00m latency_tracer_pipeline, frame_latency=(double)42.648332, avg=(double)96.895452, min=(double)35.432142, max=(double)3071.486303, latency=(double)17.000201, fps=(double)58.822834, frame_num=(uint)718;
0:00:13.521121429 [32m    1[00m 0x79c908000b70 [37mTRACE  [00m [00;34m          GST_TRACER :0::[00m latency_tracer_pipeline, frame_latency=(double)42.648332, avg=(double)96.820004, min=(double)35.432142, max=(double)3071.486303, latency=(double)16.976557, fps=(double)58.904760, frame_num=(uint)719;
0:00:13.554391580 [32m    1[00m 0x79c908000b70 [37mTRACE  [00m [00;34m          GST_TRACER :0::[00m latency_tracer_pipeline, frame_latency=(double)42.504289, avg=(double)96.744566, min=(double)35.432142, max=(double)3071.486303, latency=(double)16.999223, fps=(double)58.826218, frame_num=(uint)720;
0:00:13.554401296 [32m    1[00m 0x79c908000b70 [37mTRACE  [00m [00;34m          GST_TRACER :0::[00m latency_tracer_pipeline, frame_latency=(double)42.504289, avg=(double)96.669336, min=(double)35.432142, max=(double)3071.486303, latency=(double)16.975646, fps=(double)58.907921, frame_num=(uint)721;
0:00:13.586748965 [32m    1[00m 0x79c908000b70 [37mTRACE  [00m [00;34m          GST_TRACER :0::[00m latency_tracer_pipeline, frame_latency=(double)42.157127, avg=(double)96.593835, min=(double)35.432142, max=(double)3071.486303, latency=(double)16.996956, fps=(double)58.834063, frame_num=(uint)722;
0:00:13.586764034 [32m    1[00m 0x79c908000b70 [37mTRACE  [00m [00;34m          GST_TRACER :0::[00m latency_tracer_pipeline, frame_latency=(double)42.157127, avg=(double)96.518542, min=(double)35.432142, max=(double)3071.486303, latency=(double)16.973447, fps=(double)58.915551, frame_num=(uint)723;
0:00:13.619454690 [32m    1[00m 0x79c908000b70 [37mTRACE  [00m [00;34m          GST_TRACER :0::[00m latency_tracer_pipeline, frame_latency=(double)41.211741, avg=(double)96.442151, min=(double)35.432142, max=(double)3071.486303, latency=(double)16.995178, fps=(double)58.840220, frame_num=(uint)724;
0:00:13.619478309 [32m    1[00m 0x79c908000b70 [37mTRACE  [00m [00;34m          GST_TRACER :0::[00m latency_tracer_pipeline, frame_latency=(double)41.211741, avg=(double)96.365971, min=(double)35.432142, max=(double)3071.486303, latency=(double)16.971736, fps=(double)58.921491, frame_num=(uint)725;
0:00:13.653546363 [32m    1[00m 0x79c908000b70 [37mTRACE  [00m [00;34m          GST_TRACER :0::[00m latency_tracer_pipeline, frame_latency=(double)42.113763, avg=(double)96.291244, min=(double)35.432142, max=(double)3071.486303, latency=(double)16.995326, fps=(double)58.839705, frame_num=(uint)726;
0:00:13.653559605 [32m    1[00m 0x79c908000b70 [37mTRACE  [00m [00;34m          GST_TRACER :0::[00m latency_tracer_pipeline, frame_latency=(double)42.113763, avg=(double)96.216722, min=(double)35.432142, max=(double)3071.486303, latency=(double)16.971949, fps=(double)58.920752, frame_num=(uint)727;
0:00:13.687013062 [32m    1[00m 0x79c908000b70 [37mTRACE  [00m [00;34m          GST_TRACER :0::[00m latency_tracer_pipeline, frame_latency=(double)42.247309, avg=(double)96.142588, min=(double)35.432142, max=(double)3071.486303, latency=(double)16.994597, fps=(double)58.842232, frame_num=(uint)728;
0:00:13.687034181 [32m    1[00m 0x79c908000b70 [37mTRACE  [00m [00;34m          GST_TRACER :0::[00m latency_tracer_pipeline, frame_latency=(double)42.247309, avg=(double)96.068658, min=(double)35.432142, max=(double)3071.486303, latency=(double)16.971284, fps=(double)58.923060, frame_num=(uint)729;
0:00:13.719290910 [32m    1[00m 0x79c908000b70 [37mTRACE  [00m [00;34m          GST_TRACER :0::[00m latency_tracer_pipeline, frame_latency=(double)40.930871, avg=(double)95.993126, min=(double)35.432142, max=(double)3071.486303, latency=(double)16.992255, fps=(double)58.850341, frame_num=(uint)730;
0:00:13.719302484 [32m    1[00m 0x79c908000b70 [37mTRACE  [00m [00;34m          GST_TRACER :0::[00m latency_tracer_pipeline, frame_latency=(double)40.930871, avg=(double)95.917802, min=(double)35.432142, max=(double)3071.486303, latency=(double)16.969010, fps=(double)58.930958, frame_num=(uint)731;
FpsCounter(last 1.03sec): total=30.03 fps, number-streams=1, per-stream=30.03 fps
latency: -2299.15ms
0:00:13.753832125 [32m    1[00m 0x79c908000b70 [37mTRACE  [00m [00;34m          GST_TRACER :0::[00m latency_tracer_pipeline, frame_latency=(double)42.558736, avg=(double)95.844907, min=(double)35.432142, max=(double)3071.486303, latency=(double)16.993029, fps=(double)58.847660, frame_num=(uint)732;
0:00:13.753839841 [32m    1[00m 0x79c908000b70 [37mTRACE  [00m [00;34m          GST_TRACER :0::[00m latency_tracer_pipeline_interval, interval=(double)1032.422777, avg=(double)43.327993, min=(double)40.841732, max=(double)47.548542, latency=(double)16.651980, fps=(double)60.052918;
0:00:13.753843034 [32m    1[00m 0x79c908000b70 [37mTRACE  [00m [00;34m          GST_TRACER :0::[00m latency_tracer_pipeline, frame_latency=(double)42.558736, avg=(double)95.772211, min=(double)35.432142, max=(double)3071.486303, latency=(double)16.969846, fps=(double)58.928053, frame_num=(uint)733;
0:00:13.787249114 [32m    1[00m 0x79c908000b70 [37mTRACE  [00m [00;34m          GST_TRACER :0::[00m latency_tracer_pipeline, frame_latency=(double)42.076208, avg=(double)95.699056, min=(double)35.432142, max=(double)3071.486303, latency=(double)16.992240, fps=(double)58.850395, frame_num=(uint)734;
0:00:13.787268206 [32m    1[00m 0x79c908000b70 [37mTRACE  [00m [00;34m          GST_TRACER :0::[00m latency_tracer_pipeline, frame_latency=(double)42.076208, avg=(double)95.626099, min=(double)35.432142, max=(double)3071.486303, latency=(double)16.969121, fps=(double)58.930572, frame_num=(uint)735;
0:00:13.821173110 [32m    1[00m 0x79c908000b70 [37mTRACE  [00m [00;34m          GST_TRACER :0::[00m latency_tracer_pipeline, frame_latency=(double)43.203605, avg=(double)95.554873, min=(double)35.432142, max=(double)3071.486303, latency=(double)16.992167, fps=(double)58.850646, frame_num=(uint)736;
0:00:13.821185821 [32m    1[00m 0x79c908000b70 [37mTRACE  [00m [00;34m          GST_TRACER :0::[00m latency_tracer_pipeline, frame_latency=(double)43.203605, avg=(double)95.483840, min=(double)35.432142, max=(double)3071.486303, latency=(double)16.969111, fps=(double)58.930606, frame_num=(uint)737;
0:00:13.853307457 [32m    1[00m 0x79c908000b70 [37mTRACE  [00m [00;34m          GST_TRACER :0::[00m latency_tracer_pipeline, frame_latency=(double)41.734788, avg=(double)95.411010, min=(double)35.432142, max=(double)3071.486303, latency=(double)16.989657, fps=(double)58.859342, frame_num=(uint)738;
0:00:13.853319971 [32m    1[00m 0x79c908000b70 [37mTRACE  [00m [00;34m          GST_TRACER :0::[00m latency_tracer_pipeline, frame_latency=(double)41.734788, avg=(double)95.338376, min=(double)35.432142, max=(double)3071.486303, latency=(double)16.966666, fps=(double)58.939097, frame_num=(uint)739;
0:00:13.887596806 [32m    1[00m 0x79c908000b70 [37mTRACE  [00m [00;34m          GST_TRACER :0::[00m latency_tracer_pipeline, frame_latency=(double)42.510020, avg=(double)95.266986, min=(double)35.432142, max=(double)3071.486303, latency=(double)16.990068, fps=(double)58.857917, frame_num=(uint)740;
0:00:13.887616835 [32m    1[00m 0x79c908000b70 [37mTRACE  [00m [00;34m          GST_TRACER :0::[00m latency_tracer_pipeline, frame_latency=(double)42.510020, avg=(double)95.195789, min=(double)35.432142, max=(double)3071.486303, latency=(double)16.967139, fps=(double)58.937455, frame_num=(uint)741;
0:00:13.920820828 [32m    1[00m 0x79c908000b70 [37mTRACE  [00m [00;34m          GST_TRACER :0::[00m latency_tracer_pipeline, frame_latency=(double)42.327307, avg=(double)95.124538, min=(double)35.432142, max=(double)3071.486303, latency=(double)16.989056, fps=(double)58.861422, frame_num=(uint)742;
0:00:13.920833675 [32m    1[00m 0x79c908000b70 [37mTRACE  [00m [00;34m          GST_TRACER :0::[00m latency_tracer_pipeline, frame_latency=(double)42.327307, avg=(double)95.053478, min=(double)35.432142, max=(double)3071.486303, latency=(double)16.966191, fps=(double)58.940750, frame_num=(uint)743;
0:00:13.954014504 [32m    1[00m 0x79c908000b70 [37mTRACE  [00m [00;34m          GST_TRACER :0::[00m latency_tracer_pipeline, frame_latency=(double)42.239913, avg=(double)94.982492, min=(double)35.432142, max=(double)3071.486303, latency=(double)16.987997, fps=(double)58.865092, frame_num=(uint)744;
0:00:13.954031567 [32m    1[00m 0x79c908000b70 [37mTRACE  [00m [00;34m          GST_TRACER :0::[00m latency_tracer_pipeline, frame_latency=(double)42.239913, avg=(double)94.911697, min=(double)35.432142, max=(double)3071.486303, latency=(double)16.965194, fps=(double)58.944212, frame_num=(uint)745;
0:00:13.986367950 [32m    1[00m 0x79c908000b70 [37mTRACE  [00m [00;34m          GST_TRACER :0::[00m latency_tracer_pipeline, frame_latency=(double)41.804527, avg=(double)94.840508, min=(double)35.432142, max=(double)3071.486303, latency=(double)16.985820, fps=(double)58.872635, frame_num=(uint)746;
0:00:13.986378812 [32m    1[00m 0x79c908000b70 [37mTRACE  [00m [00;34m          GST_TRACER :0::[00m latency_tracer_pipeline, frame_latency=(double)41.804527, avg=(double)94.769509, min=(double)35.432142, max=(double)3071.486303, latency=(double)16.963082, fps=(double)58.951553, frame_num=(uint)747;
0:00:14.020236254 [32m    1[00m 0x79c908000b70 [37mTRACE  [00m [00;34m          GST_TRACER :0::[00m latency_tracer_pipeline, frame_latency=(double)42.244664, avg=(double)94.699289, min=(double)35.432142, max=(double)3071.486303, latency=(double)16.985676, fps=(double)58.873134, frame_num=(uint)748;
0:00:14.020262379 [32m    1[00m 0x79c908000b70 [37mTRACE  [00m [00;34m          GST_TRACER :0::[00m latency_tracer_pipeline, frame_latency=(double)42.244664, avg=(double)94.629256, min=(double)35.432142, max=(double)3071.486303, latency=(double)16.962999, fps=(double)58.951842, frame_num=(uint)749;
0:00:14.053999230 [32m    1[00m 0x79c908000b70 [37mTRACE  [00m [00;34m          GST_TRACER :0::[00m latency_tracer_pipeline, frame_latency=(double)42.275568, avg=(double)94.559451, min=(double)35.432142, max=(double)3071.486303, latency=(double)16.985404, fps=(double)58.874078, frame_num=(uint)750;
0:00:14.054023560 [32m    1[00m 0x79c908000b70 [37mTRACE  [00m [00;34m          GST_TRACER :0::[00m latency_tracer_pipeline, frame_latency=(double)42.275568, avg=(double)94.489832, min=(double)35.432142, max=(double)3071.486303, latency=(double)16.962787, fps=(double)58.952576, frame_num=(uint)751;
0:00:14.086825413 [32m    1[00m 0x79c908000b70 [37mTRACE  [00m [00;34m          GST_TRACER :0::[00m latency_tracer_pipeline, frame_latency=(double)41.855221, avg=(double)94.419839, min=(double)35.432142, max=(double)3071.486303, latency=(double)16.983883, fps=(double)58.879352, frame_num=(uint)752;
0:00:14.086840858 [32m    1[00m 0x79c908000b70 [37mTRACE  [00m [00;34m          GST_TRACER :0::[00m latency_tracer_pipeline, frame_latency=(double)41.855221, avg=(double)94.350032, min=(double)35.432142, max=(double)3071.486303, latency=(double)16.961328, fps=(double)58.957649, frame_num=(uint)753;
0:00:14.120197660 [32m    1[00m 0x79c908000b70 [37mTRACE  [00m [00;34m          GST_TRACER :0::[00m latency_tracer_pipeline, frame_latency=(double)41.992998, avg=(double)94.280593, min=(double)35.432142, max=(double)3071.486303, latency=(double)16.983095, fps=(double)58.882083, frame_num=(uint)754;
0:00:14.120210711 [32m    1[00m 0x79c908000b70 [37mTRACE  [00m [00;34m          GST_TRACER :0::[00m latency_tracer_pipeline, frame_latency=(double)41.992998, avg=(double)94.211338, min=(double)35.432142, max=(double)3071.486303, latency=(double)16.960601, fps=(double)58.960176, frame_num=(uint)755;
0:00:14.153642502 [32m    1[00m 0x79c908000b70 [37mTRACE  [00m [00;34m          GST_TRACER :0::[00m latency_tracer_pipeline, frame_latency=(double)42.111539, avg=(double)94.142423, min=(double)35.432142, max=(double)3071.486303, latency=(double)16.982402, fps=(double)58.884486, frame_num=(uint)756;
0:00:14.153669433 [32m    1[00m 0x79c908000b70 [37mTRACE  [00m [00;34m          GST_TRACER :0::[00m latency_tracer_pipeline, frame_latency=(double)42.111539, avg=(double)94.073690, min=(double)35.432142, max=(double)3071.486303, latency=(double)16.959968, fps=(double)58.962376, frame_num=(uint)757;
0:00:14.186672485 [32m    1[00m 0x79c908000b70 [37mTRACE  [00m [00;34m          GST_TRACER :0::[00m latency_tracer_pipeline, frame_latency=(double)41.773722, avg=(double)94.004693, min=(double)35.432142, max=(double)3071.486303, latency=(double)16.981165, fps=(double)58.888774, frame_num=(uint)758;
0:00:14.186703055 [32m    1[00m 0x79c908000b70 [37mTRACE  [00m [00;34m          GST_TRACER :0::[00m latency_tracer_pipeline, frame_latency=(double)41.773722, avg=(double)93.935877, min=(double)35.432142, max=(double)3071.486303, latency=(double)16.958792, fps=(double)58.966463, frame_num=(uint)759;
0:00:14.219971014 [32m    1[00m 0x79c908000b70 [37mTRACE  [00m [00;34m          GST_TRACER :0::[00m latency_tracer_pipeline, frame_latency=(double)41.997262, avg=(double)93.867537, min=(double)35.432142, max=(double)3071.486303, latency=(double)16.980295, fps=(double)58.891793, frame_num=(uint)760;
0:00:14.219990910 [32m    1[00m 0x79c908000b70 [37mTRACE  [00m [00;34m          GST_TRACER :0::[00m latency_tracer_pipeline, frame_latency=(double)41.997262, avg=(double)93.799376, min=(double)35.432142, max=(double)3071.486303, latency=(double)16.957982, fps=(double)58.969282, frame_num=(uint)761;
0:00:14.253589521 [32m    1[00m 0x79c908000b70 [37mTRACE  [00m [00;34m          GST_TRACER :0::[00m latency_tracer_pipeline, frame_latency=(double)42.142748, avg=(double)93.731585, min=(double)35.432142, max=(double)3071.486303, latency=(double)16.979852, fps=(double)58.893327, frame_num=(uint)762;
0:00:14.253602423 [32m    1[00m 0x79c908000b70 [37mTRACE  [00m [00;34m          GST_TRACER :0::[00m latency_tracer_pipeline, frame_latency=(double)42.142748, avg=(double)93.663972, min=(double)35.432142, max=(double)3071.486303, latency=(double)16.957598, fps=(double)58.970615, frame_num=(uint)763;
0:00:14.287008992 [32m    1[00m 0x79c908000b70 [37mTRACE  [00m [00;34m          GST_TRACER :0::[00m latency_tracer_pipeline, frame_latency=(double)41.948445, avg=(double)93.596282, min=(double)35.432142, max=(double)3071.486303, latency=(double)16.979140, fps=(double)58.895798, frame_num=(uint)764;
0:00:14.287025315 [32m    1[00m 0x79c908000b70 [37mTRACE  [00m [00;34m          GST_TRACER :0::[00m latency_tracer_pipeline, frame_latency=(double)41.948445, avg=(double)93.528768, min=(double)35.432142, max=(double)3071.486303, latency=(double)16.956945, fps=(double)58.972887, frame_num=(uint)765;
0:00:14.321772770 [32m    1[00m 0x79c908000b70 [37mTRACE  [00m [00;34m          GST_TRACER :0::[00m latency_tracer_pipeline, frame_latency=(double)43.342403, avg=(double)93.463251, min=(double)35.432142, max=(double)3071.486303, latency=(double)16.980192, fps=(double)58.892148, frame_num=(uint)766;
0:00:14.321789151 [32m    1[00m 0x79c908000b70 [37mTRACE  [00m [00;34m          GST_TRACER :0::[00m latency_tracer_pipeline, frame_latency=(double)43.342403, avg=(double)93.397904, min=(double)35.432142, max=(double)3071.486303, latency=(double)16.958054, fps=(double)58.969030, frame_num=(uint)767;
0:00:14.353635985 [32m    1[00m 0x79c908000b70 [37mTRACE  [00m [00;34m          GST_TRACER :0::[00m latency_tracer_pipeline, frame_latency=(double)41.557017, avg=(double)93.330403, min=(double)35.432142, max=(double)3071.486303, latency=(double)16.977467, fps=(double)58.901600, frame_num=(uint)768;
0:00:14.353645405 [32m    1[00m 0x79c908000b70 [37mTRACE  [00m [00;34m          GST_TRACER :0::[00m latency_tracer_pipeline, frame_latency=(double)41.557017, avg=(double)93.263077, min=(double)35.432142, max=(double)3071.486303, latency=(double)16.955390, fps=(double)58.978295, frame_num=(uint)769;
0:00:14.385595417 [32m    1[00m 0x79c908000b70 [37mTRACE  [00m [00;34m          GST_TRACER :0::[00m latency_tracer_pipeline, frame_latency=(double)40.892319, avg=(double)93.195063, min=(double)35.432142, max=(double)3071.486303, latency=(double)16.974873, fps=(double)58.910601, frame_num=(uint)770;
0:00:14.385617563 [32m    1[00m 0x79c908000b70 [37mTRACE  [00m [00;34m          GST_TRACER :0::[00m latency_tracer_pipeline, frame_latency=(double)40.892319, avg=(double)93.127226, min=(double)35.432142, max=(double)3071.486303, latency=(double)16.952857, fps=(double)58.987109, frame_num=(uint)771;
0:00:14.419130008 [32m    1[00m 0x79c908000b70 [37mTRACE  [00m [00;34m          GST_TRACER :0::[00m latency_tracer_pipeline, frame_latency=(double)41.251188, avg=(double)93.060029, min=(double)35.432142, max=(double)3071.486303, latency=(double)16.974334, fps=(double)58.912474, frame_num=(uint)772;
0:00:14.419154005 [32m    1[00m 0x79c908000b70 [37mTRACE  [00m [00;34m          GST_TRACER :0::[00m latency_tracer_pipeline, frame_latency=(double)41.251188, avg=(double)92.993006, min=(double)35.432142, max=(double)3071.486303, latency=(double)16.952375, fps=(double)58.988786, frame_num=(uint)773;
0:00:14.453132074 [32m    1[00m 0x79c908000b70 [37mTRACE  [00m [00;34m          GST_TRACER :0::[00m latency_tracer_pipeline, frame_latency=(double)41.918858, avg=(double)92.927019, min=(double)35.432142, max=(double)3071.486303, latency=(double)16.974402, fps=(double)58.912236, frame_num=(uint)774;
0:00:14.453156035 [32m    1[00m 0x79c908000b70 [37mTRACE  [00m [00;34m          GST_TRACER :0::[00m latency_tracer_pipeline, frame_latency=(double)41.918858, avg=(double)92.861202, min=(double)35.432142, max=(double)3071.486303, latency=(double)16.952500, fps=(double)58.988350, frame_num=(uint)775;
0:00:14.486184072 [32m    1[00m 0x79c908000b70 [37mTRACE  [00m [00;34m          GST_TRACER :0::[00m latency_tracer_pipeline, frame_latency=(double)41.492439, avg=(double)92.795005, min=(double)35.432142, max=(double)3071.486303, latency=(double)16.973247, fps=(double)58.916245, frame_num=(uint)776;
0:00:14.486199548 [32m    1[00m 0x79c908000b70 [37mTRACE  [00m [00;34m          GST_TRACER :0::[00m latency_tracer_pipeline, frame_latency=(double)41.492439, avg=(double)92.728978, min=(double)35.432142, max=(double)3071.486303, latency=(double)16.951403, fps=(double)58.992168, frame_num=(uint)777;
0:00:14.520311673 [32m    1[00m 0x79c908000b70 [37mTRACE  [00m [00;34m          GST_TRACER :0::[00m latency_tracer_pipeline, frame_latency=(double)42.353623, avg=(double)92.664228, min=(double)35.432142, max=(double)3071.486303, latency=(double)16.973483, fps=(double)58.915427, frame_num=(uint)778;
0:00:14.520323849 [32m    1[00m 0x79c908000b70 [37mTRACE  [00m [00;34m          GST_TRACER :0::[00m latency_tracer_pipeline, frame_latency=(double)42.353623, avg=(double)92.599645, min=(double)35.432142, max=(double)3071.486303, latency=(double)16.951694, fps=(double)58.991153, frame_num=(uint)779;
0:00:14.553496987 [32m    1[00m 0x79c908000b70 [37mTRACE  [00m [00;34m          GST_TRACER :0::[00m latency_tracer_pipeline, frame_latency=(double)41.876401, avg=(double)92.534615, min=(double)35.432142, max=(double)3071.486303, latency=(double)16.972496, fps=(double)58.918853, frame_num=(uint)780;
0:00:14.553510089 [32m    1[00m 0x79c908000b70 [37mTRACE  [00m [00;34m          GST_TRACER :0::[00m latency_tracer_pipeline, frame_latency=(double)41.876401, avg=(double)92.469752, min=(double)35.432142, max=(double)3071.486303, latency=(double)16.950764, fps=(double)58.994390, frame_num=(uint)781;
0:00:14.587737317 [32m    1[00m 0x79c908000b70 [37mTRACE  [00m [00;34m          GST_TRACER :0::[00m latency_tracer_pipeline, frame_latency=(double)42.697153, avg=(double)92.406104, min=(double)35.432142, max=(double)3071.486303, latency=(double)16.972879, fps=(double)58.917525, frame_num=(uint)782;
0:00:14.587750121 [32m    1[00m 0x79c908000b70 [37mTRACE  [00m [00;34m          GST_TRACER :0::[00m latency_tracer_pipeline, frame_latency=(double)42.697153, avg=(double)92.342619, min=(double)35.432142, max=(double)3071.486303, latency=(double)16.951202, fps=(double)58.992867, frame_num=(uint)783;
0:00:14.620382177 [32m    1[00m 0x79c908000b70 [37mTRACE  [00m [00;34m          GST_TRACER :0::[00m latency_tracer_pipeline, frame_latency=(double)41.699583, avg=(double)92.278023, min=(double)35.432142, max=(double)3071.486303, latency=(double)16.971225, fps=(double)58.923266, frame_num=(uint)784;
0:00:14.620395026 [32m    1[00m 0x79c908000b70 [37mTRACE  [00m [00;34m          GST_TRACER :0::[00m latency_tracer_pipeline, frame_latency=(double)41.699583, avg=(double)92.213592, min=(double)35.432142, max=(double)3071.486303, latency=(double)16.949606, fps=(double)58.998423, frame_num=(uint)785;
0:00:14.653369405 [32m    1[00m 0x79c908000b70 [37mTRACE  [00m [00;34m          GST_TRACER :0::[00m latency_tracer_pipeline, frame_latency=(double)41.379868, avg=(double)92.148918, min=(double)35.432142, max=(double)3071.486303, latency=(double)16.969999, fps=(double)58.927522, frame_num=(uint)786;
0:00:14.653387689 [32m    1[00m 0x79c908000b70 [37mTRACE  [00m [00;34m          GST_TRACER :0::[00m latency_tracer_pipeline, frame_latency=(double)41.379868, avg=(double)92.084408, min=(double)35.432142, max=(double)3071.486303, latency=(double)16.948436, fps=(double)59.002493, frame_num=(uint)787;
0:00:14.686641246 [32m    1[00m 0x79c908000b70 [37mTRACE  [00m [00;34m          GST_TRACER :0::[00m latency_tracer_pipeline, frame_latency=(double)41.747132, avg=(double)92.020529, min=(double)35.432142, max=(double)3071.486303, latency=(double)16.969156, fps=(double)58.930450, frame_num=(uint)788;
0:00:14.686658926 [32m    1[00m 0x79c908000b70 [37mTRACE  [00m [00;34m          GST_TRACER :0::[00m latency_tracer_pipeline, frame_latency=(double)41.747132, avg=(double)91.956811, min=(double)35.432142, max=(double)3071.486303, latency=(double)16.947649, fps=(double)59.005235, frame_num=(uint)789;
0:00:14.720652777 [32m    1[00m 0x79c908000b70 [37mTRACE  [00m [00;34m          GST_TRACER :0::[00m latency_tracer_pipeline, frame_latency=(double)42.542418, avg=(double)91.894261, min=(double)35.432142, max=(double)3071.486303, latency=(double)16.969250, fps=(double)58.930124, frame_num=(uint)790;
0:00:14.720671367 [32m    1[00m 0x79c908000b70 [37mTRACE  [00m [00;34m          GST_TRACER :0::[00m latency_tracer_pipeline, frame_latency=(double)42.542418, avg=(double)91.831869, min=(double)35.432142, max=(double)3071.486303, latency=(double)16.947797, fps=(double)59.004719, frame_num=(uint)791;
FpsCounter(last 1.00sec): total=29.98 fps, number-streams=1, per-stream=29.98 fps
latency: -2503.85ms
0:00:14.754401066 [32m    1[00m 0x79c908000b70 [37mTRACE  [00m [00;34m          GST_TRACER :0::[00m latency_tracer_pipeline, frame_latency=(double)42.581964, avg=(double)91.769685, min=(double)35.432142, max=(double)3071.486303, latency=(double)16.969022, fps=(double)58.930914, frame_num=(uint)792;
0:00:14.754407941 [32m    1[00m 0x79c908000b70 [37mTRACE  [00m [00;34m          GST_TRACER :0::[00m latency_tracer_pipeline_interval, interval=(double)1000.568542, avg=(double)42.051976, min=(double)40.892319, max=(double)43.342403, latency=(double)16.676142, fps=(double)59.965907;
0:00:14.754411363 [32m    1[00m 0x79c908000b70 [37mTRACE  [00m [00;34m          GST_TRACER :0::[00m latency_tracer_pipeline, frame_latency=(double)42.581964, avg=(double)91.707658, min=(double)35.432142, max=(double)3071.486303, latency=(double)16.947624, fps=(double)59.005322, frame_num=(uint)793;
0:00:14.786134778 [32m    1[00m 0x79c908000b70 [37mTRACE  [00m [00;34m          GST_TRACER :0::[00m latency_tracer_pipeline, frame_latency=(double)41.502544, avg=(double)91.644427, min=(double)35.432142, max=(double)3071.486303, latency=(double)16.966235, fps=(double)58.940597, frame_num=(uint)794;
0:00:14.786149052 [32m    1[00m 0x79c908000b70 [37mTRACE  [00m [00;34m          GST_TRACER :0::[00m latency_tracer_pipeline, frame_latency=(double)41.502544, avg=(double)91.581355, min=(double)35.432142, max=(double)3071.486303, latency=(double)16.944893, fps=(double)59.014830, frame_num=(uint)795;
0:00:14.820878825 [32m    1[00m 0x79c908000b70 [37mTRACE  [00m [00;34m          GST_TRACER :0::[00m latency_tracer_pipeline, frame_latency=(double)42.975200, avg=(double)91.520292, min=(double)35.432142, max=(double)3071.486303, latency=(double)16.967261, fps=(double)58.937032, frame_num=(uint)796;
0:00:14.820891518 [32m    1[00m 0x79c908000b70 [37mTRACE  [00m [00;34m          GST_TRACER :0::[00m latency_tracer_pipeline, frame_latency=(double)42.975200, avg=(double)91.459383, min=(double)35.432142, max=(double)3071.486303, latency=(double)16.945972, fps=(double)59.011073, frame_num=(uint)797;
0:00:14.854234889 [32m    1[00m 0x79c908000b70 [37mTRACE  [00m [00;34m          GST_TRACER :0::[00m latency_tracer_pipeline, frame_latency=(double)42.419862, avg=(double)91.397930, min=(double)35.432142, max=(double)3071.486303, latency=(double)16.966533, fps=(double)58.939561, frame_num=(uint)798;
0:00:14.854248654 [32m    1[00m 0x79c908000b70 [37mTRACE  [00m [00;34m          GST_TRACER :0::[00m latency_tracer_pipeline, frame_latency=(double)42.419862, avg=(double)91.336630, min=(double)35.432142, max=(double)3071.486303, latency=(double)16.945298, fps=(double)59.013420, frame_num=(uint)799;
0:00:14.887912424 [32m    1[00m 0x79c908000b70 [37mTRACE  [00m [00;34m          GST_TRACER :0::[00m latency_tracer_pipeline, frame_latency=(double)42.942947, avg=(double)91.276138, min=(double)35.432142, max=(double)3071.486303, latency=(double)16.966216, fps=(double)58.940660, frame_num=(uint)800;
0:00:14.887924831 [32m    1[00m 0x79c908000b70 [37mTRACE  [00m [00;34m          GST_TRACER :0::[00m latency_tracer_pipeline, frame_latency=(double)42.942947, avg=(double)91.215797, min=(double)35.432142, max=(double)3071.486303, latency=(double)16.945035, fps=(double)59.014336, frame_num=(uint)801;
0:00:14.920990209 [32m    1[00m 0x79c908000b70 [37mTRACE  [00m [00;34m          GST_TRACER :0::[00m latency_tracer_pipeline, frame_latency=(double)42.229930, avg=(double)91.154718, min=(double)35.432142, max=(double)3071.486303, latency=(double)16.965151, fps=(double)58.944361, frame_num=(uint)802;
0:00:14.921002623 [32m    1[00m 0x79c908000b70 [37mTRACE  [00m [00;34m          GST_TRACER :0::[00m latency_tracer_pipeline, frame_latency=(double)42.229930, avg=(double)91.093790, min=(double)35.432142, max=(double)3071.486303, latency=(double)16.944024, fps=(double)59.017857, frame_num=(uint)803;
0:00:14.953627660 [32m    1[00m 0x79c908000b70 [37mTRACE  [00m [00;34m          GST_TRACER :0::[00m latency_tracer_pipeline, frame_latency=(double)41.954456, avg=(double)91.032671, min=(double)35.432142, max=(double)3071.486303, latency=(double)16.963536, fps=(double)58.949975, frame_num=(uint)804;
0:00:14.953641166 [32m    1[00m 0x79c908000b70 [37mTRACE  [00m [00;34m          GST_TRACER :0::[00m latency_tracer_pipeline, frame_latency=(double)41.954456, avg=(double)90.971705, min=(double)35.432142, max=(double)3071.486303, latency=(double)16.942463, fps=(double)59.023296, frame_num=(uint)805;
0:00:14.987082745 [32m    1[00m 0x79c908000b70 [37mTRACE  [00m [00;34m          GST_TRACER :0::[00m latency_tracer_pipeline, frame_latency=(double)42.095914, avg=(double)90.911065, min=(double)35.432142, max=(double)3071.486303, latency=(double)16.962958, fps=(double)58.951981, frame_num=(uint)806;
0:00:14.987094385 [32m    1[00m 0x79c908000b70 [37mTRACE  [00m [00;34m          GST_TRACER :0::[00m latency_tracer_pipeline, frame_latency=(double)42.095914, avg=(double)90.850575, min=(double)35.432142, max=(double)3071.486303, latency=(double)16.941939, fps=(double)59.025122, frame_num=(uint)807;
0:00:15.019294380 [32m    1[00m 0x79c908000b70 [37mTRACE  [00m [00;34m          GST_TRACER :0::[00m latency_tracer_pipeline, frame_latency=(double)40.658323, avg=(double)90.788456, min=(double)35.432142, max=(double)3071.486303, latency=(double)16.960834, fps=(double)58.959364, frame_num=(uint)808;
0:00:15.019304634 [32m    1[00m 0x79c908000b70 [37mTRACE  [00m [00;34m          GST_TRACER :0::[00m latency_tracer_pipeline, frame_latency=(double)40.658323, avg=(double)90.726490, min=(double)35.432142, max=(double)3071.486303, latency=(double)16.939869, fps=(double)59.032333, frame_num=(uint)809;
0:00:15.053278731 [32m    1[00m 0x79c908000b70 [37mTRACE  [00m [00;34m          GST_TRACER :0::[00m latency_tracer_pipeline, frame_latency=(double)42.016223, avg=(double)90.666354, min=(double)35.432142, max=(double)3071.486303, latency=(double)16.960907, fps=(double)58.959109, frame_num=(uint)810;
0:00:15.053291493 [32m    1[00m 0x79c908000b70 [37mTRACE  [00m [00;34m          GST_TRACER :0::[00m latency_tracer_pipeline, frame_latency=(double)42.016223, avg=(double)90.606366, min=(double)35.432142, max=(double)3071.486303, latency=(double)16.939994, fps=(double)59.031898, frame_num=(uint)811;
0:00:15.087110511 [32m    1[00m 0x79c908000b70 [37mTRACE  [00m [00;34m          GST_TRACER :0::[00m latency_tracer_pipeline, frame_latency=(double)42.474892, avg=(double)90.547091, min=(double)35.432142, max=(double)3071.486303, latency=(double)16.960792, fps=(double)58.959511, frame_num=(uint)812;
0:00:15.087129323 [32m    1[00m 0x79c908000b70 [37mTRACE  [00m [00;34m          GST_TRACER :0::[00m latency_tracer_pipeline, frame_latency=(double)42.474892, avg=(double)90.487962, min=(double)35.432142, max=(double)3071.486303, latency=(double)16.939930, fps=(double)59.032121, frame_num=(uint)813;
0:00:15.120867738 [32m    1[00m 0x79c908000b70 [37mTRACE  [00m [00;34m          GST_TRACER :0::[00m latency_tracer_pipeline, frame_latency=(double)42.605778, avg=(double)90.429139, min=(double)35.432142, max=(double)3071.486303, latency=(double)16.960591, fps=(double)58.960209, frame_num=(uint)814;
0:00:15.120888898 [32m    1[00m 0x79c908000b70 [37mTRACE  [00m [00;34m          GST_TRACER :0::[00m latency_tracer_pipeline, frame_latency=(double)42.605778, avg=(double)90.370460, min=(double)35.432142, max=(double)3071.486303, latency=(double)16.939781, fps=(double)59.032642, frame_num=(uint)815;
0:00:15.154268067 [32m    1[00m 0x79c908000b70 [37mTRACE  [00m [00;34m          GST_TRACER :0::[00m latency_tracer_pipeline, frame_latency=(double)42.185652, avg=(double)90.311410, min=(double)35.432142, max=(double)3071.486303, latency=(double)16.959957, fps=(double)58.962413, frame_num=(uint)816;
0:00:15.154277983 [32m    1[00m 0x79c908000b70 [37mTRACE  [00m [00;34m          GST_TRACER :0::[00m latency_tracer_pipeline, frame_latency=(double)42.185652, avg=(double)90.252504, min=(double)35.432142, max=(double)3071.486303, latency=(double)16.939198, fps=(double)59.034671, frame_num=(uint)817;
0:00:15.186779430 [32m    1[00m 0x79c908000b70 [37mTRACE  [00m [00;34m          GST_TRACER :0::[00m latency_tracer_pipeline, frame_latency=(double)42.128297, avg=(double)90.193673, min=(double)35.432142, max=(double)3071.486303, latency=(double)16.958231, fps=(double)58.968415, frame_num=(uint)818;
0:00:15.186803599 [32m    1[00m 0x79c908000b70 [37mTRACE  [00m [00;34m          GST_TRACER :0::[00m latency_tracer_pipeline, frame_latency=(double)42.128297, avg=(double)90.134985, min=(double)35.432142, max=(double)3071.486303, latency=(double)16.937525, fps=(double)59.040503, frame_num=(uint)819;
0:00:15.220287671 [32m    1[00m 0x79c908000b70 [37mTRACE  [00m [00;34m          GST_TRACER :0::[00m latency_tracer_pipeline, frame_latency=(double)41.982732, avg=(double)90.076262, min=(double)35.432142, max=(double)3071.486303, latency=(double)16.957733, fps=(double)58.970146, frame_num=(uint)820;
0:00:15.220315283 [32m    1[00m 0x79c908000b70 [37mTRACE  [00m [00;34m          GST_TRACER :0::[00m latency_tracer_pipeline, frame_latency=(double)41.982732, avg=(double)90.017683, min=(double)35.432142, max=(double)3071.486303, latency=(double)16.937078, fps=(double)59.042061, frame_num=(uint)821;
0:00:15.253049983 [32m    1[00m 0x79c908000b70 [37mTRACE  [00m [00;34m          GST_TRACER :0::[00m latency_tracer_pipeline, frame_latency=(double)41.494981, avg=(double)89.958653, min=(double)35.432142, max=(double)3071.486303, latency=(double)16.956330, fps=(double)58.975025, frame_num=(uint)822;
0:00:15.253070776 [32m    1[00m 0x79c908000b70 [37mTRACE  [00m [00;34m          GST_TRACER :0::[00m latency_tracer_pipeline, frame_latency=(double)41.494981, avg=(double)89.899767, min=(double)35.432142, max=(double)3071.486303, latency=(double)16.935727, fps=(double)59.046771, frame_num=(uint)823;
0:00:15.286069592 [32m    1[00m 0x79c908000b70 [37mTRACE  [00m [00;34m          GST_TRACER :0::[00m latency_tracer_pipeline, frame_latency=(double)41.314767, avg=(double)89.840804, min=(double)35.432142, max=(double)3071.486303, latency=(double)16.955248, fps=(double)58.978788, frame_num=(uint)824;
0:00:15.286081801 [32m    1[00m 0x79c908000b70 [37mTRACE  [00m [00;34m          GST_TRACER :0::[00m latency_tracer_pipeline, frame_latency=(double)41.314767, avg=(double)89.781985, min=(double)35.432142, max=(double)3071.486303, latency=(double)16.934696, fps=(double)59.050364, frame_num=(uint)825;
0:00:15.319211347 [32m    1[00m 0x79c908000b70 [37mTRACE  [00m [00;34m          GST_TRACER :0::[00m latency_tracer_pipeline, frame_latency=(double)41.294361, avg=(double)89.723283, min=(double)35.432142, max=(double)3071.486303, latency=(double)16.954317, fps=(double)58.982028, frame_num=(uint)826;
0:00:15.319233569 [32m    1[00m 0x79c908000b70 [37mTRACE  [00m [00;34m          GST_TRACER :0::[00m latency_tracer_pipeline, frame_latency=(double)41.294361, avg=(double)89.664723, min=(double)35.432142, max=(double)3071.486303, latency=(double)16.933816, fps=(double)59.053435, frame_num=(uint)827;
0:00:15.352580097 [32m    1[00m 0x79c908000b70 [37mTRACE  [00m [00;34m          GST_TRACER :0::[00m latency_tracer_pipeline, frame_latency=(double)41.377583, avg=(double)89.606405, min=(double)35.432142, max=(double)3071.486303, latency=(double)16.953668, fps=(double)58.984287, frame_num=(uint)828;
0:00:15.352595384 [32m    1[00m 0x79c908000b70 [37mTRACE  [00m [00;34m          GST_TRACER :0::[00m latency_tracer_pipeline, frame_latency=(double)41.377583, avg=(double)89.548228, min=(double)35.432142, max=(double)3071.486303, latency=(double)16.933217, fps=(double)59.055524, frame_num=(uint)829;
0:00:15.386396627 [32m    1[00m 0x79c908000b70 [37mTRACE  [00m [00;34m          GST_TRACER :0::[00m latency_tracer_pipeline, frame_latency=(double)41.487438, avg=(double)89.490324, min=(double)35.432142, max=(double)3071.486303, latency=(double)16.953558, fps=(double)58.984668, frame_num=(uint)830;
0:00:15.386418583 [32m    1[00m 0x79c908000b70 [37mTRACE  [00m [00;34m          GST_TRACER :0::[00m latency_tracer_pipeline, frame_latency=(double)41.487438, avg=(double)89.432559, min=(double)35.432142, max=(double)3071.486303, latency=(double)16.933157, fps=(double)59.055734, frame_num=(uint)831;
0:00:15.420595077 [32m    1[00m 0x79c908000b70 [37mTRACE  [00m [00;34m          GST_TRACER :0::[00m latency_tracer_pipeline, frame_latency=(double)42.617221, avg=(double)89.376290, min=(double)35.432142, max=(double)3071.486303, latency=(double)16.953906, fps=(double)58.983458, frame_num=(uint)832;
0:00:15.420608482 [32m    1[00m 0x79c908000b70 [37mTRACE  [00m [00;34m          GST_TRACER :0::[00m latency_tracer_pipeline, frame_latency=(double)42.617221, avg=(double)89.320157, min=(double)35.432142, max=(double)3071.486303, latency=(double)16.933553, fps=(double)59.054352, frame_num=(uint)833;
0:00:15.454214394 [32m    1[00m 0x79c908000b70 [37mTRACE  [00m [00;34m          GST_TRACER :0::[00m latency_tracer_pipeline, frame_latency=(double)42.166454, avg=(double)89.263618, min=(double)35.432142, max=(double)3071.486303, latency=(double)16.953559, fps=(double)58.984664, frame_num=(uint)834;
0:00:15.454237785 [32m    1[00m 0x79c908000b70 [37mTRACE  [00m [00;34m          GST_TRACER :0::[00m latency_tracer_pipeline, frame_latency=(double)42.166454, avg=(double)89.207214, min=(double)35.432142, max=(double)3071.486303, latency=(double)16.933256, fps=(double)59.055390, frame_num=(uint)835;
0:00:15.487816889 [32m    1[00m 0x79c908000b70 [37mTRACE  [00m [00;34m          GST_TRACER :0::[00m latency_tracer_pipeline, frame_latency=(double)42.514274, avg=(double)89.151361, min=(double)35.432142, max=(double)3071.486303, latency=(double)16.953194, fps=(double)58.985934, frame_num=(uint)836;
0:00:15.487829185 [32m    1[00m 0x79c908000b70 [37mTRACE  [00m [00;34m          GST_TRACER :0::[00m latency_tracer_pipeline, frame_latency=(double)42.514274, avg=(double)89.095642, min=(double)35.432142, max=(double)3071.486303, latency=(double)16.932940, fps=(double)59.056491, frame_num=(uint)837;
0:00:15.521835665 [32m    1[00m 0x79c908000b70 [37mTRACE  [00m [00;34m          GST_TRACER :0::[00m latency_tracer_pipeline, frame_latency=(double)42.960281, avg=(double)89.040588, min=(double)35.432142, max=(double)3071.486303, latency=(double)16.953329, fps=(double)58.985466, frame_num=(uint)838;
0:00:15.521849325 [32m    1[00m 0x79c908000b70 [37mTRACE  [00m [00;34m          GST_TRACER :0::[00m latency_tracer_pipeline, frame_latency=(double)42.960281, avg=(double)88.985665, min=(double)35.432142, max=(double)3071.486303, latency=(double)16.933122, fps=(double)59.055854, frame_num=(uint)839;
0:00:15.553844146 [32m    1[00m 0x79c908000b70 [37mTRACE  [00m [00;34m          GST_TRACER :0::[00m latency_tracer_pipeline, frame_latency=(double)42.103599, avg=(double)88.929853, min=(double)35.432142, max=(double)3071.486303, latency=(double)16.951071, fps=(double)58.993323, frame_num=(uint)840;
0:00:15.553868166 [32m    1[00m 0x79c908000b70 [37mTRACE  [00m [00;34m          GST_TRACER :0::[00m latency_tracer_pipeline, frame_latency=(double)42.103599, avg=(double)88.874173, min=(double)35.432142, max=(double)3071.486303, latency=(double)16.930915, fps=(double)59.063553, frame_num=(uint)841;
0:00:15.587183795 [32m    1[00m 0x79c908000b70 [37mTRACE  [00m [00;34m          GST_TRACER :0::[00m latency_tracer_pipeline, frame_latency=(double)42.402297, avg=(double)88.818981, min=(double)35.432142, max=(double)3071.486303, latency=(double)16.950400, fps=(double)58.995657, frame_num=(uint)842;
0:00:15.587209843 [32m    1[00m 0x79c908000b70 [37mTRACE  [00m [00;34m          GST_TRACER :0::[00m latency_tracer_pipeline, frame_latency=(double)42.402297, avg=(double)88.763920, min=(double)35.432142, max=(double)3071.486303, latency=(double)16.930293, fps=(double)59.065723, frame_num=(uint)843;
0:00:15.620786066 [32m    1[00m 0x79c908000b70 [37mTRACE  [00m [00;34m          GST_TRACER :0::[00m latency_tracer_pipeline, frame_latency=(double)42.432631, avg=(double)88.709025, min=(double)35.432142, max=(double)3071.486303, latency=(double)16.950046, fps=(double)58.996889, frame_num=(uint)844;
0:00:15.620801204 [32m    1[00m 0x79c908000b70 [37mTRACE  [00m [00;34m          GST_TRACER :0::[00m latency_tracer_pipeline, frame_latency=(double)42.432631, avg=(double)88.654260, min=(double)35.432142, max=(double)3071.486303, latency=(double)16.929987, fps=(double)59.066790, frame_num=(uint)845;
0:00:15.653965417 [32m    1[00m 0x79c908000b70 [37mTRACE  [00m [00;34m          GST_TRACER :0::[00m latency_tracer_pipeline, frame_latency=(double)42.124195, avg=(double)88.599260, min=(double)35.432142, max=(double)3071.486303, latency=(double)16.949201, fps=(double)58.999831, frame_num=(uint)846;
0:00:15.653977715 [32m    1[00m 0x79c908000b70 [37mTRACE  [00m [00;34m          GST_TRACER :0::[00m latency_tracer_pipeline, frame_latency=(double)42.124195, avg=(double)88.544390, min=(double)35.432142, max=(double)3071.486303, latency=(double)16.929190, fps=(double)59.069570, frame_num=(uint)847;
0:00:15.686827647 [32m    1[00m 0x79c908000b70 [37mTRACE  [00m [00;34m          GST_TRACER :0::[00m latency_tracer_pipeline, frame_latency=(double)41.784462, avg=(double)88.489248, min=(double)35.432142, max=(double)3071.486303, latency=(double)16.947973, fps=(double)59.004105, frame_num=(uint)848;
0:00:15.686841144 [32m    1[00m 0x79c908000b70 [37mTRACE  [00m [00;34m          GST_TRACER :0::[00m latency_tracer_pipeline, frame_latency=(double)41.784462, avg=(double)88.434237, min=(double)35.432142, max=(double)3071.486303, latency=(double)16.928011, fps=(double)59.073685, frame_num=(uint)849;
0:00:15.720041504 [32m    1[00m 0x79c908000b70 [37mTRACE  [00m [00;34m          GST_TRACER :0::[00m latency_tracer_pipeline, frame_latency=(double)41.737335, avg=(double)88.379299, min=(double)35.432142, max=(double)3071.486303, latency=(double)16.947170, fps=(double)59.006904, frame_num=(uint)850;
0:00:15.720058057 [32m    1[00m 0x79c908000b70 [37mTRACE  [00m [00;34m          GST_TRACER :0::[00m latency_tracer_pipeline, frame_latency=(double)41.737335, avg=(double)88.324491, min=(double)35.432142, max=(double)3071.486303, latency=(double)16.927255, fps=(double)59.076323, frame_num=(uint)851;
0:00:15.753474435 [32m    1[00m 0x79c908000b70 [37mTRACE  [00m [00;34m          GST_TRACER :0::[00m latency_tracer_pipeline, frame_latency=(double)42.113605, avg=(double)88.270253, min=(double)35.432142, max=(double)3071.486303, latency=(double)16.946630, fps=(double)59.008782, frame_num=(uint)852;
0:00:15.753501627 [32m    1[00m 0x79c908000b70 [37mTRACE  [00m [00;34m          GST_TRACER :0::[00m latency_tracer_pipeline, frame_latency=(double)42.113605, avg=(double)88.216142, min=(double)35.432142, max=(double)3071.486303, latency=(double)16.926763, fps=(double)59.078041, frame_num=(uint)853;
FpsCounter(last 1.03sec): total=30.01 fps, number-streams=1, per-stream=30.01 fps
latency: -2707.15ms
0:00:15.787348758 [32m    1[00m 0x79c908000b70 [37mTRACE  [00m [00;34m          GST_TRACER :0::[00m latency_tracer_pipeline, frame_latency=(double)42.554170, avg=(double)88.162673, min=(double)35.432142, max=(double)3071.486303, latency=(double)16.946617, fps=(double)59.008826, frame_num=(uint)854;
0:00:15.787356780 [32m    1[00m 0x79c908000b70 [37mTRACE  [00m [00;34m          GST_TRACER :0::[00m latency_tracer_pipeline_interval, interval=(double)1032.945380, avg=(double)42.086010, min=(double)40.658323, max=(double)42.975200, latency=(double)16.660409, fps=(double)60.022535;
0:00:15.787360046 [32m    1[00m 0x79c908000b70 [37mTRACE  [00m [00;34m          GST_TRACER :0::[00m latency_tracer_pipeline, frame_latency=(double)42.554170, avg=(double)88.109330, min=(double)35.432142, max=(double)3071.486303, latency=(double)16.926797, fps=(double)59.077923, frame_num=(uint)855;
0:00:15.819986384 [32m    1[00m 0x79c908000b70 [37mTRACE  [00m [00;34m          GST_TRACER :0::[00m latency_tracer_pipeline, frame_latency=(double)41.217297, avg=(double)88.054550, min=(double)35.432142, max=(double)3071.486303, latency=(double)16.945140, fps=(double)59.013971, frame_num=(uint)856;
0:00:15.819999484 [32m    1[00m 0x79c908000b70 [37mTRACE  [00m [00;34m          GST_TRACER :0::[00m latency_tracer_pipeline, frame_latency=(double)41.217297, avg=(double)87.999897, min=(double)35.432142, max=(double)3071.486303, latency=(double)16.925367, fps=(double)59.082912, frame_num=(uint)857;
0:00:15.853749945 [32m    1[00m 0x79c908000b70 [37mTRACE  [00m [00;34m          GST_TRACER :0::[00m latency_tracer_pipeline, frame_latency=(double)42.310337, avg=(double)87.946646, min=(double)35.432142, max=(double)3071.486303, latency=(double)16.944991, fps=(double)59.014489, frame_num=(uint)858;
0:00:15.853766496 [32m    1[00m 0x79c908000b70 [37mTRACE  [00m [00;34m          GST_TRACER :0::[00m latency_tracer_pipeline, frame_latency=(double)42.310337, avg=(double)87.893519, min=(double)35.432142, max=(double)3071.486303, latency=(double)16.925265, fps=(double)59.083271, frame_num=(uint)859;
0:00:15.887590886 [32m    1[00m 0x79c908000b70 [37mTRACE  [00m [00;34m          GST_TRACER :0::[00m latency_tracer_pipeline, frame_latency=(double)42.521733, avg=(double)87.840761, min=(double)35.432142, max=(double)3071.486303, latency=(double)16.944945, fps=(double)59.014649, frame_num=(uint)860;
0:00:15.887603413 [32m    1[00m 0x79c908000b70 [37mTRACE  [00m [00;34m          GST_TRACER :0::[00m latency_tracer_pipeline, frame_latency=(double)42.521733, avg=(double)87.788125, min=(double)35.432142, max=(double)3071.486303, latency=(double)16.925265, fps=(double)59.083271, frame_num=(uint)861;
0:00:15.921645110 [32m    1[00m 0x79c908000b70 [37mTRACE  [00m [00;34m          GST_TRACER :0::[00m latency_tracer_pipeline, frame_latency=(double)43.154729, avg=(double)87.736347, min=(double)35.432142, max=(double)3071.486303, latency=(double)16.945126, fps=(double)59.014021, frame_num=(uint)862;
0:00:15.921673587 [32m    1[00m 0x79c908000b70 [37mTRACE  [00m [00;34m          GST_TRACER :0::[00m latency_tracer_pipeline, frame_latency=(double)43.154729, avg=(double)87.684688, min=(double)35.432142, max=(double)3071.486303, latency=(double)16.925490, fps=(double)59.082483, frame_num=(uint)863;
0:00:15.954156564 [32m    1[00m 0x79c908000b70 [37mTRACE  [00m [00;34m          GST_TRACER :0::[00m latency_tracer_pipeline, frame_latency=(double)42.426888, avg=(double)87.632306, min=(double)35.432142, max=(double)3071.486303, latency=(double)16.943535, fps=(double)59.019561, frame_num=(uint)864;
0:00:15.954167654 [32m    1[00m 0x79c908000b70 [37mTRACE  [00m [00;34m          GST_TRACER :0::[00m latency_tracer_pipeline, frame_latency=(double)42.426888, avg=(double)87.580045, min=(double)35.432142, max=(double)3071.486303, latency=(double)16.923947, fps=(double)59.087871, frame_num=(uint)865;
0:00:15.987188455 [32m    1[00m 0x79c908000b70 [37mTRACE  [00m [00;34m          GST_TRACER :0::[00m latency_tracer_pipeline, frame_latency=(double)42.507719, avg=(double)87.527999, min=(double)35.432142, max=(double)3071.486303, latency=(double)16.942542, fps=(double)59.023020, frame_num=(uint)866;
0:00:15.987208781 [32m    1[00m 0x79c908000b70 [37mTRACE  [00m [00;34m          GST_TRACER :0::[00m latency_tracer_pipeline, frame_latency=(double)42.507719, avg=(double)87.476072, min=(double)35.432142, max=(double)3071.486303, latency=(double)16.923001, fps=(double)59.091176, frame_num=(uint)867;
0:00:16.020584368 [32m    1[00m 0x79c908000b70 [37mTRACE  [00m [00;34m          GST_TRACER :0::[00m latency_tracer_pipeline, frame_latency=(double)41.868860, avg=(double)87.423529, min=(double)35.432142, max=(double)3071.486303, latency=(double)16.941980, fps=(double)59.024980, frame_num=(uint)868;
0:00:16.020611711 [32m    1[00m 0x79c908000b70 [37mTRACE  [00m [00;34m          GST_TRACER :0::[00m latency_tracer_pipeline, frame_latency=(double)41.868860, avg=(double)87.371107, min=(double)35.432142, max=(double)3071.486303, latency=(double)16.922484, fps=(double)59.092981, frame_num=(uint)869;
0:00:16.055396389 [32m    1[00m 0x79c908000b70 [37mTRACE  [00m [00;34m          GST_TRACER :0::[00m latency_tracer_pipeline, frame_latency=(double)43.884252, avg=(double)87.321123, min=(double)35.432142, max=(double)3071.486303, latency=(double)16.943046, fps=(double)59.021263, frame_num=(uint)870;
0:00:16.055411364 [32m    1[00m 0x79c908000b70 [37mTRACE  [00m [00;34m          GST_TRACER :0::[00m latency_tracer_pipeline, frame_latency=(double)43.884252, avg=(double)87.271252, min=(double)35.432142, max=(double)3071.486303, latency=(double)16.923594, fps=(double)59.089104, frame_num=(uint)871;
0:00:16.087185928 [32m    1[00m 0x79c908000b70 [37mTRACE  [00m [00;34m          GST_TRACER :0::[00m latency_tracer_pipeline, frame_latency=(double)41.872628, avg=(double)87.219190, min=(double)35.432142, max=(double)3071.486303, latency=(double)16.940643, fps=(double)59.029638, frame_num=(uint)872;
0:00:16.087199379 [32m    1[00m 0x79c908000b70 [37mTRACE  [00m [00;34m          GST_TRACER :0::[00m latency_tracer_pipeline, frame_latency=(double)41.872628, avg=(double)87.167246, min=(double)35.432142, max=(double)3071.486303, latency=(double)16.921237, fps=(double)59.097333, frame_num=(uint)873;
0:00:16.119641814 [32m    1[00m 0x79c908000b70 [37mTRACE  [00m [00;34m          GST_TRACER :0::[00m latency_tracer_pipeline, frame_latency=(double)41.417321, avg=(double)87.114901, min=(double)35.432142, max=(double)3071.486303, latency=(double)16.939012, fps=(double)59.035321, frame_num=(uint)874;
0:00:16.119655228 [32m    1[00m 0x79c908000b70 [37mTRACE  [00m [00;34m          GST_TRACER :0::[00m latency_tracer_pipeline, frame_latency=(double)41.417321, avg=(double)87.062675, min=(double)35.432142, max=(double)3071.486303, latency=(double)16.919653, fps=(double)59.102867, frame_num=(uint)875;
0:00:16.153536985 [32m    1[00m 0x79c908000b70 [37mTRACE  [00m [00;34m          GST_TRACER :0::[00m latency_tracer_pipeline, frame_latency=(double)41.844010, avg=(double)87.011056, min=(double)35.432142, max=(double)3071.486303, latency=(double)16.939041, fps=(double)59.035221, frame_num=(uint)876;
0:00:16.153549563 [32m    1[00m 0x79c908000b70 [37mTRACE  [00m [00;34m          GST_TRACER :0::[00m latency_tracer_pipeline, frame_latency=(double)41.844010, avg=(double)86.959554, min=(double)35.432142, max=(double)3071.486303, latency=(double)16.919726, fps=(double)59.102613, frame_num=(uint)877;
0:00:16.186859646 [32m    1[00m 0x79c908000b70 [37mTRACE  [00m [00;34m          GST_TRACER :0::[00m latency_tracer_pipeline, frame_latency=(double)41.681461, avg=(double)86.907984, min=(double)35.432142, max=(double)3071.486303, latency=(double)16.938398, fps=(double)59.037461, frame_num=(uint)878;
0:00:16.186888134 [32m    1[00m 0x79c908000b70 [37mTRACE  [00m [00;34m          GST_TRACER :0::[00m latency_tracer_pipeline, frame_latency=(double)41.681461, avg=(double)86.856532, min=(double)35.432142, max=(double)3071.486303, latency=(double)16.919128, fps=(double)59.104702, frame_num=(uint)879;
0:00:16.220813505 [32m    1[00m 0x79c908000b70 [37mTRACE  [00m [00;34m          GST_TRACER :0::[00m latency_tracer_pipeline, frame_latency=(double)42.461393, avg=(double)86.806083, min=(double)35.432142, max=(double)3071.486303, latency=(double)16.938485, fps=(double)59.037157, frame_num=(uint)880;
0:00:16.220840917 [32m    1[00m 0x79c908000b70 [37mTRACE  [00m [00;34m          GST_TRACER :0::[00m latency_tracer_pipeline, frame_latency=(double)42.461393, avg=(double)86.755749, min=(double)35.432142, max=(double)3071.486303, latency=(double)16.919259, fps=(double)59.104244, frame_num=(uint)881;
0:00:16.253272253 [32m    1[00m 0x79c908000b70 [37mTRACE  [00m [00;34m          GST_TRACER :0::[00m latency_tracer_pipeline, frame_latency=(double)41.464008, avg=(double)86.704397, min=(double)35.432142, max=(double)3071.486303, latency=(double)16.936876, fps=(double)59.042766, frame_num=(uint)882;
0:00:16.253313384 [32m    1[00m 0x79c908000b70 [37mTRACE  [00m [00;34m          GST_TRACER :0::[00m latency_tracer_pipeline, frame_latency=(double)41.464008, avg=(double)86.653163, min=(double)35.432142, max=(double)3071.486303, latency=(double)16.917695, fps=(double)59.109708, frame_num=(uint)883;
0:00:16.286553983 [32m    1[00m 0x79c908000b70 [37mTRACE  [00m [00;34m          GST_TRACER :0::[00m latency_tracer_pipeline, frame_latency=(double)41.495038, avg=(double)86.602079, min=(double)35.432142, max=(double)3071.486303, latency=(double)16.936212, fps=(double)59.045079, frame_num=(uint)884;
0:00:16.286566756 [32m    1[00m 0x79c908000b70 [37mTRACE  [00m [00;34m          GST_TRACER :0::[00m latency_tracer_pipeline, frame_latency=(double)41.495038, avg=(double)86.551110, min=(double)35.432142, max=(double)3071.486303, latency=(double)16.917075, fps=(double)59.111872, frame_num=(uint)885;
0:00:16.321692815 [32m    1[00m 0x79c908000b70 [37mTRACE  [00m [00;34m          GST_TRACER :0::[00m latency_tracer_pipeline, frame_latency=(double)43.631846, avg=(double)86.502669, min=(double)35.432142, max=(double)3071.486303, latency=(double)16.937637, fps=(double)59.040113, frame_num=(uint)886;
0:00:16.321717118 [32m    1[00m 0x79c908000b70 [37mTRACE  [00m [00;34m          GST_TRACER :0::[00m latency_tracer_pipeline, frame_latency=(double)43.631846, avg=(double)86.454336, min=(double)35.432142, max=(double)3071.486303, latency=(double)16.918541, fps=(double)59.106750, frame_num=(uint)887;
0:00:16.353861351 [32m    1[00m 0x79c908000b70 [37mTRACE  [00m [00;34m          GST_TRACER :0::[00m latency_tracer_pipeline, frame_latency=(double)42.248902, avg=(double)86.404555, min=(double)35.432142, max=(double)3071.486303, latency=(double)16.935714, fps=(double)59.046817, frame_num=(uint)888;
0:00:16.353885328 [32m    1[00m 0x79c908000b70 [37mTRACE  [00m [00;34m          GST_TRACER :0::[00m latency_tracer_pipeline, frame_latency=(double)42.248902, avg=(double)86.354886, min=(double)35.432142, max=(double)3071.486303, latency=(double)16.916664, fps=(double)59.113311, frame_num=(uint)889;
0:00:16.387546352 [32m    1[00m 0x79c908000b70 [37mTRACE  [00m [00;34m          GST_TRACER :0::[00m latency_tracer_pipeline, frame_latency=(double)42.772897, avg=(double)86.305918, min=(double)35.432142, max=(double)3071.486303, latency=(double)16.935507, fps=(double)59.047539, frame_num=(uint)890;
0:00:16.387559878 [32m    1[00m 0x79c908000b70 [37mTRACE  [00m [00;34m          GST_TRACER :0::[00m latency_tracer_pipeline, frame_latency=(double)42.772897, avg=(double)86.257059, min=(double)35.432142, max=(double)3071.486303, latency=(double)16.916500, fps=(double)59.113884, frame_num=(uint)891;
0:00:16.420818360 [32m    1[00m 0x79c908000b70 [37mTRACE  [00m [00;34m          GST_TRACER :0::[00m latency_tracer_pipeline, frame_latency=(double)42.083435, avg=(double)86.207537, min=(double)35.432142, max=(double)3071.486303, latency=(double)16.934830, fps=(double)59.049897, frame_num=(uint)892;
0:00:16.420839722 [32m    1[00m 0x79c908000b70 [37mTRACE  [00m [00;34m          GST_TRACER :0::[00m latency_tracer_pipeline, frame_latency=(double)42.083435, avg=(double)86.158126, min=(double)35.432142, max=(double)3071.486303, latency=(double)16.915867, fps=(double)59.116097, frame_num=(uint)893;
0:00:16.454729601 [32m    1[00m 0x79c908000b70 [37mTRACE  [00m [00;34m          GST_TRACER :0::[00m latency_tracer_pipeline, frame_latency=(double)42.905880, avg=(double)86.109746, min=(double)35.432142, max=(double)3071.486303, latency=(double)16.934876, fps=(double)59.049739, frame_num=(uint)894;
0:00:16.454743575 [32m    1[00m 0x79c908000b70 [37mTRACE  [00m [00;34m          GST_TRACER :0::[00m latency_tracer_pipeline, frame_latency=(double)42.905880, avg=(double)86.061473, min=(double)35.432142, max=(double)3071.486303, latency=(double)16.915954, fps=(double)59.115790, frame_num=(uint)895;
0:00:16.486827277 [32m    1[00m 0x79c908000b70 [37mTRACE  [00m [00;34m          GST_TRACER :0::[00m latency_tracer_pipeline, frame_latency=(double)41.562856, avg=(double)86.011810, min=(double)35.432142, max=(double)3071.486303, latency=(double)16.932902, fps=(double)59.056622, frame_num=(uint)896;
0:00:16.486849713 [32m    1[00m 0x79c908000b70 [37mTRACE  [00m [00;34m          GST_TRACER :0::[00m latency_tracer_pipeline, frame_latency=(double)41.562856, avg=(double)85.962257, min=(double)35.432142, max=(double)3071.486303, latency=(double)16.914025, fps=(double)59.122533, frame_num=(uint)897;
0:00:16.520394378 [32m    1[00m 0x79c908000b70 [37mTRACE  [00m [00;34m          GST_TRACER :0::[00m latency_tracer_pipeline, frame_latency=(double)42.040532, avg=(double)85.913346, min=(double)35.432142, max=(double)3071.486303, latency=(double)16.932567, fps=(double)59.057790, frame_num=(uint)898;
0:00:16.520412335 [32m    1[00m 0x79c908000b70 [37mTRACE  [00m [00;34m          GST_TRACER :0::[00m latency_tracer_pipeline, frame_latency=(double)42.040532, avg=(double)85.864544, min=(double)35.432142, max=(double)3071.486303, latency=(double)16.913732, fps=(double)59.123556, frame_num=(uint)899;
0:00:16.553614065 [32m    1[00m 0x79c908000b70 [37mTRACE  [00m [00;34m          GST_TRACER :0::[00m latency_tracer_pipeline, frame_latency=(double)41.752194, avg=(double)85.815531, min=(double)35.432142, max=(double)3071.486303, latency=(double)16.931853, fps=(double)59.060283, frame_num=(uint)900;
0:00:16.553633953 [32m    1[00m 0x79c908000b70 [37mTRACE  [00m [00;34m          GST_TRACER :0::[00m latency_tracer_pipeline, frame_latency=(double)41.752194, avg=(double)85.766626, min=(double)35.432142, max=(double)3071.486303, latency=(double)16.913060, fps=(double)59.125905, frame_num=(uint)901;
0:00:16.586010590 [32m    1[00m 0x79c908000b70 [37mTRACE  [00m [00;34m          GST_TRACER :0::[00m latency_tracer_pipeline, frame_latency=(double)41.223105, avg=(double)85.717243, min=(double)35.432142, max=(double)3071.486303, latency=(double)16.930224, fps=(double)59.065963, frame_num=(uint)902;
0:00:16.586040098 [32m    1[00m 0x79c908000b70 [37mTRACE  [00m [00;34m          GST_TRACER :0::[00m latency_tracer_pipeline, frame_latency=(double)41.223105, avg=(double)85.667969, min=(double)35.432142, max=(double)3071.486303, latency=(double)16.911476, fps=(double)59.131446, frame_num=(uint)903;
0:00:16.620689464 [32m    1[00m 0x79c908000b70 [37mTRACE  [00m [00;34m          GST_TRACER :0::[00m latency_tracer_pipeline, frame_latency=(double)42.713849, avg=(double)85.620453, min=(double)35.432142, max=(double)3071.486303, latency=(double)16.931134, fps=(double)59.062790, frame_num=(uint)904;
0:00:16.620703055 [32m    1[00m 0x79c908000b70 [37mTRACE  [00m [00;34m          GST_TRACER :0::[00m latency_tracer_pipeline, frame_latency=(double)42.713849, avg=(double)85.573043, min=(double)35.432142, max=(double)3071.486303, latency=(double)16.912425, fps=(double)59.128125, frame_num=(uint)905;
0:00:16.653400701 [32m    1[00m 0x79c908000b70 [37mTRACE  [00m [00;34m          GST_TRACER :0::[00m latency_tracer_pipeline, frame_latency=(double)41.686803, avg=(double)85.524603, min=(double)35.432142, max=(double)3071.486303, latency=(double)16.929868, fps=(double)59.067206, frame_num=(uint)906;
0:00:16.653415887 [32m    1[00m 0x79c908000b70 [37mTRACE  [00m [00;34m          GST_TRACER :0::[00m latency_tracer_pipeline, frame_latency=(double)41.686803, avg=(double)85.476270, min=(double)35.432142, max=(double)3071.486303, latency=(double)16.911202, fps=(double)59.132402, frame_num=(uint)907;
0:00:16.687231004 [32m    1[00m 0x79c908000b70 [37mTRACE  [00m [00;34m          GST_TRACER :0::[00m latency_tracer_pipeline, frame_latency=(double)42.177289, avg=(double)85.428584, min=(double)35.432142, max=(double)3071.486303, latency=(double)16.929828, fps=(double)59.067344, frame_num=(uint)908;
0:00:16.687259874 [32m    1[00m 0x79c908000b70 [37mTRACE  [00m [00;34m          GST_TRACER :0::[00m latency_tracer_pipeline, frame_latency=(double)42.177289, avg=(double)85.381003, min=(double)35.432142, max=(double)3071.486303, latency=(double)16.911204, fps=(double)59.132396, frame_num=(uint)909;
0:00:16.720370243 [32m    1[00m 0x79c908000b70 [37mTRACE  [00m [00;34m          GST_TRACER :0::[00m latency_tracer_pipeline, frame_latency=(double)42.046904, avg=(double)85.333383, min=(double)35.432142, max=(double)3071.486303, latency=(double)16.929036, fps=(double)59.070108, frame_num=(uint)910;
0:00:16.720385103 [32m    1[00m 0x79c908000b70 [37mTRACE  [00m [00;34m          GST_TRACER :0::[00m latency_tracer_pipeline, frame_latency=(double)42.046904, avg=(double)85.285868, min=(double)35.432142, max=(double)3071.486303, latency=(double)16.910453, fps=(double)59.135020, frame_num=(uint)911;
0:00:16.753705381 [32m    1[00m 0x79c908000b70 [37mTRACE  [00m [00;34m          GST_TRACER :0::[00m latency_tracer_pipeline, frame_latency=(double)42.146105, avg=(double)85.238565, min=(double)35.432142, max=(double)3071.486303, latency=(double)16.928473, fps=(double)59.072073, frame_num=(uint)912;
0:00:16.753715981 [32m    1[00m 0x79c908000b70 [37mTRACE  [00m [00;34m          GST_TRACER :0::[00m latency_tracer_pipeline, frame_latency=(double)42.146105, avg=(double)85.191367, min=(double)35.432142, max=(double)3071.486303, latency=(double)16.909932, fps=(double)59.136845, frame_num=(uint)913;
0:00:16.786916745 [32m    1[00m 0x79c908000b70 [37mTRACE  [00m [00;34m          GST_TRACER :0::[00m latency_tracer_pipeline, frame_latency=(double)42.244798, avg=(double)85.144379, min=(double)35.432142, max=(double)3071.486303, latency=(double)16.927764, fps=(double)59.074548, frame_num=(uint)914;
0:00:16.786931518 [32m    1[00m 0x79c908000b70 [37mTRACE  [00m [00;34m          GST_TRACER :0::[00m latency_tracer_pipeline, frame_latency=(double)42.244798, avg=(double)85.097494, min=(double)35.432142, max=(double)3071.486303, latency=(double)16.909264, fps=(double)59.139181, frame_num=(uint)915;
FpsCounter(last 1.03sec): total=30.02 fps, number-streams=1, per-stream=30.02 fps
latency: -2913.57ms
0:00:16.819892993 [32m    1[00m 0x79c908000b70 [37mTRACE  [00m [00;34m          GST_TRACER :0::[00m latency_tracer_pipeline, frame_latency=(double)41.945518, avg=(double)85.050385, min=(double)35.432142, max=(double)3071.486303, latency=(double)16.926810, fps=(double)59.077875, frame_num=(uint)916;
0:00:16.819900495 [32m    1[00m 0x79c908000b70 [37mTRACE  [00m [00;34m          GST_TRACER :0::[00m latency_tracer_pipeline_interval, interval=(double)1032.547194, avg=(double)42.181126, min=(double)41.217297, max=(double)43.884252, latency=(double)16.653987, fps=(double)60.045682;
0:00:16.819909327 [32m    1[00m 0x79c908000b70 [37mTRACE  [00m [00;34m          GST_TRACER :0::[00m latency_tracer_pipeline, frame_latency=(double)41.945518, avg=(double)85.003379, min=(double)35.432142, max=(double)3071.486303, latency=(double)16.908352, fps=(double)59.142371, frame_num=(uint)917;
0:00:16.854545796 [32m    1[00m 0x79c908000b70 [37mTRACE  [00m [00;34m          GST_TRACER :0::[00m latency_tracer_pipeline, frame_latency=(double)43.130713, avg=(double)84.957766, min=(double)35.432142, max=(double)3071.486303, latency=(double)16.927667, fps=(double)59.074886, frame_num=(uint)918;
0:00:16.854573186 [32m    1[00m 0x79c908000b70 [37mTRACE  [00m [00;34m          GST_TRACER :0::[00m latency_tracer_pipeline, frame_latency=(double)43.130713, avg=(double)84.912252, min=(double)35.432142, max=(double)3071.486303, latency=(double)16.909247, fps=(double)59.139238, frame_num=(uint)919;
0:00:16.886750476 [32m    1[00m 0x79c908000b70 [37mTRACE  [00m [00;34m          GST_TRACER :0::[00m latency_tracer_pipeline, frame_latency=(double)41.301924, avg=(double)84.864850, min=(double)35.432142, max=(double)3071.486303, latency=(double)16.925880, fps=(double)59.081124, frame_num=(uint)920;
0:00:16.886764262 [32m    1[00m 0x79c908000b70 [37mTRACE  [00m [00;34m          GST_TRACER :0::[00m latency_tracer_pipeline, frame_latency=(double)41.301924, avg=(double)84.817550, min=(double)35.432142, max=(double)3071.486303, latency=(double)16.907502, fps=(double)59.145343, frame_num=(uint)921;
0:00:16.920257269 [32m    1[00m 0x79c908000b70 [37mTRACE  [00m [00;34m          GST_TRACER :0::[00m latency_tracer_pipeline, frame_latency=(double)42.002432, avg=(double)84.771113, min=(double)35.432142, max=(double)3071.486303, latency=(double)16.925501, fps=(double)59.082447, frame_num=(uint)922;
0:00:16.920272484 [32m    1[00m 0x79c908000b70 [37mTRACE  [00m [00;34m          GST_TRACER :0::[00m latency_tracer_pipeline, frame_latency=(double)42.002432, avg=(double)84.724776, min=(double)35.432142, max=(double)3071.486303, latency=(double)16.907163, fps=(double)59.146528, frame_num=(uint)923;
0:00:16.954311998 [32m    1[00m 0x79c908000b70 [37mTRACE  [00m [00;34m          GST_TRACER :0::[00m latency_tracer_pipeline, frame_latency=(double)42.852487, avg=(double)84.679460, min=(double)35.432142, max=(double)3071.486303, latency=(double)16.925726, fps=(double)59.081662, frame_num=(uint)924;
0:00:16.954325785 [32m    1[00m 0x79c908000b70 [37mTRACE  [00m [00;34m          GST_TRACER :0::[00m latency_tracer_pipeline, frame_latency=(double)42.852487, avg=(double)84.634242, min=(double)35.432142, max=(double)3071.486303, latency=(double)16.907427, fps=(double)59.145604, frame_num=(uint)925;
0:00:16.987629977 [32m    1[00m 0x79c908000b70 [37mTRACE  [00m [00;34m          GST_TRACER :0::[00m latency_tracer_pipeline, frame_latency=(double)42.513167, avg=(double)84.588755, min=(double)35.432142, max=(double)3071.486303, latency=(double)16.925141, fps=(double)59.083704, frame_num=(uint)926;
0:00:16.987646318 [32m    1[00m 0x79c908000b70 [37mTRACE  [00m [00;34m          GST_TRACER :0::[00m latency_tracer_pipeline, frame_latency=(double)42.513167, avg=(double)84.543366, min=(double)35.432142, max=(double)3071.486303, latency=(double)16.906883, fps=(double)59.147509, frame_num=(uint)927;
0:00:17.020915853 [32m    1[00m 0x79c908000b70 [37mTRACE  [00m [00;34m          GST_TRACER :0::[00m latency_tracer_pipeline, frame_latency=(double)42.688697, avg=(double)84.498264, min=(double)35.432142, max=(double)3071.486303, latency=(double)16.924538, fps=(double)59.085809, frame_num=(uint)928;
0:00:17.020929537 [32m    1[00m 0x79c908000b70 [37mTRACE  [00m [00;34m          GST_TRACER :0::[00m latency_tracer_pipeline, frame_latency=(double)42.688697, avg=(double)84.453259, min=(double)35.432142, max=(double)3071.486303, latency=(double)16.906320, fps=(double)59.149479, frame_num=(uint)929;
0:00:17.054146873 [32m    1[00m 0x79c908000b70 [37mTRACE  [00m [00;34m          GST_TRACER :0::[00m latency_tracer_pipeline, frame_latency=(double)42.416005, avg=(double)84.408057, min=(double)35.432142, max=(double)3071.486303, latency=(double)16.923880, fps=(double)59.088104, frame_num=(uint)930;
0:00:17.054159789 [32m    1[00m 0x79c908000b70 [37mTRACE  [00m [00;34m          GST_TRACER :0::[00m latency_tracer_pipeline, frame_latency=(double)42.416005, avg=(double)84.362953, min=(double)35.432142, max=(double)3071.486303, latency=(double)16.905702, fps=(double)59.151640, frame_num=(uint)931;
0:00:17.088209495 [32m    1[00m 0x79c908000b70 [37mTRACE  [00m [00;34m          GST_TRACER :0::[00m latency_tracer_pipeline, frame_latency=(double)43.089881, avg=(double)84.318669, min=(double)35.432142, max=(double)3071.486303, latency=(double)16.924099, fps=(double)59.087340, frame_num=(uint)932;
0:00:17.088233853 [32m    1[00m 0x79c908000b70 [37mTRACE  [00m [00;34m          GST_TRACER :0::[00m latency_tracer_pipeline, frame_latency=(double)43.089881, avg=(double)84.274479, min=(double)35.432142, max=(double)3071.486303, latency=(double)16.905960, fps=(double)59.150739, frame_num=(uint)933;
0:00:17.120567277 [32m    1[00m 0x79c908000b70 [37mTRACE  [00m [00;34m          GST_TRACER :0::[00m latency_tracer_pipeline, frame_latency=(double)41.962136, avg=(double)84.229177, min=(double)35.432142, max=(double)3071.486303, latency=(double)16.922515, fps=(double)59.092871, frame_num=(uint)934;
0:00:17.120577334 [32m    1[00m 0x79c908000b70 [37mTRACE  [00m [00;34m          GST_TRACER :0::[00m latency_tracer_pipeline, frame_latency=(double)41.962136, avg=(double)84.183971, min=(double)35.432142, max=(double)3071.486303, latency=(double)16.904416, fps=(double)59.156140, frame_num=(uint)935;
0:00:17.154541154 [32m    1[00m 0x79c908000b70 [37mTRACE  [00m [00;34m          GST_TRACER :0::[00m latency_tracer_pipeline, frame_latency=(double)43.161132, avg=(double)84.140144, min=(double)35.432142, max=(double)3071.486303, latency=(double)16.922647, fps=(double)59.092409, frame_num=(uint)936;
0:00:17.154558547 [32m    1[00m 0x79c908000b70 [37mTRACE  [00m [00;34m          GST_TRACER :0::[00m latency_tracer_pipeline, frame_latency=(double)43.161132, avg=(double)84.096409, min=(double)35.432142, max=(double)3071.486303, latency=(double)16.904587, fps=(double)59.155542, frame_num=(uint)937;
0:00:17.187323474 [32m    1[00m 0x79c908000b70 [37mTRACE  [00m [00;34m          GST_TRACER :0::[00m latency_tracer_pipeline, frame_latency=(double)42.727240, avg=(double)84.052306, min=(double)35.432142, max=(double)3071.486303, latency=(double)16.921514, fps=(double)59.096366, frame_num=(uint)938;
0:00:17.187337834 [32m    1[00m 0x79c908000b70 [37mTRACE  [00m [00;34m          GST_TRACER :0::[00m latency_tracer_pipeline, frame_latency=(double)42.727240, avg=(double)84.008296, min=(double)35.432142, max=(double)3071.486303, latency=(double)16.903494, fps=(double)59.159368, frame_num=(uint)939;
0:00:17.221344037 [32m    1[00m 0x79c908000b70 [37mTRACE  [00m [00;34m          GST_TRACER :0::[00m latency_tracer_pipeline, frame_latency=(double)43.003804, avg=(double)83.964674, min=(double)35.432142, max=(double)3071.486303, latency=(double)16.921709, fps=(double)59.095686, frame_num=(uint)940;
0:00:17.221356859 [32m    1[00m 0x79c908000b70 [37mTRACE  [00m [00;34m          GST_TRACER :0::[00m latency_tracer_pipeline, frame_latency=(double)43.003804, avg=(double)83.921145, min=(double)35.432142, max=(double)3071.486303, latency=(double)16.903726, fps=(double)59.158553, frame_num=(uint)941;
0:00:17.253692789 [32m    1[00m 0x79c908000b70 [37mTRACE  [00m [00;34m          GST_TRACER :0::[00m latency_tracer_pipeline, frame_latency=(double)41.641147, avg=(double)83.876262, min=(double)35.432142, max=(double)3071.486303, latency=(double)16.920109, fps=(double)59.101275, frame_num=(uint)942;
0:00:17.253725013 [32m    1[00m 0x79c908000b70 [37mTRACE  [00m [00;34m          GST_TRACER :0::[00m latency_tracer_pipeline, frame_latency=(double)41.641147, avg=(double)83.831474, min=(double)35.432142, max=(double)3071.486303, latency=(double)16.902166, fps=(double)59.164015, frame_num=(uint)943;
0:00:17.286860089 [32m    1[00m 0x79c908000b70 [37mTRACE  [00m [00;34m          GST_TRACER :0::[00m latency_tracer_pipeline, frame_latency=(double)41.984125, avg=(double)83.787144, min=(double)35.432142, max=(double)3071.486303, latency=(double)16.919408, fps=(double)59.103722, frame_num=(uint)944;
0:00:17.286873700 [32m    1[00m 0x79c908000b70 [37mTRACE  [00m [00;34m          GST_TRACER :0::[00m latency_tracer_pipeline, frame_latency=(double)41.984125, avg=(double)83.742908, min=(double)35.432142, max=(double)3071.486303, latency=(double)16.901504, fps=(double)59.166332, frame_num=(uint)945;
0:00:17.320062010 [32m    1[00m 0x79c908000b70 [37mTRACE  [00m [00;34m          GST_TRACER :0::[00m latency_tracer_pipeline, frame_latency=(double)41.812362, avg=(double)83.698584, min=(double)35.432142, max=(double)3071.486303, latency=(double)16.918728, fps=(double)59.106097, frame_num=(uint)946;
0:00:17.320082446 [32m    1[00m 0x79c908000b70 [37mTRACE  [00m [00;34m          GST_TRACER :0::[00m latency_tracer_pipeline, frame_latency=(double)41.812362, avg=(double)83.654354, min=(double)35.432142, max=(double)3071.486303, latency=(double)16.900863, fps=(double)59.168577, frame_num=(uint)947;
0:00:17.354512641 [32m    1[00m 0x79c908000b70 [37mTRACE  [00m [00;34m          GST_TRACER :0::[00m latency_tracer_pipeline, frame_latency=(double)43.128777, avg=(double)83.611605, min=(double)35.432142, max=(double)3071.486303, latency=(double)16.919383, fps=(double)59.103811, frame_num=(uint)948;
0:00:17.354525590 [32m    1[00m 0x79c908000b70 [37mTRACE  [00m [00;34m          GST_TRACER :0::[00m latency_tracer_pipeline, frame_latency=(double)43.128777, avg=(double)83.568947, min=(double)35.432142, max=(double)3071.486303, latency=(double)16.901554, fps=(double)59.166157, frame_num=(uint)949;
0:00:17.387141629 [32m    1[00m 0x79c908000b70 [37mTRACE  [00m [00;34m          GST_TRACER :0::[00m latency_tracer_pipeline, frame_latency=(double)41.743857, avg=(double)83.524920, min=(double)35.432142, max=(double)3071.486303, latency=(double)16.918108, fps=(double)59.108265, frame_num=(uint)950;
0:00:17.387155339 [32m    1[00m 0x79c908000b70 [37mTRACE  [00m [00;34m          GST_TRACER :0::[00m latency_tracer_pipeline, frame_latency=(double)41.743857, avg=(double)83.480987, min=(double)35.432142, max=(double)3071.486303, latency=(double)16.900318, fps=(double)59.170484, frame_num=(uint)951;
0:00:17.420313000 [32m    1[00m 0x79c908000b70 [37mTRACE  [00m [00;34m          GST_TRACER :0::[00m latency_tracer_pipeline, frame_latency=(double)42.275144, avg=(double)83.437703, min=(double)35.432142, max=(double)3071.486303, latency=(double)16.917406, fps=(double)59.110718, frame_num=(uint)952;
0:00:17.420327005 [32m    1[00m 0x79c908000b70 [37mTRACE  [00m [00;34m          GST_TRACER :0::[00m latency_tracer_pipeline, frame_latency=(double)42.275144, avg=(double)83.394510, min=(double)35.432142, max=(double)3071.486303, latency=(double)16.899654, fps=(double)59.172809, frame_num=(uint)953;
0:00:17.454726138 [32m    1[00m 0x79c908000b70 [37mTRACE  [00m [00;34m          GST_TRACER :0::[00m latency_tracer_pipeline, frame_latency=(double)43.278649, avg=(double)83.352460, min=(double)35.432142, max=(double)3071.486303, latency=(double)16.918005, fps=(double)59.108625, frame_num=(uint)954;
0:00:17.454758465 [32m    1[00m 0x79c908000b70 [37mTRACE  [00m [00;34m          GST_TRACER :0::[00m latency_tracer_pipeline, frame_latency=(double)43.278649, avg=(double)83.310498, min=(double)35.432142, max=(double)3071.486303, latency=(double)16.900290, fps=(double)59.170584, frame_num=(uint)955;
0:00:17.487461371 [32m    1[00m 0x79c908000b70 [37mTRACE  [00m [00;34m          GST_TRACER :0::[00m latency_tracer_pipeline, frame_latency=(double)42.249130, avg=(double)83.267547, min=(double)35.432142, max=(double)3071.486303, latency=(double)16.916859, fps=(double)59.112628, frame_num=(uint)956;
0:00:17.487474385 [32m    1[00m 0x79c908000b70 [37mTRACE  [00m [00;34m          GST_TRACER :0::[00m latency_tracer_pipeline, frame_latency=(double)42.249130, avg=(double)83.224686, min=(double)35.432142, max=(double)3071.486303, latency=(double)16.899182, fps=(double)59.174462, frame_num=(uint)957;
0:00:17.522316549 [32m    1[00m 0x79c908000b70 [37mTRACE  [00m [00;34m          GST_TRACER :0::[00m latency_tracer_pipeline, frame_latency=(double)43.890260, avg=(double)83.183627, min=(double)35.432142, max=(double)3071.486303, latency=(double)16.917923, fps=(double)59.108911, frame_num=(uint)958;
0:00:17.522331755 [32m    1[00m 0x79c908000b70 [37mTRACE  [00m [00;34m          GST_TRACER :0::[00m latency_tracer_pipeline, frame_latency=(double)43.890260, avg=(double)83.142653, min=(double)35.432142, max=(double)3071.486303, latency=(double)16.900282, fps=(double)59.170611, frame_num=(uint)959;
0:00:17.553926653 [32m    1[00m 0x79c908000b70 [37mTRACE  [00m [00;34m          GST_TRACER :0::[00m latency_tracer_pipeline, frame_latency=(double)42.067068, avg=(double)83.099866, min=(double)35.432142, max=(double)3071.486303, latency=(double)16.915613, fps=(double)59.116984, frame_num=(uint)960;
0:00:17.553936836 [32m    1[00m 0x79c908000b70 [37mTRACE  [00m [00;34m          GST_TRACER :0::[00m latency_tracer_pipeline, frame_latency=(double)42.067068, avg=(double)83.057168, min=(double)35.432142, max=(double)3071.486303, latency=(double)16.898011, fps=(double)59.178564, frame_num=(uint)961;
0:00:17.586129634 [32m    1[00m 0x79c908000b70 [37mTRACE  [00m [00;34m          GST_TRACER :0::[00m latency_tracer_pipeline, frame_latency=(double)41.529829, avg=(double)83.014001, min=(double)35.432142, max=(double)3071.486303, latency=(double)16.913910, fps=(double)59.122933, frame_num=(uint)962;
0:00:17.586147446 [32m    1[00m 0x79c908000b70 [37mTRACE  [00m [00;34m          GST_TRACER :0::[00m latency_tracer_pipeline, frame_latency=(double)41.529829, avg=(double)82.970922, min=(double)35.432142, max=(double)3071.486303, latency=(double)16.896347, fps=(double)59.184392, frame_num=(uint)963;
0:00:17.620798976 [32m    1[00m 0x79c908000b70 [37mTRACE  [00m [00;34m          GST_TRACER :0::[00m latency_tracer_pipeline, frame_latency=(double)42.771985, avg=(double)82.929222, min=(double)35.432142, max=(double)3071.486303, latency=(double)16.914785, fps=(double)59.119878, frame_num=(uint)964;
0:00:17.620827519 [32m    1[00m 0x79c908000b70 [37mTRACE  [00m [00;34m          GST_TRACER :0::[00m latency_tracer_pipeline, frame_latency=(double)42.771985, avg=(double)82.887609, min=(double)35.432142, max=(double)3071.486303, latency=(double)16.897256, fps=(double)59.181205, frame_num=(uint)965;
0:00:17.652723743 [32m    1[00m 0x79c908000b70 [37mTRACE  [00m [00;34m          GST_TRACER :0::[00m latency_tracer_pipeline, frame_latency=(double)40.730781, avg=(double)82.843968, min=(double)35.432142, max=(double)3071.486303, latency=(double)16.912811, fps=(double)59.126776, frame_num=(uint)966;
0:00:17.652752250 [32m    1[00m 0x79c908000b70 [37mTRACE  [00m [00;34m          GST_TRACER :0::[00m latency_tracer_pipeline, frame_latency=(double)40.730781, avg=(double)82.800418, min=(double)35.432142, max=(double)3071.486303, latency=(double)16.895321, fps=(double)59.187984, frame_num=(uint)967;
0:00:17.687388152 [32m    1[00m 0x79c908000b70 [37mTRACE  [00m [00;34m          GST_TRACER :0::[00m latency_tracer_pipeline, frame_latency=(double)42.815711, avg=(double)82.759111, min=(double)35.432142, max=(double)3071.486303, latency=(double)16.913683, fps=(double)59.123729, frame_num=(uint)968;
0:00:17.687401651 [32m    1[00m 0x79c908000b70 [37mTRACE  [00m [00;34m          GST_TRACER :0::[00m latency_tracer_pipeline, frame_latency=(double)42.815711, avg=(double)82.717890, min=(double)35.432142, max=(double)3071.486303, latency=(double)16.896228, fps=(double)59.184808, frame_num=(uint)969;
0:00:17.720429235 [32m    1[00m 0x79c908000b70 [37mTRACE  [00m [00;34m          GST_TRACER :0::[00m latency_tracer_pipeline, frame_latency=(double)42.056352, avg=(double)82.675971, min=(double)35.432142, max=(double)3071.486303, latency=(double)16.912872, fps=(double)59.126562, frame_num=(uint)970;
0:00:17.720442648 [32m    1[00m 0x79c908000b70 [37mTRACE  [00m [00;34m          GST_TRACER :0::[00m latency_tracer_pipeline, frame_latency=(double)42.056352, avg=(double)82.634138, min=(double)35.432142, max=(double)3071.486303, latency=(double)16.895454, fps=(double)59.187518, frame_num=(uint)971;
0:00:17.754925361 [32m    1[00m 0x79c908000b70 [37mTRACE  [00m [00;34m          GST_TRACER :0::[00m latency_tracer_pipeline, frame_latency=(double)43.326359, avg=(double)82.593698, min=(double)35.432142, max=(double)3071.486303, latency=(double)16.913554, fps=(double)59.124178, frame_num=(uint)972;
0:00:17.754942984 [32m    1[00m 0x79c908000b70 [37mTRACE  [00m [00;34m          GST_TRACER :0::[00m latency_tracer_pipeline, frame_latency=(double)43.326359, avg=(double)82.553341, min=(double)35.432142, max=(double)3071.486303, latency=(double)16.896171, fps=(double)59.185005, frame_num=(uint)973;
0:00:17.787419069 [32m    1[00m 0x79c908000b70 [37mTRACE  [00m [00;34m          GST_TRACER :0::[00m latency_tracer_pipeline, frame_latency=(double)42.072462, avg=(double)82.511779, min=(double)35.432142, max=(double)3071.486303, latency=(double)16.912194, fps=(double)59.128934, frame_num=(uint)974;
0:00:17.787433103 [32m    1[00m 0x79c908000b70 [37mTRACE  [00m [00;34m          GST_TRACER :0::[00m latency_tracer_pipeline, frame_latency=(double)42.072462, avg=(double)82.470303, min=(double)35.432142, max=(double)3071.486303, latency=(double)16.894848, fps=(double)59.189641, frame_num=(uint)975;
FpsCounter(last 1.00sec): total=29.99 fps, number-streams=1, per-stream=29.99 fps
latency: -3116.72ms
0:00:17.820112698 [32m    1[00m 0x79c908000b70 [37mTRACE  [00m [00;34m          GST_TRACER :0::[00m latency_tracer_pipeline, frame_latency=(double)41.832373, avg=(double)82.428666, min=(double)35.432142, max=(double)3071.486303, latency=(double)16.911043, fps=(double)59.132959, frame_num=(uint)976;
0:00:17.820120891 [32m    1[00m 0x79c908000b70 [37mTRACE  [00m [00;34m          GST_TRACER :0::[00m latency_tracer_pipeline_interval, interval=(double)1000.219426, avg=(double)42.403752, min=(double)40.730781, max=(double)43.890260, latency=(double)16.670324, fps=(double)59.986837;
0:00:17.820129621 [32m    1[00m 0x79c908000b70 [37mTRACE  [00m [00;34m          GST_TRACER :0::[00m latency_tracer_pipeline, frame_latency=(double)41.832373, avg=(double)82.387114, min=(double)35.432142, max=(double)3071.486303, latency=(double)16.893734, fps=(double)59.193546, frame_num=(uint)977;
0:00:17.853972241 [32m    1[00m 0x79c908000b70 [37mTRACE  [00m [00;34m          GST_TRACER :0::[00m latency_tracer_pipeline, frame_latency=(double)42.578390, avg=(double)82.346410, min=(double)35.432142, max=(double)3071.486303, latency=(double)16.911072, fps=(double)59.132858, frame_num=(uint)978;
0:00:17.853984775 [32m    1[00m 0x79c908000b70 [37mTRACE  [00m [00;34m          GST_TRACER :0::[00m latency_tracer_pipeline, frame_latency=(double)42.578390, avg=(double)82.305789, min=(double)35.432142, max=(double)3071.486303, latency=(double)16.893798, fps=(double)59.193322, frame_num=(uint)979;
0:00:17.886682092 [32m    1[00m 0x79c908000b70 [37mTRACE  [00m [00;34m          GST_TRACER :0::[00m latency_tracer_pipeline, frame_latency=(double)41.738779, avg=(double)82.264394, min=(double)35.432142, max=(double)3071.486303, latency=(double)16.909933, fps=(double)59.136838, frame_num=(uint)980;
0:00:17.886695818 [32m    1[00m 0x79c908000b70 [37mTRACE  [00m [00;34m          GST_TRACER :0::[00m latency_tracer_pipeline, frame_latency=(double)41.738779, avg=(double)82.223083, min=(double)35.432142, max=(double)3071.486303, latency=(double)16.892696, fps=(double)59.197182, frame_num=(uint)981;
0:00:17.920430644 [32m    1[00m 0x79c908000b70 [37mTRACE  [00m [00;34m          GST_TRACER :0::[00m latency_tracer_pipeline, frame_latency=(double)42.278498, avg=(double)82.182407, min=(double)35.432142, max=(double)3071.486303, latency=(double)16.909861, fps=(double)59.137093, frame_num=(uint)982;
0:00:17.920444201 [32m    1[00m 0x79c908000b70 [37mTRACE  [00m [00;34m          GST_TRACER :0::[00m latency_tracer_pipeline, frame_latency=(double)42.278498, avg=(double)82.141813, min=(double)35.432142, max=(double)3071.486303, latency=(double)16.892658, fps=(double)59.197314, frame_num=(uint)983;
0:00:17.954655391 [32m    1[00m 0x79c908000b70 [37mTRACE  [00m [00;34m          GST_TRACER :0::[00m latency_tracer_pipeline, frame_latency=(double)43.157432, avg=(double)82.102194, min=(double)35.432142, max=(double)3071.486303, latency=(double)16.910274, fps=(double)59.135647, frame_num=(uint)984;
0:00:17.954681002 [32m    1[00m 0x79c908000b70 [37mTRACE  [00m [00;34m          GST_TRACER :0::[00m latency_tracer_pipeline, frame_latency=(double)43.157432, avg=(double)82.062656, min=(double)35.432142, max=(double)3071.486303, latency=(double)16.893106, fps=(double)59.195745, frame_num=(uint)985;
0:00:17.987209529 [32m    1[00m 0x79c908000b70 [37mTRACE  [00m [00;34m          GST_TRACER :0::[00m latency_tracer_pipeline, frame_latency=(double)42.506296, avg=(double)82.022538, min=(double)35.432142, max=(double)3071.486303, latency=(double)16.908985, fps=(double)59.140155, frame_num=(uint)986;
0:00:17.987226884 [32m    1[00m 0x79c908000b70 [37mTRACE  [00m [00;34m          GST_TRACER :0::[00m latency_tracer_pipeline, frame_latency=(double)42.506296, avg=(double)81.982502, min=(double)35.432142, max=(double)3071.486303, latency=(double)16.891853, fps=(double)59.200135, frame_num=(uint)987;
0:00:18.020688427 [32m    1[00m 0x79c908000b70 [37mTRACE  [00m [00;34m          GST_TRACER :0::[00m latency_tracer_pipeline, frame_latency=(double)42.300415, avg=(double)81.942338, min=(double)35.432142, max=(double)3071.486303, latency=(double)16.908642, fps=(double)59.141355, frame_num=(uint)988;
0:00:18.020715803 [32m    1[00m 0x79c908000b70 [37mTRACE  [00m [00;34m          GST_TRACER :0::[00m latency_tracer_pipeline, frame_latency=(double)42.300415, avg=(double)81.902255, min=(double)35.432142, max=(double)3071.486303, latency=(double)16.891545, fps=(double)59.201215, frame_num=(uint)989;
0:00:18.054867072 [32m    1[00m 0x79c908000b70 [37mTRACE  [00m [00;34m          GST_TRACER :0::[00m latency_tracer_pipeline, frame_latency=(double)43.161544, avg=(double)81.863123, min=(double)35.432142, max=(double)3071.486303, latency=(double)16.909010, fps=(double)59.140066, frame_num=(uint)990;
0:00:18.054896064 [32m    1[00m 0x79c908000b70 [37mTRACE  [00m [00;34m          GST_TRACER :0::[00m latency_tracer_pipeline, frame_latency=(double)43.161544, avg=(double)81.824070, min=(double)35.432142, max=(double)3071.486303, latency=(double)16.891948, fps=(double)59.199804, frame_num=(uint)991;
0:00:18.088132623 [32m    1[00m 0x79c908000b70 [37mTRACE  [00m [00;34m          GST_TRACER :0::[00m latency_tracer_pipeline, frame_latency=(double)43.047479, avg=(double)81.784980, min=(double)35.432142, max=(double)3071.486303, latency=(double)16.908460, fps=(double)59.141992, frame_num=(uint)992;
0:00:18.088146062 [32m    1[00m 0x79c908000b70 [37mTRACE  [00m [00;34m          GST_TRACER :0::[00m latency_tracer_pipeline, frame_latency=(double)43.047479, avg=(double)81.745970, min=(double)35.432142, max=(double)3071.486303, latency=(double)16.891432, fps=(double)59.201611, frame_num=(uint)993;
0:00:18.120773790 [32m    1[00m 0x79c908000b70 [37mTRACE  [00m [00;34m          GST_TRACER :0::[00m latency_tracer_pipeline, frame_latency=(double)41.953884, avg=(double)81.705938, min=(double)35.432142, max=(double)3071.486303, latency=(double)16.907275, fps=(double)59.146137, frame_num=(uint)994;
0:00:18.120787261 [32m    1[00m 0x79c908000b70 [37mTRACE  [00m [00;34m          GST_TRACER :0::[00m latency_tracer_pipeline, frame_latency=(double)41.953884, avg=(double)81.665986, min=(double)35.432142, max=(double)3071.486303, latency=(double)16.890283, fps=(double)59.205640, frame_num=(uint)995;
0:00:18.153454017 [32m    1[00m 0x79c908000b70 [37mTRACE  [00m [00;34m          GST_TRACER :0::[00m latency_tracer_pipeline, frame_latency=(double)41.771743, avg=(double)81.625931, min=(double)35.432142, max=(double)3071.486303, latency=(double)16.906130, fps=(double)59.150142, frame_num=(uint)996;
0:00:18.153472520 [32m    1[00m 0x79c908000b70 [37mTRACE  [00m [00;34m          GST_TRACER :0::[00m latency_tracer_pipeline, frame_latency=(double)41.771743, avg=(double)81.585957, min=(double)35.432142, max=(double)3071.486303, latency=(double)16.889173, fps=(double)59.209530, frame_num=(uint)997;
0:00:18.187876652 [32m    1[00m 0x79c908000b70 [37mTRACE  [00m [00;34m          GST_TRACER :0::[00m latency_tracer_pipeline, frame_latency=(double)43.038127, avg=(double)81.547332, min=(double)35.432142, max=(double)3071.486303, latency=(double)16.906752, fps=(double)59.147965, frame_num=(uint)998;
0:00:18.187889264 [32m    1[00m 0x79c908000b70 [37mTRACE  [00m [00;34m          GST_TRACER :0::[00m latency_tracer_pipeline, frame_latency=(double)43.038127, avg=(double)81.508784, min=(double)35.432142, max=(double)3071.486303, latency=(double)16.889829, fps=(double)59.207232, frame_num=(uint)999;
0:00:18.220793976 [32m    1[00m 0x79c908000b70 [37mTRACE  [00m [00;34m          GST_TRACER :0::[00m latency_tracer_pipeline, frame_latency=(double)42.406316, avg=(double)81.469682, min=(double)35.432142, max=(double)3071.486303, latency=(double)16.905847, fps=(double)59.151132, frame_num=(uint)1000;
0:00:18.220823651 [32m    1[00m 0x79c908000b70 [37mTRACE  [00m [00;34m          GST_TRACER :0::[00m latency_tracer_pipeline, frame_latency=(double)42.406316, avg=(double)81.430658, min=(double)35.432142, max=(double)3071.486303, latency=(double)16.888958, fps=(double)59.210283, frame_num=(uint)1001;
0:00:18.253806067 [32m    1[00m 0x79c908000b70 [37mTRACE  [00m [00;34m          GST_TRACER :0::[00m latency_tracer_pipeline, frame_latency=(double)42.221203, avg=(double)81.391526, min=(double)35.432142, max=(double)3071.486303, latency=(double)16.905054, fps=(double)59.153908, frame_num=(uint)1002;
0:00:18.253819965 [32m    1[00m 0x79c908000b70 [37mTRACE  [00m [00;34m          GST_TRACER :0::[00m latency_tracer_pipeline, frame_latency=(double)42.221203, avg=(double)81.352473, min=(double)35.432142, max=(double)3071.486303, latency=(double)16.888199, fps=(double)59.212943, frame_num=(uint)1003;
0:00:18.287571957 [32m    1[00m 0x79c908000b70 [37mTRACE  [00m [00;34m          GST_TRACER :0::[00m latency_tracer_pipeline, frame_latency=(double)42.593192, avg=(double)81.313868, min=(double)35.432142, max=(double)3071.486303, latency=(double)16.905006, fps=(double)59.154076, frame_num=(uint)1004;
0:00:18.287585394 [32m    1[00m 0x79c908000b70 [37mTRACE  [00m [00;34m          GST_TRACER :0::[00m latency_tracer_pipeline, frame_latency=(double)42.593192, avg=(double)81.275340, min=(double)35.432142, max=(double)3071.486303, latency=(double)16.888185, fps=(double)59.212995, frame_num=(uint)1005;
0:00:18.320975620 [32m    1[00m 0x79c908000b70 [37mTRACE  [00m [00;34m          GST_TRACER :0::[00m latency_tracer_pipeline, frame_latency=(double)42.656969, avg=(double)81.236952, min=(double)35.432142, max=(double)3071.486303, latency=(double)16.904597, fps=(double)59.155505, frame_num=(uint)1006;
0:00:18.320997390 [32m    1[00m 0x79c908000b70 [37mTRACE  [00m [00;34m          GST_TRACER :0::[00m latency_tracer_pipeline, frame_latency=(double)42.656969, avg=(double)81.198640, min=(double)35.432142, max=(double)3071.486303, latency=(double)16.887810, fps=(double)59.214308, frame_num=(uint)1007;
0:00:18.354139005 [32m    1[00m 0x79c908000b70 [37mTRACE  [00m [00;34m          GST_TRACER :0::[00m latency_tracer_pipeline, frame_latency=(double)42.506075, avg=(double)81.160255, min=(double)35.432142, max=(double)3071.486303, latency=(double)16.903961, fps=(double)59.157734, frame_num=(uint)1008;
0:00:18.354156189 [32m    1[00m 0x79c908000b70 [37mTRACE  [00m [00;34m          GST_TRACER :0::[00m latency_tracer_pipeline, frame_latency=(double)42.506075, avg=(double)81.121946, min=(double)35.432142, max=(double)3071.486303, latency=(double)16.887207, fps=(double)59.216422, frame_num=(uint)1009;
0:00:18.387062598 [32m    1[00m 0x79c908000b70 [37mTRACE  [00m [00;34m          GST_TRACER :0::[00m latency_tracer_pipeline, frame_latency=(double)42.489382, avg=(double)81.083695, min=(double)35.432142, max=(double)3071.486303, latency=(double)16.903091, fps=(double)59.160777, frame_num=(uint)1010;
0:00:18.387078403 [32m    1[00m 0x79c908000b70 [37mTRACE  [00m [00;34m          GST_TRACER :0::[00m latency_tracer_pipeline, frame_latency=(double)42.489382, avg=(double)81.045521, min=(double)35.432142, max=(double)3071.486303, latency=(double)16.886372, fps=(double)59.219352, frame_num=(uint)1011;
0:00:18.420084700 [32m    1[00m 0x79c908000b70 [37mTRACE  [00m [00;34m          GST_TRACER :0::[00m latency_tracer_pipeline, frame_latency=(double)42.124998, avg=(double)81.007062, min=(double)35.432142, max=(double)3071.486303, latency=(double)16.902312, fps=(double)59.163505, frame_num=(uint)1012;
0:00:18.420094835 [32m    1[00m 0x79c908000b70 [37mTRACE  [00m [00;34m          GST_TRACER :0::[00m latency_tracer_pipeline, frame_latency=(double)42.124998, avg=(double)80.968679, min=(double)35.432142, max=(double)3071.486303, latency=(double)16.885626, fps=(double)59.221967, frame_num=(uint)1013;
0:00:18.455979276 [32m    1[00m 0x79c908000b70 [37mTRACE  [00m [00;34m          GST_TRACER :0::[00m latency_tracer_pipeline, frame_latency=(double)44.623741, avg=(double)80.932836, min=(double)35.432142, max=(double)3071.486303, latency=(double)16.904368, fps=(double)59.156307, frame_num=(uint)1014;
0:00:18.456011028 [32m    1[00m 0x79c908000b70 [37mTRACE  [00m [00;34m          GST_TRACER :0::[00m latency_tracer_pipeline, frame_latency=(double)44.623741, avg=(double)80.897063, min=(double)35.432142, max=(double)3071.486303, latency=(double)16.887714, fps=(double)59.214647, frame_num=(uint)1015;
0:00:18.488855504 [32m    1[00m 0x79c908000b70 [37mTRACE  [00m [00;34m          GST_TRACER :0::[00m latency_tracer_pipeline, frame_latency=(double)44.164177, avg=(double)80.860909, min=(double)35.432142, max=(double)3071.486303, latency=(double)16.903452, fps=(double)59.159514, frame_num=(uint)1016;
0:00:18.488887660 [32m    1[00m 0x79c908000b70 [37mTRACE  [00m [00;34m          GST_TRACER :0::[00m latency_tracer_pipeline, frame_latency=(double)44.164177, avg=(double)80.824826, min=(double)35.432142, max=(double)3071.486303, latency=(double)16.886831, fps=(double)59.217741, frame_num=(uint)1017;
0:00:18.520448668 [32m    1[00m 0x79c908000b70 [37mTRACE  [00m [00;34m          GST_TRACER :0::[00m latency_tracer_pipeline, frame_latency=(double)42.234541, avg=(double)80.786918, min=(double)35.432142, max=(double)3071.486303, latency=(double)16.901279, fps=(double)59.167120, frame_num=(uint)1018;
0:00:18.520475724 [32m    1[00m 0x79c908000b70 [37mTRACE  [00m [00;34m          GST_TRACER :0::[00m latency_tracer_pipeline, frame_latency=(double)42.234541, avg=(double)80.749084, min=(double)35.432142, max=(double)3071.486303, latency=(double)16.884693, fps=(double)59.225241, frame_num=(uint)1019;
0:00:18.554357756 [32m    1[00m 0x79c908000b70 [37mTRACE  [00m [00;34m          GST_TRACER :0::[00m latency_tracer_pipeline, frame_latency=(double)42.883254, avg=(double)80.711961, min=(double)35.432142, max=(double)3071.486303, latency=(double)16.901384, fps=(double)59.166752, frame_num=(uint)1020;
0:00:18.554383886 [32m    1[00m 0x79c908000b70 [37mTRACE  [00m [00;34m          GST_TRACER :0::[00m latency_tracer_pipeline, frame_latency=(double)42.883254, avg=(double)80.674910, min=(double)35.432142, max=(double)3071.486303, latency=(double)16.884830, fps=(double)59.224759, frame_num=(uint)1021;
0:00:18.588664139 [32m    1[00m 0x79c908000b70 [37mTRACE  [00m [00;34m          GST_TRACER :0::[00m latency_tracer_pipeline, frame_latency=(double)43.303205, avg=(double)80.638343, min=(double)35.432142, max=(double)3071.486303, latency=(double)16.901877, fps=(double)59.165027, frame_num=(uint)1022;
0:00:18.588691231 [32m    1[00m 0x79c908000b70 [37mTRACE  [00m [00;34m          GST_TRACER :0::[00m latency_tracer_pipeline, frame_latency=(double)43.303205, avg=(double)80.601847, min=(double)35.432142, max=(double)3071.486303, latency=(double)16.885355, fps=(double)59.222918, frame_num=(uint)1023;
0:00:18.620884007 [32m    1[00m 0x79c908000b70 [37mTRACE  [00m [00;34m          GST_TRACER :0::[00m latency_tracer_pipeline, frame_latency=(double)42.106727, avg=(double)80.564254, min=(double)35.432142, max=(double)3071.486303, latency=(double)16.900330, fps=(double)59.170443, frame_num=(uint)1024;
0:00:18.620911502 [32m    1[00m 0x79c908000b70 [37mTRACE  [00m [00;34m          GST_TRACER :0::[00m latency_tracer_pipeline, frame_latency=(double)42.106727, avg=(double)80.526735, min=(double)35.432142, max=(double)3071.486303, latency=(double)16.883842, fps=(double)59.228226, frame_num=(uint)1025;
0:00:18.654829605 [32m    1[00m 0x79c908000b70 [37mTRACE  [00m [00;34m          GST_TRACER :0::[00m latency_tracer_pipeline, frame_latency=(double)43.384928, avg=(double)80.490534, min=(double)35.432142, max=(double)3071.486303, latency=(double)16.900472, fps=(double)59.169946, frame_num=(uint)1026;
0:00:18.654857688 [32m    1[00m 0x79c908000b70 [37mTRACE  [00m [00;34m          GST_TRACER :0::[00m latency_tracer_pipeline, frame_latency=(double)43.384928, avg=(double)80.454404, min=(double)35.432142, max=(double)3071.486303, latency=(double)16.884016, fps=(double)59.227616, frame_num=(uint)1027;
0:00:18.687410285 [32m    1[00m 0x79c908000b70 [37mTRACE  [00m [00;34m          GST_TRACER :0::[00m latency_tracer_pipeline, frame_latency=(double)42.158517, avg=(double)80.417151, min=(double)35.432142, max=(double)3071.486303, latency=(double)16.899285, fps=(double)59.174103, frame_num=(uint)1028;
0:00:18.687436865 [32m    1[00m 0x79c908000b70 [37mTRACE  [00m [00;34m          GST_TRACER :0::[00m latency_tracer_pipeline, frame_latency=(double)42.158517, avg=(double)80.379971, min=(double)35.432142, max=(double)3071.486303, latency=(double)16.882861, fps=(double)59.231665, frame_num=(uint)1029;
0:00:18.721527886 [32m    1[00m 0x79c908000b70 [37mTRACE  [00m [00;34m          GST_TRACER :0::[00m latency_tracer_pipeline, frame_latency=(double)43.259224, avg=(double)80.343931, min=(double)35.432142, max=(double)3071.486303, latency=(double)16.899594, fps=(double)59.173019, frame_num=(uint)1030;
0:00:18.721553545 [32m    1[00m 0x79c908000b70 [37mTRACE  [00m [00;34m          GST_TRACER :0::[00m latency_tracer_pipeline, frame_latency=(double)43.259224, avg=(double)80.307962, min=(double)35.432142, max=(double)3071.486303, latency=(double)16.883203, fps=(double)59.230468, frame_num=(uint)1031;
0:00:18.754468687 [32m    1[00m 0x79c908000b70 [37mTRACE  [00m [00;34m          GST_TRACER :0::[00m latency_tracer_pipeline, frame_latency=(double)42.484094, avg=(double)80.271311, min=(double)35.432142, max=(double)3071.486303, latency=(double)16.898761, fps=(double)59.175934, frame_num=(uint)1032;
0:00:18.754508516 [32m    1[00m 0x79c908000b70 [37mTRACE  [00m [00;34m          GST_TRACER :0::[00m latency_tracer_pipeline, frame_latency=(double)42.484094, avg=(double)80.234731, min=(double)35.432142, max=(double)3071.486303, latency=(double)16.882403, fps=(double)59.233275, frame_num=(uint)1033;
0:00:18.788205865 [32m    1[00m 0x79c908000b70 [37mTRACE  [00m [00;34m          GST_TRACER :0::[00m latency_tracer_pipeline, frame_latency=(double)43.405485, avg=(double)80.199112, min=(double)35.432142, max=(double)3071.486303, latency=(double)16.898703, fps=(double)59.176139, frame_num=(uint)1034;
0:00:18.788235252 [32m    1[00m 0x79c908000b70 [37mTRACE  [00m [00;34m          GST_TRACER :0::[00m latency_tracer_pipeline, frame_latency=(double)43.405485, avg=(double)80.163563, min=(double)35.432142, max=(double)3071.486303, latency=(double)16.882376, fps=(double)59.233369, frame_num=(uint)1035;
0:00:18.820614058 [32m    1[00m 0x79c908000b70 [37mTRACE  [00m [00;34m          GST_TRACER :0::[00m latency_tracer_pipeline, frame_latency=(double)42.099089, avg=(double)80.126821, min=(double)35.432142, max=(double)3071.486303, latency=(double)16.897367, fps=(double)59.180819, frame_num=(uint)1036;
0:00:18.820630398 [32m    1[00m 0x79c908000b70 [37mTRACE  [00m [00;34m          GST_TRACER :0::[00m latency_tracer_pipeline_interval, interval=(double)1000.494062, avg=(double)42.683478, min=(double)41.738779, max=(double)44.623741, latency=(double)16.674901, fps=(double)59.970371;
0:00:18.820638522 [32m    1[00m 0x79c908000b70 [37mTRACE  [00m [00;34m          GST_TRACER :0::[00m latency_tracer_pipeline, frame_latency=(double)42.099089, avg=(double)80.090150, min=(double)35.432142, max=(double)3071.486303, latency=(double)16.881072, fps=(double)59.237943, frame_num=(uint)1037;
FpsCounter(last 1.00sec): total=29.99 fps, number-streams=1, per-stream=29.99 fps
latency: -3316.38ms
0:00:18.853784906 [32m    1[00m 0x79c908000b70 [37mTRACE  [00m [00;34m          GST_TRACER :0::[00m latency_tracer_pipeline, frame_latency=(double)42.304362, avg=(double)80.053748, min=(double)35.432142, max=(double)3071.486303, latency=(double)16.896747, fps=(double)59.182990, frame_num=(uint)1038;
0:00:18.853813360 [32m    1[00m 0x79c908000b70 [37mTRACE  [00m [00;34m          GST_TRACER :0::[00m latency_tracer_pipeline, frame_latency=(double)42.304362, avg=(double)80.017415, min=(double)35.432142, max=(double)3071.486303, latency=(double)16.880484, fps=(double)59.240006, frame_num=(uint)1039;
0:00:18.887213203 [32m    1[00m 0x79c908000b70 [37mTRACE  [00m [00;34m          GST_TRACER :0::[00m latency_tracer_pipeline, frame_latency=(double)42.351333, avg=(double)79.981198, min=(double)35.432142, max=(double)3071.486303, latency=(double)16.896410, fps=(double)59.184170, frame_num=(uint)1040;
0:00:18.887242547 [32m    1[00m 0x79c908000b70 [37mTRACE  [00m [00;34m          GST_TRACER :0::[00m latency_tracer_pipeline, frame_latency=(double)42.351333, avg=(double)79.945050, min=(double)35.432142, max=(double)3071.486303, latency=(double)16.880179, fps=(double)59.241078, frame_num=(uint)1041;
0:00:18.920575293 [32m    1[00m 0x79c908000b70 [37mTRACE  [00m [00;34m          GST_TRACER :0::[00m latency_tracer_pipeline, frame_latency=(double)41.943109, avg=(double)79.908580, min=(double)35.432142, max=(double)3071.486303, latency=(double)16.895997, fps=(double)59.185616, frame_num=(uint)1042;
0:00:18.920602129 [32m    1[00m 0x79c908000b70 [37mTRACE  [00m [00;34m          GST_TRACER :0::[00m latency_tracer_pipeline, frame_latency=(double)41.943109, avg=(double)79.872180, min=(double)35.432142, max=(double)3071.486303, latency=(double)16.879798, fps=(double)59.242416, frame_num=(uint)1043;
0:00:18.953500101 [32m    1[00m 0x79c908000b70 [37mTRACE  [00m [00;34m          GST_TRACER :0::[00m latency_tracer_pipeline, frame_latency=(double)42.109664, avg=(double)79.836009, min=(double)35.432142, max=(double)3071.486303, latency=(double)16.895153, fps=(double)59.188572, frame_num=(uint)1044;
0:00:18.953526261 [32m    1[00m 0x79c908000b70 [37mTRACE  [00m [00;34m          GST_TRACER :0::[00m latency_tracer_pipeline, frame_latency=(double)42.109664, avg=(double)79.799907, min=(double)35.432142, max=(double)3071.486303, latency=(double)16.878986, fps=(double)59.245266, frame_num=(uint)1045;
0:00:18.986170908 [32m    1[00m 0x79c908000b70 [37mTRACE  [00m [00;34m          GST_TRACER :0::[00m latency_tracer_pipeline, frame_latency=(double)41.453258, avg=(double)79.763247, min=(double)35.432142, max=(double)3071.486303, latency=(double)16.894091, fps=(double)59.192294, frame_num=(uint)1046;
0:00:18.986207345 [32m    1[00m 0x79c908000b70 [37mTRACE  [00m [00;34m          GST_TRACER :0::[00m latency_tracer_pipeline, frame_latency=(double)41.453258, avg=(double)79.726656, min=(double)35.432142, max=(double)3071.486303, latency=(double)16.877955, fps=(double)59.248883, frame_num=(uint)1047;
0:00:19.019101030 [32m    1[00m 0x79c908000b70 [37mTRACE  [00m [00;34m          GST_TRACER :0::[00m latency_tracer_pipeline, frame_latency=(double)41.007041, avg=(double)79.689710, min=(double)35.432142, max=(double)3071.486303, latency=(double)16.893277, fps=(double)59.195145, frame_num=(uint)1048;
0:00:19.019129945 [32m    1[00m 0x79c908000b70 [37mTRACE  [00m [00;34m          GST_TRACER :0::[00m latency_tracer_pipeline, frame_latency=(double)41.007041, avg=(double)79.652834, min=(double)35.432142, max=(double)3071.486303, latency=(double)16.877173, fps=(double)59.251628, frame_num=(uint)1049;
0:00:19.053394376 [32m    1[00m 0x79c908000b70 [37mTRACE  [00m [00;34m          GST_TRACER :0::[00m latency_tracer_pipeline, frame_latency=(double)42.061655, avg=(double)79.617033, min=(double)35.432142, max=(double)3071.486303, latency=(double)16.893757, fps=(double)59.193466, frame_num=(uint)1050;
0:00:19.053430672 [32m    1[00m 0x79c908000b70 [37mTRACE  [00m [00;34m          GST_TRACER :0::[00m latency_tracer_pipeline, frame_latency=(double)42.061655, avg=(double)79.581300, min=(double)35.432142, max=(double)3071.486303, latency=(double)16.877683, fps=(double)59.249840, frame_num=(uint)1051;
0:00:19.087537089 [32m    1[00m 0x79c908000b70 [37mTRACE  [00m [00;34m          GST_TRACER :0::[00m latency_tracer_pipeline, frame_latency=(double)42.892799, avg=(double)79.546425, min=(double)35.432142, max=(double)3071.486303, latency=(double)16.894098, fps=(double)59.192269, frame_num=(uint)1052;
0:00:19.087565233 [32m    1[00m 0x79c908000b70 [37mTRACE  [00m [00;34m          GST_TRACER :0::[00m latency_tracer_pipeline, frame_latency=(double)42.892799, avg=(double)79.511617, min=(double)35.432142, max=(double)3071.486303, latency=(double)16.878054, fps=(double)59.248535, frame_num=(uint)1053;
0:00:19.122892941 [32m    1[00m 0x79c908000b70 [37mTRACE  [00m [00;34m          GST_TRACER :0::[00m latency_tracer_pipeline, frame_latency=(double)44.184516, avg=(double)79.478099, min=(double)35.432142, max=(double)3071.486303, latency=(double)16.895584, fps=(double)59.187063, frame_num=(uint)1054;
0:00:19.122924824 [32m    1[00m 0x79c908000b70 [37mTRACE  [00m [00;34m          GST_TRACER :0::[00m latency_tracer_pipeline, frame_latency=(double)44.184516, avg=(double)79.444646, min=(double)35.432142, max=(double)3071.486303, latency=(double)16.879569, fps=(double)59.243217, frame_num=(uint)1055;
0:00:19.154693668 [32m    1[00m 0x79c908000b70 [37mTRACE  [00m [00;34m          GST_TRACER :0::[00m latency_tracer_pipeline, frame_latency=(double)42.947362, avg=(double)79.410084, min=(double)35.432142, max=(double)3071.486303, latency=(double)16.893695, fps=(double)59.193681, frame_num=(uint)1056;
0:00:19.154730057 [32m    1[00m 0x79c908000b70 [37mTRACE  [00m [00;34m          GST_TRACER :0::[00m latency_tracer_pipeline, frame_latency=(double)42.947362, avg=(double)79.375588, min=(double)35.432142, max=(double)3071.486303, latency=(double)16.877712, fps=(double)59.249736, frame_num=(uint)1057;
0:00:19.187190036 [32m    1[00m 0x79c908000b70 [37mTRACE  [00m [00;34m          GST_TRACER :0::[00m latency_tracer_pipeline, frame_latency=(double)42.374687, avg=(double)79.340615, min=(double)35.432142, max=(double)3071.486303, latency=(double)16.892480, fps=(double)59.197940, frame_num=(uint)1058;
0:00:19.187220188 [32m    1[00m 0x79c908000b70 [37mTRACE  [00m [00;34m          GST_TRACER :0::[00m latency_tracer_pipeline, frame_latency=(double)42.374687, avg=(double)79.305709, min=(double)35.432142, max=(double)3071.486303, latency=(double)16.876528, fps=(double)59.253893, frame_num=(uint)1059;
0:00:19.220672340 [32m    1[00m 0x79c908000b70 [37mTRACE  [00m [00;34m          GST_TRACER :0::[00m latency_tracer_pipeline, frame_latency=(double)42.516294, avg=(double)79.271002, min=(double)35.432142, max=(double)3071.486303, latency=(double)16.892194, fps=(double)59.198941, frame_num=(uint)1060;
0:00:19.220698866 [32m    1[00m 0x79c908000b70 [37mTRACE  [00m [00;34m          GST_TRACER :0::[00m latency_tracer_pipeline, frame_latency=(double)42.516294, avg=(double)79.236360, min=(double)35.432142, max=(double)3071.486303, latency=(double)16.876273, fps=(double)59.254789, frame_num=(uint)1061;
0:00:19.253679296 [32m    1[00m 0x79c908000b70 [37mTRACE  [00m [00;34m          GST_TRACER :0::[00m latency_tracer_pipeline, frame_latency=(double)41.958121, avg=(double)79.201258, min=(double)35.432142, max=(double)3071.486303, latency=(double)16.891462, fps=(double)59.201505, frame_num=(uint)1062;
0:00:19.253705819 [32m    1[00m 0x79c908000b70 [37mTRACE  [00m [00;34m          GST_TRACER :0::[00m latency_tracer_pipeline, frame_latency=(double)41.958121, avg=(double)79.166222, min=(double)35.432142, max=(double)3071.486303, latency=(double)16.875572, fps=(double)59.257251, frame_num=(uint)1063;
0:00:19.287120099 [32m    1[00m 0x79c908000b70 [37mTRACE  [00m [00;34m          GST_TRACER :0::[00m latency_tracer_pipeline, frame_latency=(double)41.988608, avg=(double)79.131281, min=(double)35.432142, max=(double)3071.486303, latency=(double)16.891140, fps=(double)59.202634, frame_num=(uint)1064;
0:00:19.287148420 [32m    1[00m 0x79c908000b70 [37mTRACE  [00m [00;34m          GST_TRACER :0::[00m latency_tracer_pipeline, frame_latency=(double)41.988608, avg=(double)79.096405, min=(double)35.432142, max=(double)3071.486303, latency=(double)16.875280, fps=(double)59.258275, frame_num=(uint)1065;
0:00:19.320760534 [32m    1[00m 0x79c908000b70 [37mTRACE  [00m [00;34m          GST_TRACER :0::[00m latency_tracer_pipeline, frame_latency=(double)42.669977, avg=(double)79.062234, min=(double)35.432142, max=(double)3071.486303, latency=(double)16.891008, fps=(double)59.203099, frame_num=(uint)1066;
0:00:19.320788099 [32m    1[00m 0x79c908000b70 [37mTRACE  [00m [00;34m          GST_TRACER :0::[00m latency_tracer_pipeline, frame_latency=(double)42.669977, avg=(double)79.028127, min=(double)35.432142, max=(double)3071.486303, latency=(double)16.875177, fps=(double)59.258636, frame_num=(uint)1067;
0:00:19.354523908 [32m    1[00m 0x79c908000b70 [37mTRACE  [00m [00;34m          GST_TRACER :0::[00m latency_tracer_pipeline, frame_latency=(double)42.808420, avg=(double)78.994213, min=(double)35.432142, max=(double)3071.486303, latency=(double)16.890991, fps=(double)59.203159, frame_num=(uint)1068;
0:00:19.354548983 [32m    1[00m 0x79c908000b70 [37mTRACE  [00m [00;34m          GST_TRACER :0::[00m latency_tracer_pipeline, frame_latency=(double)42.808420, avg=(double)78.960363, min=(double)35.432142, max=(double)3071.486303, latency=(double)16.875190, fps=(double)59.258593, frame_num=(uint)1069;
0:00:19.387176378 [32m    1[00m 0x79c908000b70 [37mTRACE  [00m [00;34m          GST_TRACER :0::[00m latency_tracer_pipeline, frame_latency=(double)42.109866, avg=(double)78.925923, min=(double)35.432142, max=(double)3071.486303, latency=(double)16.889933, fps=(double)59.206864, frame_num=(uint)1070;
0:00:19.387211886 [32m    1[00m 0x79c908000b70 [37mTRACE  [00m [00;34m          GST_TRACER :0::[00m latency_tracer_pipeline, frame_latency=(double)42.109866, avg=(double)78.891548, min=(double)35.432142, max=(double)3071.486303, latency=(double)16.874163, fps=(double)59.262198, frame_num=(uint)1071;
0:00:19.420125217 [32m    1[00m 0x79c908000b70 [37mTRACE  [00m [00;34m          GST_TRACER :0::[00m latency_tracer_pipeline, frame_latency=(double)41.951609, avg=(double)78.857089, min=(double)35.432142, max=(double)3071.486303, latency=(double)16.889158, fps=(double)59.209584, frame_num=(uint)1072;
0:00:19.420167136 [32m    1[00m 0x79c908000b70 [37mTRACE  [00m [00;34m          GST_TRACER :0::[00m latency_tracer_pipeline, frame_latency=(double)41.951609, avg=(double)78.822694, min=(double)35.432142, max=(double)3071.486303, latency=(double)16.873418, fps=(double)59.264816, frame_num=(uint)1073;
0:00:19.453766242 [32m    1[00m 0x79c908000b70 [37mTRACE  [00m [00;34m          GST_TRACER :0::[00m latency_tracer_pipeline, frame_latency=(double)42.339360, avg=(double)78.788725, min=(double)35.432142, max=(double)3071.486303, latency=(double)16.889031, fps=(double)59.210028, frame_num=(uint)1074;
0:00:19.453795262 [32m    1[00m 0x79c908000b70 [37mTRACE  [00m [00;34m          GST_TRACER :0::[00m latency_tracer_pipeline, frame_latency=(double)42.339360, avg=(double)78.754818, min=(double)35.432142, max=(double)3071.486303, latency=(double)16.873320, fps=(double)59.265158, frame_num=(uint)1075;
0:00:19.487329560 [32m    1[00m 0x79c908000b70 [37mTRACE  [00m [00;34m          GST_TRACER :0::[00m latency_tracer_pipeline, frame_latency=(double)42.304571, avg=(double)78.720943, min=(double)35.432142, max=(double)3071.486303, latency=(double)16.888832, fps=(double)59.210727, frame_num=(uint)1076;
0:00:19.487359101 [32m    1[00m 0x79c908000b70 [37mTRACE  [00m [00;34m          GST_TRACER :0::[00m latency_tracer_pipeline, frame_latency=(double)42.304571, avg=(double)78.687130, min=(double)35.432142, max=(double)3071.486303, latency=(double)16.873150, fps=(double)59.265755, frame_num=(uint)1077;
0:00:19.522343769 [32m    1[00m 0x79c908000b70 [37mTRACE  [00m [00;34m          GST_TRACER :0::[00m latency_tracer_pipeline, frame_latency=(double)43.771707, avg=(double)78.654741, min=(double)35.432142, max=(double)3071.486303, latency=(double)16.889978, fps=(double)59.206709, frame_num=(uint)1078;
0:00:19.522372891 [32m    1[00m 0x79c908000b70 [37mTRACE  [00m [00;34m          GST_TRACER :0::[00m latency_tracer_pipeline, frame_latency=(double)43.771707, avg=(double)78.622412, min=(double)35.432142, max=(double)3071.486303, latency=(double)16.874324, fps=(double)59.261632, frame_num=(uint)1079;
0:00:19.555179242 [32m    1[00m 0x79c908000b70 [37mTRACE  [00m [00;34m          GST_TRACER :0::[00m latency_tracer_pipeline, frame_latency=(double)43.440935, avg=(double)78.589836, min=(double)35.432142, max=(double)3071.486303, latency=(double)16.889102, fps=(double)59.209778, frame_num=(uint)1080;
0:00:19.555213132 [32m    1[00m 0x79c908000b70 [37mTRACE  [00m [00;34m          GST_TRACER :0::[00m latency_tracer_pipeline, frame_latency=(double)43.440935, avg=(double)78.557321, min=(double)35.432142, max=(double)3071.486303, latency=(double)16.873479, fps=(double)59.264602, frame_num=(uint)1081;
0:00:19.586456458 [32m    1[00m 0x79c908000b70 [37mTRACE  [00m [00;34m          GST_TRACER :0::[00m latency_tracer_pipeline, frame_latency=(double)41.509177, avg=(double)78.523081, min=(double)35.432142, max=(double)3071.486303, latency=(double)16.886793, fps=(double)59.217876, frame_num=(uint)1082;
0:00:19.586503359 [32m    1[00m 0x79c908000b70 [37mTRACE  [00m [00;34m          GST_TRACER :0::[00m latency_tracer_pipeline, frame_latency=(double)41.509177, avg=(double)78.488904, min=(double)35.432142, max=(double)3071.486303, latency=(double)16.871200, fps=(double)59.272606, frame_num=(uint)1083;
0:00:19.620345690 [32m    1[00m 0x79c908000b70 [37mTRACE  [00m [00;34m          GST_TRACER :0::[00m latency_tracer_pipeline, frame_latency=(double)42.235265, avg=(double)78.455459, min=(double)35.432142, max=(double)3071.486303, latency=(double)16.886899, fps=(double)59.217503, frame_num=(uint)1084;
0:00:19.620376448 [32m    1[00m 0x79c908000b70 [37mTRACE  [00m [00;34m          GST_TRACER :0::[00m latency_tracer_pipeline, frame_latency=(double)42.235265, avg=(double)78.422077, min=(double)35.432142, max=(double)3071.486303, latency=(double)16.871335, fps=(double)59.272132, frame_num=(uint)1085;
0:00:19.653568234 [32m    1[00m 0x79c908000b70 [37mTRACE  [00m [00;34m          GST_TRACER :0::[00m latency_tracer_pipeline, frame_latency=(double)42.137566, avg=(double)78.388666, min=(double)35.432142, max=(double)3071.486303, latency=(double)16.886391, fps=(double)59.219285, frame_num=(uint)1086;
0:00:19.653598947 [32m    1[00m 0x79c908000b70 [37mTRACE  [00m [00;34m          GST_TRACER :0::[00m latency_tracer_pipeline, frame_latency=(double)42.137566, avg=(double)78.355316, min=(double)35.432142, max=(double)3071.486303, latency=(double)16.870856, fps=(double)59.273815, frame_num=(uint)1087;
0:00:19.687385838 [32m    1[00m 0x79c908000b70 [37mTRACE  [00m [00;34m          GST_TRACER :0::[00m latency_tracer_pipeline, frame_latency=(double)42.575775, avg=(double)78.322430, min=(double)35.432142, max=(double)3071.486303, latency=(double)16.886434, fps=(double)59.219135, frame_num=(uint)1088;
0:00:19.687412071 [32m    1[00m 0x79c908000b70 [37mTRACE  [00m [00;34m          GST_TRACER :0::[00m latency_tracer_pipeline, frame_latency=(double)42.575775, avg=(double)78.289605, min=(double)35.432142, max=(double)3071.486303, latency=(double)16.870927, fps=(double)59.273564, frame_num=(uint)1089;
0:00:19.721035426 [32m    1[00m 0x79c908000b70 [37mTRACE  [00m [00;34m          GST_TRACER :0::[00m latency_tracer_pipeline, frame_latency=(double)43.017005, avg=(double)78.257245, min=(double)35.432142, max=(double)3071.486303, latency=(double)16.886320, fps=(double)59.219533, frame_num=(uint)1090;
0:00:19.721061435 [32m    1[00m 0x79c908000b70 [37mTRACE  [00m [00;34m          GST_TRACER :0::[00m latency_tracer_pipeline, frame_latency=(double)43.017005, avg=(double)78.224944, min=(double)35.432142, max=(double)3071.486303, latency=(double)16.870842, fps=(double)59.273863, frame_num=(uint)1091;
0:00:19.754276534 [32m    1[00m 0x79c908000b70 [37mTRACE  [00m [00;34m          GST_TRACER :0::[00m latency_tracer_pipeline, frame_latency=(double)42.463871, avg=(double)78.192196, min=(double)35.432142, max=(double)3071.486303, latency=(double)16.885833, fps=(double)59.221242, frame_num=(uint)1092;
0:00:19.754306297 [32m    1[00m 0x79c908000b70 [37mTRACE  [00m [00;34m          GST_TRACER :0::[00m latency_tracer_pipeline, frame_latency=(double)42.463871, avg=(double)78.159507, min=(double)35.432142, max=(double)3071.486303, latency=(double)16.870384, fps=(double)59.275474, frame_num=(uint)1093;
0:00:19.786870959 [32m    1[00m 0x79c908000b70 [37mTRACE  [00m [00;34m          GST_TRACER :0::[00m latency_tracer_pipeline, frame_latency=(double)41.835062, avg=(double)78.126304, min=(double)35.432142, max=(double)3071.486303, latency=(double)16.884758, fps=(double)59.225013, frame_num=(uint)1094;
0:00:19.786896979 [32m    1[00m 0x79c908000b70 [37mTRACE  [00m [00;34m          GST_TRACER :0::[00m latency_tracer_pipeline, frame_latency=(double)41.835062, avg=(double)78.093161, min=(double)35.432142, max=(double)3071.486303, latency=(double)16.869338, fps=(double)59.279149, frame_num=(uint)1095;
0:00:19.820236753 [32m    1[00m 0x79c908000b70 [37mTRACE  [00m [00;34m          GST_TRACER :0::[00m latency_tracer_pipeline, frame_latency=(double)41.902967, avg=(double)78.060141, min=(double)35.432142, max=(double)3071.486303, latency=(double)16.884389, fps=(double)59.226307, frame_num=(uint)1096;
0:00:19.820266411 [32m    1[00m 0x79c908000b70 [37mTRACE  [00m [00;34m          GST_TRACER :0::[00m latency_tracer_pipeline, frame_latency=(double)41.902967, avg=(double)78.027181, min=(double)35.432142, max=(double)3071.486303, latency=(double)16.868997, fps=(double)59.280346, frame_num=(uint)1097;
FpsCounter(last 1.03sec): total=30.01 fps, number-streams=1, per-stream=30.01 fps
latency: -3520.18ms
0:00:19.853562678 [32m    1[00m 0x79c908000b70 [37mTRACE  [00m [00;34m          GST_TRACER :0::[00m latency_tracer_pipeline, frame_latency=(double)42.013369, avg=(double)77.994382, min=(double)35.432142, max=(double)3071.486303, latency=(double)16.883990, fps=(double)59.227708, frame_num=(uint)1098;
0:00:19.853578651 [32m    1[00m 0x79c908000b70 [37mTRACE  [00m [00;34m          GST_TRACER :0::[00m latency_tracer_pipeline_interval, interval=(double)1032.948762, avg=(double)42.362006, min=(double)41.007041, max=(double)44.184516, latency=(double)16.660464, fps=(double)60.022338;
0:00:19.853586763 [32m    1[00m 0x79c908000b70 [37mTRACE  [00m [00;34m          GST_TRACER :0::[00m latency_tracer_pipeline, frame_latency=(double)42.013369, avg=(double)77.961642, min=(double)35.432142, max=(double)3071.486303, latency=(double)16.868627, fps=(double)59.281649, frame_num=(uint)1099;
0:00:19.887567356 [32m    1[00m 0x79c908000b70 [37mTRACE  [00m [00;34m          GST_TRACER :0::[00m latency_tracer_pipeline, frame_latency=(double)42.537561, avg=(double)77.929438, min=(double)35.432142, max=(double)3071.486303, latency=(double)16.884201, fps=(double)59.226966, frame_num=(uint)1100;
0:00:19.887596712 [32m    1[00m 0x79c908000b70 [37mTRACE  [00m [00;34m          GST_TRACER :0::[00m latency_tracer_pipeline, frame_latency=(double)42.537561, avg=(double)77.897293, min=(double)35.432142, max=(double)3071.486303, latency=(double)16.868866, fps=(double)59.280809, frame_num=(uint)1101;
0:00:19.921428894 [32m    1[00m 0x79c908000b70 [37mTRACE  [00m [00;34m          GST_TRACER :0::[00m latency_tracer_pipeline, frame_latency=(double)42.728914, avg=(double)77.865380, min=(double)35.432142, max=(double)3071.486303, latency=(double)16.884284, fps=(double)59.226676, frame_num=(uint)1102;
0:00:19.921477311 [32m    1[00m 0x79c908000b70 [37mTRACE  [00m [00;34m          GST_TRACER :0::[00m latency_tracer_pipeline, frame_latency=(double)42.728914, avg=(double)77.833524, min=(double)35.432142, max=(double)3071.486303, latency=(double)16.868976, fps=(double)59.280420, frame_num=(uint)1103;
0:00:19.954416283 [32m    1[00m 0x79c908000b70 [37mTRACE  [00m [00;34m          GST_TRACER :0::[00m latency_tracer_pipeline, frame_latency=(double)42.609275, avg=(double)77.801618, min=(double)35.432142, max=(double)3071.486303, latency=(double)16.883576, fps=(double)59.229160, frame_num=(uint)1104;
0:00:19.954452114 [32m    1[00m 0x79c908000b70 [37mTRACE  [00m [00;34m          GST_TRACER :0::[00m latency_tracer_pipeline, frame_latency=(double)42.609275, avg=(double)77.769770, min=(double)35.432142, max=(double)3071.486303, latency=(double)16.868296, fps=(double)59.282809, frame_num=(uint)1105;
0:00:19.985837162 [32m    1[00m 0x79c908000b70 [37mTRACE  [00m [00;34m          GST_TRACER :0::[00m latency_tracer_pipeline, frame_latency=(double)41.246507, avg=(double)77.736747, min=(double)35.432142, max=(double)3071.486303, latency=(double)16.881456, fps=(double)59.236595, frame_num=(uint)1106;
0:00:19.985869199 [32m    1[00m 0x79c908000b70 [37mTRACE  [00m [00;34m          GST_TRACER :0::[00m latency_tracer_pipeline, frame_latency=(double)41.246507, avg=(double)77.703784, min=(double)35.432142, max=(double)3071.486303, latency=(double)16.866207, fps=(double)59.290155, frame_num=(uint)1107;
0:00:20.020154214 [32m    1[00m 0x79c908000b70 [37mTRACE  [00m [00;34m          GST_TRACER :0::[00m latency_tracer_pipeline, frame_latency=(double)42.173915, avg=(double)77.671717, min=(double)35.432142, max=(double)3071.486303, latency=(double)16.881954, fps=(double)59.234850, frame_num=(uint)1108;
0:00:20.020186558 [32m    1[00m 0x79c908000b70 [37mTRACE  [00m [00;34m          GST_TRACER :0::[00m latency_tracer_pipeline, frame_latency=(double)42.173915, avg=(double)77.639709, min=(double)35.432142, max=(double)3071.486303, latency=(double)16.866731, fps=(double)59.288311, frame_num=(uint)1109;
0:00:20.053212319 [32m    1[00m 0x79c908000b70 [37mTRACE  [00m [00;34m          GST_TRACER :0::[00m latency_tracer_pipeline, frame_latency=(double)41.920563, avg=(double)77.607529, min=(double)35.432142, max=(double)3071.486303, latency=(double)16.881321, fps=(double)59.237071, frame_num=(uint)1110;
0:00:20.053241826 [32m    1[00m 0x79c908000b70 [37mTRACE  [00m [00;34m          GST_TRACER :0::[00m latency_tracer_pipeline, frame_latency=(double)41.920563, avg=(double)77.575408, min=(double)35.432142, max=(double)3071.486303, latency=(double)16.866126, fps=(double)59.290438, frame_num=(uint)1111;
0:00:20.087813041 [32m    1[00m 0x79c908000b70 [37mTRACE  [00m [00;34m          GST_TRACER :0::[00m latency_tracer_pipeline, frame_latency=(double)43.226780, avg=(double)77.544519, min=(double)35.432142, max=(double)3071.486303, latency=(double)16.882072, fps=(double)59.234434, frame_num=(uint)1112;
0:00:20.087847819 [32m    1[00m 0x79c908000b70 [37mTRACE  [00m [00;34m          GST_TRACER :0::[00m latency_tracer_pipeline, frame_latency=(double)43.226780, avg=(double)77.513685, min=(double)35.432142, max=(double)3071.486303, latency=(double)16.866904, fps=(double)59.287702, frame_num=(uint)1113;
0:00:20.120783535 [32m    1[00m 0x79c908000b70 [37mTRACE  [00m [00;34m          GST_TRACER :0::[00m latency_tracer_pipeline, frame_latency=(double)42.309294, avg=(double)77.482083, min=(double)35.432142, max=(double)3071.486303, latency=(double)16.881362, fps=(double)59.236928, frame_num=(uint)1114;
0:00:20.120811205 [32m    1[00m 0x79c908000b70 [37mTRACE  [00m [00;34m          GST_TRACER :0::[00m latency_tracer_pipeline, frame_latency=(double)42.309294, avg=(double)77.450538, min=(double)35.432142, max=(double)3071.486303, latency=(double)16.866221, fps=(double)59.290103, frame_num=(uint)1115;
0:00:20.154143256 [32m    1[00m 0x79c908000b70 [37mTRACE  [00m [00;34m          GST_TRACER :0::[00m latency_tracer_pipeline, frame_latency=(double)42.443789, avg=(double)77.419170, min=(double)35.432142, max=(double)3071.486303, latency=(double)16.881001, fps=(double)59.238195, frame_num=(uint)1116;
0:00:20.154172775 [32m    1[00m 0x79c908000b70 [37mTRACE  [00m [00;34m          GST_TRACER :0::[00m latency_tracer_pipeline, frame_latency=(double)42.443789, avg=(double)77.387858, min=(double)35.432142, max=(double)3071.486303, latency=(double)16.865888, fps=(double)59.291276, frame_num=(uint)1117;
0:00:20.188280779 [32m    1[00m 0x79c908000b70 [37mTRACE  [00m [00;34m          GST_TRACER :0::[00m latency_tracer_pipeline, frame_latency=(double)43.228856, avg=(double)77.357305, min=(double)35.432142, max=(double)3071.486303, latency=(double)16.881336, fps=(double)59.237017, frame_num=(uint)1118;
0:00:20.188310941 [32m    1[00m 0x79c908000b70 [37mTRACE  [00m [00;34m          GST_TRACER :0::[00m latency_tracer_pipeline, frame_latency=(double)43.228856, avg=(double)77.326805, min=(double)35.432142, max=(double)3071.486303, latency=(double)16.866250, fps=(double)59.290002, frame_num=(uint)1119;
0:00:20.220405347 [32m    1[00m 0x79c908000b70 [37mTRACE  [00m [00;34m          GST_TRACER :0::[00m latency_tracer_pipeline, frame_latency=(double)41.851287, avg=(double)77.295131, min=(double)35.432142, max=(double)3071.486303, latency=(double)16.879874, fps=(double)59.242147, frame_num=(uint)1120;
0:00:20.220432082 [32m    1[00m 0x79c908000b70 [37mTRACE  [00m [00;34m          GST_TRACER :0::[00m latency_tracer_pipeline, frame_latency=(double)41.851287, avg=(double)77.263513, min=(double)35.432142, max=(double)3071.486303, latency=(double)16.864816, fps=(double)59.295042, frame_num=(uint)1121;
0:00:20.254155471 [32m    1[00m 0x79c908000b70 [37mTRACE  [00m [00;34m          GST_TRACER :0::[00m latency_tracer_pipeline, frame_latency=(double)42.472442, avg=(double)77.232505, min=(double)35.432142, max=(double)3071.486303, latency=(double)16.879865, fps=(double)59.242180, frame_num=(uint)1122;
0:00:20.254184858 [32m    1[00m 0x79c908000b70 [37mTRACE  [00m [00;34m          GST_TRACER :0::[00m latency_tracer_pipeline, frame_latency=(double)42.472442, avg=(double)77.201552, min=(double)35.432142, max=(double)3071.486303, latency=(double)16.864834, fps=(double)59.294980, frame_num=(uint)1123;
0:00:20.287345314 [32m    1[00m 0x79c908000b70 [37mTRACE  [00m [00;34m          GST_TRACER :0::[00m latency_tracer_pipeline, frame_latency=(double)42.300235, avg=(double)77.170501, min=(double)35.432142, max=(double)3071.486303, latency=(double)16.879359, fps=(double)59.243957, frame_num=(uint)1124;
0:00:20.287374712 [32m    1[00m 0x79c908000b70 [37mTRACE  [00m [00;34m          GST_TRACER :0::[00m latency_tracer_pipeline, frame_latency=(double)42.300235, avg=(double)77.139505, min=(double)35.432142, max=(double)3071.486303, latency=(double)16.864355, fps=(double)59.296665, frame_num=(uint)1125;
0:00:20.321675420 [32m    1[00m 0x79c908000b70 [37mTRACE  [00m [00;34m          GST_TRACER :0::[00m latency_tracer_pipeline, frame_latency=(double)43.305126, avg=(double)77.109457, min=(double)35.432142, max=(double)3071.486303, latency=(double)16.879865, fps=(double)59.242180, frame_num=(uint)1126;
0:00:20.321704567 [32m    1[00m 0x79c908000b70 [37mTRACE  [00m [00;34m          GST_TRACER :0::[00m latency_tracer_pipeline, frame_latency=(double)43.305126, avg=(double)77.079462, min=(double)35.432142, max=(double)3071.486303, latency=(double)16.864887, fps=(double)59.294793, frame_num=(uint)1127;
0:00:20.355039603 [32m    1[00m 0x79c908000b70 [37mTRACE  [00m [00;34m          GST_TRACER :0::[00m latency_tracer_pipeline, frame_latency=(double)43.421314, avg=(double)77.049623, min=(double)35.432142, max=(double)3071.486303, latency=(double)16.879514, fps=(double)59.243413, frame_num=(uint)1128;
0:00:20.355073690 [32m    1[00m 0x79c908000b70 [37mTRACE  [00m [00;34m          GST_TRACER :0::[00m latency_tracer_pipeline, frame_latency=(double)43.421314, avg=(double)77.019837, min=(double)35.432142, max=(double)3071.486303, latency=(double)16.864563, fps=(double)59.295934, frame_num=(uint)1129;
0:00:20.386560928 [32m    1[00m 0x79c908000b70 [37mTRACE  [00m [00;34m          GST_TRACER :0::[00m latency_tracer_pipeline, frame_latency=(double)41.682218, avg=(double)76.988565, min=(double)35.432142, max=(double)3071.486303, latency=(double)16.877535, fps=(double)59.250357, frame_num=(uint)1130;
0:00:20.386587301 [32m    1[00m 0x79c908000b70 [37mTRACE  [00m [00;34m          GST_TRACER :0::[00m latency_tracer_pipeline, frame_latency=(double)41.682218, avg=(double)76.957348, min=(double)35.432142, max=(double)3071.486303, latency=(double)16.862613, fps=(double)59.302791, frame_num=(uint)1131;
0:00:20.419906330 [32m    1[00m 0x79c908000b70 [37mTRACE  [00m [00;34m          GST_TRACER :0::[00m latency_tracer_pipeline, frame_latency=(double)41.861955, avg=(double)76.926345, min=(double)35.432142, max=(double)3071.486303, latency=(double)16.877172, fps=(double)59.251633, frame_num=(uint)1132;
0:00:20.419934775 [32m    1[00m 0x79c908000b70 [37mTRACE  [00m [00;34m          GST_TRACER :0::[00m latency_tracer_pipeline, frame_latency=(double)41.861955, avg=(double)76.895397, min=(double)35.432142, max=(double)3071.486303, latency=(double)16.862276, fps=(double)59.303976, frame_num=(uint)1133;
0:00:20.453356852 [32m    1[00m 0x79c908000b70 [37mTRACE  [00m [00;34m          GST_TRACER :0::[00m latency_tracer_pipeline, frame_latency=(double)41.939254, avg=(double)76.864571, min=(double)35.432142, max=(double)3071.486303, latency=(double)16.876904, fps=(double)59.252574, frame_num=(uint)1134;
0:00:20.453385037 [32m    1[00m 0x79c908000b70 [37mTRACE  [00m [00;34m          GST_TRACER :0::[00m latency_tracer_pipeline, frame_latency=(double)41.939254, avg=(double)76.833800, min=(double)35.432142, max=(double)3071.486303, latency=(double)16.862034, fps=(double)59.304825, frame_num=(uint)1135;
0:00:20.488141803 [32m    1[00m 0x79c908000b70 [37mTRACE  [00m [00;34m          GST_TRACER :0::[00m latency_tracer_pipeline, frame_latency=(double)43.090949, avg=(double)76.804097, min=(double)35.432142, max=(double)3071.486303, latency=(double)16.877812, fps=(double)59.249385, frame_num=(uint)1136;
0:00:20.488185674 [32m    1[00m 0x79c908000b70 [37mTRACE  [00m [00;34m          GST_TRACER :0::[00m latency_tracer_pipeline, frame_latency=(double)43.090949, avg=(double)76.774446, min=(double)35.432142, max=(double)3071.486303, latency=(double)16.862968, fps=(double)59.301541, frame_num=(uint)1137;
0:00:20.521070280 [32m    1[00m 0x79c908000b70 [37mTRACE  [00m [00;34m          GST_TRACER :0::[00m latency_tracer_pipeline, frame_latency=(double)42.317730, avg=(double)76.744168, min=(double)35.432142, max=(double)3071.486303, latency=(double)16.877086, fps=(double)59.251935, frame_num=(uint)1138;
0:00:20.521099807 [32m    1[00m 0x79c908000b70 [37mTRACE  [00m [00;34m          GST_TRACER :0::[00m latency_tracer_pipeline, frame_latency=(double)42.317730, avg=(double)76.713942, min=(double)35.432142, max=(double)3071.486303, latency=(double)16.862269, fps=(double)59.304001, frame_num=(uint)1139;
0:00:20.554902261 [32m    1[00m 0x79c908000b70 [37mTRACE  [00m [00;34m          GST_TRACER :0::[00m latency_tracer_pipeline, frame_latency=(double)43.300122, avg=(double)76.684632, min=(double)35.432142, max=(double)3071.486303, latency=(double)16.877154, fps=(double)59.251696, frame_num=(uint)1140;
0:00:20.554931384 [32m    1[00m 0x79c908000b70 [37mTRACE  [00m [00;34m          GST_TRACER :0::[00m latency_tracer_pipeline, frame_latency=(double)43.300122, avg=(double)76.655373, min=(double)35.432142, max=(double)3071.486303, latency=(double)16.862362, fps=(double)59.303671, frame_num=(uint)1141;
0:00:20.587199630 [32m    1[00m 0x79c908000b70 [37mTRACE  [00m [00;34m          GST_TRACER :0::[00m latency_tracer_pipeline, frame_latency=(double)41.821537, avg=(double)76.624871, min=(double)35.432142, max=(double)3071.486303, latency=(double)16.875879, fps=(double)59.256174, frame_num=(uint)1142;
0:00:20.587229553 [32m    1[00m 0x79c908000b70 [37mTRACE  [00m [00;34m          GST_TRACER :0::[00m latency_tracer_pipeline, frame_latency=(double)41.821537, avg=(double)76.594421, min=(double)35.432142, max=(double)3071.486303, latency=(double)16.861114, fps=(double)59.308062, frame_num=(uint)1143;
0:00:20.621422649 [32m    1[00m 0x79c908000b70 [37mTRACE  [00m [00;34m          GST_TRACER :0::[00m latency_tracer_pipeline, frame_latency=(double)43.272201, avg=(double)76.565294, min=(double)35.432142, max=(double)3071.486303, latency=(double)16.876291, fps=(double)59.254727, frame_num=(uint)1144;
0:00:20.621451755 [32m    1[00m 0x79c908000b70 [37mTRACE  [00m [00;34m          GST_TRACER :0::[00m latency_tracer_pipeline, frame_latency=(double)43.272201, avg=(double)76.536217, min=(double)35.432142, max=(double)3071.486303, latency=(double)16.861552, fps=(double)59.306523, frame_num=(uint)1145;
0:00:20.653827921 [32m    1[00m 0x79c908000b70 [37mTRACE  [00m [00;34m          GST_TRACER :0::[00m latency_tracer_pipeline, frame_latency=(double)41.958159, avg=(double)76.506044, min=(double)35.432142, max=(double)3071.486303, latency=(double)16.875115, fps=(double)59.258856, frame_num=(uint)1146;
0:00:20.653857445 [32m    1[00m 0x79c908000b70 [37mTRACE  [00m [00;34m          GST_TRACER :0::[00m latency_tracer_pipeline, frame_latency=(double)41.958159, avg=(double)76.475924, min=(double)35.432142, max=(double)3071.486303, latency=(double)16.860403, fps=(double)59.310565, frame_num=(uint)1147;
0:00:20.688873850 [32m    1[00m 0x79c908000b70 [37mTRACE  [00m [00;34m          GST_TRACER :0::[00m latency_tracer_pipeline, frame_latency=(double)43.973693, avg=(double)76.447612, min=(double)35.432142, max=(double)3071.486303, latency=(double)16.876243, fps=(double)59.254896, frame_num=(uint)1148;
0:00:20.688902607 [32m    1[00m 0x79c908000b70 [37mTRACE  [00m [00;34m          GST_TRACER :0::[00m latency_tracer_pipeline, frame_latency=(double)43.973693, avg=(double)76.419349, min=(double)35.432142, max=(double)3071.486303, latency=(double)16.861555, fps=(double)59.306512, frame_num=(uint)1149;
0:00:20.724300695 [32m    1[00m 0x79c908000b70 [37mTRACE  [00m [00;34m          GST_TRACER :0::[00m latency_tracer_pipeline, frame_latency=(double)45.818312, avg=(double)76.392739, min=(double)35.432142, max=(double)3071.486303, latency=(double)16.877703, fps=(double)59.249770, frame_num=(uint)1150;
0:00:20.724325057 [32m    1[00m 0x79c908000b70 [37mTRACE  [00m [00;34m          GST_TRACER :0::[00m latency_tracer_pipeline, frame_latency=(double)45.818312, avg=(double)76.366176, min=(double)35.432142, max=(double)3071.486303, latency=(double)16.863039, fps=(double)59.301291, frame_num=(uint)1151;
0:00:20.754740914 [32m    1[00m 0x79c908000b70 [37mTRACE  [00m [00;34m          GST_TRACER :0::[00m latency_tracer_pipeline, frame_latency=(double)42.767084, avg=(double)76.337010, min=(double)35.432142, max=(double)3071.486303, latency=(double)16.874818, fps=(double)59.259898, frame_num=(uint)1152;
0:00:20.754774550 [32m    1[00m 0x79c908000b70 [37mTRACE  [00m [00;34m          GST_TRACER :0::[00m latency_tracer_pipeline, frame_latency=(double)42.767084, avg=(double)76.307895, min=(double)35.432142, max=(double)3071.486303, latency=(double)16.860183, fps=(double)59.311338, frame_num=(uint)1153;
0:00:20.786846087 [32m    1[00m 0x79c908000b70 [37mTRACE  [00m [00;34m          GST_TRACER :0::[00m latency_tracer_pipeline, frame_latency=(double)41.957613, avg=(double)76.278128, min=(double)35.432142, max=(double)3071.486303, latency=(double)16.873396, fps=(double)59.264892, frame_num=(uint)1154;
0:00:20.786882575 [32m    1[00m 0x79c908000b70 [37mTRACE  [00m [00;34m          GST_TRACER :0::[00m latency_tracer_pipeline, frame_latency=(double)41.957613, avg=(double)76.248414, min=(double)35.432142, max=(double)3071.486303, latency=(double)16.858787, fps=(double)59.316248, frame_num=(uint)1155;
0:00:20.819404271 [32m    1[00m 0x79c908000b70 [37mTRACE  [00m [00;34m          GST_TRACER :0::[00m latency_tracer_pipeline, frame_latency=(double)41.340390, avg=(double)76.218216, min=(double)35.432142, max=(double)3071.486303, latency=(double)16.872365, fps=(double)59.268514, frame_num=(uint)1156;
0:00:20.819441490 [32m    1[00m 0x79c908000b70 [37mTRACE  [00m [00;34m          GST_TRACER :0::[00m latency_tracer_pipeline, frame_latency=(double)41.340390, avg=(double)76.188071, min=(double)35.432142, max=(double)3071.486303, latency=(double)16.857782, fps=(double)59.319784, frame_num=(uint)1157;
0:00:20.853514946 [32m    1[00m 0x79c908000b70 [37mTRACE  [00m [00;34m          GST_TRACER :0::[00m latency_tracer_pipeline, frame_latency=(double)42.229282, avg=(double)76.158746, min=(double)35.432142, max=(double)3071.486303, latency=(double)16.872684, fps=(double)59.267394, frame_num=(uint)1158;
0:00:20.853541457 [32m    1[00m 0x79c908000b70 [37mTRACE  [00m [00;34m          GST_TRACER :0::[00m latency_tracer_pipeline, frame_latency=(double)42.229282, avg=(double)76.129471, min=(double)35.432142, max=(double)3071.486303, latency=(double)16.858126, fps=(double)59.318574, frame_num=(uint)1159;
0:00:20.886958969 [32m    1[00m 0x79c908000b70 [37mTRACE  [00m [00;34m          GST_TRACER :0::[00m latency_tracer_pipeline, frame_latency=(double)42.294885, avg=(double)76.100303, min=(double)35.432142, max=(double)3071.486303, latency=(double)16.872428, fps=(double)59.268293, frame_num=(uint)1160;
0:00:20.886975447 [32m    1[00m 0x79c908000b70 [37mTRACE  [00m [00;34m          GST_TRACER :0::[00m latency_tracer_pipeline_interval, interval=(double)1033.395761, avg=(double)42.556790, min=(double)41.246507, max=(double)45.818312, latency=(double)16.667674, fps=(double)59.996375;
0:00:20.886983402 [32m    1[00m 0x79c908000b70 [37mTRACE  [00m [00;34m          GST_TRACER :0::[00m latency_tracer_pipeline, frame_latency=(double)42.294885, avg=(double)76.071186, min=(double)35.432142, max=(double)3071.486303, latency=(double)16.857895, fps=(double)59.319386, frame_num=(uint)1161;
FpsCounter(last 1.03sec): total=30.00 fps, number-streams=1, per-stream=30.00 fps
latency: -3726.67ms
0:00:20.920382821 [32m    1[00m 0x79c908000b70 [37mTRACE  [00m [00;34m          GST_TRACER :0::[00m latency_tracer_pipeline, frame_latency=(double)42.096458, avg=(double)76.041948, min=(double)35.432142, max=(double)3071.486303, latency=(double)16.872144, fps=(double)59.269290, frame_num=(uint)1162;
0:00:20.920419855 [32m    1[00m 0x79c908000b70 [37mTRACE  [00m [00;34m          GST_TRACER :0::[00m latency_tracer_pipeline, frame_latency=(double)42.096458, avg=(double)76.012760, min=(double)35.432142, max=(double)3071.486303, latency=(double)16.857637, fps=(double)59.320296, frame_num=(uint)1163;
0:00:20.952856927 [32m    1[00m 0x79c908000b70 [37mTRACE  [00m [00;34m          GST_TRACER :0::[00m latency_tracer_pipeline, frame_latency=(double)41.500864, avg=(double)75.983111, min=(double)35.432142, max=(double)3071.486303, latency=(double)16.871057, fps=(double)59.273109, frame_num=(uint)1164;
0:00:20.952886129 [32m    1[00m 0x79c908000b70 [37mTRACE  [00m [00;34m          GST_TRACER :0::[00m latency_tracer_pipeline, frame_latency=(double)41.500864, avg=(double)75.953512, min=(double)35.432142, max=(double)3071.486303, latency=(double)16.856575, fps=(double)59.324031, frame_num=(uint)1165;
0:00:20.986518078 [32m    1[00m 0x79c908000b70 [37mTRACE  [00m [00;34m          GST_TRACER :0::[00m latency_tracer_pipeline, frame_latency=(double)41.759043, avg=(double)75.924186, min=(double)35.432142, max=(double)3071.486303, latency=(double)16.870987, fps=(double)59.273355, frame_num=(uint)1166;
0:00:20.986557760 [32m    1[00m 0x79c908000b70 [37mTRACE  [00m [00;34m          GST_TRACER :0::[00m latency_tracer_pipeline, frame_latency=(double)41.759043, avg=(double)75.894910, min=(double)35.432142, max=(double)3071.486303, latency=(double)16.856530, fps=(double)59.324190, frame_num=(uint)1167;
0:00:21.020752880 [32m    1[00m 0x79c908000b70 [37mTRACE  [00m [00;34m          GST_TRACER :0::[00m latency_tracer_pipeline, frame_latency=(double)42.705499, avg=(double)75.866494, min=(double)35.432142, max=(double)3071.486303, latency=(double)16.871410, fps=(double)59.271869, frame_num=(uint)1168;
0:00:21.020782679 [32m    1[00m 0x79c908000b70 [37mTRACE  [00m [00;34m          GST_TRACER :0::[00m latency_tracer_pipeline, frame_latency=(double)42.705499, avg=(double)75.838127, min=(double)35.432142, max=(double)3071.486303, latency=(double)16.856978, fps=(double)59.322615, frame_num=(uint)1169;
0:00:21.053499251 [32m    1[00m 0x79c908000b70 [37mTRACE  [00m [00;34m          GST_TRACER :0::[00m latency_tracer_pipeline, frame_latency=(double)42.038572, avg=(double)75.809239, min=(double)35.432142, max=(double)3071.486303, latency=(double)16.870546, fps=(double)59.274903, frame_num=(uint)1170;
0:00:21.053527483 [32m    1[00m 0x79c908000b70 [37mTRACE  [00m [00;34m          GST_TRACER :0::[00m latency_tracer_pipeline, frame_latency=(double)42.038572, avg=(double)75.780399, min=(double)35.432142, max=(double)3071.486303, latency=(double)16.856139, fps=(double)59.325565, frame_num=(uint)1171;
0:00:21.087224399 [32m    1[00m 0x79c908000b70 [37mTRACE  [00m [00;34m          GST_TRACER :0::[00m latency_tracer_pipeline, frame_latency=(double)42.415589, avg=(double)75.751931, min=(double)35.432142, max=(double)3071.486303, latency=(double)16.870545, fps=(double)59.274909, frame_num=(uint)1172;
0:00:21.087253750 [32m    1[00m 0x79c908000b70 [37mTRACE  [00m [00;34m          GST_TRACER :0::[00m latency_tracer_pipeline, frame_latency=(double)42.415589, avg=(double)75.723511, min=(double)35.432142, max=(double)3071.486303, latency=(double)16.856162, fps=(double)59.325485, frame_num=(uint)1173;
0:00:21.121721743 [32m    1[00m 0x79c908000b70 [37mTRACE  [00m [00;34m          GST_TRACER :0::[00m latency_tracer_pipeline, frame_latency=(double)43.289038, avg=(double)75.695884, min=(double)35.432142, max=(double)3071.486303, latency=(double)16.871188, fps=(double)59.272650, frame_num=(uint)1174;
0:00:21.121749921 [32m    1[00m 0x79c908000b70 [37mTRACE  [00m [00;34m          GST_TRACER :0::[00m latency_tracer_pipeline, frame_latency=(double)43.289038, avg=(double)75.668304, min=(double)35.432142, max=(double)3071.486303, latency=(double)16.856829, fps=(double)59.323138, frame_num=(uint)1175;
0:00:21.154171510 [32m    1[00m 0x79c908000b70 [37mTRACE  [00m [00;34m          GST_TRACER :0::[00m latency_tracer_pipeline, frame_latency=(double)42.060187, avg=(double)75.639726, min=(double)35.432142, max=(double)3071.486303, latency=(double)16.870086, fps=(double)59.276521, frame_num=(uint)1176;
0:00:21.154206635 [32m    1[00m 0x79c908000b70 [37mTRACE  [00m [00;34m          GST_TRACER :0::[00m latency_tracer_pipeline, frame_latency=(double)42.060187, avg=(double)75.611196, min=(double)35.432142, max=(double)3071.486303, latency=(double)16.855753, fps=(double)59.326926, frame_num=(uint)1177;
0:00:21.186704194 [32m    1[00m 0x79c908000b70 [37mTRACE  [00m [00;34m          GST_TRACER :0::[00m latency_tracer_pipeline, frame_latency=(double)42.118561, avg=(double)75.582764, min=(double)35.432142, max=(double)3071.486303, latency=(double)16.869064, fps=(double)59.280112, frame_num=(uint)1178;
0:00:21.186732199 [32m    1[00m 0x79c908000b70 [37mTRACE  [00m [00;34m          GST_TRACER :0::[00m latency_tracer_pipeline, frame_latency=(double)42.118561, avg=(double)75.554380, min=(double)35.432142, max=(double)3071.486303, latency=(double)16.854756, fps=(double)59.330434, frame_num=(uint)1179;
0:00:21.221521175 [32m    1[00m 0x79c908000b70 [37mTRACE  [00m [00;34m          GST_TRACER :0::[00m latency_tracer_pipeline, frame_latency=(double)43.514049, avg=(double)75.527228, min=(double)35.432142, max=(double)3071.486303, latency=(double)16.869979, fps=(double)59.276897, frame_num=(uint)1180;
0:00:21.221548362 [32m    1[00m 0x79c908000b70 [37mTRACE  [00m [00;34m          GST_TRACER :0::[00m latency_tracer_pipeline, frame_latency=(double)43.514049, avg=(double)75.500121, min=(double)35.432142, max=(double)3071.486303, latency=(double)16.855694, fps=(double)59.327132, frame_num=(uint)1181;
0:00:21.254345002 [32m    1[00m 0x79c908000b70 [37mTRACE  [00m [00;34m          GST_TRACER :0::[00m latency_tracer_pipeline, frame_latency=(double)42.228915, avg=(double)75.471973, min=(double)35.432142, max=(double)3071.486303, latency=(double)16.869202, fps=(double)59.279627, frame_num=(uint)1182;
0:00:21.254379347 [32m    1[00m 0x79c908000b70 [37mTRACE  [00m [00;34m          GST_TRACER :0::[00m latency_tracer_pipeline, frame_latency=(double)42.228915, avg=(double)75.443872, min=(double)35.432142, max=(double)3071.486303, latency=(double)16.854942, fps=(double)59.329779, frame_num=(uint)1183;
0:00:21.286916277 [32m    1[00m 0x79c908000b70 [37mTRACE  [00m [00;34m          GST_TRACER :0::[00m latency_tracer_pipeline, frame_latency=(double)41.995529, avg=(double)75.415622, min=(double)35.432142, max=(double)3071.486303, latency=(double)16.868217, fps=(double)59.283088, frame_num=(uint)1184;
0:00:21.286952093 [32m    1[00m 0x79c908000b70 [37mTRACE  [00m [00;34m          GST_TRACER :0::[00m latency_tracer_pipeline, frame_latency=(double)41.995529, avg=(double)75.387419, min=(double)35.432142, max=(double)3071.486303, latency=(double)16.853982, fps=(double)59.333158, frame_num=(uint)1185;
0:00:21.320418330 [32m    1[00m 0x79c908000b70 [37mTRACE  [00m [00;34m          GST_TRACER :0::[00m latency_tracer_pipeline, frame_latency=(double)42.001147, avg=(double)75.359269, min=(double)35.432142, max=(double)3071.486303, latency=(double)16.868019, fps=(double)59.283784, frame_num=(uint)1186;
0:00:21.320447526 [32m    1[00m 0x79c908000b70 [37mTRACE  [00m [00;34m          GST_TRACER :0::[00m latency_tracer_pipeline, frame_latency=(double)42.001147, avg=(double)75.331166, min=(double)35.432142, max=(double)3071.486303, latency=(double)16.853808, fps=(double)59.333770, frame_num=(uint)1187;
0:00:21.353846475 [32m    1[00m 0x79c908000b70 [37mTRACE  [00m [00;34m          GST_TRACER :0::[00m latency_tracer_pipeline, frame_latency=(double)42.534941, avg=(double)75.303560, min=(double)35.432142, max=(double)3071.486303, latency=(double)16.867760, fps=(double)59.284694, frame_num=(uint)1188;
0:00:21.353878156 [32m    1[00m 0x79c908000b70 [37mTRACE  [00m [00;34m          GST_TRACER :0::[00m latency_tracer_pipeline, frame_latency=(double)42.534941, avg=(double)75.276000, min=(double)35.432142, max=(double)3071.486303, latency=(double)16.853574, fps=(double)59.334597, frame_num=(uint)1189;
0:00:21.388071276 [32m    1[00m 0x79c908000b70 [37mTRACE  [00m [00;34m          GST_TRACER :0::[00m latency_tracer_pipeline, frame_latency=(double)42.882367, avg=(double)75.248778, min=(double)35.432142, max=(double)3071.486303, latency=(double)16.868172, fps=(double)59.283247, frame_num=(uint)1190;
0:00:21.388102492 [32m    1[00m 0x79c908000b70 [37mTRACE  [00m [00;34m          GST_TRACER :0::[00m latency_tracer_pipeline, frame_latency=(double)42.882367, avg=(double)75.221602, min=(double)35.432142, max=(double)3071.486303, latency=(double)16.854009, fps=(double)59.333065, frame_num=(uint)1191;
0:00:21.420277578 [32m    1[00m 0x79c908000b70 [37mTRACE  [00m [00;34m          GST_TRACER :0::[00m latency_tracer_pipeline, frame_latency=(double)41.415039, avg=(double)75.193241, min=(double)35.432142, max=(double)3071.486303, latency=(double)16.866889, fps=(double)59.287757, frame_num=(uint)1192;
0:00:21.420305710 [32m    1[00m 0x79c908000b70 [37mTRACE  [00m [00;34m          GST_TRACER :0::[00m latency_tracer_pipeline, frame_latency=(double)41.415039, avg=(double)75.164927, min=(double)35.432142, max=(double)3071.486303, latency=(double)16.852750, fps=(double)59.337495, frame_num=(uint)1193;
0:00:21.453572496 [32m    1[00m 0x79c908000b70 [37mTRACE  [00m [00;34m          GST_TRACER :0::[00m latency_tracer_pipeline, frame_latency=(double)42.013062, avg=(double)75.137162, min=(double)35.432142, max=(double)3071.486303, latency=(double)16.866521, fps=(double)59.289049, frame_num=(uint)1194;
0:00:21.453603059 [32m    1[00m 0x79c908000b70 [37mTRACE  [00m [00;34m          GST_TRACER :0::[00m latency_tracer_pipeline, frame_latency=(double)42.013062, avg=(double)75.109443, min=(double)35.432142, max=(double)3071.486303, latency=(double)16.852407, fps=(double)59.338704, frame_num=(uint)1195;
0:00:21.487001936 [32m    1[00m 0x79c908000b70 [37mTRACE  [00m [00;34m          GST_TRACER :0::[00m latency_tracer_pipeline, frame_latency=(double)42.169591, avg=(double)75.081902, min=(double)35.432142, max=(double)3071.486303, latency=(double)16.866267, fps=(double)59.289942, frame_num=(uint)1196;
0:00:21.487029119 [32m    1[00m 0x79c908000b70 [37mTRACE  [00m [00;34m          GST_TRACER :0::[00m latency_tracer_pipeline, frame_latency=(double)42.169591, avg=(double)75.054406, min=(double)35.432142, max=(double)3071.486303, latency=(double)16.852177, fps=(double)59.339515, frame_num=(uint)1197;
0:00:21.522327506 [32m    1[00m 0x79c908000b70 [37mTRACE  [00m [00;34m          GST_TRACER :0::[00m latency_tracer_pipeline, frame_latency=(double)43.919084, avg=(double)75.028416, min=(double)35.432142, max=(double)3071.486303, latency=(double)16.867596, fps=(double)59.285270, frame_num=(uint)1198;
0:00:21.522355319 [32m    1[00m 0x79c908000b70 [37mTRACE  [00m [00;34m          GST_TRACER :0::[00m latency_tracer_pipeline, frame_latency=(double)43.919084, avg=(double)75.002470, min=(double)35.432142, max=(double)3071.486303, latency=(double)16.853528, fps=(double)59.334757, frame_num=(uint)1199;
0:00:21.554177822 [32m    1[00m 0x79c908000b70 [37mTRACE  [00m [00;34m          GST_TRACER :0::[00m latency_tracer_pipeline, frame_latency=(double)42.336566, avg=(double)74.975249, min=(double)35.432142, max=(double)3071.486303, latency=(double)16.866026, fps=(double)59.290790, frame_num=(uint)1200;
0:00:21.554223498 [32m    1[00m 0x79c908000b70 [37mTRACE  [00m [00;34m          GST_TRACER :0::[00m latency_tracer_pipeline, frame_latency=(double)42.336566, avg=(double)74.948073, min=(double)35.432142, max=(double)3071.486303, latency=(double)16.851982, fps=(double)59.340199, frame_num=(uint)1201;
0:00:21.588313459 [32m    1[00m 0x79c908000b70 [37mTRACE  [00m [00;34m          GST_TRACER :0::[00m latency_tracer_pipeline, frame_latency=(double)43.695757, avg=(double)74.922072, min=(double)35.432142, max=(double)3071.486303, latency=(double)16.866362, fps=(double)59.289607, frame_num=(uint)1202;
0:00:21.588342085 [32m    1[00m 0x79c908000b70 [37mTRACE  [00m [00;34m          GST_TRACER :0::[00m latency_tracer_pipeline, frame_latency=(double)43.695757, avg=(double)74.896115, min=(double)35.432142, max=(double)3071.486303, latency=(double)16.852342, fps=(double)59.338933, frame_num=(uint)1203;
0:00:21.621842532 [32m    1[00m 0x79c908000b70 [37mTRACE  [00m [00;34m          GST_TRACER :0::[00m latency_tracer_pipeline, frame_latency=(double)43.203102, avg=(double)74.869792, min=(double)35.432142, max=(double)3071.486303, latency=(double)16.866193, fps=(double)59.290204, frame_num=(uint)1204;
0:00:21.621870778 [32m    1[00m 0x79c908000b70 [37mTRACE  [00m [00;34m          GST_TRACER :0::[00m latency_tracer_pipeline, frame_latency=(double)43.203102, avg=(double)74.843513, min=(double)35.432142, max=(double)3071.486303, latency=(double)16.852196, fps=(double)59.339448, frame_num=(uint)1205;
0:00:21.653424742 [32m    1[00m 0x79c908000b70 [37mTRACE  [00m [00;34m          GST_TRACER :0::[00m latency_tracer_pipeline, frame_latency=(double)41.408983, avg=(double)74.815789, min=(double)35.432142, max=(double)3071.486303, latency=(double)16.864409, fps=(double)59.296474, frame_num=(uint)1206;
0:00:21.653452838 [32m    1[00m 0x79c908000b70 [37mTRACE  [00m [00;34m          GST_TRACER :0::[00m latency_tracer_pipeline, frame_latency=(double)41.408983, avg=(double)74.788112, min=(double)35.432142, max=(double)3071.486303, latency=(double)16.850437, fps=(double)59.345642, frame_num=(uint)1207;
0:00:21.687274052 [32m    1[00m 0x79c908000b70 [37mTRACE  [00m [00;34m          GST_TRACER :0::[00m latency_tracer_pipeline, frame_latency=(double)42.603414, avg=(double)74.761469, min=(double)35.432142, max=(double)3071.486303, latency=(double)16.864509, fps=(double)59.296122, frame_num=(uint)1208;
0:00:21.687303416 [32m    1[00m 0x79c908000b70 [37mTRACE  [00m [00;34m          GST_TRACER :0::[00m latency_tracer_pipeline, frame_latency=(double)42.603414, avg=(double)74.734870, min=(double)35.432142, max=(double)3071.486303, latency=(double)16.850560, fps=(double)59.345208, frame_num=(uint)1209;
0:00:21.720466165 [32m    1[00m 0x79c908000b70 [37mTRACE  [00m [00;34m          GST_TRACER :0::[00m latency_tracer_pipeline, frame_latency=(double)42.209047, avg=(double)74.707989, min=(double)35.432142, max=(double)3071.486303, latency=(double)16.864066, fps=(double)59.297680, frame_num=(uint)1210;
0:00:21.720509393 [32m    1[00m 0x79c908000b70 [37mTRACE  [00m [00;34m          GST_TRACER :0::[00m latency_tracer_pipeline, frame_latency=(double)42.209047, avg=(double)74.681153, min=(double)35.432142, max=(double)3071.486303, latency=(double)16.850140, fps=(double)59.346686, frame_num=(uint)1211;
0:00:21.754782852 [32m    1[00m 0x79c908000b70 [37mTRACE  [00m [00;34m          GST_TRACER :0::[00m latency_tracer_pipeline, frame_latency=(double)43.151315, avg=(double)74.655138, min=(double)35.432142, max=(double)3071.486303, latency=(double)16.864552, fps=(double)59.295972, frame_num=(uint)1212;
0:00:21.754811768 [32m    1[00m 0x79c908000b70 [37mTRACE  [00m [00;34m          GST_TRACER :0::[00m latency_tracer_pipeline, frame_latency=(double)43.151315, avg=(double)74.629166, min=(double)35.432142, max=(double)3071.486303, latency=(double)16.850649, fps=(double)59.344896, frame_num=(uint)1213;
0:00:21.788543092 [32m    1[00m 0x79c908000b70 [37mTRACE  [00m [00;34m          GST_TRACER :0::[00m latency_tracer_pipeline, frame_latency=(double)43.152740, avg=(double)74.603238, min=(double)35.432142, max=(double)3071.486303, latency=(double)16.864576, fps=(double)59.295886, frame_num=(uint)1214;
0:00:21.788572527 [32m    1[00m 0x79c908000b70 [37mTRACE  [00m [00;34m          GST_TRACER :0::[00m latency_tracer_pipeline, frame_latency=(double)43.152740, avg=(double)74.577353, min=(double)35.432142, max=(double)3071.486303, latency=(double)16.850696, fps=(double)59.344730, frame_num=(uint)1215;
0:00:21.820367266 [32m    1[00m 0x79c908000b70 [37mTRACE  [00m [00;34m          GST_TRACER :0::[00m latency_tracer_pipeline, frame_latency=(double)41.520308, avg=(double)74.550168, min=(double)35.432142, max=(double)3071.486303, latency=(double)16.863011, fps=(double)59.301390, frame_num=(uint)1216;
0:00:21.820395094 [32m    1[00m 0x79c908000b70 [37mTRACE  [00m [00;34m          GST_TRACER :0::[00m latency_tracer_pipeline, frame_latency=(double)41.520308, avg=(double)74.523027, min=(double)35.432142, max=(double)3071.486303, latency=(double)16.849155, fps=(double)59.350158, frame_num=(uint)1217;
0:00:21.853860871 [32m    1[00m 0x79c908000b70 [37mTRACE  [00m [00;34m          GST_TRACER :0::[00m latency_tracer_pipeline, frame_latency=(double)42.459879, avg=(double)74.496703, min=(double)35.432142, max=(double)3071.486303, latency=(double)16.862820, fps=(double)59.302063, frame_num=(uint)1218;
0:00:21.853887456 [32m    1[00m 0x79c908000b70 [37mTRACE  [00m [00;34m          GST_TRACER :0::[00m latency_tracer_pipeline, frame_latency=(double)42.459879, avg=(double)74.470422, min=(double)35.432142, max=(double)3071.486303, latency=(double)16.848986, fps=(double)59.350751, frame_num=(uint)1219;
0:00:21.887694672 [32m    1[00m 0x79c908000b70 [37mTRACE  [00m [00;34m          GST_TRACER :0::[00m latency_tracer_pipeline, frame_latency=(double)42.788989, avg=(double)74.444453, min=(double)35.432142, max=(double)3071.486303, latency=(double)16.862912, fps=(double)59.301739, frame_num=(uint)1220;
0:00:21.887711122 [32m    1[00m 0x79c908000b70 [37mTRACE  [00m [00;34m          GST_TRACER :0::[00m latency_tracer_pipeline_interval, interval=(double)1000.736243, avg=(double)42.431353, min=(double)41.408983, max=(double)43.919084, latency=(double)16.678937, fps=(double)59.955858;
0:00:21.887719002 [32m    1[00m 0x79c908000b70 [37mTRACE  [00m [00;34m          GST_TRACER :0::[00m latency_tracer_pipeline, frame_latency=(double)42.788989, avg=(double)74.418528, min=(double)35.432142, max=(double)3071.486303, latency=(double)16.849101, fps=(double)59.350347, frame_num=(uint)1221;
FpsCounter(last 1.00sec): total=29.98 fps, number-streams=1, per-stream=29.98 fps
latency: -3930.05ms
0:00:21.921329751 [32m    1[00m 0x79c908000b70 [37mTRACE  [00m [00;34m          GST_TRACER :0::[00m latency_tracer_pipeline, frame_latency=(double)42.691556, avg=(double)74.392564, min=(double)35.432142, max=(double)3071.486303, latency=(double)16.862834, fps=(double)59.302012, frame_num=(uint)1222;
0:00:21.921360570 [32m    1[00m 0x79c908000b70 [37mTRACE  [00m [00;34m          GST_TRACER :0::[00m latency_tracer_pipeline, frame_latency=(double)42.691556, avg=(double)74.366644, min=(double)35.432142, max=(double)3071.486303, latency=(double)16.849046, fps=(double)59.350541, frame_num=(uint)1223;
0:00:21.954156625 [32m    1[00m 0x79c908000b70 [37mTRACE  [00m [00;34m          GST_TRACER :0::[00m latency_tracer_pipeline, frame_latency=(double)42.323390, avg=(double)74.340465, min=(double)35.432142, max=(double)3071.486303, latency=(double)16.862097, fps=(double)59.304606, frame_num=(uint)1224;
0:00:21.954193208 [32m    1[00m 0x79c908000b70 [37mTRACE  [00m [00;34m          GST_TRACER :0::[00m latency_tracer_pipeline, frame_latency=(double)42.323390, avg=(double)74.314328, min=(double)35.432142, max=(double)3071.486303, latency=(double)16.848332, fps=(double)59.353057, frame_num=(uint)1225;
0:00:21.986442423 [32m    1[00m 0x79c908000b70 [37mTRACE  [00m [00;34m          GST_TRACER :0::[00m latency_tracer_pipeline, frame_latency=(double)41.825109, avg=(double)74.287828, min=(double)35.432142, max=(double)3071.486303, latency=(double)16.860927, fps=(double)59.308721, frame_num=(uint)1226;
0:00:21.986467937 [32m    1[00m 0x79c908000b70 [37mTRACE  [00m [00;34m          GST_TRACER :0::[00m latency_tracer_pipeline, frame_latency=(double)41.825109, avg=(double)74.261371, min=(double)35.432142, max=(double)3071.486303, latency=(double)16.847185, fps=(double)59.357096, frame_num=(uint)1227;
0:00:22.020173094 [32m    1[00m 0x79c908000b70 [37mTRACE  [00m [00;34m          GST_TRACER :0::[00m latency_tracer_pipeline, frame_latency=(double)41.894857, avg=(double)74.235014, min=(double)35.432142, max=(double)3071.486303, latency=(double)16.860934, fps=(double)59.308696, frame_num=(uint)1228;
0:00:22.020202865 [32m    1[00m 0x79c908000b70 [37mTRACE  [00m [00;34m          GST_TRACER :0::[00m latency_tracer_pipeline, frame_latency=(double)41.894857, avg=(double)74.208700, min=(double)35.432142, max=(double)3071.486303, latency=(double)16.847214, fps=(double)59.356993, frame_num=(uint)1229;
0:00:22.052957945 [32m    1[00m 0x79c908000b70 [37mTRACE  [00m [00;34m          GST_TRACER :0::[00m latency_tracer_pipeline, frame_latency=(double)41.505595, avg=(double)74.182112, min=(double)35.432142, max=(double)3071.486303, latency=(double)16.860171, fps=(double)59.311381, frame_num=(uint)1230;
0:00:22.052986602 [32m    1[00m 0x79c908000b70 [37mTRACE  [00m [00;34m          GST_TRACER :0::[00m latency_tracer_pipeline, frame_latency=(double)41.505595, avg=(double)74.155567, min=(double)35.432142, max=(double)3071.486303, latency=(double)16.846474, fps=(double)59.359602, frame_num=(uint)1231;
0:00:22.086850154 [32m    1[00m 0x79c908000b70 [37mTRACE  [00m [00;34m          GST_TRACER :0::[00m latency_tracer_pipeline, frame_latency=(double)42.256488, avg=(double)74.129675, min=(double)35.432142, max=(double)3071.486303, latency=(double)16.860312, fps=(double)59.310885, frame_num=(uint)1232;
0:00:22.086879558 [32m    1[00m 0x79c908000b70 [37mTRACE  [00m [00;34m          GST_TRACER :0::[00m latency_tracer_pipeline, frame_latency=(double)42.256488, avg=(double)74.103825, min=(double)35.432142, max=(double)3071.486303, latency=(double)16.846637, fps=(double)59.359027, frame_num=(uint)1233;
0:00:22.120743382 [32m    1[00m 0x79c908000b70 [37mTRACE  [00m [00;34m          GST_TRACER :0::[00m latency_tracer_pipeline, frame_latency=(double)42.699421, avg=(double)74.078376, min=(double)35.432142, max=(double)3071.486303, latency=(double)16.860451, fps=(double)59.310395, frame_num=(uint)1234;
0:00:22.120812589 [32m    1[00m 0x79c908000b70 [37mTRACE  [00m [00;34m          GST_TRACER :0::[00m latency_tracer_pipeline, frame_latency=(double)42.699421, avg=(double)74.052968, min=(double)35.432142, max=(double)3071.486303, latency=(double)16.846799, fps=(double)59.358458, frame_num=(uint)1235;
0:00:22.155129535 [32m    1[00m 0x79c908000b70 [37mTRACE  [00m [00;34m          GST_TRACER :0::[00m latency_tracer_pipeline, frame_latency=(double)43.271599, avg=(double)74.028064, min=(double)35.432142, max=(double)3071.486303, latency=(double)16.860989, fps=(double)59.308501, frame_num=(uint)1236;
0:00:22.155157528 [32m    1[00m 0x79c908000b70 [37mTRACE  [00m [00;34m          GST_TRACER :0::[00m latency_tracer_pipeline, frame_latency=(double)43.271599, avg=(double)74.003200, min=(double)35.432142, max=(double)3071.486303, latency=(double)16.847359, fps=(double)59.356485, frame_num=(uint)1237;
0:00:22.188159511 [32m    1[00m 0x79c908000b70 [37mTRACE  [00m [00;34m          GST_TRACER :0::[00m latency_tracer_pipeline, frame_latency=(double)43.260175, avg=(double)73.978367, min=(double)35.432142, max=(double)3071.486303, latency=(double)16.860431, fps=(double)59.310465, frame_num=(uint)1238;
0:00:22.188187301 [32m    1[00m 0x79c908000b70 [37mTRACE  [00m [00;34m          GST_TRACER :0::[00m latency_tracer_pipeline, frame_latency=(double)43.260175, avg=(double)73.953574, min=(double)35.432142, max=(double)3071.486303, latency=(double)16.846823, fps=(double)59.358373, frame_num=(uint)1239;
0:00:22.220854230 [32m    1[00m 0x79c908000b70 [37mTRACE  [00m [00;34m          GST_TRACER :0::[00m latency_tracer_pipeline, frame_latency=(double)42.324743, avg=(double)73.928067, min=(double)35.432142, max=(double)3071.486303, latency=(double)16.859604, fps=(double)59.313375, frame_num=(uint)1240;
0:00:22.220882395 [32m    1[00m 0x79c908000b70 [37mTRACE  [00m [00;34m          GST_TRACER :0::[00m latency_tracer_pipeline, frame_latency=(double)42.324743, avg=(double)73.902601, min=(double)35.432142, max=(double)3071.486303, latency=(double)16.846018, fps=(double)59.361209, frame_num=(uint)1241;
0:00:22.254771761 [32m    1[00m 0x79c908000b70 [37mTRACE  [00m [00;34m          GST_TRACER :0::[00m latency_tracer_pipeline, frame_latency=(double)42.924369, avg=(double)73.877659, min=(double)35.432142, max=(double)3071.486303, latency=(double)16.859763, fps=(double)59.312813, frame_num=(uint)1242;
0:00:22.254799877 [32m    1[00m 0x79c908000b70 [37mTRACE  [00m [00;34m          GST_TRACER :0::[00m latency_tracer_pipeline, frame_latency=(double)42.924369, avg=(double)73.852757, min=(double)35.432142, max=(double)3071.486303, latency=(double)16.846200, fps=(double)59.360569, frame_num=(uint)1243;
0:00:22.287499457 [32m    1[00m 0x79c908000b70 [37mTRACE  [00m [00;34m          GST_TRACER :0::[00m latency_tracer_pipeline, frame_latency=(double)42.159746, avg=(double)73.827280, min=(double)35.432142, max=(double)3071.486303, latency=(double)16.858958, fps=(double)59.315647, frame_num=(uint)1244;
0:00:22.287525338 [32m    1[00m 0x79c908000b70 [37mTRACE  [00m [00;34m          GST_TRACER :0::[00m latency_tracer_pipeline, frame_latency=(double)42.159746, avg=(double)73.801844, min=(double)35.432142, max=(double)3071.486303, latency=(double)16.845417, fps=(double)59.363328, frame_num=(uint)1245;
0:00:22.321835842 [32m    1[00m 0x79c908000b70 [37mTRACE  [00m [00;34m          GST_TRACER :0::[00m latency_tracer_pipeline, frame_latency=(double)43.508005, avg=(double)73.777532, min=(double)35.432142, max=(double)3071.486303, latency=(double)16.859463, fps=(double)59.313871, frame_num=(uint)1246;
0:00:22.321864097 [32m    1[00m 0x79c908000b70 [37mTRACE  [00m [00;34m          GST_TRACER :0::[00m latency_tracer_pipeline, frame_latency=(double)43.508005, avg=(double)73.753258, min=(double)35.432142, max=(double)3071.486303, latency=(double)16.845943, fps=(double)59.361475, frame_num=(uint)1247;
0:00:22.353629297 [32m    1[00m 0x79c908000b70 [37mTRACE  [00m [00;34m          GST_TRACER :0::[00m latency_tracer_pipeline, frame_latency=(double)41.806419, avg=(double)73.727659, min=(double)35.432142, max=(double)3071.486303, latency=(double)16.857916, fps=(double)59.319312, frame_num=(uint)1248;
0:00:22.353658520 [32m    1[00m 0x79c908000b70 [37mTRACE  [00m [00;34m          GST_TRACER :0::[00m latency_tracer_pipeline, frame_latency=(double)41.806419, avg=(double)73.702102, min=(double)35.432142, max=(double)3071.486303, latency=(double)16.844419, fps=(double)59.366843, frame_num=(uint)1249;
0:00:22.387234090 [32m    1[00m 0x79c908000b70 [37mTRACE  [00m [00;34m          GST_TRACER :0::[00m latency_tracer_pipeline, frame_latency=(double)42.713466, avg=(double)73.677311, min=(double)35.432142, max=(double)3071.486303, latency=(double)16.857830, fps=(double)59.319615, frame_num=(uint)1250;
0:00:22.387261936 [32m    1[00m 0x79c908000b70 [37mTRACE  [00m [00;34m          GST_TRACER :0::[00m latency_tracer_pipeline, frame_latency=(double)42.713466, avg=(double)73.652560, min=(double)35.432142, max=(double)3071.486303, latency=(double)16.844355, fps=(double)59.367071, frame_num=(uint)1251;
0:00:22.420891867 [32m    1[00m 0x79c908000b70 [37mTRACE  [00m [00;34m          GST_TRACER :0::[00m latency_tracer_pipeline, frame_latency=(double)42.747927, avg=(double)73.627875, min=(double)35.432142, max=(double)3071.486303, latency=(double)16.857784, fps=(double)59.319777, frame_num=(uint)1252;
0:00:22.420920530 [32m    1[00m 0x79c908000b70 [37mTRACE  [00m [00;34m          GST_TRACER :0::[00m latency_tracer_pipeline, frame_latency=(double)42.747927, avg=(double)73.603231, min=(double)35.432142, max=(double)3071.486303, latency=(double)16.844330, fps=(double)59.367157, frame_num=(uint)1253;
0:00:22.454409007 [32m    1[00m 0x79c908000b70 [37mTRACE  [00m [00;34m          GST_TRACER :0::[00m latency_tracer_pipeline, frame_latency=(double)42.209260, avg=(double)73.578196, min=(double)35.432142, max=(double)3071.486303, latency=(double)16.857626, fps=(double)59.320333, frame_num=(uint)1254;
0:00:22.454435437 [32m    1[00m 0x79c908000b70 [37mTRACE  [00m [00;34m          GST_TRACER :0::[00m latency_tracer_pipeline, frame_latency=(double)42.209260, avg=(double)73.553200, min=(double)35.432142, max=(double)3071.486303, latency=(double)16.844194, fps=(double)59.367638, frame_num=(uint)1255;
0:00:22.487318960 [32m    1[00m 0x79c908000b70 [37mTRACE  [00m [00;34m          GST_TRACER :0::[00m latency_tracer_pipeline, frame_latency=(double)42.125624, avg=(double)73.528178, min=(double)35.432142, max=(double)3071.486303, latency=(double)16.856984, fps=(double)59.322592, frame_num=(uint)1256;
0:00:22.487348218 [32m    1[00m 0x79c908000b70 [37mTRACE  [00m [00;34m          GST_TRACER :0::[00m latency_tracer_pipeline, frame_latency=(double)42.125624, avg=(double)73.503196, min=(double)35.432142, max=(double)3071.486303, latency=(double)16.843574, fps=(double)59.369824, frame_num=(uint)1257;
0:00:22.520685476 [32m    1[00m 0x79c908000b70 [37mTRACE  [00m [00;34m          GST_TRACER :0::[00m latency_tracer_pipeline, frame_latency=(double)42.345350, avg=(double)73.478428, min=(double)35.432142, max=(double)3071.486303, latency=(double)16.856708, fps=(double)59.323564, frame_num=(uint)1258;
0:00:22.520714518 [32m    1[00m 0x79c908000b70 [37mTRACE  [00m [00;34m          GST_TRACER :0::[00m latency_tracer_pipeline, frame_latency=(double)42.345350, avg=(double)73.453700, min=(double)35.432142, max=(double)3071.486303, latency=(double)16.843319, fps=(double)59.370721, frame_num=(uint)1259;
0:00:22.553818572 [32m    1[00m 0x79c908000b70 [37mTRACE  [00m [00;34m          GST_TRACER :0::[00m latency_tracer_pipeline, frame_latency=(double)42.324078, avg=(double)73.428994, min=(double)35.432142, max=(double)3071.486303, latency=(double)16.856247, fps=(double)59.325186, frame_num=(uint)1260;
0:00:22.553845554 [32m    1[00m 0x79c908000b70 [37mTRACE  [00m [00;34m          GST_TRACER :0::[00m latency_tracer_pipeline, frame_latency=(double)42.324078, avg=(double)73.404327, min=(double)35.432142, max=(double)3071.486303, latency=(double)16.842880, fps=(double)59.372270, frame_num=(uint)1261;
0:00:22.587292557 [32m    1[00m 0x79c908000b70 [37mTRACE  [00m [00;34m          GST_TRACER :0::[00m latency_tracer_pipeline, frame_latency=(double)42.338795, avg=(double)73.379711, min=(double)35.432142, max=(double)3071.486303, latency=(double)16.856055, fps=(double)59.325863, frame_num=(uint)1262;
0:00:22.587325613 [32m    1[00m 0x79c908000b70 [37mTRACE  [00m [00;34m          GST_TRACER :0::[00m latency_tracer_pipeline, frame_latency=(double)42.338795, avg=(double)73.355134, min=(double)35.432142, max=(double)3071.486303, latency=(double)16.842709, fps=(double)59.372873, frame_num=(uint)1263;
0:00:22.620319815 [32m    1[00m 0x79c908000b70 [37mTRACE  [00m [00;34m          GST_TRACER :0::[00m latency_tracer_pipeline, frame_latency=(double)41.675956, avg=(double)73.330071, min=(double)35.432142, max=(double)3071.486303, latency=(double)16.855517, fps=(double)59.327758, frame_num=(uint)1264;
0:00:22.620345664 [32m    1[00m 0x79c908000b70 [37mTRACE  [00m [00;34m          GST_TRACER :0::[00m latency_tracer_pipeline, frame_latency=(double)41.675956, avg=(double)73.305048, min=(double)35.432142, max=(double)3071.486303, latency=(double)16.842192, fps=(double)59.374694, frame_num=(uint)1265;
0:00:22.653538963 [32m    1[00m 0x79c908000b70 [37mTRACE  [00m [00;34m          GST_TRACER :0::[00m latency_tracer_pipeline, frame_latency=(double)42.085200, avg=(double)73.280388, min=(double)35.432142, max=(double)3071.486303, latency=(double)16.855129, fps=(double)59.329122, frame_num=(uint)1266;
0:00:22.653566052 [32m    1[00m 0x79c908000b70 [37mTRACE  [00m [00;34m          GST_TRACER :0::[00m latency_tracer_pipeline, frame_latency=(double)42.085200, avg=(double)73.255767, min=(double)35.432142, max=(double)3071.486303, latency=(double)16.841826, fps=(double)59.375985, frame_num=(uint)1267;
0:00:22.687524991 [32m    1[00m 0x79c908000b70 [37mTRACE  [00m [00;34m          GST_TRACER :0::[00m latency_tracer_pipeline, frame_latency=(double)42.615403, avg=(double)73.231602, min=(double)35.432142, max=(double)3071.486303, latency=(double)16.855347, fps=(double)59.328355, frame_num=(uint)1268;
0:00:22.687551318 [32m    1[00m 0x79c908000b70 [37mTRACE  [00m [00;34m          GST_TRACER :0::[00m latency_tracer_pipeline, frame_latency=(double)42.615403, avg=(double)73.207476, min=(double)35.432142, max=(double)3071.486303, latency=(double)16.842064, fps=(double)59.375144, frame_num=(uint)1269;
0:00:22.721701617 [32m    1[00m 0x79c908000b70 [37mTRACE  [00m [00;34m          GST_TRACER :0::[00m latency_tracer_pipeline, frame_latency=(double)43.386352, avg=(double)73.183995, min=(double)35.432142, max=(double)3071.486303, latency=(double)16.855712, fps=(double)59.327069, frame_num=(uint)1270;
0:00:22.721731004 [32m    1[00m 0x79c908000b70 [37mTRACE  [00m [00;34m          GST_TRACER :0::[00m latency_tracer_pipeline, frame_latency=(double)43.386352, avg=(double)73.160551, min=(double)35.432142, max=(double)3071.486303, latency=(double)16.842450, fps=(double)59.373783, frame_num=(uint)1271;
0:00:22.754080482 [32m    1[00m 0x79c908000b70 [37mTRACE  [00m [00;34m          GST_TRACER :0::[00m latency_tracer_pipeline, frame_latency=(double)41.887247, avg=(double)73.135965, min=(double)35.432142, max=(double)3071.486303, latency=(double)16.854661, fps=(double)59.330768, frame_num=(uint)1272;
0:00:22.754115875 [32m    1[00m 0x79c908000b70 [37mTRACE  [00m [00;34m          GST_TRACER :0::[00m latency_tracer_pipeline, frame_latency=(double)41.887247, avg=(double)73.111417, min=(double)35.432142, max=(double)3071.486303, latency=(double)16.841421, fps=(double)59.377412, frame_num=(uint)1273;
0:00:22.786761856 [32m    1[00m 0x79c908000b70 [37mTRACE  [00m [00;34m          GST_TRACER :0::[00m latency_tracer_pipeline, frame_latency=(double)42.205279, avg=(double)73.087158, min=(double)35.432142, max=(double)3071.486303, latency=(double)16.853857, fps=(double)59.333599, frame_num=(uint)1274;
0:00:22.786793475 [32m    1[00m 0x79c908000b70 [37mTRACE  [00m [00;34m          GST_TRACER :0::[00m latency_tracer_pipeline, frame_latency=(double)42.205279, avg=(double)73.062937, min=(double)35.432142, max=(double)3071.486303, latency=(double)16.840639, fps=(double)59.380171, frame_num=(uint)1275;
0:00:22.820198004 [32m    1[00m 0x79c908000b70 [37mTRACE  [00m [00;34m          GST_TRACER :0::[00m latency_tracer_pipeline, frame_latency=(double)42.207077, avg=(double)73.038756, min=(double)35.432142, max=(double)3071.486303, latency=(double)16.853643, fps=(double)59.334352, frame_num=(uint)1276;
0:00:22.820231235 [32m    1[00m 0x79c908000b70 [37mTRACE  [00m [00;34m          GST_TRACER :0::[00m latency_tracer_pipeline, frame_latency=(double)42.207077, avg=(double)73.014612, min=(double)35.432142, max=(double)3071.486303, latency=(double)16.840445, fps=(double)59.380853, frame_num=(uint)1277;
0:00:22.853571320 [32m    1[00m 0x79c908000b70 [37mTRACE  [00m [00;34m          GST_TRACER :0::[00m latency_tracer_pipeline, frame_latency=(double)41.920812, avg=(double)72.990282, min=(double)35.432142, max=(double)3071.486303, latency=(double)16.853384, fps=(double)59.335264, frame_num=(uint)1278;
0:00:22.853597895 [32m    1[00m 0x79c908000b70 [37mTRACE  [00m [00;34m          GST_TRACER :0::[00m latency_tracer_pipeline, frame_latency=(double)41.920812, avg=(double)72.965990, min=(double)35.432142, max=(double)3071.486303, latency=(double)16.840207, fps=(double)59.381692, frame_num=(uint)1279;
0:00:22.886287946 [32m    1[00m 0x79c908000b70 [37mTRACE  [00m [00;34m          GST_TRACER :0::[00m latency_tracer_pipeline, frame_latency=(double)41.731386, avg=(double)72.941588, min=(double)35.432142, max=(double)3071.486303, latency=(double)16.852608, fps=(double)59.337996, frame_num=(uint)1280;
0:00:22.886322023 [32m    1[00m 0x79c908000b70 [37mTRACE  [00m [00;34m          GST_TRACER :0::[00m latency_tracer_pipeline, frame_latency=(double)41.731386, avg=(double)72.917224, min=(double)35.432142, max=(double)3071.486303, latency=(double)16.839453, fps=(double)59.384353, frame_num=(uint)1281;
FpsCounter(last 1.03sec): total=30.01 fps, number-streams=1, per-stream=30.01 fps
latency: -4133.44ms
0:00:22.920821213 [32m    1[00m 0x79c908000b70 [37mTRACE  [00m [00;34m          GST_TRACER :0::[00m latency_tracer_pipeline, frame_latency=(double)42.689652, avg=(double)72.893645, min=(double)35.432142, max=(double)3071.486303, latency=(double)16.853260, fps=(double)59.335702, frame_num=(uint)1282;
0:00:22.920837433 [32m    1[00m 0x79c908000b70 [37mTRACE  [00m [00;34m          GST_TRACER :0::[00m latency_tracer_pipeline_interval, interval=(double)1033.126325, avg=(double)42.377742, min=(double)41.505595, max=(double)43.508005, latency=(double)16.663328, fps=(double)60.012022;
0:00:22.920846357 [32m    1[00m 0x79c908000b70 [37mTRACE  [00m [00;34m          GST_TRACER :0::[00m latency_tracer_pipeline, frame_latency=(double)42.689652, avg=(double)72.870104, min=(double)35.432142, max=(double)3071.486303, latency=(double)16.840124, fps=(double)59.381986, frame_num=(uint)1283;
0:00:22.954722841 [32m    1[00m 0x79c908000b70 [37mTRACE  [00m [00;34m          GST_TRACER :0::[00m latency_tracer_pipeline, frame_latency=(double)43.078997, avg=(double)72.846902, min=(double)35.432142, max=(double)3071.486303, latency=(double)16.853408, fps=(double)59.335179, frame_num=(uint)1284;
0:00:22.954754886 [32m    1[00m 0x79c908000b70 [37mTRACE  [00m [00;34m          GST_TRACER :0::[00m latency_tracer_pipeline, frame_latency=(double)43.078997, avg=(double)72.823736, min=(double)35.432142, max=(double)3071.486303, latency=(double)16.840293, fps=(double)59.381390, frame_num=(uint)1285;
0:00:22.987898435 [32m    1[00m 0x79c908000b70 [37mTRACE  [00m [00;34m          GST_TRACER :0::[00m latency_tracer_pipeline, frame_latency=(double)42.612068, avg=(double)72.800243, min=(double)35.432142, max=(double)3071.486303, latency=(double)16.852985, fps=(double)59.336668, frame_num=(uint)1286;
0:00:22.987925406 [32m    1[00m 0x79c908000b70 [37mTRACE  [00m [00;34m          GST_TRACER :0::[00m latency_tracer_pipeline, frame_latency=(double)42.612068, avg=(double)72.776787, min=(double)35.432142, max=(double)3071.486303, latency=(double)16.839891, fps=(double)59.382809, frame_num=(uint)1287;
0:00:23.020449000 [32m    1[00m 0x79c908000b70 [37mTRACE  [00m [00;34m          GST_TRACER :0::[00m latency_tracer_pipeline, frame_latency=(double)42.031097, avg=(double)72.752916, min=(double)35.432142, max=(double)3071.486303, latency=(double)16.852098, fps=(double)59.339793, frame_num=(uint)1288;
0:00:23.020475701 [32m    1[00m 0x79c908000b70 [37mTRACE  [00m [00;34m          GST_TRACER :0::[00m latency_tracer_pipeline, frame_latency=(double)42.031097, avg=(double)72.729082, min=(double)35.432142, max=(double)3071.486303, latency=(double)16.839024, fps=(double)59.385864, frame_num=(uint)1289;
0:00:23.053808721 [32m    1[00m 0x79c908000b70 [37mTRACE  [00m [00;34m          GST_TRACER :0::[00m latency_tracer_pipeline, frame_latency=(double)42.284717, avg=(double)72.705482, min=(double)35.432142, max=(double)3071.486303, latency=(double)16.851831, fps=(double)59.340733, frame_num=(uint)1290;
0:00:23.053837952 [32m    1[00m 0x79c908000b70 [37mTRACE  [00m [00;34m          GST_TRACER :0::[00m latency_tracer_pipeline, frame_latency=(double)42.284717, avg=(double)72.681918, min=(double)35.432142, max=(double)3071.486303, latency=(double)16.838778, fps=(double)59.386733, frame_num=(uint)1291;
0:00:23.087180742 [32m    1[00m 0x79c908000b70 [37mTRACE  [00m [00;34m          GST_TRACER :0::[00m latency_tracer_pipeline, frame_latency=(double)42.388442, avg=(double)72.658471, min=(double)35.432142, max=(double)3071.486303, latency=(double)16.851574, fps=(double)59.341638, frame_num=(uint)1292;
0:00:23.087208775 [32m    1[00m 0x79c908000b70 [37mTRACE  [00m [00;34m          GST_TRACER :0::[00m latency_tracer_pipeline, frame_latency=(double)42.388442, avg=(double)72.635061, min=(double)35.432142, max=(double)3071.486303, latency=(double)16.838541, fps=(double)59.387568, frame_num=(uint)1293;
0:00:23.120800371 [32m    1[00m 0x79c908000b70 [37mTRACE  [00m [00;34m          GST_TRACER :0::[00m latency_tracer_pipeline, frame_latency=(double)42.155672, avg=(double)72.611506, min=(double)35.432142, max=(double)3071.486303, latency=(double)16.851507, fps=(double)59.341874, frame_num=(uint)1294;
0:00:23.120835174 [32m    1[00m 0x79c908000b70 [37mTRACE  [00m [00;34m          GST_TRACER :0::[00m latency_tracer_pipeline, frame_latency=(double)42.155672, avg=(double)72.587988, min=(double)35.432142, max=(double)3071.486303, latency=(double)16.838494, fps=(double)59.387733, frame_num=(uint)1295;
0:00:23.154406303 [32m    1[00m 0x79c908000b70 [37mTRACE  [00m [00;34m          GST_TRACER :0::[00m latency_tracer_pipeline, frame_latency=(double)42.936247, avg=(double)72.565109, min=(double)35.432142, max=(double)3071.486303, latency=(double)16.851434, fps=(double)59.342131, frame_num=(uint)1296;
0:00:23.154436013 [32m    1[00m 0x79c908000b70 [37mTRACE  [00m [00;34m          GST_TRACER :0::[00m latency_tracer_pipeline, frame_latency=(double)42.936247, avg=(double)72.542265, min=(double)35.432142, max=(double)3071.486303, latency=(double)16.838441, fps=(double)59.387920, frame_num=(uint)1297;
0:00:23.186088423 [32m    1[00m 0x79c908000b70 [37mTRACE  [00m [00;34m          GST_TRACER :0::[00m latency_tracer_pipeline, frame_latency=(double)41.465392, avg=(double)72.518323, min=(double)35.432142, max=(double)3071.486303, latency=(double)16.849875, fps=(double)59.347621, frame_num=(uint)1298;
0:00:23.186121143 [32m    1[00m 0x79c908000b70 [37mTRACE  [00m [00;34m          GST_TRACER :0::[00m latency_tracer_pipeline, frame_latency=(double)41.465392, avg=(double)72.494417, min=(double)35.432142, max=(double)3071.486303, latency=(double)16.836904, fps=(double)59.393343, frame_num=(uint)1299;
0:00:23.219438878 [32m    1[00m 0x79c908000b70 [37mTRACE  [00m [00;34m          GST_TRACER :0::[00m latency_tracer_pipeline, frame_latency=(double)41.596805, avg=(double)72.470650, min=(double)35.432142, max=(double)3071.486303, latency=(double)16.849608, fps=(double)59.348560, frame_num=(uint)1300;
0:00:23.219465997 [32m    1[00m 0x79c908000b70 [37mTRACE  [00m [00;34m          GST_TRACER :0::[00m latency_tracer_pipeline, frame_latency=(double)41.596805, avg=(double)72.446919, min=(double)35.432142, max=(double)3071.486303, latency=(double)16.836657, fps=(double)59.394213, frame_num=(uint)1301;
0:00:23.253009254 [32m    1[00m 0x79c908000b70 [37mTRACE  [00m [00;34m          GST_TRACER :0::[00m latency_tracer_pipeline, frame_latency=(double)41.822102, avg=(double)72.423398, min=(double)35.432142, max=(double)3071.486303, latency=(double)16.849510, fps=(double)59.348908, frame_num=(uint)1302;
0:00:23.253038300 [32m    1[00m 0x79c908000b70 [37mTRACE  [00m [00;34m          GST_TRACER :0::[00m latency_tracer_pipeline, frame_latency=(double)41.822102, avg=(double)72.399912, min=(double)35.432142, max=(double)3071.486303, latency=(double)16.836578, fps=(double)59.394491, frame_num=(uint)1303;
0:00:23.287672665 [32m    1[00m 0x79c908000b70 [37mTRACE  [00m [00;34m          GST_TRACER :0::[00m latency_tracer_pipeline, frame_latency=(double)43.114986, avg=(double)72.377455, min=(double)35.432142, max=(double)3071.486303, latency=(double)16.850249, fps=(double)59.346303, frame_num=(uint)1304;
0:00:23.287701504 [32m    1[00m 0x79c908000b70 [37mTRACE  [00m [00;34m          GST_TRACER :0::[00m latency_tracer_pipeline, frame_latency=(double)43.114986, avg=(double)72.355031, min=(double)35.432142, max=(double)3071.486303, latency=(double)16.837337, fps=(double)59.391814, frame_num=(uint)1305;
0:00:23.321822792 [32m    1[00m 0x79c908000b70 [37mTRACE  [00m [00;34m          GST_TRACER :0::[00m latency_tracer_pipeline, frame_latency=(double)43.420748, avg=(double)72.332876, min=(double)35.432142, max=(double)3071.486303, latency=(double)16.850594, fps=(double)59.345089, frame_num=(uint)1306;
0:00:23.321851419 [32m    1[00m 0x79c908000b70 [37mTRACE  [00m [00;34m          GST_TRACER :0::[00m latency_tracer_pipeline, frame_latency=(double)43.420748, avg=(double)72.310755, min=(double)35.432142, max=(double)3071.486303, latency=(double)16.837701, fps=(double)59.390529, frame_num=(uint)1307;
0:00:23.354496946 [32m    1[00m 0x79c908000b70 [37mTRACE  [00m [00;34m          GST_TRACER :0::[00m latency_tracer_pipeline, frame_latency=(double)42.458154, avg=(double)72.287932, min=(double)35.432142, max=(double)3071.486303, latency=(double)16.849799, fps=(double)59.347888, frame_num=(uint)1308;
0:00:23.354524349 [32m    1[00m 0x79c908000b70 [37mTRACE  [00m [00;34m          GST_TRACER :0::[00m latency_tracer_pipeline, frame_latency=(double)42.458154, avg=(double)72.265144, min=(double)35.432142, max=(double)3071.486303, latency=(double)16.836927, fps=(double)59.393261, frame_num=(uint)1309;
0:00:23.387778236 [32m    1[00m 0x79c908000b70 [37mTRACE  [00m [00;34m          GST_TRACER :0::[00m latency_tracer_pipeline, frame_latency=(double)42.484364, avg=(double)72.242411, min=(double)35.432142, max=(double)3071.486303, latency=(double)16.849490, fps=(double)59.348978, frame_num=(uint)1310;
0:00:23.387805474 [32m    1[00m 0x79c908000b70 [37mTRACE  [00m [00;34m          GST_TRACER :0::[00m latency_tracer_pipeline, frame_latency=(double)42.484364, avg=(double)72.219712, min=(double)35.432142, max=(double)3071.486303, latency=(double)16.836638, fps=(double)59.394282, frame_num=(uint)1311;
0:00:23.420735998 [32m    1[00m 0x79c908000b70 [37mTRACE  [00m [00;34m          GST_TRACER :0::[00m latency_tracer_pipeline, frame_latency=(double)42.377189, avg=(double)72.196966, min=(double)35.432142, max=(double)3071.486303, latency=(double)16.848925, fps=(double)59.350968, frame_num=(uint)1312;
0:00:23.420763459 [32m    1[00m 0x79c908000b70 [37mTRACE  [00m [00;34m          GST_TRACER :0::[00m latency_tracer_pipeline, frame_latency=(double)42.377189, avg=(double)72.174255, min=(double)35.432142, max=(double)3071.486303, latency=(double)16.836092, fps=(double)59.396205, frame_num=(uint)1313;
0:00:23.454131914 [32m    1[00m 0x79c908000b70 [37mTRACE  [00m [00;34m          GST_TRACER :0::[00m latency_tracer_pipeline, frame_latency=(double)42.564762, avg=(double)72.151721, min=(double)35.432142, max=(double)3071.486303, latency=(double)16.848695, fps=(double)59.351778, frame_num=(uint)1314;
0:00:23.454159566 [32m    1[00m 0x79c908000b70 [37mTRACE  [00m [00;34m          GST_TRACER :0::[00m latency_tracer_pipeline, frame_latency=(double)42.564762, avg=(double)72.129222, min=(double)35.432142, max=(double)3071.486303, latency=(double)16.835882, fps=(double)59.396947, frame_num=(uint)1315;
0:00:23.486723775 [32m    1[00m 0x79c908000b70 [37mTRACE  [00m [00;34m          GST_TRACER :0::[00m latency_tracer_pipeline, frame_latency=(double)41.716182, avg=(double)72.106111, min=(double)35.432142, max=(double)3071.486303, latency=(double)16.847854, fps=(double)59.354739, frame_num=(uint)1316;
0:00:23.486750729 [32m    1[00m 0x79c908000b70 [37mTRACE  [00m [00;34m          GST_TRACER :0::[00m latency_tracer_pipeline, frame_latency=(double)41.716182, avg=(double)72.083036, min=(double)35.432142, max=(double)3071.486303, latency=(double)16.835062, fps=(double)59.399841, frame_num=(uint)1317;
0:00:23.521287355 [32m    1[00m 0x79c908000b70 [37mTRACE  [00m [00;34m          GST_TRACER :0::[00m latency_tracer_pipeline, frame_latency=(double)42.998807, avg=(double)72.060969, min=(double)35.432142, max=(double)3071.486303, latency=(double)16.848512, fps=(double)59.352421, frame_num=(uint)1318;
0:00:23.521319585 [32m    1[00m 0x79c908000b70 [37mTRACE  [00m [00;34m          GST_TRACER :0::[00m latency_tracer_pipeline, frame_latency=(double)42.998807, avg=(double)72.038936, min=(double)35.432142, max=(double)3071.486303, latency=(double)16.835739, fps=(double)59.397453, frame_num=(uint)1319;
0:00:23.554913955 [32m    1[00m 0x79c908000b70 [37mTRACE  [00m [00;34m          GST_TRACER :0::[00m latency_tracer_pipeline, frame_latency=(double)43.077900, avg=(double)72.016996, min=(double)35.432142, max=(double)3071.486303, latency=(double)16.848459, fps=(double)59.352607, frame_num=(uint)1320;
0:00:23.554944662 [32m    1[00m 0x79c908000b70 [37mTRACE  [00m [00;34m          GST_TRACER :0::[00m latency_tracer_pipeline, frame_latency=(double)43.077900, avg=(double)71.995089, min=(double)35.432142, max=(double)3071.486303, latency=(double)16.835705, fps=(double)59.397572, frame_num=(uint)1321;
0:00:23.586582438 [32m    1[00m 0x79c908000b70 [37mTRACE  [00m [00;34m          GST_TRACER :0::[00m latency_tracer_pipeline, frame_latency=(double)41.676785, avg=(double)71.972155, min=(double)35.432142, max=(double)3071.486303, latency=(double)16.846923, fps=(double)59.358021, frame_num=(uint)1322;
0:00:23.586613183 [32m    1[00m 0x79c908000b70 [37mTRACE  [00m [00;34m          GST_TRACER :0::[00m latency_tracer_pipeline, frame_latency=(double)41.676785, avg=(double)71.949256, min=(double)35.432142, max=(double)3071.486303, latency=(double)16.834189, fps=(double)59.402921, frame_num=(uint)1323;
0:00:23.619481457 [32m    1[00m 0x79c908000b70 [37mTRACE  [00m [00;34m          GST_TRACER :0::[00m latency_tracer_pipeline, frame_latency=(double)41.543210, avg=(double)71.926291, min=(double)35.432142, max=(double)3071.486303, latency=(double)16.846326, fps=(double)59.360125, frame_num=(uint)1324;
0:00:23.619520557 [32m    1[00m 0x79c908000b70 [37mTRACE  [00m [00;34m          GST_TRACER :0::[00m latency_tracer_pipeline, frame_latency=(double)41.543210, avg=(double)71.903360, min=(double)35.432142, max=(double)3071.486303, latency=(double)16.833611, fps=(double)59.404959, frame_num=(uint)1325;
0:00:23.652821170 [32m    1[00m 0x79c908000b70 [37mTRACE  [00m [00;34m          GST_TRACER :0::[00m latency_tracer_pipeline, frame_latency=(double)41.469641, avg=(double)71.880409, min=(double)35.432142, max=(double)3071.486303, latency=(double)16.846057, fps=(double)59.361072, frame_num=(uint)1326;
0:00:23.652855342 [32m    1[00m 0x79c908000b70 [37mTRACE  [00m [00;34m          GST_TRACER :0::[00m latency_tracer_pipeline, frame_latency=(double)41.469641, avg=(double)71.857492, min=(double)35.432142, max=(double)3071.486303, latency=(double)16.833362, fps=(double)59.405839, frame_num=(uint)1327;
0:00:23.686979083 [32m    1[00m 0x79c908000b70 [37mTRACE  [00m [00;34m          GST_TRACER :0::[00m latency_tracer_pipeline, frame_latency=(double)42.442649, avg=(double)71.835342, min=(double)35.432142, max=(double)3071.486303, latency=(double)16.846410, fps=(double)59.359829, frame_num=(uint)1328;
0:00:23.687007552 [32m    1[00m 0x79c908000b70 [37mTRACE  [00m [00;34m          GST_TRACER :0::[00m latency_tracer_pipeline, frame_latency=(double)42.442649, avg=(double)71.813225, min=(double)35.432142, max=(double)3071.486303, latency=(double)16.833734, fps=(double)59.404528, frame_num=(uint)1329;
0:00:23.720133766 [32m    1[00m 0x79c908000b70 [37mTRACE  [00m [00;34m          GST_TRACER :0::[00m latency_tracer_pipeline, frame_latency=(double)42.007529, avg=(double)71.790815, min=(double)35.432142, max=(double)3071.486303, latency=(double)16.846002, fps=(double)59.361265, frame_num=(uint)1330;
0:00:23.720170032 [32m    1[00m 0x79c908000b70 [37mTRACE  [00m [00;34m          GST_TRACER :0::[00m latency_tracer_pipeline, frame_latency=(double)42.007529, avg=(double)71.768439, min=(double)35.432142, max=(double)3071.486303, latency=(double)16.833346, fps=(double)59.405897, frame_num=(uint)1331;
0:00:23.754158140 [32m    1[00m 0x79c908000b70 [37mTRACE  [00m [00;34m          GST_TRACER :0::[00m latency_tracer_pipeline, frame_latency=(double)42.909963, avg=(double)71.746773, min=(double)35.432142, max=(double)3071.486303, latency=(double)16.846254, fps=(double)59.360377, frame_num=(uint)1332;
0:00:23.754186566 [32m    1[00m 0x79c908000b70 [37mTRACE  [00m [00;34m          GST_TRACER :0::[00m latency_tracer_pipeline, frame_latency=(double)42.909963, avg=(double)71.725140, min=(double)35.432142, max=(double)3071.486303, latency=(double)16.833616, fps=(double)59.404942, frame_num=(uint)1333;
0:00:23.787355844 [32m    1[00m 0x79c908000b70 [37mTRACE  [00m [00;34m          GST_TRACER :0::[00m latency_tracer_pipeline, frame_latency=(double)42.675282, avg=(double)71.703364, min=(double)35.432142, max=(double)3071.486303, latency=(double)16.845884, fps=(double)59.361681, frame_num=(uint)1334;
0:00:23.787385750 [32m    1[00m 0x79c908000b70 [37mTRACE  [00m [00;34m          GST_TRACER :0::[00m latency_tracer_pipeline, frame_latency=(double)42.675282, avg=(double)71.681620, min=(double)35.432142, max=(double)3071.486303, latency=(double)16.833266, fps=(double)59.406180, frame_num=(uint)1335;
0:00:23.820233485 [32m    1[00m 0x79c908000b70 [37mTRACE  [00m [00;34m          GST_TRACER :0::[00m latency_tracer_pipeline, frame_latency=(double)41.862774, avg=(double)71.659300, min=(double)35.432142, max=(double)3071.486303, latency=(double)16.845275, fps=(double)59.363829, frame_num=(uint)1336;
0:00:23.820262117 [32m    1[00m 0x79c908000b70 [37mTRACE  [00m [00;34m          GST_TRACER :0::[00m latency_tracer_pipeline, frame_latency=(double)41.862774, avg=(double)71.637014, min=(double)35.432142, max=(double)3071.486303, latency=(double)16.832675, fps=(double)59.408263, frame_num=(uint)1337;
0:00:23.853831572 [32m    1[00m 0x79c908000b70 [37mTRACE  [00m [00;34m          GST_TRACER :0::[00m latency_tracer_pipeline, frame_latency=(double)42.422547, avg=(double)71.615180, min=(double)35.432142, max=(double)3071.486303, latency=(double)16.845206, fps=(double)59.364071, frame_num=(uint)1338;
0:00:23.853858689 [32m    1[00m 0x79c908000b70 [37mTRACE  [00m [00;34m          GST_TRACER :0::[00m latency_tracer_pipeline, frame_latency=(double)42.422547, avg=(double)71.593378, min=(double)35.432142, max=(double)3071.486303, latency=(double)16.832625, fps=(double)59.408439, frame_num=(uint)1339;
0:00:23.886846414 [32m    1[00m 0x79c908000b70 [37mTRACE  [00m [00;34m          GST_TRACER :0::[00m latency_tracer_pipeline, frame_latency=(double)41.913389, avg=(double)71.571229, min=(double)35.432142, max=(double)3071.486303, latency=(double)16.844701, fps=(double)59.365851, frame_num=(uint)1340;
0:00:23.886874034 [32m    1[00m 0x79c908000b70 [37mTRACE  [00m [00;34m          GST_TRACER :0::[00m latency_tracer_pipeline, frame_latency=(double)41.913389, avg=(double)71.549112, min=(double)35.432142, max=(double)3071.486303, latency=(double)16.832140, fps=(double)59.410154, frame_num=(uint)1341;
FpsCounter(last 1.00sec): total=29.98 fps, number-streams=1, per-stream=29.98 fps
latency: -4336.85ms
0:00:23.921404065 [32m    1[00m 0x79c908000b70 [37mTRACE  [00m [00;34m          GST_TRACER :0::[00m latency_tracer_pipeline, frame_latency=(double)42.972348, avg=(double)71.527818, min=(double)35.432142, max=(double)3071.486303, latency=(double)16.845351, fps=(double)59.363558, frame_num=(uint)1342;
0:00:23.921419982 [32m    1[00m 0x79c908000b70 [37mTRACE  [00m [00;34m          GST_TRACER :0::[00m latency_tracer_pipeline_interval, interval=(double)1000.582572, avg=(double)42.344647, min=(double)41.465392, max=(double)43.420748, latency=(double)16.676376, fps=(double)59.965066;
0:00:23.921428266 [32m    1[00m 0x79c908000b70 [37mTRACE  [00m [00;34m          GST_TRACER :0::[00m latency_tracer_pipeline, frame_latency=(double)42.972348, avg=(double)71.506556, min=(double)35.432142, max=(double)3071.486303, latency=(double)16.832808, fps=(double)59.407794, frame_num=(uint)1343;
0:00:23.954649684 [32m    1[00m 0x79c908000b70 [37mTRACE  [00m [00;34m          GST_TRACER :0::[00m latency_tracer_pipeline, frame_latency=(double)42.845039, avg=(double)71.485230, min=(double)35.432142, max=(double)3071.486303, latency=(double)16.845015, fps=(double)59.364742, frame_num=(uint)1344;
0:00:23.954679644 [32m    1[00m 0x79c908000b70 [37mTRACE  [00m [00;34m          GST_TRACER :0::[00m latency_tracer_pipeline, frame_latency=(double)42.845039, avg=(double)71.463936, min=(double)35.432142, max=(double)3071.486303, latency=(double)16.832491, fps=(double)59.408913, frame_num=(uint)1345;
0:00:23.987351712 [32m    1[00m 0x79c908000b70 [37mTRACE  [00m [00;34m          GST_TRACER :0::[00m latency_tracer_pipeline, frame_latency=(double)42.787251, avg=(double)71.442631, min=(double)35.432142, max=(double)3071.486303, latency=(double)16.844283, fps=(double)59.367322, frame_num=(uint)1346;
0:00:23.987376743 [32m    1[00m 0x79c908000b70 [37mTRACE  [00m [00;34m          GST_TRACER :0::[00m latency_tracer_pipeline, frame_latency=(double)42.787251, avg=(double)71.421358, min=(double)35.432142, max=(double)3071.486303, latency=(double)16.831778, fps=(double)59.411429, frame_num=(uint)1347;
0:00:24.021070605 [32m    1[00m 0x79c908000b70 [37mTRACE  [00m [00;34m          GST_TRACER :0::[00m latency_tracer_pipeline, frame_latency=(double)42.682490, avg=(double)71.400038, min=(double)35.432142, max=(double)3071.486303, latency=(double)16.844306, fps=(double)59.367243, frame_num=(uint)1348;
0:00:24.021098664 [32m    1[00m 0x79c908000b70 [37mTRACE  [00m [00;34m          GST_TRACER :0::[00m latency_tracer_pipeline, frame_latency=(double)42.682490, avg=(double)71.378750, min=(double)35.432142, max=(double)3071.486303, latency=(double)16.831819, fps=(double)59.411284, frame_num=(uint)1349;
0:00:24.053995920 [32m    1[00m 0x79c908000b70 [37mTRACE  [00m [00;34m          GST_TRACER :0::[00m latency_tracer_pipeline, frame_latency=(double)42.345346, avg=(double)71.357244, min=(double)35.432142, max=(double)3071.486303, latency=(double)16.843740, fps=(double)59.369236, frame_num=(uint)1350;
0:00:24.054023460 [32m    1[00m 0x79c908000b70 [37mTRACE  [00m [00;34m          GST_TRACER :0::[00m latency_tracer_pipeline, frame_latency=(double)42.345346, avg=(double)71.335769, min=(double)35.432142, max=(double)3071.486303, latency=(double)16.831273, fps=(double)59.413214, frame_num=(uint)1351;
0:00:24.087470849 [32m    1[00m 0x79c908000b70 [37mTRACE  [00m [00;34m          GST_TRACER :0::[00m latency_tracer_pipeline, frame_latency=(double)42.540153, avg=(double)71.314471, min=(double)35.432142, max=(double)3071.486303, latency=(double)16.843583, fps=(double)59.369791, frame_num=(uint)1352;
0:00:24.087515512 [32m    1[00m 0x79c908000b70 [37mTRACE  [00m [00;34m          GST_TRACER :0::[00m latency_tracer_pipeline, frame_latency=(double)42.540153, avg=(double)71.293204, min=(double)35.432142, max=(double)3071.486303, latency=(double)16.831134, fps=(double)59.413704, frame_num=(uint)1353;
0:00:24.120315404 [32m    1[00m 0x79c908000b70 [37mTRACE  [00m [00;34m          GST_TRACER :0::[00m latency_tracer_pipeline, frame_latency=(double)42.087925, avg=(double)71.271634, min=(double)35.432142, max=(double)3071.486303, latency=(double)16.842961, fps=(double)59.371983, frame_num=(uint)1354;
0:00:24.120342593 [32m    1[00m 0x79c908000b70 [37mTRACE  [00m [00;34m          GST_TRACER :0::[00m latency_tracer_pipeline, frame_latency=(double)42.087925, avg=(double)71.250096, min=(double)35.432142, max=(double)3071.486303, latency=(double)16.830531, fps=(double)59.415833, frame_num=(uint)1355;
0:00:24.153164934 [32m    1[00m 0x79c908000b70 [37mTRACE  [00m [00;34m          GST_TRACER :0::[00m latency_tracer_pipeline, frame_latency=(double)41.816901, avg=(double)71.228391, min=(double)35.432142, max=(double)3071.486303, latency=(double)16.842340, fps=(double)59.374172, frame_num=(uint)1356;
0:00:24.153203141 [32m    1[00m 0x79c908000b70 [37mTRACE  [00m [00;34m          GST_TRACER :0::[00m latency_tracer_pipeline, frame_latency=(double)41.816901, avg=(double)71.206717, min=(double)35.432142, max=(double)3071.486303, latency=(double)16.829929, fps=(double)59.417958, frame_num=(uint)1357;
0:00:24.185798985 [32m    1[00m 0x79c908000b70 [37mTRACE  [00m [00;34m          GST_TRACER :0::[00m latency_tracer_pipeline, frame_latency=(double)41.319367, avg=(double)71.184708, min=(double)35.432142, max=(double)3071.486303, latency=(double)16.841569, fps=(double)59.376890, frame_num=(uint)1358;
0:00:24.185833580 [32m    1[00m 0x79c908000b70 [37mTRACE  [00m [00;34m          GST_TRACER :0::[00m latency_tracer_pipeline, frame_latency=(double)41.319367, avg=(double)71.162732, min=(double)35.432142, max=(double)3071.486303, latency=(double)16.829177, fps=(double)59.420613, frame_num=(uint)1359;
0:00:24.219881217 [32m    1[00m 0x79c908000b70 [37mTRACE  [00m [00;34m          GST_TRACER :0::[00m latency_tracer_pipeline, frame_latency=(double)41.949031, avg=(double)71.141252, min=(double)35.432142, max=(double)3071.486303, latency=(double)16.841862, fps=(double)59.375859, frame_num=(uint)1360;
0:00:24.219911153 [32m    1[00m 0x79c908000b70 [37mTRACE  [00m [00;34m          GST_TRACER :0::[00m latency_tracer_pipeline, frame_latency=(double)41.949031, avg=(double)71.119803, min=(double)35.432142, max=(double)3071.486303, latency=(double)16.829487, fps=(double)59.419517, frame_num=(uint)1361;
0:00:24.253848168 [32m    1[00m 0x79c908000b70 [37mTRACE  [00m [00;34m          GST_TRACER :0::[00m latency_tracer_pipeline, frame_latency=(double)42.631031, avg=(double)71.098886, min=(double)35.432142, max=(double)3071.486303, latency=(double)16.842072, fps=(double)59.375117, frame_num=(uint)1362;
0:00:24.253875775 [32m    1[00m 0x79c908000b70 [37mTRACE  [00m [00;34m          GST_TRACER :0::[00m latency_tracer_pipeline, frame_latency=(double)42.631031, avg=(double)71.078000, min=(double)35.432142, max=(double)3071.486303, latency=(double)16.829715, fps=(double)59.418711, frame_num=(uint)1363;
0:00:24.287919938 [32m    1[00m 0x79c908000b70 [37mTRACE  [00m [00;34m          GST_TRACER :0::[00m latency_tracer_pipeline, frame_latency=(double)42.925531, avg=(double)71.057360, min=(double)35.432142, max=(double)3071.486303, latency=(double)16.842356, fps=(double)59.374115, frame_num=(uint)1364;
0:00:24.287948025 [32m    1[00m 0x79c908000b70 [37mTRACE  [00m [00;34m          GST_TRACER :0::[00m latency_tracer_pipeline, frame_latency=(double)42.925531, avg=(double)71.036751, min=(double)35.432142, max=(double)3071.486303, latency=(double)16.830018, fps=(double)59.417645, frame_num=(uint)1365;
0:00:24.321838221 [32m    1[00m 0x79c908000b70 [37mTRACE  [00m [00;34m          GST_TRACER :0::[00m latency_tracer_pipeline, frame_latency=(double)43.160837, avg=(double)71.016344, min=(double)35.432142, max=(double)3071.486303, latency=(double)16.842527, fps=(double)59.373512, frame_num=(uint)1366;
0:00:24.321871309 [32m    1[00m 0x79c908000b70 [37mTRACE  [00m [00;34m          GST_TRACER :0::[00m latency_tracer_pipeline, frame_latency=(double)43.160837, avg=(double)70.995966, min=(double)35.432142, max=(double)3071.486303, latency=(double)16.830207, fps=(double)59.416977, frame_num=(uint)1367;
0:00:24.354140316 [32m    1[00m 0x79c908000b70 [37mTRACE  [00m [00;34m          GST_TRACER :0::[00m latency_tracer_pipeline, frame_latency=(double)42.055985, avg=(double)70.974811, min=(double)35.432142, max=(double)3071.486303, latency=(double)16.841514, fps=(double)59.377084, frame_num=(uint)1368;
0:00:24.354173944 [32m    1[00m 0x79c908000b70 [37mTRACE  [00m [00;34m          GST_TRACER :0::[00m latency_tracer_pipeline, frame_latency=(double)42.055985, avg=(double)70.953687, min=(double)35.432142, max=(double)3071.486303, latency=(double)16.829212, fps=(double)59.420488, frame_num=(uint)1369;
0:00:24.386434155 [32m    1[00m 0x79c908000b70 [37mTRACE  [00m [00;34m          GST_TRACER :0::[00m latency_tracer_pipeline, frame_latency=(double)41.812691, avg=(double)70.932417, min=(double)35.432142, max=(double)3071.486303, latency=(double)16.840502, fps=(double)59.380654, frame_num=(uint)1370;
0:00:24.386462128 [32m    1[00m 0x79c908000b70 [37mTRACE  [00m [00;34m          GST_TRACER :0::[00m latency_tracer_pipeline, frame_latency=(double)41.812691, avg=(double)70.911177, min=(double)35.432142, max=(double)3071.486303, latency=(double)16.828218, fps=(double)59.423998, frame_num=(uint)1371;
0:00:24.421728093 [32m    1[00m 0x79c908000b70 [37mTRACE  [00m [00;34m          GST_TRACER :0::[00m latency_tracer_pipeline, frame_latency=(double)43.875512, avg=(double)70.891472, min=(double)35.432142, max=(double)3071.486303, latency=(double)16.841678, fps=(double)59.376508, frame_num=(uint)1372;
0:00:24.421754878 [32m    1[00m 0x79c908000b70 [37mTRACE  [00m [00;34m          GST_TRACER :0::[00m latency_tracer_pipeline, frame_latency=(double)43.875512, avg=(double)70.871795, min=(double)35.432142, max=(double)3071.486303, latency=(double)16.829411, fps=(double)59.419785, frame_num=(uint)1373;
0:00:24.454253196 [32m    1[00m 0x79c908000b70 [37mTRACE  [00m [00;34m          GST_TRACER :0::[00m latency_tracer_pipeline, frame_latency=(double)42.148286, avg=(double)70.850890, min=(double)35.432142, max=(double)3071.486303, latency=(double)16.840834, fps=(double)59.379483, frame_num=(uint)1374;
0:00:24.454282941 [32m    1[00m 0x79c908000b70 [37mTRACE  [00m [00;34m          GST_TRACER :0::[00m latency_tracer_pipeline, frame_latency=(double)42.148286, avg=(double)70.830015, min=(double)35.432142, max=(double)3071.486303, latency=(double)16.828586, fps=(double)59.422700, frame_num=(uint)1375;
0:00:24.487036522 [32m    1[00m 0x79c908000b70 [37mTRACE  [00m [00;34m          GST_TRACER :0::[00m latency_tracer_pipeline, frame_latency=(double)42.276202, avg=(double)70.809264, min=(double)35.432142, max=(double)3071.486303, latency=(double)16.840181, fps=(double)59.381785, frame_num=(uint)1376;
0:00:24.487063397 [32m    1[00m 0x79c908000b70 [37mTRACE  [00m [00;34m          GST_TRACER :0::[00m latency_tracer_pipeline, frame_latency=(double)42.276202, avg=(double)70.788543, min=(double)35.432142, max=(double)3071.486303, latency=(double)16.827951, fps=(double)59.424940, frame_num=(uint)1377;
0:00:24.520732145 [32m    1[00m 0x79c908000b70 [37mTRACE  [00m [00;34m          GST_TRACER :0::[00m latency_tracer_pipeline, frame_latency=(double)42.574533, avg=(double)70.768068, min=(double)35.432142, max=(double)3071.486303, latency=(double)16.840193, fps=(double)59.381742, frame_num=(uint)1378;
0:00:24.520758713 [32m    1[00m 0x79c908000b70 [37mTRACE  [00m [00;34m          GST_TRACER :0::[00m latency_tracer_pipeline, frame_latency=(double)42.574533, avg=(double)70.747623, min=(double)35.432142, max=(double)3071.486303, latency=(double)16.827981, fps=(double)59.424835, frame_num=(uint)1379;
0:00:24.554132190 [32m    1[00m 0x79c908000b70 [37mTRACE  [00m [00;34m          GST_TRACER :0::[00m latency_tracer_pipeline, frame_latency=(double)42.131280, avg=(double)70.726887, min=(double)35.432142, max=(double)3071.486303, latency=(double)16.839989, fps=(double)59.382460, frame_num=(uint)1380;
0:00:24.554159524 [32m    1[00m 0x79c908000b70 [37mTRACE  [00m [00;34m          GST_TRACER :0::[00m latency_tracer_pipeline, frame_latency=(double)42.131280, avg=(double)70.706180, min=(double)35.432142, max=(double)3071.486303, latency=(double)16.827795, fps=(double)59.425491, frame_num=(uint)1381;
0:00:24.587118165 [32m    1[00m 0x79c908000b70 [37mTRACE  [00m [00;34m          GST_TRACER :0::[00m latency_tracer_pipeline, frame_latency=(double)42.071127, avg=(double)70.685460, min=(double)35.432142, max=(double)3071.486303, latency=(double)16.839487, fps=(double)59.384232, frame_num=(uint)1382;
0:00:24.587146448 [32m    1[00m 0x79c908000b70 [37mTRACE  [00m [00;34m          GST_TRACER :0::[00m latency_tracer_pipeline, frame_latency=(double)42.071127, avg=(double)70.664770, min=(double)35.432142, max=(double)3071.486303, latency=(double)16.827311, fps=(double)59.427201, frame_num=(uint)1383;
0:00:24.620170929 [32m    1[00m 0x79c908000b70 [37mTRACE  [00m [00;34m          GST_TRACER :0::[00m latency_tracer_pipeline, frame_latency=(double)41.913148, avg=(double)70.643996, min=(double)35.432142, max=(double)3071.486303, latency=(double)16.839034, fps=(double)59.385828, frame_num=(uint)1384;
0:00:24.620202464 [32m    1[00m 0x79c908000b70 [37mTRACE  [00m [00;34m          GST_TRACER :0::[00m latency_tracer_pipeline, frame_latency=(double)41.913148, avg=(double)70.623252, min=(double)35.432142, max=(double)3071.486303, latency=(double)16.826876, fps=(double)59.428737, frame_num=(uint)1385;
0:00:24.653391435 [32m    1[00m 0x79c908000b70 [37mTRACE  [00m [00;34m          GST_TRACER :0::[00m latency_tracer_pipeline, frame_latency=(double)41.964623, avg=(double)70.602575, min=(double)35.432142, max=(double)3071.486303, latency=(double)16.838705, fps=(double)59.386989, frame_num=(uint)1386;
0:00:24.653418954 [32m    1[00m 0x79c908000b70 [37mTRACE  [00m [00;34m          GST_TRACER :0::[00m latency_tracer_pipeline, frame_latency=(double)41.964623, avg=(double)70.581927, min=(double)35.432142, max=(double)3071.486303, latency=(double)16.826565, fps=(double)59.429837, frame_num=(uint)1387;
0:00:24.686367929 [32m    1[00m 0x79c908000b70 [37mTRACE  [00m [00;34m          GST_TRACER :0::[00m latency_tracer_pipeline, frame_latency=(double)41.566736, avg=(double)70.561023, min=(double)35.432142, max=(double)3071.486303, latency=(double)16.838198, fps=(double)59.388776, frame_num=(uint)1388;
0:00:24.686399456 [32m    1[00m 0x79c908000b70 [37mTRACE  [00m [00;34m          GST_TRACER :0::[00m latency_tracer_pipeline, frame_latency=(double)41.566736, avg=(double)70.540149, min=(double)35.432142, max=(double)3071.486303, latency=(double)16.826076, fps=(double)59.431564, frame_num=(uint)1389;
0:00:24.720437077 [32m    1[00m 0x79c908000b70 [37mTRACE  [00m [00;34m          GST_TRACER :0::[00m latency_tracer_pipeline, frame_latency=(double)42.548269, avg=(double)70.520011, min=(double)35.432142, max=(double)3071.486303, latency=(double)16.838483, fps=(double)59.387773, frame_num=(uint)1390;
0:00:24.720463024 [32m    1[00m 0x79c908000b70 [37mTRACE  [00m [00;34m          GST_TRACER :0::[00m latency_tracer_pipeline, frame_latency=(double)42.548269, avg=(double)70.499901, min=(double)35.432142, max=(double)3071.486303, latency=(double)16.826378, fps=(double)59.430498, frame_num=(uint)1391;
0:00:24.754456550 [32m    1[00m 0x79c908000b70 [37mTRACE  [00m [00;34m          GST_TRACER :0::[00m latency_tracer_pipeline, frame_latency=(double)42.923571, avg=(double)70.480091, min=(double)35.432142, max=(double)3071.486303, latency=(double)16.838727, fps=(double)59.386913, frame_num=(uint)1392;
0:00:24.754493464 [32m    1[00m 0x79c908000b70 [37mTRACE  [00m [00;34m          GST_TRACER :0::[00m latency_tracer_pipeline, frame_latency=(double)42.923571, avg=(double)70.460309, min=(double)35.432142, max=(double)3071.486303, latency=(double)16.826639, fps=(double)59.429576, frame_num=(uint)1393;
0:00:24.786179597 [32m    1[00m 0x79c908000b70 [37mTRACE  [00m [00;34m          GST_TRACER :0::[00m latency_tracer_pipeline, frame_latency=(double)41.565043, avg=(double)70.439580, min=(double)35.432142, max=(double)3071.486303, latency=(double)16.837324, fps=(double)59.391860, frame_num=(uint)1394;
0:00:24.786211206 [32m    1[00m 0x79c908000b70 [37mTRACE  [00m [00;34m          GST_TRACER :0::[00m latency_tracer_pipeline, frame_latency=(double)41.565043, avg=(double)70.418882, min=(double)35.432142, max=(double)3071.486303, latency=(double)16.825254, fps=(double)59.434465, frame_num=(uint)1395;
0:00:24.819672613 [32m    1[00m 0x79c908000b70 [37mTRACE  [00m [00;34m          GST_TRACER :0::[00m latency_tracer_pipeline, frame_latency=(double)41.716171, avg=(double)70.398321, min=(double)35.432142, max=(double)3071.486303, latency=(double)16.837194, fps=(double)59.392320, frame_num=(uint)1396;
0:00:24.819704987 [32m    1[00m 0x79c908000b70 [37mTRACE  [00m [00;34m          GST_TRACER :0::[00m latency_tracer_pipeline, frame_latency=(double)41.716171, avg=(double)70.377790, min=(double)35.432142, max=(double)3071.486303, latency=(double)16.825141, fps=(double)59.434865, frame_num=(uint)1397;
0:00:24.853840630 [32m    1[00m 0x79c908000b70 [37mTRACE  [00m [00;34m          GST_TRACER :0::[00m latency_tracer_pipeline, frame_latency=(double)42.714879, avg=(double)70.358002, min=(double)35.432142, max=(double)3071.486303, latency=(double)16.837549, fps=(double)59.391067, frame_num=(uint)1398;
0:00:24.853870675 [32m    1[00m 0x79c908000b70 [37mTRACE  [00m [00;34m          GST_TRACER :0::[00m latency_tracer_pipeline, frame_latency=(double)42.714879, avg=(double)70.338243, min=(double)35.432142, max=(double)3071.486303, latency=(double)16.825513, fps=(double)59.433550, frame_num=(uint)1399;
0:00:24.886696757 [32m    1[00m 0x79c908000b70 [37mTRACE  [00m [00;34m          GST_TRACER :0::[00m latency_tracer_pipeline, frame_latency=(double)41.509124, avg=(double)70.317651, min=(double)35.432142, max=(double)3071.486303, latency=(double)16.836964, fps=(double)59.393129, frame_num=(uint)1400;
0:00:24.886722616 [32m    1[00m 0x79c908000b70 [37mTRACE  [00m [00;34m          GST_TRACER :0::[00m latency_tracer_pipeline, frame_latency=(double)41.509124, avg=(double)70.297088, min=(double)35.432142, max=(double)3071.486303, latency=(double)16.824946, fps=(double)59.435553, frame_num=(uint)1401;
0:00:24.920255810 [32m    1[00m 0x79c908000b70 [37mTRACE  [00m [00;34m          GST_TRACER :0::[00m latency_tracer_pipeline, frame_latency=(double)42.085057, avg=(double)70.276965, min=(double)35.432142, max=(double)3071.486303, latency=(double)16.836882, fps=(double)59.393419, frame_num=(uint)1402;
0:00:24.920286454 [32m    1[00m 0x79c908000b70 [37mTRACE  [00m [00;34m          GST_TRACER :0::[00m latency_tracer_pipeline, frame_latency=(double)42.085057, avg=(double)70.256871, min=(double)35.432142, max=(double)3071.486303, latency=(double)16.824882, fps=(double)59.435782, frame_num=(uint)1403;
FpsCounter(last 1.03sec): total=30.01 fps, number-streams=1, per-stream=30.01 fps
latency: -4540.31ms
0:00:24.954285469 [32m    1[00m 0x79c908000b70 [37mTRACE  [00m [00;34m          GST_TRACER :0::[00m latency_tracer_pipeline, frame_latency=(double)42.922393, avg=(double)70.237402, min=(double)35.432142, max=(double)3071.486303, latency=(double)16.837139, fps=(double)59.392515, frame_num=(uint)1404;
0:00:24.954301859 [32m    1[00m 0x79c908000b70 [37mTRACE  [00m [00;34m          GST_TRACER :0::[00m latency_tracer_pipeline_interval, interval=(double)1032.881031, avg=(double)42.306145, min=(double)41.319367, max=(double)43.875512, latency=(double)16.659371, fps=(double)60.026274;
0:00:24.954310045 [32m    1[00m 0x79c908000b70 [37mTRACE  [00m [00;34m          GST_TRACER :0::[00m latency_tracer_pipeline, frame_latency=(double)42.922393, avg=(double)70.217961, min=(double)35.432142, max=(double)3071.486303, latency=(double)16.825155, fps=(double)59.434817, frame_num=(uint)1405;
0:00:24.987904160 [32m    1[00m 0x79c908000b70 [37mTRACE  [00m [00;34m          GST_TRACER :0::[00m latency_tracer_pipeline, frame_latency=(double)42.522932, avg=(double)70.198263, min=(double)35.432142, max=(double)3071.486303, latency=(double)16.837096, fps=(double)59.392665, frame_num=(uint)1406;
0:00:24.987930967 [32m    1[00m 0x79c908000b70 [37mTRACE  [00m [00;34m          GST_TRACER :0::[00m latency_tracer_pipeline, frame_latency=(double)42.522932, avg=(double)70.178594, min=(double)35.432142, max=(double)3071.486303, latency=(double)16.825129, fps=(double)59.434907, frame_num=(uint)1407;
0:00:25.020561982 [32m    1[00m 0x79c908000b70 [37mTRACE  [00m [00;34m          GST_TRACER :0::[00m latency_tracer_pipeline, frame_latency=(double)42.089208, avg=(double)70.158644, min=(double)35.432142, max=(double)3071.486303, latency=(double)16.836375, fps=(double)59.395209, frame_num=(uint)1408;
0:00:25.020587535 [32m    1[00m 0x79c908000b70 [37mTRACE  [00m [00;34m          GST_TRACER :0::[00m latency_tracer_pipeline, frame_latency=(double)42.089208, avg=(double)70.138722, min=(double)35.432142, max=(double)3071.486303, latency=(double)16.824426, fps=(double)59.437393, frame_num=(uint)1409;
0:00:25.054159407 [32m    1[00m 0x79c908000b70 [37mTRACE  [00m [00;34m          GST_TRACER :0::[00m latency_tracer_pipeline, frame_latency=(double)42.400735, avg=(double)70.119050, min=(double)35.432142, max=(double)3071.486303, latency=(double)16.836322, fps=(double)59.395396, frame_num=(uint)1410;
0:00:25.054187786 [32m    1[00m 0x79c908000b70 [37mTRACE  [00m [00;34m          GST_TRACER :0::[00m latency_tracer_pipeline, frame_latency=(double)42.400735, avg=(double)70.099405, min=(double)35.432142, max=(double)3071.486303, latency=(double)16.824389, fps=(double)59.437521, frame_num=(uint)1411;
0:00:25.086833570 [32m    1[00m 0x79c908000b70 [37mTRACE  [00m [00;34m          GST_TRACER :0::[00m latency_tracer_pipeline, frame_latency=(double)41.811372, avg=(double)70.079371, min=(double)35.432142, max=(double)3071.486303, latency=(double)16.835614, fps=(double)59.397895, frame_num=(uint)1412;
0:00:25.086859818 [32m    1[00m 0x79c908000b70 [37mTRACE  [00m [00;34m          GST_TRACER :0::[00m latency_tracer_pipeline, frame_latency=(double)41.811372, avg=(double)70.059366, min=(double)35.432142, max=(double)3071.486303, latency=(double)16.823699, fps=(double)59.439961, frame_num=(uint)1413;
0:00:25.120573399 [32m    1[00m 0x79c908000b70 [37mTRACE  [00m [00;34m          GST_TRACER :0::[00m latency_tracer_pipeline, frame_latency=(double)42.441599, avg=(double)70.039834, min=(double)35.432142, max=(double)3071.486303, latency=(double)16.835663, fps=(double)59.397721, frame_num=(uint)1414;
0:00:25.120600019 [32m    1[00m 0x79c908000b70 [37mTRACE  [00m [00;34m          GST_TRACER :0::[00m latency_tracer_pipeline, frame_latency=(double)42.441599, avg=(double)70.020330, min=(double)35.432142, max=(double)3071.486303, latency=(double)16.823765, fps=(double)59.439728, frame_num=(uint)1415;
0:00:25.154161987 [32m    1[00m 0x79c908000b70 [37mTRACE  [00m [00;34m          GST_TRACER :0::[00m latency_tracer_pipeline, frame_latency=(double)42.550374, avg=(double)70.000930, min=(double)35.432142, max=(double)3071.486303, latency=(double)16.835601, fps=(double)59.397938, frame_num=(uint)1416;
0:00:25.154199511 [32m    1[00m 0x79c908000b70 [37mTRACE  [00m [00;34m          GST_TRACER :0::[00m latency_tracer_pipeline, frame_latency=(double)42.550374, avg=(double)69.981558, min=(double)35.432142, max=(double)3071.486303, latency=(double)16.823720, fps=(double)59.439885, frame_num=(uint)1417;
0:00:25.186510920 [32m    1[00m 0x79c908000b70 [37mTRACE  [00m [00;34m          GST_TRACER :0::[00m latency_tracer_pipeline, frame_latency=(double)42.038136, avg=(double)69.961852, min=(double)35.432142, max=(double)3071.486303, latency=(double)16.834660, fps=(double)59.401260, frame_num=(uint)1418;
0:00:25.186536582 [32m    1[00m 0x79c908000b70 [37mTRACE  [00m [00;34m          GST_TRACER :0::[00m latency_tracer_pipeline, frame_latency=(double)42.038136, avg=(double)69.942173, min=(double)35.432142, max=(double)3071.486303, latency=(double)16.822796, fps=(double)59.443151, frame_num=(uint)1419;
0:00:25.220103451 [32m    1[00m 0x79c908000b70 [37mTRACE  [00m [00;34m          GST_TRACER :0::[00m latency_tracer_pipeline, frame_latency=(double)42.114236, avg=(double)69.922576, min=(double)35.432142, max=(double)3071.486303, latency=(double)16.834616, fps=(double)59.401414, frame_num=(uint)1420;
0:00:25.220130840 [32m    1[00m 0x79c908000b70 [37mTRACE  [00m [00;34m          GST_TRACER :0::[00m latency_tracer_pipeline, frame_latency=(double)42.114236, avg=(double)69.903007, min=(double)35.432142, max=(double)3071.486303, latency=(double)16.822769, fps=(double)59.443246, frame_num=(uint)1421;
0:00:25.253860647 [32m    1[00m 0x79c908000b70 [37mTRACE  [00m [00;34m          GST_TRACER :0::[00m latency_tracer_pipeline, frame_latency=(double)42.527486, avg=(double)69.883755, min=(double)35.432142, max=(double)3071.486303, latency=(double)16.834679, fps=(double)59.401191, frame_num=(uint)1422;
0:00:25.253888058 [32m    1[00m 0x79c908000b70 [37mTRACE  [00m [00;34m          GST_TRACER :0::[00m latency_tracer_pipeline, frame_latency=(double)42.527486, avg=(double)69.864531, min=(double)35.432142, max=(double)3071.486303, latency=(double)16.822849, fps=(double)59.442964, frame_num=(uint)1423;
0:00:25.286197079 [32m    1[00m 0x79c908000b70 [37mTRACE  [00m [00;34m          GST_TRACER :0::[00m latency_tracer_pipeline, frame_latency=(double)41.364973, avg=(double)69.844517, min=(double)35.432142, max=(double)3071.486303, latency=(double)16.833741, fps=(double)59.404501, frame_num=(uint)1424;
0:00:25.286228522 [32m    1[00m 0x79c908000b70 [37mTRACE  [00m [00;34m          GST_TRACER :0::[00m latency_tracer_pipeline, frame_latency=(double)41.364973, avg=(double)69.824532, min=(double)35.432142, max=(double)3071.486303, latency=(double)16.821928, fps=(double)59.446217, frame_num=(uint)1425;
0:00:25.320372345 [32m    1[00m 0x79c908000b70 [37mTRACE  [00m [00;34m          GST_TRACER :0::[00m latency_tracer_pipeline, frame_latency=(double)42.500309, avg=(double)69.805370, min=(double)35.432142, max=(double)3071.486303, latency=(double)16.834099, fps=(double)59.403238, frame_num=(uint)1426;
0:00:25.320400305 [32m    1[00m 0x79c908000b70 [37mTRACE  [00m [00;34m          GST_TRACER :0::[00m latency_tracer_pipeline, frame_latency=(double)42.500309, avg=(double)69.786236, min=(double)35.432142, max=(double)3071.486303, latency=(double)16.822302, fps=(double)59.444896, frame_num=(uint)1427;
0:00:25.354322102 [32m    1[00m 0x79c908000b70 [37mTRACE  [00m [00;34m          GST_TRACER :0::[00m latency_tracer_pipeline, frame_latency=(double)42.866025, avg=(double)69.767384, min=(double)35.432142, max=(double)3071.486303, latency=(double)16.834296, fps=(double)59.402542, frame_num=(uint)1428;
0:00:25.354351176 [32m    1[00m 0x79c908000b70 [37mTRACE  [00m [00;34m          GST_TRACER :0::[00m latency_tracer_pipeline, frame_latency=(double)42.866025, avg=(double)69.748559, min=(double)35.432142, max=(double)3071.486303, latency=(double)16.822516, fps=(double)59.444141, frame_num=(uint)1429;
0:00:25.386576027 [32m    1[00m 0x79c908000b70 [37mTRACE  [00m [00;34m          GST_TRACER :0::[00m latency_tracer_pipeline, frame_latency=(double)41.178135, avg=(double)69.728579, min=(double)35.432142, max=(double)3071.486303, latency=(double)16.833306, fps=(double)59.406038, frame_num=(uint)1430;
0:00:25.386605851 [32m    1[00m 0x79c908000b70 [37mTRACE  [00m [00;34m          GST_TRACER :0::[00m latency_tracer_pipeline, frame_latency=(double)41.178135, avg=(double)69.708628, min=(double)35.432142, max=(double)3071.486303, latency=(double)16.821542, fps=(double)59.447581, frame_num=(uint)1431;
0:00:25.420577913 [32m    1[00m 0x79c908000b70 [37mTRACE  [00m [00;34m          GST_TRACER :0::[00m latency_tracer_pipeline, frame_latency=(double)42.582229, avg=(double)69.689685, min=(double)35.432142, max=(double)3071.486303, latency=(double)16.833540, fps=(double)59.405210, frame_num=(uint)1432;
0:00:25.420606484 [32m    1[00m 0x79c908000b70 [37mTRACE  [00m [00;34m          GST_TRACER :0::[00m latency_tracer_pipeline, frame_latency=(double)42.582229, avg=(double)69.670768, min=(double)35.432142, max=(double)3071.486303, latency=(double)16.821793, fps=(double)59.446694, frame_num=(uint)1433;
0:00:25.454307721 [32m    1[00m 0x79c908000b70 [37mTRACE  [00m [00;34m          GST_TRACER :0::[00m latency_tracer_pipeline, frame_latency=(double)42.696898, avg=(double)69.651958, min=(double)35.432142, max=(double)3071.486303, latency=(double)16.833586, fps=(double)59.405049, frame_num=(uint)1434;
0:00:25.454333242 [32m    1[00m 0x79c908000b70 [37mTRACE  [00m [00;34m          GST_TRACER :0::[00m latency_tracer_pipeline, frame_latency=(double)42.696898, avg=(double)69.633174, min=(double)35.432142, max=(double)3071.486303, latency=(double)16.821855, fps=(double)59.446475, frame_num=(uint)1435;
0:00:25.487044953 [32m    1[00m 0x79c908000b70 [37mTRACE  [00m [00;34m          GST_TRACER :0::[00m latency_tracer_pipeline, frame_latency=(double)42.040437, avg=(double)69.613959, min=(double)35.432142, max=(double)3071.486303, latency=(double)16.832938, fps=(double)59.407337, frame_num=(uint)1436;
0:00:25.487072593 [32m    1[00m 0x79c908000b70 [37mTRACE  [00m [00;34m          GST_TRACER :0::[00m latency_tracer_pipeline, frame_latency=(double)42.040437, avg=(double)69.594771, min=(double)35.432142, max=(double)3071.486303, latency=(double)16.821224, fps=(double)59.448707, frame_num=(uint)1437;
0:00:25.521648259 [32m    1[00m 0x79c908000b70 [37mTRACE  [00m [00;34m          GST_TRACER :0::[00m latency_tracer_pipeline, frame_latency=(double)43.284634, avg=(double)69.576474, min=(double)35.432142, max=(double)3071.486303, latency=(double)16.833589, fps=(double)59.405040, frame_num=(uint)1438;
0:00:25.521677257 [32m    1[00m 0x79c908000b70 [37mTRACE  [00m [00;34m          GST_TRACER :0::[00m latency_tracer_pipeline, frame_latency=(double)43.284634, avg=(double)69.558204, min=(double)35.432142, max=(double)3071.486303, latency=(double)16.821890, fps=(double)59.446351, frame_num=(uint)1439;
0:00:25.554503340 [32m    1[00m 0x79c908000b70 [37mTRACE  [00m [00;34m          GST_TRACER :0::[00m latency_tracer_pipeline, frame_latency=(double)42.749922, avg=(double)69.539587, min=(double)35.432142, max=(double)3071.486303, latency=(double)16.833014, fps=(double)59.407067, frame_num=(uint)1440;
0:00:25.554533066 [32m    1[00m 0x79c908000b70 [37mTRACE  [00m [00;34m          GST_TRACER :0::[00m latency_tracer_pipeline, frame_latency=(double)42.749922, avg=(double)69.520996, min=(double)35.432142, max=(double)3071.486303, latency=(double)16.821333, fps=(double)59.448322, frame_num=(uint)1441;
0:00:25.586019287 [32m    1[00m 0x79c908000b70 [37mTRACE  [00m [00;34m          GST_TRACER :0::[00m latency_tracer_pipeline, frame_latency=(double)41.349293, avg=(double)69.501459, min=(double)35.432142, max=(double)3071.486303, latency=(double)16.831533, fps=(double)59.412294, frame_num=(uint)1442;
0:00:25.586050626 [32m    1[00m 0x79c908000b70 [37mTRACE  [00m [00;34m          GST_TRACER :0::[00m latency_tracer_pipeline, frame_latency=(double)41.349293, avg=(double)69.481950, min=(double)35.432142, max=(double)3071.486303, latency=(double)16.819869, fps=(double)59.453495, frame_num=(uint)1443;
0:00:25.620665274 [32m    1[00m 0x79c908000b70 [37mTRACE  [00m [00;34m          GST_TRACER :0::[00m latency_tracer_pipeline, frame_latency=(double)42.816388, avg=(double)69.463483, min=(double)35.432142, max=(double)3071.486303, latency=(double)16.832215, fps=(double)59.409886, frame_num=(uint)1444;
0:00:25.620691263 [32m    1[00m 0x79c908000b70 [37mTRACE  [00m [00;34m          GST_TRACER :0::[00m latency_tracer_pipeline, frame_latency=(double)42.816388, avg=(double)69.445042, min=(double)35.432142, max=(double)3071.486303, latency=(double)16.820567, fps=(double)59.451029, frame_num=(uint)1445;
0:00:25.653851463 [32m    1[00m 0x79c908000b70 [37mTRACE  [00m [00;34m          GST_TRACER :0::[00m latency_tracer_pipeline, frame_latency=(double)42.374316, avg=(double)69.426321, min=(double)35.432142, max=(double)3071.486303, latency=(double)16.831884, fps=(double)59.411055, frame_num=(uint)1446;
0:00:25.653878481 [32m    1[00m 0x79c908000b70 [37mTRACE  [00m [00;34m          GST_TRACER :0::[00m latency_tracer_pipeline, frame_latency=(double)42.374316, avg=(double)69.407626, min=(double)35.432142, max=(double)3071.486303, latency=(double)16.820252, fps=(double)59.452142, frame_num=(uint)1447;
0:00:25.686543514 [32m    1[00m 0x79c908000b70 [37mTRACE  [00m [00;34m          GST_TRACER :0::[00m latency_tracer_pipeline, frame_latency=(double)41.746951, avg=(double)69.388523, min=(double)35.432142, max=(double)3071.486303, latency=(double)16.831213, fps=(double)59.413425, frame_num=(uint)1448;
0:00:25.686570439 [32m    1[00m 0x79c908000b70 [37mTRACE  [00m [00;34m          GST_TRACER :0::[00m latency_tracer_pipeline, frame_latency=(double)41.746951, avg=(double)69.369447, min=(double)35.432142, max=(double)3071.486303, latency=(double)16.819597, fps=(double)59.454457, frame_num=(uint)1449;
0:00:25.721266222 [32m    1[00m 0x79c908000b70 [37mTRACE  [00m [00;34m          GST_TRACER :0::[00m latency_tracer_pipeline, frame_latency=(double)43.231937, avg=(double)69.351421, min=(double)35.432142, max=(double)3071.486303, latency=(double)16.831945, fps=(double)59.410842, frame_num=(uint)1450;
0:00:25.721293190 [32m    1[00m 0x79c908000b70 [37mTRACE  [00m [00;34m          GST_TRACER :0::[00m latency_tracer_pipeline, frame_latency=(double)43.231937, avg=(double)69.333420, min=(double)35.432142, max=(double)3071.486303, latency=(double)16.820344, fps=(double)59.451815, frame_num=(uint)1451;
0:00:25.753833763 [32m    1[00m 0x79c908000b70 [37mTRACE  [00m [00;34m          GST_TRACER :0::[00m latency_tracer_pipeline, frame_latency=(double)41.855655, avg=(double)69.314496, min=(double)35.432142, max=(double)3071.486303, latency=(double)16.831189, fps=(double)59.413508, frame_num=(uint)1452;
0:00:25.753861737 [32m    1[00m 0x79c908000b70 [37mTRACE  [00m [00;34m          GST_TRACER :0::[00m latency_tracer_pipeline, frame_latency=(double)41.855655, avg=(double)69.295598, min=(double)35.432142, max=(double)3071.486303, latency=(double)16.819605, fps=(double)59.454427, frame_num=(uint)1453;
0:00:25.787032879 [32m    1[00m 0x79c908000b70 [37mTRACE  [00m [00;34m          GST_TRACER :0::[00m latency_tracer_pipeline, frame_latency=(double)42.265550, avg=(double)69.277008, min=(double)35.432142, max=(double)3071.486303, latency=(double)16.830870, fps=(double)59.414635, frame_num=(uint)1454;
0:00:25.787061043 [32m    1[00m 0x79c908000b70 [37mTRACE  [00m [00;34m          GST_TRACER :0::[00m latency_tracer_pipeline, frame_latency=(double)42.265550, avg=(double)69.258443, min=(double)35.432142, max=(double)3071.486303, latency=(double)16.819302, fps=(double)59.455498, frame_num=(uint)1455;
0:00:25.820543508 [32m    1[00m 0x79c908000b70 [37mTRACE  [00m [00;34m          GST_TRACER :0::[00m latency_tracer_pipeline, frame_latency=(double)42.555852, avg=(double)69.240104, min=(double)35.432142, max=(double)3071.486303, latency=(double)16.830766, fps=(double)59.415001, frame_num=(uint)1456;
0:00:25.820571502 [32m    1[00m 0x79c908000b70 [37mTRACE  [00m [00;34m          GST_TRACER :0::[00m latency_tracer_pipeline, frame_latency=(double)42.555852, avg=(double)69.221789, min=(double)35.432142, max=(double)3071.486303, latency=(double)16.819215, fps=(double)59.455808, frame_num=(uint)1457;
0:00:25.853757118 [32m    1[00m 0x79c908000b70 [37mTRACE  [00m [00;34m          GST_TRACER :0::[00m latency_tracer_pipeline, frame_latency=(double)42.340565, avg=(double)69.203352, min=(double)35.432142, max=(double)3071.486303, latency=(double)16.830460, fps=(double)59.416082, frame_num=(uint)1458;
0:00:25.853784148 [32m    1[00m 0x79c908000b70 [37mTRACE  [00m [00;34m          GST_TRACER :0::[00m latency_tracer_pipeline, frame_latency=(double)42.340565, avg=(double)69.184940, min=(double)35.432142, max=(double)3071.486303, latency=(double)16.818925, fps=(double)59.456833, frame_num=(uint)1459;
0:00:25.888839860 [32m    1[00m 0x79c908000b70 [37mTRACE  [00m [00;34m          GST_TRACER :0::[00m latency_tracer_pipeline, frame_latency=(double)43.779979, avg=(double)69.167540, min=(double)35.432142, max=(double)3071.486303, latency=(double)16.831433, fps=(double)59.412647, frame_num=(uint)1460;
0:00:25.888867220 [32m    1[00m 0x79c908000b70 [37mTRACE  [00m [00;34m          GST_TRACER :0::[00m latency_tracer_pipeline, frame_latency=(double)43.779979, avg=(double)69.150163, min=(double)35.432142, max=(double)3071.486303, latency=(double)16.819913, fps=(double)59.453341, frame_num=(uint)1461;
0:00:25.921222922 [32m    1[00m 0x79c908000b70 [37mTRACE  [00m [00;34m          GST_TRACER :0::[00m latency_tracer_pipeline, frame_latency=(double)42.539808, avg=(double)69.131961, min=(double)35.432142, max=(double)3071.486303, latency=(double)16.830558, fps=(double)59.415738, frame_num=(uint)1462;
0:00:25.921255281 [32m    1[00m 0x79c908000b70 [37mTRACE  [00m [00;34m          GST_TRACER :0::[00m latency_tracer_pipeline, frame_latency=(double)42.539808, avg=(double)69.113785, min=(double)35.432142, max=(double)3071.486303, latency=(double)16.819053, fps=(double)59.456378, frame_num=(uint)1463;
0:00:25.954615657 [32m    1[00m 0x79c908000b70 [37mTRACE  [00m [00;34m          GST_TRACER :0::[00m latency_tracer_pipeline, frame_latency=(double)42.852975, avg=(double)69.095847, min=(double)35.432142, max=(double)3071.486303, latency=(double)16.830377, fps=(double)59.416377, frame_num=(uint)1464;
0:00:25.954633950 [32m    1[00m 0x79c908000b70 [37mTRACE  [00m [00;34m          GST_TRACER :0::[00m latency_tracer_pipeline_interval, interval=(double)1000.328865, avg=(double)42.383454, min=(double)41.178135, max=(double)43.779979, latency=(double)16.672148, fps=(double)59.980275;
0:00:25.954641865 [32m    1[00m 0x79c908000b70 [37mTRACE  [00m [00;34m          GST_TRACER :0::[00m latency_tracer_pipeline, frame_latency=(double)42.852975, avg=(double)69.077934, min=(double)35.432142, max=(double)3071.486303, latency=(double)16.818888, fps=(double)59.456962, frame_num=(uint)1465;
FpsCounter(last 1.00sec): total=29.99 fps, number-streams=1, per-stream=29.99 fps
latency: -4743.45ms
0:00:25.986245709 [32m    1[00m 0x79c908000b70 [37mTRACE  [00m [00;34m          GST_TRACER :0::[00m latency_tracer_pipeline, frame_latency=(double)41.665095, avg=(double)69.059235, min=(double)35.432142, max=(double)3071.486303, latency=(double)16.828990, fps=(double)59.421273, frame_num=(uint)1466;
0:00:25.986271864 [32m    1[00m 0x79c908000b70 [37mTRACE  [00m [00;34m          GST_TRACER :0::[00m latency_tracer_pipeline, frame_latency=(double)41.665095, avg=(double)69.040561, min=(double)35.432142, max=(double)3071.486303, latency=(double)16.817518, fps=(double)59.461806, frame_num=(uint)1467;
0:00:26.020799691 [32m    1[00m 0x79c908000b70 [37mTRACE  [00m [00;34m          GST_TRACER :0::[00m latency_tracer_pipeline, frame_latency=(double)42.618277, avg=(double)69.022562, min=(double)35.432142, max=(double)3071.486303, latency=(double)16.829600, fps=(double)59.419120, frame_num=(uint)1468;
0:00:26.020829127 [32m    1[00m 0x79c908000b70 [37mTRACE  [00m [00;34m          GST_TRACER :0::[00m latency_tracer_pipeline, frame_latency=(double)42.618277, avg=(double)69.004588, min=(double)35.432142, max=(double)3071.486303, latency=(double)16.818143, fps=(double)59.459596, frame_num=(uint)1469;
0:00:26.054076134 [32m    1[00m 0x79c908000b70 [37mTRACE  [00m [00;34m          GST_TRACER :0::[00m latency_tracer_pipeline, frame_latency=(double)42.409829, avg=(double)68.986496, min=(double)35.432142, max=(double)3071.486303, latency=(double)16.829340, fps=(double)59.420037, frame_num=(uint)1470;
0:00:26.054107302 [32m    1[00m 0x79c908000b70 [37mTRACE  [00m [00;34m          GST_TRACER :0::[00m latency_tracer_pipeline, frame_latency=(double)42.409829, avg=(double)68.968429, min=(double)35.432142, max=(double)3071.486303, latency=(double)16.817899, fps=(double)59.460459, frame_num=(uint)1471;
0:00:26.087760366 [32m    1[00m 0x79c908000b70 [37mTRACE  [00m [00;34m          GST_TRACER :0::[00m latency_tracer_pipeline, frame_latency=(double)42.711789, avg=(double)68.950592, min=(double)35.432142, max=(double)3071.486303, latency=(double)16.829357, fps=(double)59.419976, frame_num=(uint)1472;
0:00:26.087788281 [32m    1[00m 0x79c908000b70 [37mTRACE  [00m [00;34m          GST_TRACER :0::[00m latency_tracer_pipeline, frame_latency=(double)42.711789, avg=(double)68.932779, min=(double)35.432142, max=(double)3071.486303, latency=(double)16.817932, fps=(double)59.460343, frame_num=(uint)1473;
0:00:26.120898619 [32m    1[00m 0x79c908000b70 [37mTRACE  [00m [00;34m          GST_TRACER :0::[00m latency_tracer_pipeline, frame_latency=(double)42.201010, avg=(double)68.914643, min=(double)35.432142, max=(double)3071.486303, latency=(double)16.829004, fps=(double)59.421225, frame_num=(uint)1474;
0:00:26.120928399 [32m    1[00m 0x79c908000b70 [37mTRACE  [00m [00;34m          GST_TRACER :0::[00m latency_tracer_pipeline, frame_latency=(double)42.201010, avg=(double)68.896532, min=(double)35.432142, max=(double)3071.486303, latency=(double)16.817594, fps=(double)59.461537, frame_num=(uint)1475;
0:00:26.153751373 [32m    1[00m 0x79c908000b70 [37mTRACE  [00m [00;34m          GST_TRACER :0::[00m latency_tracer_pipeline, frame_latency=(double)41.718999, avg=(double)68.878119, min=(double)35.432142, max=(double)3071.486303, latency=(double)16.828459, fps=(double)59.423148, frame_num=(uint)1476;
0:00:26.153779421 [32m    1[00m 0x79c908000b70 [37mTRACE  [00m [00;34m          GST_TRACER :0::[00m latency_tracer_pipeline, frame_latency=(double)41.718999, avg=(double)68.859731, min=(double)35.432142, max=(double)3071.486303, latency=(double)16.817065, fps=(double)59.463408, frame_num=(uint)1477;
0:00:26.187298921 [32m    1[00m 0x79c908000b70 [37mTRACE  [00m [00;34m          GST_TRACER :0::[00m latency_tracer_pipeline, frame_latency=(double)42.296230, avg=(double)68.841759, min=(double)35.432142, max=(double)3071.486303, latency=(double)16.828385, fps=(double)59.423410, frame_num=(uint)1478;
0:00:26.187327863 [32m    1[00m 0x79c908000b70 [37mTRACE  [00m [00;34m          GST_TRACER :0::[00m latency_tracer_pipeline, frame_latency=(double)42.296230, avg=(double)68.823810, min=(double)35.432142, max=(double)3071.486303, latency=(double)16.817006, fps=(double)59.463615, frame_num=(uint)1479;
0:00:26.220712862 [32m    1[00m 0x79c908000b70 [37mTRACE  [00m [00;34m          GST_TRACER :0::[00m latency_tracer_pipeline, frame_latency=(double)42.638657, avg=(double)68.806118, min=(double)35.432142, max=(double)3071.486303, latency=(double)16.828220, fps=(double)59.423991, frame_num=(uint)1480;
0:00:26.220741386 [32m    1[00m 0x79c908000b70 [37mTRACE  [00m [00;34m          GST_TRACER :0::[00m latency_tracer_pipeline, frame_latency=(double)42.638657, avg=(double)68.788449, min=(double)35.432142, max=(double)3071.486303, latency=(double)16.816857, fps=(double)59.464142, frame_num=(uint)1481;
0:00:26.254014718 [32m    1[00m 0x79c908000b70 [37mTRACE  [00m [00;34m          GST_TRACER :0::[00m latency_tracer_pipeline, frame_latency=(double)42.131788, avg=(double)68.770462, min=(double)35.432142, max=(double)3071.486303, latency=(double)16.827980, fps=(double)59.424839, frame_num=(uint)1482;
0:00:26.254047941 [32m    1[00m 0x79c908000b70 [37mTRACE  [00m [00;34m          GST_TRACER :0::[00m latency_tracer_pipeline, frame_latency=(double)42.131788, avg=(double)68.752499, min=(double)35.432142, max=(double)3071.486303, latency=(double)16.816633, fps=(double)59.464937, frame_num=(uint)1483;
0:00:26.287683816 [32m    1[00m 0x79c908000b70 [37mTRACE  [00m [00;34m          GST_TRACER :0::[00m latency_tracer_pipeline, frame_latency=(double)42.680528, avg=(double)68.734931, min=(double)35.432142, max=(double)3071.486303, latency=(double)16.827990, fps=(double)59.424805, frame_num=(uint)1484;
0:00:26.287710656 [32m    1[00m 0x79c908000b70 [37mTRACE  [00m [00;34m          GST_TRACER :0::[00m latency_tracer_pipeline, frame_latency=(double)42.680528, avg=(double)68.717386, min=(double)35.432142, max=(double)3071.486303, latency=(double)16.816658, fps=(double)59.464848, frame_num=(uint)1485;
0:00:26.320312894 [32m    1[00m 0x79c908000b70 [37mTRACE  [00m [00;34m          GST_TRACER :0::[00m latency_tracer_pipeline, frame_latency=(double)42.217984, avg=(double)68.699553, min=(double)35.432142, max=(double)3071.486303, latency=(double)16.827299, fps=(double)59.427243, frame_num=(uint)1486;
0:00:26.320341282 [32m    1[00m 0x79c908000b70 [37mTRACE  [00m [00;34m          GST_TRACER :0::[00m latency_tracer_pipeline, frame_latency=(double)42.217984, avg=(double)68.681744, min=(double)35.432142, max=(double)3071.486303, latency=(double)16.815983, fps=(double)59.467235, frame_num=(uint)1487;
0:00:26.354442183 [32m    1[00m 0x79c908000b70 [37mTRACE  [00m [00;34m          GST_TRACER :0::[00m latency_tracer_pipeline, frame_latency=(double)42.908451, avg=(double)68.664423, min=(double)35.432142, max=(double)3071.486303, latency=(double)16.827616, fps=(double)59.426124, frame_num=(uint)1488;
0:00:26.354473350 [32m    1[00m 0x79c908000b70 [37mTRACE  [00m [00;34m          GST_TRACER :0::[00m latency_tracer_pipeline, frame_latency=(double)42.908451, avg=(double)68.647126, min=(double)35.432142, max=(double)3071.486303, latency=(double)16.816315, fps=(double)59.466060, frame_num=(uint)1489;
0:00:26.386410858 [32m    1[00m 0x79c908000b70 [37mTRACE  [00m [00;34m          GST_TRACER :0::[00m latency_tracer_pipeline, frame_latency=(double)41.876909, avg=(double)68.629159, min=(double)35.432142, max=(double)3071.486303, latency=(double)16.826486, fps=(double)59.430114, frame_num=(uint)1490;
0:00:26.386441196 [32m    1[00m 0x79c908000b70 [37mTRACE  [00m [00;34m          GST_TRACER :0::[00m latency_tracer_pipeline, frame_latency=(double)41.876909, avg=(double)68.611217, min=(double)35.432142, max=(double)3071.486303, latency=(double)16.815201, fps=(double)59.470000, frame_num=(uint)1491;
0:00:26.419362552 [32m    1[00m 0x79c908000b70 [37mTRACE  [00m [00;34m          GST_TRACER :0::[00m latency_tracer_pipeline, frame_latency=(double)41.491670, avg=(double)68.593040, min=(double)35.432142, max=(double)3071.486303, latency=(double)16.826016, fps=(double)59.431776, frame_num=(uint)1492;
0:00:26.419389352 [32m    1[00m 0x79c908000b70 [37mTRACE  [00m [00;34m          GST_TRACER :0::[00m latency_tracer_pipeline, frame_latency=(double)41.491670, avg=(double)68.574888, min=(double)35.432142, max=(double)3071.486303, latency=(double)16.814746, fps=(double)59.471610, frame_num=(uint)1493;
0:00:26.454178701 [32m    1[00m 0x79c908000b70 [37mTRACE  [00m [00;34m          GST_TRACER :0::[00m latency_tracer_pipeline, frame_latency=(double)42.978476, avg=(double)68.557755, min=(double)35.432142, max=(double)3071.486303, latency=(double)16.826796, fps=(double)59.429022, frame_num=(uint)1494;
0:00:26.454206757 [32m    1[00m 0x79c908000b70 [37mTRACE  [00m [00;34m          GST_TRACER :0::[00m latency_tracer_pipeline, frame_latency=(double)42.978476, avg=(double)68.540645, min=(double)35.432142, max=(double)3071.486303, latency=(double)16.815540, fps=(double)59.468800, frame_num=(uint)1495;
0:00:26.486830918 [32m    1[00m 0x79c908000b70 [37mTRACE  [00m [00;34m          GST_TRACER :0::[00m latency_tracer_pipeline, frame_latency=(double)42.003501, avg=(double)68.522906, min=(double)35.432142, max=(double)3071.486303, latency=(double)16.826125, fps=(double)59.431389, frame_num=(uint)1496;
0:00:26.486858662 [32m    1[00m 0x79c908000b70 [37mTRACE  [00m [00;34m          GST_TRACER :0::[00m latency_tracer_pipeline, frame_latency=(double)42.003501, avg=(double)68.505191, min=(double)35.432142, max=(double)3071.486303, latency=(double)16.814885, fps=(double)59.471116, frame_num=(uint)1497;
0:00:26.521598191 [32m    1[00m 0x79c908000b70 [37mTRACE  [00m [00;34m          GST_TRACER :0::[00m latency_tracer_pipeline, frame_latency=(double)43.518593, avg=(double)68.488511, min=(double)35.432142, max=(double)3071.486303, latency=(double)16.826871, fps=(double)59.428757, frame_num=(uint)1498;
0:00:26.521667950 [32m    1[00m 0x79c908000b70 [37mTRACE  [00m [00;34m          GST_TRACER :0::[00m latency_tracer_pipeline, frame_latency=(double)43.518593, avg=(double)68.471854, min=(double)35.432142, max=(double)3071.486303, latency=(double)16.815645, fps=(double)59.468429, frame_num=(uint)1499;
0:00:26.554329657 [32m    1[00m 0x79c908000b70 [37mTRACE  [00m [00;34m          GST_TRACER :0::[00m latency_tracer_pipeline, frame_latency=(double)42.266964, avg=(double)68.454384, min=(double)35.432142, max=(double)3071.486303, latency=(double)16.826255, fps=(double)59.430930, frame_num=(uint)1500;
0:00:26.554355571 [32m    1[00m 0x79c908000b70 [37mTRACE  [00m [00;34m          GST_TRACER :0::[00m latency_tracer_pipeline, frame_latency=(double)42.266964, avg=(double)68.436937, min=(double)35.432142, max=(double)3071.486303, latency=(double)16.815045, fps=(double)59.470550, frame_num=(uint)1501;
0:00:26.587555619 [32m    1[00m 0x79c908000b70 [37mTRACE  [00m [00;34m          GST_TRACER :0::[00m latency_tracer_pipeline, frame_latency=(double)42.668164, avg=(double)68.419781, min=(double)35.432142, max=(double)3071.486303, latency=(double)16.825972, fps=(double)59.431929, frame_num=(uint)1502;
0:00:26.587580225 [32m    1[00m 0x79c908000b70 [37mTRACE  [00m [00;34m          GST_TRACER :0::[00m latency_tracer_pipeline, frame_latency=(double)42.668164, avg=(double)68.402647, min=(double)35.432142, max=(double)3071.486303, latency=(double)16.814778, fps=(double)59.471497, frame_num=(uint)1503;
0:00:26.620601453 [32m    1[00m 0x79c908000b70 [37mTRACE  [00m [00;34m          GST_TRACER :0::[00m latency_tracer_pipeline, frame_latency=(double)42.328894, avg=(double)68.385311, min=(double)35.432142, max=(double)3071.486303, latency=(double)16.825569, fps=(double)59.433355, frame_num=(uint)1504;
0:00:26.620627578 [32m    1[00m 0x79c908000b70 [37mTRACE  [00m [00;34m          GST_TRACER :0::[00m latency_tracer_pipeline, frame_latency=(double)42.328894, avg=(double)68.367998, min=(double)35.432142, max=(double)3071.486303, latency=(double)16.814389, fps=(double)59.472872, frame_num=(uint)1505;
0:00:26.654134365 [32m    1[00m 0x79c908000b70 [37mTRACE  [00m [00;34m          GST_TRACER :0::[00m latency_tracer_pipeline, frame_latency=(double)42.436607, avg=(double)68.350779, min=(double)35.432142, max=(double)3071.486303, latency=(double)16.825490, fps=(double)59.433633, frame_num=(uint)1506;
0:00:26.654161821 [32m    1[00m 0x79c908000b70 [37mTRACE  [00m [00;34m          GST_TRACER :0::[00m latency_tracer_pipeline, frame_latency=(double)42.436607, avg=(double)68.333583, min=(double)35.432142, max=(double)3071.486303, latency=(double)16.814325, fps=(double)59.473097, frame_num=(uint)1507;
0:00:26.687435375 [32m    1[00m 0x79c908000b70 [37mTRACE  [00m [00;34m          GST_TRACER :0::[00m latency_tracer_pipeline, frame_latency=(double)42.487935, avg=(double)68.316444, min=(double)35.432142, max=(double)3071.486303, latency=(double)16.825258, fps=(double)59.434452, frame_num=(uint)1508;
0:00:26.687463652 [32m    1[00m 0x79c908000b70 [37mTRACE  [00m [00;34m          GST_TRACER :0::[00m latency_tracer_pipeline, frame_latency=(double)42.487935, avg=(double)68.299328, min=(double)35.432142, max=(double)3071.486303, latency=(double)16.814108, fps=(double)59.473865, frame_num=(uint)1509;
0:00:26.722691473 [32m    1[00m 0x79c908000b70 [37mTRACE  [00m [00;34m          GST_TRACER :0::[00m latency_tracer_pipeline, frame_latency=(double)44.356177, avg=(double)68.283472, min=(double)35.432142, max=(double)3071.486303, latency=(double)16.826322, fps=(double)59.430696, frame_num=(uint)1510;
0:00:26.722718832 [32m    1[00m 0x79c908000b70 [37mTRACE  [00m [00;34m          GST_TRACER :0::[00m latency_tracer_pipeline, frame_latency=(double)44.356177, avg=(double)68.267636, min=(double)35.432142, max=(double)3071.486303, latency=(double)16.815186, fps=(double)59.470054, frame_num=(uint)1511;
0:00:26.754995498 [32m    1[00m 0x79c908000b70 [37mTRACE  [00m [00;34m          GST_TRACER :0::[00m latency_tracer_pipeline, frame_latency=(double)42.757740, avg=(double)68.250765, min=(double)35.432142, max=(double)3071.486303, latency=(double)16.825427, fps=(double)59.433855, frame_num=(uint)1512;
0:00:26.755026904 [32m    1[00m 0x79c908000b70 [37mTRACE  [00m [00;34m          GST_TRACER :0::[00m latency_tracer_pipeline, frame_latency=(double)42.757740, avg=(double)68.233915, min=(double)35.432142, max=(double)3071.486303, latency=(double)16.814307, fps=(double)59.473163, frame_num=(uint)1513;
0:00:26.786289085 [32m    1[00m 0x79c908000b70 [37mTRACE  [00m [00;34m          GST_TRACER :0::[00m latency_tracer_pipeline, frame_latency=(double)41.477531, avg=(double)68.216243, min=(double)35.432142, max=(double)3071.486303, latency=(double)16.823872, fps=(double)59.439350, frame_num=(uint)1514;
0:00:26.786316815 [32m    1[00m 0x79c908000b70 [37mTRACE  [00m [00;34m          GST_TRACER :0::[00m latency_tracer_pipeline, frame_latency=(double)41.477531, avg=(double)68.198593, min=(double)35.432142, max=(double)3071.486303, latency=(double)16.812767, fps=(double)59.478609, frame_num=(uint)1515;
0:00:26.819735260 [32m    1[00m 0x79c908000b70 [37mTRACE  [00m [00;34m          GST_TRACER :0::[00m latency_tracer_pipeline, frame_latency=(double)41.832494, avg=(double)68.181201, min=(double)35.432142, max=(double)3071.486303, latency=(double)16.823738, fps=(double)59.439822, frame_num=(uint)1516;
0:00:26.819764964 [32m    1[00m 0x79c908000b70 [37mTRACE  [00m [00;34m          GST_TRACER :0::[00m latency_tracer_pipeline, frame_latency=(double)41.832494, avg=(double)68.163832, min=(double)35.432142, max=(double)3071.486303, latency=(double)16.812648, fps=(double)59.479031, frame_num=(uint)1517;
0:00:26.853901057 [32m    1[00m 0x79c908000b70 [37mTRACE  [00m [00;34m          GST_TRACER :0::[00m latency_tracer_pipeline, frame_latency=(double)42.759744, avg=(double)68.147097, min=(double)35.432142, max=(double)3071.486303, latency=(double)16.824081, fps=(double)59.438611, frame_num=(uint)1518;
0:00:26.853928849 [32m    1[00m 0x79c908000b70 [37mTRACE  [00m [00;34m          GST_TRACER :0::[00m latency_tracer_pipeline, frame_latency=(double)42.759744, avg=(double)68.130384, min=(double)35.432142, max=(double)3071.486303, latency=(double)16.813005, fps=(double)59.477767, frame_num=(uint)1519;
0:00:26.887236035 [32m    1[00m 0x79c908000b70 [37mTRACE  [00m [00;34m          GST_TRACER :0::[00m latency_tracer_pipeline, frame_latency=(double)42.266882, avg=(double)68.113369, min=(double)35.432142, max=(double)3071.486303, latency=(double)16.823875, fps=(double)59.439339, frame_num=(uint)1520;
0:00:26.887265102 [32m    1[00m 0x79c908000b70 [37mTRACE  [00m [00;34m          GST_TRACER :0::[00m latency_tracer_pipeline, frame_latency=(double)42.266882, avg=(double)68.096375, min=(double)35.432142, max=(double)3071.486303, latency=(double)16.812814, fps=(double)59.478444, frame_num=(uint)1521;
0:00:26.921240204 [32m    1[00m 0x79c908000b70 [37mTRACE  [00m [00;34m          GST_TRACER :0::[00m latency_tracer_pipeline, frame_latency=(double)42.569641, avg=(double)68.079604, min=(double)35.432142, max=(double)3071.486303, latency=(double)16.824109, fps=(double)59.438513, frame_num=(uint)1522;
0:00:26.921267470 [32m    1[00m 0x79c908000b70 [37mTRACE  [00m [00;34m          GST_TRACER :0::[00m latency_tracer_pipeline, frame_latency=(double)42.569641, avg=(double)68.062854, min=(double)35.432142, max=(double)3071.486303, latency=(double)16.813062, fps=(double)59.477566, frame_num=(uint)1523;
0:00:26.954102891 [32m    1[00m 0x79c908000b70 [37mTRACE  [00m [00;34m          GST_TRACER :0::[00m latency_tracer_pipeline, frame_latency=(double)42.090616, avg=(double)68.045812, min=(double)35.432142, max=(double)3071.486303, latency=(double)16.823593, fps=(double)59.440334, frame_num=(uint)1524;
0:00:26.954131267 [32m    1[00m 0x79c908000b70 [37mTRACE  [00m [00;34m          GST_TRACER :0::[00m latency_tracer_pipeline, frame_latency=(double)42.090616, avg=(double)68.028792, min=(double)35.432142, max=(double)3071.486303, latency=(double)16.812561, fps=(double)59.479337, frame_num=(uint)1525;
0:00:26.987625367 [32m    1[00m 0x79c908000b70 [37mTRACE  [00m [00;34m          GST_TRACER :0::[00m latency_tracer_pipeline, frame_latency=(double)42.656146, avg=(double)68.012165, min=(double)35.432142, max=(double)3071.486303, latency=(double)16.823515, fps=(double)59.440611, frame_num=(uint)1526;
0:00:26.987640727 [32m    1[00m 0x79c908000b70 [37mTRACE  [00m [00;34m          GST_TRACER :0::[00m latency_tracer_pipeline_interval, interval=(double)1033.012344, avg=(double)42.423282, min=(double)41.477531, max=(double)44.356177, latency=(double)16.661489, fps=(double)60.018644;
0:00:26.987648860 [32m    1[00m 0x79c908000b70 [37mTRACE  [00m [00;34m          GST_TRACER :0::[00m latency_tracer_pipeline, frame_latency=(double)42.656146, avg=(double)67.995560, min=(double)35.432142, max=(double)3071.486303, latency=(double)16.812498, fps=(double)59.479563, frame_num=(uint)1527;
FpsCounter(last 1.03sec): total=30.01 fps, number-streams=1, per-stream=30.01 fps
latency: -4946.76ms
0:00:27.020292720 [32m    1[00m 0x79c908000b70 [37mTRACE  [00m [00;34m          GST_TRACER :0::[00m latency_tracer_pipeline, frame_latency=(double)41.934067, avg=(double)67.978504, min=(double)35.432142, max=(double)3071.486303, latency=(double)16.822871, fps=(double)59.442887, frame_num=(uint)1528;
0:00:27.020320757 [32m    1[00m 0x79c908000b70 [37mTRACE  [00m [00;34m          GST_TRACER :0::[00m latency_tracer_pipeline, frame_latency=(double)41.934067, avg=(double)67.961470, min=(double)35.432142, max=(double)3071.486303, latency=(double)16.811868, fps=(double)59.481789, frame_num=(uint)1529;
0:00:27.054035162 [32m    1[00m 0x79c908000b70 [37mTRACE  [00m [00;34m          GST_TRACER :0::[00m latency_tracer_pipeline, frame_latency=(double)42.578562, avg=(double)67.944880, min=(double)35.432142, max=(double)3071.486303, latency=(double)16.822933, fps=(double)59.442667, frame_num=(uint)1530;
0:00:27.054062260 [32m    1[00m 0x79c908000b70 [37mTRACE  [00m [00;34m          GST_TRACER :0::[00m latency_tracer_pipeline, frame_latency=(double)42.578562, avg=(double)67.928312, min=(double)35.432142, max=(double)3071.486303, latency=(double)16.811945, fps=(double)59.481518, frame_num=(uint)1531;
0:00:27.087281333 [32m    1[00m 0x79c908000b70 [37mTRACE  [00m [00;34m          GST_TRACER :0::[00m latency_tracer_pipeline, frame_latency=(double)42.281646, avg=(double)67.911571, min=(double)35.432142, max=(double)3071.486303, latency=(double)16.822672, fps=(double)59.443588, frame_num=(uint)1532;
0:00:27.087310032 [32m    1[00m 0x79c908000b70 [37mTRACE  [00m [00;34m          GST_TRACER :0::[00m latency_tracer_pipeline, frame_latency=(double)42.281646, avg=(double)67.894852, min=(double)35.432142, max=(double)3071.486303, latency=(double)16.811699, fps=(double)59.482389, frame_num=(uint)1533;
0:00:27.124957126 [32m    1[00m 0x79c908000b70 [37mTRACE  [00m [00;34m          GST_TRACER :0::[00m latency_tracer_pipeline, frame_latency=(double)46.590078, avg=(double)67.880964, min=(double)35.432142, max=(double)3071.486303, latency=(double)16.825299, fps=(double)59.434307, frame_num=(uint)1534;
0:00:27.124986600 [32m    1[00m 0x79c908000b70 [37mTRACE  [00m [00;34m          GST_TRACER :0::[00m latency_tracer_pipeline, frame_latency=(double)46.590078, avg=(double)67.867094, min=(double)35.432142, max=(double)3071.486303, latency=(double)16.814338, fps=(double)59.473051, frame_num=(uint)1535;
0:00:27.154541215 [32m    1[00m 0x79c908000b70 [37mTRACE  [00m [00;34m          GST_TRACER :0::[00m latency_tracer_pipeline, frame_latency=(double)41.884015, avg=(double)67.850177, min=(double)35.432142, max=(double)3071.486303, latency=(double)16.822652, fps=(double)59.443658, frame_num=(uint)1536;
0:00:27.154568273 [32m    1[00m 0x79c908000b70 [37mTRACE  [00m [00;34m          GST_TRACER :0::[00m latency_tracer_pipeline, frame_latency=(double)41.884015, avg=(double)67.833283, min=(double)35.432142, max=(double)3071.486303, latency=(double)16.811707, fps=(double)59.482359, frame_num=(uint)1537;
0:00:27.187531362 [32m    1[00m 0x79c908000b70 [37mTRACE  [00m [00;34m          GST_TRACER :0::[00m latency_tracer_pipeline, frame_latency=(double)42.938205, avg=(double)67.817097, min=(double)35.432142, max=(double)3071.486303, latency=(double)16.822227, fps=(double)59.445162, frame_num=(uint)1538;
0:00:27.187557971 [32m    1[00m 0x79c908000b70 [37mTRACE  [00m [00;34m          GST_TRACER :0::[00m latency_tracer_pipeline, frame_latency=(double)42.938205, avg=(double)67.800931, min=(double)35.432142, max=(double)3071.486303, latency=(double)16.811296, fps=(double)59.483813, frame_num=(uint)1539;
0:00:27.220277270 [32m    1[00m 0x79c908000b70 [37mTRACE  [00m [00;34m          GST_TRACER :0::[00m latency_tracer_pipeline, frame_latency=(double)42.031398, avg=(double)67.784198, min=(double)35.432142, max=(double)3071.486303, latency=(double)16.821644, fps=(double)59.447223, frame_num=(uint)1540;
0:00:27.220304614 [32m    1[00m 0x79c908000b70 [37mTRACE  [00m [00;34m          GST_TRACER :0::[00m latency_tracer_pipeline, frame_latency=(double)42.031398, avg=(double)67.767486, min=(double)35.432142, max=(double)3071.486303, latency=(double)16.810728, fps=(double)59.485825, frame_num=(uint)1541;
0:00:27.253634498 [32m    1[00m 0x79c908000b70 [37mTRACE  [00m [00;34m          GST_TRACER :0::[00m latency_tracer_pipeline, frame_latency=(double)42.002489, avg=(double)67.750777, min=(double)35.432142, max=(double)3071.486303, latency=(double)16.821457, fps=(double)59.447882, frame_num=(uint)1542;
0:00:27.253666493 [32m    1[00m 0x79c908000b70 [37mTRACE  [00m [00;34m          GST_TRACER :0::[00m latency_tracer_pipeline, frame_latency=(double)42.002489, avg=(double)67.734090, min=(double)35.432142, max=(double)3071.486303, latency=(double)16.810555, fps=(double)59.486434, frame_num=(uint)1543;
0:00:27.286787906 [32m    1[00m 0x79c908000b70 [37mTRACE  [00m [00;34m          GST_TRACER :0::[00m latency_tracer_pipeline, frame_latency=(double)41.867258, avg=(double)67.717337, min=(double)35.432142, max=(double)3071.486303, latency=(double)16.821138, fps=(double)59.449010, frame_num=(uint)1544;
0:00:27.286820641 [32m    1[00m 0x79c908000b70 [37mTRACE  [00m [00;34m          GST_TRACER :0::[00m latency_tracer_pipeline, frame_latency=(double)41.867258, avg=(double)67.700605, min=(double)35.432142, max=(double)3071.486303, latency=(double)16.810250, fps=(double)59.487514, frame_num=(uint)1545;
0:00:27.319033959 [32m    1[00m 0x79c908000b70 [37mTRACE  [00m [00;34m          GST_TRACER :0::[00m latency_tracer_pipeline, frame_latency=(double)41.057867, avg=(double)67.683372, min=(double)35.432142, max=(double)3071.486303, latency=(double)16.820237, fps=(double)59.452195, frame_num=(uint)1546;
0:00:27.319062089 [32m    1[00m 0x79c908000b70 [37mTRACE  [00m [00;34m          GST_TRACER :0::[00m latency_tracer_pipeline, frame_latency=(double)41.057867, avg=(double)67.666161, min=(double)35.432142, max=(double)3071.486303, latency=(double)16.809364, fps=(double)59.490650, frame_num=(uint)1547;
0:00:27.353687953 [32m    1[00m 0x79c908000b70 [37mTRACE  [00m [00;34m          GST_TRACER :0::[00m latency_tracer_pipeline, frame_latency=(double)42.466523, avg=(double)67.649882, min=(double)35.432142, max=(double)3071.486303, latency=(double)16.820892, fps=(double)59.449880, frame_num=(uint)1548;
0:00:27.353715029 [32m    1[00m 0x79c908000b70 [37mTRACE  [00m [00;34m          GST_TRACER :0::[00m latency_tracer_pipeline, frame_latency=(double)42.466523, avg=(double)67.633624, min=(double)35.432142, max=(double)3071.486303, latency=(double)16.810033, fps=(double)59.488284, frame_num=(uint)1549;
0:00:27.387823261 [32m    1[00m 0x79c908000b70 [37mTRACE  [00m [00;34m          GST_TRACER :0::[00m latency_tracer_pipeline, frame_latency=(double)43.139308, avg=(double)67.617822, min=(double)35.432142, max=(double)3071.486303, latency=(double)16.821211, fps=(double)59.448753, frame_num=(uint)1550;
0:00:27.387851059 [32m    1[00m 0x79c908000b70 [37mTRACE  [00m [00;34m          GST_TRACER :0::[00m latency_tracer_pipeline, frame_latency=(double)43.139308, avg=(double)67.602039, min=(double)35.432142, max=(double)3071.486303, latency=(double)16.810365, fps=(double)59.487107, frame_num=(uint)1551;
0:00:27.420895398 [32m    1[00m 0x79c908000b70 [37mTRACE  [00m [00;34m          GST_TRACER :0::[00m latency_tracer_pipeline, frame_latency=(double)42.503373, avg=(double)67.585867, min=(double)35.432142, max=(double)3071.486303, latency=(double)16.820843, fps=(double)59.450052, frame_num=(uint)1552;
0:00:27.420923581 [32m    1[00m 0x79c908000b70 [37mTRACE  [00m [00;34m          GST_TRACER :0::[00m latency_tracer_pipeline, frame_latency=(double)42.503373, avg=(double)67.569716, min=(double)35.432142, max=(double)3071.486303, latency=(double)16.810012, fps=(double)59.488357, frame_num=(uint)1553;
0:00:27.453869527 [32m    1[00m 0x79c908000b70 [37mTRACE  [00m [00;34m          GST_TRACER :0::[00m latency_tracer_pipeline, frame_latency=(double)42.059974, avg=(double)67.553301, min=(double)35.432142, max=(double)3071.486303, latency=(double)16.820414, fps=(double)59.451570, frame_num=(uint)1554;
0:00:27.453897857 [32m    1[00m 0x79c908000b70 [37mTRACE  [00m [00;34m          GST_TRACER :0::[00m latency_tracer_pipeline, frame_latency=(double)42.059974, avg=(double)67.536906, min=(double)35.432142, max=(double)3071.486303, latency=(double)16.809597, fps=(double)59.489827, frame_num=(uint)1555;
0:00:27.487264161 [32m    1[00m 0x79c908000b70 [37mTRACE  [00m [00;34m          GST_TRACER :0::[00m latency_tracer_pipeline, frame_latency=(double)41.945000, avg=(double)67.520459, min=(double)35.432142, max=(double)3071.486303, latency=(double)16.820256, fps=(double)59.452128, frame_num=(uint)1556;
0:00:27.487291987 [32m    1[00m 0x79c908000b70 [37mTRACE  [00m [00;34m          GST_TRACER :0::[00m latency_tracer_pipeline, frame_latency=(double)41.945000, avg=(double)67.504033, min=(double)35.432142, max=(double)3071.486303, latency=(double)16.809453, fps=(double)59.490336, frame_num=(uint)1557;
0:00:27.521521165 [32m    1[00m 0x79c908000b70 [37mTRACE  [00m [00;34m          GST_TRACER :0::[00m latency_tracer_pipeline, frame_latency=(double)42.806202, avg=(double)67.488181, min=(double)35.432142, max=(double)3071.486303, latency=(double)16.820636, fps=(double)59.450783, frame_num=(uint)1558;
0:00:27.521547648 [32m    1[00m 0x79c908000b70 [37mTRACE  [00m [00;34m          GST_TRACER :0::[00m latency_tracer_pipeline, frame_latency=(double)42.806202, avg=(double)67.472349, min=(double)35.432142, max=(double)3071.486303, latency=(double)16.809847, fps=(double)59.488941, frame_num=(uint)1559;
0:00:27.554235141 [32m    1[00m 0x79c908000b70 [37mTRACE  [00m [00;34m          GST_TRACER :0::[00m latency_tracer_pipeline, frame_latency=(double)42.431350, avg=(double)67.456297, min=(double)35.432142, max=(double)3071.486303, latency=(double)16.820055, fps=(double)59.452836, frame_num=(uint)1560;
0:00:27.554268711 [32m    1[00m 0x79c908000b70 [37mTRACE  [00m [00;34m          GST_TRACER :0::[00m latency_tracer_pipeline, frame_latency=(double)42.431350, avg=(double)67.440266, min=(double)35.432142, max=(double)3071.486303, latency=(double)16.809280, fps=(double)59.490947, frame_num=(uint)1561;
0:00:27.586840217 [32m    1[00m 0x79c908000b70 [37mTRACE  [00m [00;34m          GST_TRACER :0::[00m latency_tracer_pipeline, frame_latency=(double)42.223035, avg=(double)67.424121, min=(double)35.432142, max=(double)3071.486303, latency=(double)16.819394, fps=(double)59.455174, frame_num=(uint)1562;
0:00:27.586867139 [32m    1[00m 0x79c908000b70 [37mTRACE  [00m [00;34m          GST_TRACER :0::[00m latency_tracer_pipeline, frame_latency=(double)42.223035, avg=(double)67.407998, min=(double)35.432142, max=(double)3071.486303, latency=(double)16.808633, fps=(double)59.493237, frame_num=(uint)1563;
0:00:27.620601056 [32m    1[00m 0x79c908000b70 [37mTRACE  [00m [00;34m          GST_TRACER :0::[00m latency_tracer_pipeline, frame_latency=(double)42.320644, avg=(double)67.391957, min=(double)35.432142, max=(double)3071.486303, latency=(double)16.819472, fps=(double)59.454899, frame_num=(uint)1564;
0:00:27.620629329 [32m    1[00m 0x79c908000b70 [37mTRACE  [00m [00;34m          GST_TRACER :0::[00m latency_tracer_pipeline, frame_latency=(double)42.320644, avg=(double)67.375937, min=(double)35.432142, max=(double)3071.486303, latency=(double)16.808725, fps=(double)59.492914, frame_num=(uint)1565;
0:00:27.654778146 [32m    1[00m 0x79c908000b70 [37mTRACE  [00m [00;34m          GST_TRACER :0::[00m latency_tracer_pipeline, frame_latency=(double)43.264737, avg=(double)67.360541, min=(double)35.432142, max=(double)3071.486303, latency=(double)16.819815, fps=(double)59.453685, frame_num=(uint)1566;
0:00:27.654809579 [32m    1[00m 0x79c908000b70 [37mTRACE  [00m [00;34m          GST_TRACER :0::[00m latency_tracer_pipeline, frame_latency=(double)43.264737, avg=(double)67.345164, min=(double)35.432142, max=(double)3071.486303, latency=(double)16.809082, fps=(double)59.491650, frame_num=(uint)1567;
0:00:27.687567850 [32m    1[00m 0x79c908000b70 [37mTRACE  [00m [00;34m          GST_TRACER :0::[00m latency_tracer_pipeline, frame_latency=(double)42.079067, avg=(double)67.329050, min=(double)35.432142, max=(double)3071.486303, latency=(double)16.819274, fps=(double)59.455599, frame_num=(uint)1568;
0:00:27.687595116 [32m    1[00m 0x79c908000b70 [37mTRACE  [00m [00;34m          GST_TRACER :0::[00m latency_tracer_pipeline, frame_latency=(double)42.079067, avg=(double)67.312957, min=(double)35.432142, max=(double)3071.486303, latency=(double)16.808554, fps=(double)59.493518, frame_num=(uint)1569;
0:00:27.720518869 [32m    1[00m 0x79c908000b70 [37mTRACE  [00m [00;34m          GST_TRACER :0::[00m latency_tracer_pipeline, frame_latency=(double)42.279738, avg=(double)67.297012, min=(double)35.432142, max=(double)3071.486303, latency=(double)16.818836, fps=(double)59.457147, frame_num=(uint)1570;
0:00:27.720545070 [32m    1[00m 0x79c908000b70 [37mTRACE  [00m [00;34m          GST_TRACER :0::[00m latency_tracer_pipeline, frame_latency=(double)42.279738, avg=(double)67.281088, min=(double)35.432142, max=(double)3071.486303, latency=(double)16.808130, fps=(double)59.495018, frame_num=(uint)1571;
0:00:27.753725206 [32m    1[00m 0x79c908000b70 [37mTRACE  [00m [00;34m          GST_TRACER :0::[00m latency_tracer_pipeline, frame_latency=(double)42.250952, avg=(double)67.265165, min=(double)35.432142, max=(double)3071.486303, latency=(double)16.818561, fps=(double)59.458118, frame_num=(uint)1572;
0:00:27.753752474 [32m    1[00m 0x79c908000b70 [37mTRACE  [00m [00;34m          GST_TRACER :0::[00m latency_tracer_pipeline, frame_latency=(double)42.250952, avg=(double)67.249263, min=(double)35.432142, max=(double)3071.486303, latency=(double)16.807869, fps=(double)59.495941, frame_num=(uint)1573;
0:00:27.786932904 [32m    1[00m 0x79c908000b70 [37mTRACE  [00m [00;34m          GST_TRACER :0::[00m latency_tracer_pipeline, frame_latency=(double)42.139293, avg=(double)67.233310, min=(double)35.432142, max=(double)3071.486303, latency=(double)16.818288, fps=(double)59.459084, frame_num=(uint)1574;
0:00:27.786964933 [32m    1[00m 0x79c908000b70 [37mTRACE  [00m [00;34m          GST_TRACER :0::[00m latency_tracer_pipeline, frame_latency=(double)42.139293, avg=(double)67.217377, min=(double)35.432142, max=(double)3071.486303, latency=(double)16.807610, fps=(double)59.496860, frame_num=(uint)1575;
0:00:27.819416733 [32m    1[00m 0x79c908000b70 [37mTRACE  [00m [00;34m          GST_TRACER :0::[00m latency_tracer_pipeline, frame_latency=(double)41.307823, avg=(double)67.200937, min=(double)35.432142, max=(double)3071.486303, latency=(double)16.817556, fps=(double)59.461672, frame_num=(uint)1576;
0:00:27.819446609 [32m    1[00m 0x79c908000b70 [37mTRACE  [00m [00;34m          GST_TRACER :0::[00m latency_tracer_pipeline, frame_latency=(double)41.307823, avg=(double)67.184518, min=(double)35.432142, max=(double)3071.486303, latency=(double)16.806892, fps=(double)59.499402, frame_num=(uint)1577;
0:00:27.853376741 [32m    1[00m 0x79c908000b70 [37mTRACE  [00m [00;34m          GST_TRACER :0::[00m latency_tracer_pipeline, frame_latency=(double)42.159929, avg=(double)67.168660, min=(double)35.432142, max=(double)3071.486303, latency=(double)16.817763, fps=(double)59.460940, frame_num=(uint)1578;
0:00:27.853404891 [32m    1[00m 0x79c908000b70 [37mTRACE  [00m [00;34m          GST_TRACER :0::[00m latency_tracer_pipeline, frame_latency=(double)42.159929, avg=(double)67.152821, min=(double)35.432142, max=(double)3071.486303, latency=(double)16.807112, fps=(double)59.498622, frame_num=(uint)1579;
0:00:27.886838154 [32m    1[00m 0x79c908000b70 [37mTRACE  [00m [00;34m          GST_TRACER :0::[00m latency_tracer_pipeline, frame_latency=(double)42.126898, avg=(double)67.136982, min=(double)35.432142, max=(double)3071.486303, latency=(double)16.817652, fps=(double)59.461331, frame_num=(uint)1580;
0:00:27.886866599 [32m    1[00m 0x79c908000b70 [37mTRACE  [00m [00;34m          GST_TRACER :0::[00m latency_tracer_pipeline, frame_latency=(double)42.126898, avg=(double)67.121163, min=(double)35.432142, max=(double)3071.486303, latency=(double)16.807015, fps=(double)59.498965, frame_num=(uint)1581;
0:00:27.920785908 [32m    1[00m 0x79c908000b70 [37mTRACE  [00m [00;34m          GST_TRACER :0::[00m latency_tracer_pipeline, frame_latency=(double)42.509193, avg=(double)67.105606, min=(double)35.432142, max=(double)3071.486303, latency=(double)16.817851, fps=(double)59.460630, frame_num=(uint)1582;
0:00:27.920814754 [32m    1[00m 0x79c908000b70 [37mTRACE  [00m [00;34m          GST_TRACER :0::[00m latency_tracer_pipeline, frame_latency=(double)42.509193, avg=(double)67.090068, min=(double)35.432142, max=(double)3071.486303, latency=(double)16.807227, fps=(double)59.498216, frame_num=(uint)1583;
0:00:27.954299246 [32m    1[00m 0x79c908000b70 [37mTRACE  [00m [00;34m          GST_TRACER :0::[00m latency_tracer_pipeline, frame_latency=(double)42.528245, avg=(double)67.074561, min=(double)35.432142, max=(double)3071.486303, latency=(double)16.817771, fps=(double)59.460912, frame_num=(uint)1584;
0:00:27.954334041 [32m    1[00m 0x79c908000b70 [37mTRACE  [00m [00;34m          GST_TRACER :0::[00m latency_tracer_pipeline, frame_latency=(double)42.528245, avg=(double)67.059075, min=(double)35.432142, max=(double)3071.486303, latency=(double)16.807160, fps=(double)59.498451, frame_num=(uint)1585;
0:00:27.986054541 [32m    1[00m 0x79c908000b70 [37mTRACE  [00m [00;34m          GST_TRACER :0::[00m latency_tracer_pipeline, frame_latency=(double)41.424201, avg=(double)67.042912, min=(double)35.432142, max=(double)3071.486303, latency=(double)16.816587, fps=(double)59.465097, frame_num=(uint)1586;
0:00:27.986083740 [32m    1[00m 0x79c908000b70 [37mTRACE  [00m [00;34m          GST_TRACER :0::[00m latency_tracer_pipeline, frame_latency=(double)41.424201, avg=(double)67.026769, min=(double)35.432142, max=(double)3071.486303, latency=(double)16.805991, fps=(double)59.502591, frame_num=(uint)1587;
FpsCounter(last 1.03sec): total=30.04 fps, number-streams=1, per-stream=30.04 fps
latency: -5153.47ms
0:00:28.019591584 [32m    1[00m 0x79c908000b70 [37mTRACE  [00m [00;34m          GST_TRACER :0::[00m latency_tracer_pipeline, frame_latency=(double)41.723336, avg=(double)67.010835, min=(double)35.432142, max=(double)3071.486303, latency=(double)16.816529, fps=(double)59.465303, frame_num=(uint)1588;
0:00:28.019607927 [32m    1[00m 0x79c908000b70 [37mTRACE  [00m [00;34m          GST_TRACER :0::[00m latency_tracer_pipeline_interval, interval=(double)1031.964563, avg=(double)42.365187, min=(double)41.057867, max=(double)46.590078, latency=(double)16.644590, fps=(double)60.079582;
0:00:28.019616493 [32m    1[00m 0x79c908000b70 [37mTRACE  [00m [00;34m          GST_TRACER :0::[00m latency_tracer_pipeline, frame_latency=(double)41.723336, avg=(double)66.994921, min=(double)35.432142, max=(double)3071.486303, latency=(double)16.805946, fps=(double)59.502750, frame_num=(uint)1589;
0:00:28.054273524 [32m    1[00m 0x79c908000b70 [37mTRACE  [00m [00;34m          GST_TRACER :0::[00m latency_tracer_pipeline, frame_latency=(double)43.080602, avg=(double)66.979880, min=(double)35.432142, max=(double)3071.486303, latency=(double)16.817187, fps=(double)59.462976, frame_num=(uint)1590;
0:00:28.054300392 [32m    1[00m 0x79c908000b70 [37mTRACE  [00m [00;34m          GST_TRACER :0::[00m latency_tracer_pipeline, frame_latency=(double)43.080602, avg=(double)66.964859, min=(double)35.432142, max=(double)3071.486303, latency=(double)16.806617, fps=(double)59.500374, frame_num=(uint)1591;
0:00:28.087899950 [32m    1[00m 0x79c908000b70 [37mTRACE  [00m [00;34m          GST_TRACER :0::[00m latency_tracer_pipeline, frame_latency=(double)42.786118, avg=(double)66.949671, min=(double)35.432142, max=(double)3071.486303, latency=(double)16.817182, fps=(double)59.462996, frame_num=(uint)1592;
0:00:28.087928993 [32m    1[00m 0x79c908000b70 [37mTRACE  [00m [00;34m          GST_TRACER :0::[00m latency_tracer_pipeline, frame_latency=(double)42.786118, avg=(double)66.934502, min=(double)35.432142, max=(double)3071.486303, latency=(double)16.806625, fps=(double)59.500347, frame_num=(uint)1593;
0:00:28.119850791 [32m    1[00m 0x79c908000b70 [37mTRACE  [00m [00;34m          GST_TRACER :0::[00m latency_tracer_pipeline, frame_latency=(double)41.191802, avg=(double)66.918353, min=(double)35.432142, max=(double)3071.486303, latency=(double)16.816124, fps=(double)59.466737, frame_num=(uint)1594;
0:00:28.119883789 [32m    1[00m 0x79c908000b70 [37mTRACE  [00m [00;34m          GST_TRACER :0::[00m latency_tracer_pipeline, frame_latency=(double)41.191802, avg=(double)66.902223, min=(double)35.432142, max=(double)3071.486303, latency=(double)16.805581, fps=(double)59.504044, frame_num=(uint)1595;
0:00:28.153126953 [32m    1[00m 0x79c908000b70 [37mTRACE  [00m [00;34m          GST_TRACER :0::[00m latency_tracer_pipeline, frame_latency=(double)41.761334, avg=(double)66.886471, min=(double)35.432142, max=(double)3071.486303, latency=(double)16.815902, fps=(double)59.467521, frame_num=(uint)1596;
0:00:28.153156830 [32m    1[00m 0x79c908000b70 [37mTRACE  [00m [00;34m          GST_TRACER :0::[00m latency_tracer_pipeline, frame_latency=(double)41.761334, avg=(double)66.870738, min=(double)35.432142, max=(double)3071.486303, latency=(double)16.805372, fps=(double)59.504782, frame_num=(uint)1597;
0:00:28.187777934 [32m    1[00m 0x79c908000b70 [37mTRACE  [00m [00;34m          GST_TRACER :0::[00m latency_tracer_pipeline, frame_latency=(double)43.165875, avg=(double)66.855904, min=(double)35.432142, max=(double)3071.486303, latency=(double)16.816541, fps=(double)59.465263, frame_num=(uint)1598;
0:00:28.187804946 [32m    1[00m 0x79c908000b70 [37mTRACE  [00m [00;34m          GST_TRACER :0::[00m latency_tracer_pipeline, frame_latency=(double)43.165875, avg=(double)66.841088, min=(double)35.432142, max=(double)3071.486303, latency=(double)16.806024, fps=(double)59.502475, frame_num=(uint)1599;
0:00:28.220868654 [32m    1[00m 0x79c908000b70 [37mTRACE  [00m [00;34m          GST_TRACER :0::[00m latency_tracer_pipeline, frame_latency=(double)42.402539, avg=(double)66.825814, min=(double)35.432142, max=(double)3071.486303, latency=(double)16.816201, fps=(double)59.466464, frame_num=(uint)1600;
0:00:28.220897146 [32m    1[00m 0x79c908000b70 [37mTRACE  [00m [00;34m          GST_TRACER :0::[00m latency_tracer_pipeline, frame_latency=(double)42.402539, avg=(double)66.810559, min=(double)35.432142, max=(double)3071.486303, latency=(double)16.805697, fps=(double)59.503631, frame_num=(uint)1601;
0:00:28.253936696 [32m    1[00m 0x79c908000b70 [37mTRACE  [00m [00;34m          GST_TRACER :0::[00m latency_tracer_pipeline, frame_latency=(double)42.299521, avg=(double)66.795259, min=(double)35.432142, max=(double)3071.486303, latency=(double)16.815849, fps=(double)59.467708, frame_num=(uint)1602;
0:00:28.253965069 [32m    1[00m 0x79c908000b70 [37mTRACE  [00m [00;34m          GST_TRACER :0::[00m latency_tracer_pipeline, frame_latency=(double)42.299521, avg=(double)66.779978, min=(double)35.432142, max=(double)3071.486303, latency=(double)16.805359, fps=(double)59.504828, frame_num=(uint)1603;
0:00:28.286793556 [32m    1[00m 0x79c908000b70 [37mTRACE  [00m [00;34m          GST_TRACER :0::[00m latency_tracer_pipeline, frame_latency=(double)41.729585, avg=(double)66.764360, min=(double)35.432142, max=(double)3071.486303, latency=(double)16.815365, fps=(double)59.469418, frame_num=(uint)1604;
0:00:28.286824547 [32m    1[00m 0x79c908000b70 [37mTRACE  [00m [00;34m          GST_TRACER :0::[00m latency_tracer_pipeline, frame_latency=(double)41.729585, avg=(double)66.748762, min=(double)35.432142, max=(double)3071.486303, latency=(double)16.804889, fps=(double)59.506494, frame_num=(uint)1605;
0:00:28.321075859 [32m    1[00m 0x79c908000b70 [37mTRACE  [00m [00;34m          GST_TRACER :0::[00m latency_tracer_pipeline, frame_latency=(double)42.952151, avg=(double)66.733945, min=(double)35.432142, max=(double)3071.486303, latency=(double)16.815772, fps=(double)59.467981, frame_num=(uint)1606;
0:00:28.321104620 [32m    1[00m 0x79c908000b70 [37mTRACE  [00m [00;34m          GST_TRACER :0::[00m latency_tracer_pipeline, frame_latency=(double)42.952151, avg=(double)66.719146, min=(double)35.432142, max=(double)3071.486303, latency=(double)16.805308, fps=(double)59.505010, frame_num=(uint)1607;
0:00:28.354529760 [32m    1[00m 0x79c908000b70 [37mTRACE  [00m [00;34m          GST_TRACER :0::[00m latency_tracer_pipeline, frame_latency=(double)42.734995, avg=(double)66.704231, min=(double)35.432142, max=(double)3071.486303, latency=(double)16.815661, fps=(double)59.468374, frame_num=(uint)1608;
0:00:28.354555825 [32m    1[00m 0x79c908000b70 [37mTRACE  [00m [00;34m          GST_TRACER :0::[00m latency_tracer_pipeline, frame_latency=(double)42.734995, avg=(double)66.689334, min=(double)35.432142, max=(double)3071.486303, latency=(double)16.805210, fps=(double)59.505357, frame_num=(uint)1609;
0:00:28.386719518 [32m    1[00m 0x79c908000b70 [37mTRACE  [00m [00;34m          GST_TRACER :0::[00m latency_tracer_pipeline, frame_latency=(double)42.083558, avg=(double)66.674050, min=(double)35.432142, max=(double)3071.486303, latency=(double)16.814766, fps=(double)59.471537, frame_num=(uint)1610;
0:00:28.386744885 [32m    1[00m 0x79c908000b70 [37mTRACE  [00m [00;34m          GST_TRACER :0::[00m latency_tracer_pipeline, frame_latency=(double)42.083558, avg=(double)66.658786, min=(double)35.432142, max=(double)3071.486303, latency=(double)16.804329, fps=(double)59.508476, frame_num=(uint)1611;
0:00:28.420440147 [32m    1[00m 0x79c908000b70 [37mTRACE  [00m [00;34m          GST_TRACER :0::[00m latency_tracer_pipeline, frame_latency=(double)42.253894, avg=(double)66.643647, min=(double)35.432142, max=(double)3071.486303, latency=(double)16.814826, fps=(double)59.471326, frame_num=(uint)1612;
0:00:28.420459193 [32m    1[00m 0x79c908000b70 [37mTRACE  [00m [00;34m          GST_TRACER :0::[00m latency_tracer_pipeline, frame_latency=(double)42.253894, avg=(double)66.628526, min=(double)35.432142, max=(double)3071.486303, latency=(double)16.804401, fps=(double)59.508219, frame_num=(uint)1613;
0:00:28.453253955 [32m    1[00m 0x79c908000b70 [37mTRACE  [00m [00;34m          GST_TRACER :0::[00m latency_tracer_pipeline, frame_latency=(double)41.845914, avg=(double)66.613171, min=(double)35.432142, max=(double)3071.486303, latency=(double)16.814316, fps=(double)59.473129, frame_num=(uint)1614;
0:00:28.453282301 [32m    1[00m 0x79c908000b70 [37mTRACE  [00m [00;34m          GST_TRACER :0::[00m latency_tracer_pipeline, frame_latency=(double)41.845914, avg=(double)66.597836, min=(double)35.432142, max=(double)3071.486303, latency=(double)16.803905, fps=(double)59.509978, frame_num=(uint)1615;
0:00:28.486690600 [32m    1[00m 0x79c908000b70 [37mTRACE  [00m [00;34m          GST_TRACER :0::[00m latency_tracer_pipeline, frame_latency=(double)41.967968, avg=(double)66.582594, min=(double)35.432142, max=(double)3071.486303, latency=(double)16.814198, fps=(double)59.473547, frame_num=(uint)1616;
0:00:28.486714642 [32m    1[00m 0x79c908000b70 [37mTRACE  [00m [00;34m          GST_TRACER :0::[00m latency_tracer_pipeline, frame_latency=(double)41.967968, avg=(double)66.567372, min=(double)35.432142, max=(double)3071.486303, latency=(double)16.803800, fps=(double)59.510350, frame_num=(uint)1617;
0:00:28.520070977 [32m    1[00m 0x79c908000b70 [37mTRACE  [00m [00;34m          GST_TRACER :0::[00m latency_tracer_pipeline, frame_latency=(double)41.713956, avg=(double)66.552011, min=(double)35.432142, max=(double)3071.486303, latency=(double)16.814045, fps=(double)59.474089, frame_num=(uint)1618;
0:00:28.520098719 [32m    1[00m 0x79c908000b70 [37mTRACE  [00m [00;34m          GST_TRACER :0::[00m latency_tracer_pipeline, frame_latency=(double)41.713956, avg=(double)66.536670, min=(double)35.432142, max=(double)3071.486303, latency=(double)16.803659, fps=(double)59.510847, frame_num=(uint)1619;
0:00:28.554350617 [32m    1[00m 0x79c908000b70 [37mTRACE  [00m [00;34m          GST_TRACER :0::[00m latency_tracer_pipeline, frame_latency=(double)43.022912, avg=(double)66.522155, min=(double)35.432142, max=(double)3071.486303, latency=(double)16.814447, fps=(double)59.472665, frame_num=(uint)1620;
0:00:28.554377903 [32m    1[00m 0x79c908000b70 [37mTRACE  [00m [00;34m          GST_TRACER :0::[00m latency_tracer_pipeline, frame_latency=(double)43.022912, avg=(double)66.507658, min=(double)35.432142, max=(double)3071.486303, latency=(double)16.804074, fps=(double)59.509377, frame_num=(uint)1621;
0:00:28.587704898 [32m    1[00m 0x79c908000b70 [37mTRACE  [00m [00;34m          GST_TRACER :0::[00m latency_tracer_pipeline, frame_latency=(double)42.361542, avg=(double)66.492772, min=(double)35.432142, max=(double)3071.486303, latency=(double)16.814277, fps=(double)59.473267, frame_num=(uint)1622;
0:00:28.587733287 [32m    1[00m 0x79c908000b70 [37mTRACE  [00m [00;34m          GST_TRACER :0::[00m latency_tracer_pipeline, frame_latency=(double)42.361542, avg=(double)66.477903, min=(double)35.432142, max=(double)3071.486303, latency=(double)16.803917, fps=(double)59.509934, frame_num=(uint)1623;
0:00:28.620235506 [32m    1[00m 0x79c908000b70 [37mTRACE  [00m [00;34m          GST_TRACER :0::[00m latency_tracer_pipeline, frame_latency=(double)41.829080, avg=(double)66.462726, min=(double)35.432142, max=(double)3071.486303, latency=(double)16.813601, fps=(double)59.475658, frame_num=(uint)1624;
0:00:28.620264237 [32m    1[00m 0x79c908000b70 [37mTRACE  [00m [00;34m          GST_TRACER :0::[00m latency_tracer_pipeline, frame_latency=(double)41.829080, avg=(double)66.447566, min=(double)35.432142, max=(double)3071.486303, latency=(double)16.803255, fps=(double)59.512281, frame_num=(uint)1625;
0:00:28.655114963 [32m    1[00m 0x79c908000b70 [37mTRACE  [00m [00;34m          GST_TRACER :0::[00m latency_tracer_pipeline, frame_latency=(double)43.501871, avg=(double)66.433455, min=(double)35.432142, max=(double)3071.486303, latency=(double)16.814372, fps=(double)59.472934, frame_num=(uint)1626;
0:00:28.655142246 [32m    1[00m 0x79c908000b70 [37mTRACE  [00m [00;34m          GST_TRACER :0::[00m latency_tracer_pipeline, frame_latency=(double)43.501871, avg=(double)66.419360, min=(double)35.432142, max=(double)3071.486303, latency=(double)16.804037, fps=(double)59.509510, frame_num=(uint)1627;
0:00:28.687070047 [32m    1[00m 0x79c908000b70 [37mTRACE  [00m [00;34m          GST_TRACER :0::[00m latency_tracer_pipeline, frame_latency=(double)41.716814, avg=(double)66.404187, min=(double)35.432142, max=(double)3071.486303, latency=(double)16.813343, fps=(double)59.476570, frame_num=(uint)1628;
0:00:28.687097674 [32m    1[00m 0x79c908000b70 [37mTRACE  [00m [00;34m          GST_TRACER :0::[00m latency_tracer_pipeline, frame_latency=(double)41.716814, avg=(double)66.389032, min=(double)35.432142, max=(double)3071.486303, latency=(double)16.803022, fps=(double)59.513104, frame_num=(uint)1629;
0:00:28.721573089 [32m    1[00m 0x79c908000b70 [37mTRACE  [00m [00;34m          GST_TRACER :0::[00m latency_tracer_pipeline, frame_latency=(double)43.164215, avg=(double)66.374783, min=(double)35.432142, max=(double)3071.486303, latency=(double)16.813881, fps=(double)59.474669, frame_num=(uint)1630;
0:00:28.721601058 [32m    1[00m 0x79c908000b70 [37mTRACE  [00m [00;34m          GST_TRACER :0::[00m latency_tracer_pipeline, frame_latency=(double)43.164215, avg=(double)66.360553, min=(double)35.432142, max=(double)3071.486303, latency=(double)16.803572, fps=(double)59.511156, frame_num=(uint)1631;
0:00:28.754245161 [32m    1[00m 0x79c908000b70 [37mTRACE  [00m [00;34m          GST_TRACER :0::[00m latency_tracer_pipeline, frame_latency=(double)42.364535, avg=(double)66.345849, min=(double)35.432142, max=(double)3071.486303, latency=(double)16.813293, fps=(double)59.476748, frame_num=(uint)1632;
0:00:28.754277580 [32m    1[00m 0x79c908000b70 [37mTRACE  [00m [00;34m          GST_TRACER :0::[00m latency_tracer_pipeline, frame_latency=(double)42.364535, avg=(double)66.331164, min=(double)35.432142, max=(double)3071.486303, latency=(double)16.802997, fps=(double)59.513192, frame_num=(uint)1633;
0:00:28.786102284 [32m    1[00m 0x79c908000b70 [37mTRACE  [00m [00;34m          GST_TRACER :0::[00m latency_tracer_pipeline, frame_latency=(double)41.563132, avg=(double)66.316006, min=(double)35.432142, max=(double)3071.486303, latency=(double)16.812213, fps=(double)59.480571, frame_num=(uint)1634;
0:00:28.786133909 [32m    1[00m 0x79c908000b70 [37mTRACE  [00m [00;34m          GST_TRACER :0::[00m latency_tracer_pipeline, frame_latency=(double)41.563132, avg=(double)66.300866, min=(double)35.432142, max=(double)3071.486303, latency=(double)16.801930, fps=(double)59.516972, frame_num=(uint)1635;
0:00:28.820169559 [32m    1[00m 0x79c908000b70 [37mTRACE  [00m [00;34m          GST_TRACER :0::[00m latency_tracer_pipeline, frame_latency=(double)42.291876, avg=(double)66.286191, min=(double)35.432142, max=(double)3071.486303, latency=(double)16.812483, fps=(double)59.479614, frame_num=(uint)1636;
0:00:28.820201359 [32m    1[00m 0x79c908000b70 [37mTRACE  [00m [00;34m          GST_TRACER :0::[00m latency_tracer_pipeline, frame_latency=(double)42.291876, avg=(double)66.271533, min=(double)35.432142, max=(double)3071.486303, latency=(double)16.802213, fps=(double)59.515971, frame_num=(uint)1637;
0:00:28.853439549 [32m    1[00m 0x79c908000b70 [37mTRACE  [00m [00;34m          GST_TRACER :0::[00m latency_tracer_pipeline, frame_latency=(double)42.015323, avg=(double)66.256725, min=(double)35.432142, max=(double)3071.486303, latency=(double)16.812267, fps=(double)59.480378, frame_num=(uint)1638;
0:00:28.853465775 [32m    1[00m 0x79c908000b70 [37mTRACE  [00m [00;34m          GST_TRACER :0::[00m latency_tracer_pipeline, frame_latency=(double)42.015323, avg=(double)66.241935, min=(double)35.432142, max=(double)3071.486303, latency=(double)16.802009, fps=(double)59.516691, frame_num=(uint)1639;
0:00:28.886256389 [32m    1[00m 0x79c908000b70 [37mTRACE  [00m [00;34m          GST_TRACER :0::[00m latency_tracer_pipeline, frame_latency=(double)41.743661, avg=(double)66.226997, min=(double)35.432142, max=(double)3071.486303, latency=(double)16.811774, fps=(double)59.482124, frame_num=(uint)1640;
0:00:28.886288158 [32m    1[00m 0x79c908000b70 [37mTRACE  [00m [00;34m          GST_TRACER :0::[00m latency_tracer_pipeline, frame_latency=(double)41.743661, avg=(double)66.212077, min=(double)35.432142, max=(double)3071.486303, latency=(double)16.801529, fps=(double)59.518393, frame_num=(uint)1641;
0:00:28.920565317 [32m    1[00m 0x79c908000b70 [37mTRACE  [00m [00;34m          GST_TRACER :0::[00m latency_tracer_pipeline, frame_latency=(double)42.511972, avg=(double)66.197643, min=(double)35.432142, max=(double)3071.486303, latency=(double)16.812190, fps=(double)59.480649, frame_num=(uint)1642;
0:00:28.920595153 [32m    1[00m 0x79c908000b70 [37mTRACE  [00m [00;34m          GST_TRACER :0::[00m latency_tracer_pipeline, frame_latency=(double)42.511972, avg=(double)66.183227, min=(double)35.432142, max=(double)3071.486303, latency=(double)16.801958, fps=(double)59.516874, frame_num=(uint)1643;
0:00:28.953600286 [32m    1[00m 0x79c908000b70 [37mTRACE  [00m [00;34m          GST_TRACER :0::[00m latency_tracer_pipeline, frame_latency=(double)42.290239, avg=(double)66.168694, min=(double)35.432142, max=(double)3071.486303, latency=(double)16.811833, fps=(double)59.481912, frame_num=(uint)1644;
0:00:28.953627361 [32m    1[00m 0x79c908000b70 [37mTRACE  [00m [00;34m          GST_TRACER :0::[00m latency_tracer_pipeline, frame_latency=(double)42.290239, avg=(double)66.154178, min=(double)35.432142, max=(double)3071.486303, latency=(double)16.801614, fps=(double)59.518093, frame_num=(uint)1645;
0:00:28.987444088 [32m    1[00m 0x79c908000b70 [37mTRACE  [00m [00;34m          GST_TRACER :0::[00m latency_tracer_pipeline, frame_latency=(double)42.397145, avg=(double)66.139745, min=(double)35.432142, max=(double)3071.486303, latency=(double)16.811967, fps=(double)59.481439, frame_num=(uint)1646;
0:00:28.987469759 [32m    1[00m 0x79c908000b70 [37mTRACE  [00m [00;34m          GST_TRACER :0::[00m latency_tracer_pipeline, frame_latency=(double)42.397145, avg=(double)66.125329, min=(double)35.432142, max=(double)3071.486303, latency=(double)16.801759, fps=(double)59.517576, frame_num=(uint)1647;
FpsCounter(last 1.00sec): total=29.98 fps, number-streams=1, per-stream=29.98 fps
latency: -5356.92ms
0:00:29.020206458 [32m    1[00m 0x79c908000b70 [37mTRACE  [00m [00;34m          GST_TRACER :0::[00m latency_tracer_pipeline, frame_latency=(double)41.831853, avg=(double)66.110588, min=(double)35.432142, max=(double)3071.486303, latency=(double)16.811447, fps=(double)59.483279, frame_num=(uint)1648;
0:00:29.020222517 [32m    1[00m 0x79c908000b70 [37mTRACE  [00m [00;34m          GST_TRACER :0::[00m latency_tracer_pipeline_interval, interval=(double)1000.616598, avg=(double)42.284057, min=(double)41.191802, max=(double)43.501871, latency=(double)16.676943, fps=(double)59.963027;
0:00:29.020230737 [32m    1[00m 0x79c908000b70 [37mTRACE  [00m [00;34m          GST_TRACER :0::[00m latency_tracer_pipeline, frame_latency=(double)41.831853, avg=(double)66.095865, min=(double)35.432142, max=(double)3071.486303, latency=(double)16.801252, fps=(double)59.519373, frame_num=(uint)1649;
0:00:29.055124079 [32m    1[00m 0x79c908000b70 [37mTRACE  [00m [00;34m          GST_TRACER :0::[00m latency_tracer_pipeline, frame_latency=(double)43.680643, avg=(double)66.082280, min=(double)35.432142, max=(double)3071.486303, latency=(double)16.812229, fps=(double)59.480513, frame_num=(uint)1650;
0:00:29.055151577 [32m    1[00m 0x79c908000b70 [37mTRACE  [00m [00;34m          GST_TRACER :0::[00m latency_tracer_pipeline, frame_latency=(double)43.680643, avg=(double)66.068711, min=(double)35.432142, max=(double)3071.486303, latency=(double)16.802046, fps=(double)59.516562, frame_num=(uint)1651;
0:00:29.087194754 [32m    1[00m 0x79c908000b70 [37mTRACE  [00m [00;34m          GST_TRACER :0::[00m latency_tracer_pipeline, frame_latency=(double)41.933405, avg=(double)66.054101, min=(double)35.432142, max=(double)3071.486303, latency=(double)16.811288, fps=(double)59.483843, frame_num=(uint)1652;
0:00:29.087222633 [32m    1[00m 0x79c908000b70 [37mTRACE  [00m [00;34m          GST_TRACER :0::[00m latency_tracer_pipeline, frame_latency=(double)41.933405, avg=(double)66.039509, min=(double)35.432142, max=(double)3071.486303, latency=(double)16.801117, fps=(double)59.519850, frame_num=(uint)1653;
0:00:29.121879525 [32m    1[00m 0x79c908000b70 [37mTRACE  [00m [00;34m          GST_TRACER :0::[00m latency_tracer_pipeline, frame_latency=(double)43.703048, avg=(double)66.026005, min=(double)35.432142, max=(double)3071.486303, latency=(double)16.811930, fps=(double)59.481570, frame_num=(uint)1654;
0:00:29.121911525 [32m    1[00m 0x79c908000b70 [37mTRACE  [00m [00;34m          GST_TRACER :0::[00m latency_tracer_pipeline, frame_latency=(double)43.703048, avg=(double)66.012517, min=(double)35.432142, max=(double)3071.486303, latency=(double)16.801772, fps=(double)59.517533, frame_num=(uint)1655;
0:00:29.155065766 [32m    1[00m 0x79c908000b70 [37mTRACE  [00m [00;34m          GST_TRACER :0::[00m latency_tracer_pipeline, frame_latency=(double)43.390676, avg=(double)65.998856, min=(double)35.432142, max=(double)3071.486303, latency=(double)16.811666, fps=(double)59.482505, frame_num=(uint)1656;
0:00:29.155093082 [32m    1[00m 0x79c908000b70 [37mTRACE  [00m [00;34m          GST_TRACER :0::[00m latency_tracer_pipeline, frame_latency=(double)43.390676, avg=(double)65.985212, min=(double)35.432142, max=(double)3071.486303, latency=(double)16.801520, fps=(double)59.518425, frame_num=(uint)1657;
0:00:29.187911706 [32m    1[00m 0x79c908000b70 [37mTRACE  [00m [00;34m          GST_TRACER :0::[00m latency_tracer_pipeline, frame_latency=(double)42.599884, avg=(double)65.971107, min=(double)35.432142, max=(double)3071.486303, latency=(double)16.811198, fps=(double)59.484162, frame_num=(uint)1658;
0:00:29.187940578 [32m    1[00m 0x79c908000b70 [37mTRACE  [00m [00;34m          GST_TRACER :0::[00m latency_tracer_pipeline, frame_latency=(double)42.599884, avg=(double)65.957020, min=(double)35.432142, max=(double)3071.486303, latency=(double)16.801064, fps=(double)59.520039, frame_num=(uint)1659;
0:00:29.221577535 [32m    1[00m 0x79c908000b70 [37mTRACE  [00m [00;34m          GST_TRACER :0::[00m latency_tracer_pipeline, frame_latency=(double)43.030392, avg=(double)65.943209, min=(double)35.432142, max=(double)3071.486303, latency=(double)16.811224, fps=(double)59.484070, frame_num=(uint)1660;
0:00:29.221601502 [32m    1[00m 0x79c908000b70 [37mTRACE  [00m [00;34m          GST_TRACER :0::[00m latency_tracer_pipeline, frame_latency=(double)43.030392, avg=(double)65.929414, min=(double)35.432142, max=(double)3071.486303, latency=(double)16.801103, fps=(double)59.519903, frame_num=(uint)1661;
0:00:29.254848486 [32m    1[00m 0x79c908000b70 [37mTRACE  [00m [00;34m          GST_TRACER :0::[00m latency_tracer_pipeline, frame_latency=(double)42.781138, avg=(double)65.915486, min=(double)35.432142, max=(double)3071.486303, latency=(double)16.811012, fps=(double)59.484818, frame_num=(uint)1662;
0:00:29.254876728 [32m    1[00m 0x79c908000b70 [37mTRACE  [00m [00;34m          GST_TRACER :0::[00m latency_tracer_pipeline, frame_latency=(double)42.781138, avg=(double)65.901575, min=(double)35.432142, max=(double)3071.486303, latency=(double)16.800903, fps=(double)59.520609, frame_num=(uint)1663;
0:00:29.287208209 [32m    1[00m 0x79c908000b70 [37mTRACE  [00m [00;34m          GST_TRACER :0::[00m latency_tracer_pipeline, frame_latency=(double)41.806803, avg=(double)65.887095, min=(double)35.432142, max=(double)3071.486303, latency=(double)16.810253, fps=(double)59.487505, frame_num=(uint)1664;
0:00:29.287238567 [32m    1[00m 0x79c908000b70 [37mTRACE  [00m [00;34m          GST_TRACER :0::[00m latency_tracer_pipeline, frame_latency=(double)41.806803, avg=(double)65.872632, min=(double)35.432142, max=(double)3071.486303, latency=(double)16.800157, fps=(double)59.523255, frame_num=(uint)1665;
0:00:29.319870165 [32m    1[00m 0x79c908000b70 [37mTRACE  [00m [00;34m          GST_TRACER :0::[00m latency_tracer_pipeline, frame_latency=(double)41.619364, avg=(double)65.858074, min=(double)35.432142, max=(double)3071.486303, latency=(double)16.809679, fps=(double)59.489537, frame_num=(uint)1666;
0:00:29.319933169 [32m    1[00m 0x79c908000b70 [37mTRACE  [00m [00;34m          GST_TRACER :0::[00m latency_tracer_pipeline, frame_latency=(double)41.619364, avg=(double)65.843534, min=(double)35.432142, max=(double)3071.486303, latency=(double)16.799595, fps=(double)59.525245, frame_num=(uint)1667;
0:00:29.353876010 [32m    1[00m 0x79c908000b70 [37mTRACE  [00m [00;34m          GST_TRACER :0::[00m latency_tracer_pipeline, frame_latency=(double)42.447823, avg=(double)65.829508, min=(double)35.432142, max=(double)3071.486303, latency=(double)16.809910, fps=(double)59.488720, frame_num=(uint)1668;
0:00:29.353904700 [32m    1[00m 0x79c908000b70 [37mTRACE  [00m [00;34m          GST_TRACER :0::[00m latency_tracer_pipeline, frame_latency=(double)42.447823, avg=(double)65.815498, min=(double)35.432142, max=(double)3071.486303, latency=(double)16.799838, fps=(double)59.524384, frame_num=(uint)1669;
0:00:29.387533347 [32m    1[00m 0x79c908000b70 [37mTRACE  [00m [00;34m          GST_TRACER :0::[00m latency_tracer_pipeline, frame_latency=(double)42.806931, avg=(double)65.801721, min=(double)35.432142, max=(double)3071.486303, latency=(double)16.809932, fps=(double)59.488639, frame_num=(uint)1670;
0:00:29.387559111 [32m    1[00m 0x79c908000b70 [37mTRACE  [00m [00;34m          GST_TRACER :0::[00m latency_tracer_pipeline, frame_latency=(double)42.806931, avg=(double)65.787960, min=(double)35.432142, max=(double)3071.486303, latency=(double)16.799873, fps=(double)59.524261, frame_num=(uint)1671;
0:00:29.420530529 [32m    1[00m 0x79c908000b70 [37mTRACE  [00m [00;34m          GST_TRACER :0::[00m latency_tracer_pipeline, frame_latency=(double)42.047894, avg=(double)65.773761, min=(double)35.432142, max=(double)3071.486303, latency=(double)16.809560, fps=(double)59.489958, frame_num=(uint)1672;
0:00:29.420557767 [32m    1[00m 0x79c908000b70 [37mTRACE  [00m [00;34m          GST_TRACER :0::[00m latency_tracer_pipeline, frame_latency=(double)42.047894, avg=(double)65.759580, min=(double)35.432142, max=(double)3071.486303, latency=(double)16.799512, fps=(double)59.525538, frame_num=(uint)1673;
0:00:29.453010083 [32m    1[00m 0x79c908000b70 [37mTRACE  [00m [00;34m          GST_TRACER :0::[00m latency_tracer_pipeline, frame_latency=(double)41.573290, avg=(double)65.745131, min=(double)35.432142, max=(double)3071.486303, latency=(double)16.808877, fps=(double)59.492373, frame_num=(uint)1674;
0:00:29.453039704 [32m    1[00m 0x79c908000b70 [37mTRACE  [00m [00;34m          GST_TRACER :0::[00m latency_tracer_pipeline, frame_latency=(double)41.573290, avg=(double)65.730700, min=(double)35.432142, max=(double)3071.486303, latency=(double)16.798842, fps=(double)59.527912, frame_num=(uint)1675;
0:00:29.486287546 [32m    1[00m 0x79c908000b70 [37mTRACE  [00m [00;34m          GST_TRACER :0::[00m latency_tracer_pipeline, frame_latency=(double)41.554945, avg=(double)65.716276, min=(double)35.432142, max=(double)3071.486303, latency=(double)16.808676, fps=(double)59.493085, frame_num=(uint)1676;
0:00:29.486313825 [32m    1[00m 0x79c908000b70 [37mTRACE  [00m [00;34m          GST_TRACER :0::[00m latency_tracer_pipeline, frame_latency=(double)41.554945, avg=(double)65.701868, min=(double)35.432142, max=(double)3071.486303, latency=(double)16.798653, fps=(double)59.528582, frame_num=(uint)1677;
0:00:29.521569739 [32m    1[00m 0x79c908000b70 [37mTRACE  [00m [00;34m          GST_TRACER :0::[00m latency_tracer_pipeline, frame_latency=(double)43.504070, avg=(double)65.688640, min=(double)35.432142, max=(double)3071.486303, latency=(double)16.809667, fps=(double)59.489577, frame_num=(uint)1678;
0:00:29.521599709 [32m    1[00m 0x79c908000b70 [37mTRACE  [00m [00;34m          GST_TRACER :0::[00m latency_tracer_pipeline, frame_latency=(double)43.504070, avg=(double)65.675427, min=(double)35.432142, max=(double)3071.486303, latency=(double)16.799656, fps=(double)59.525029, frame_num=(uint)1679;
0:00:29.554589104 [32m    1[00m 0x79c908000b70 [37mTRACE  [00m [00;34m          GST_TRACER :0::[00m latency_tracer_pipeline, frame_latency=(double)42.817936, avg=(double)65.661821, min=(double)35.432142, max=(double)3071.486303, latency=(double)16.809310, fps=(double)59.490841, frame_num=(uint)1680;
0:00:29.554620878 [32m    1[00m 0x79c908000b70 [37mTRACE  [00m [00;34m          GST_TRACER :0::[00m latency_tracer_pipeline, frame_latency=(double)42.817936, avg=(double)65.648231, min=(double)35.432142, max=(double)3071.486303, latency=(double)16.799310, fps=(double)59.526253, frame_num=(uint)1681;
0:00:29.586252852 [32m    1[00m 0x79c908000b70 [37mTRACE  [00m [00;34m          GST_TRACER :0::[00m latency_tracer_pipeline, frame_latency=(double)41.732830, avg=(double)65.634013, min=(double)35.432142, max=(double)3071.486303, latency=(double)16.808149, fps=(double)59.494952, frame_num=(uint)1682;
0:00:29.586282112 [32m    1[00m 0x79c908000b70 [37mTRACE  [00m [00;34m          GST_TRACER :0::[00m latency_tracer_pipeline, frame_latency=(double)41.732830, avg=(double)65.619812, min=(double)35.432142, max=(double)3071.486303, latency=(double)16.798162, fps=(double)59.530324, frame_num=(uint)1683;
0:00:29.621430265 [32m    1[00m 0x79c908000b70 [37mTRACE  [00m [00;34m          GST_TRACER :0::[00m latency_tracer_pipeline, frame_latency=(double)43.504171, avg=(double)65.606679, min=(double)35.432142, max=(double)3071.486303, latency=(double)16.809076, fps=(double)59.491669, frame_num=(uint)1684;
0:00:29.621456287 [32m    1[00m 0x79c908000b70 [37mTRACE  [00m [00;34m          GST_TRACER :0::[00m latency_tracer_pipeline, frame_latency=(double)43.504171, avg=(double)65.593561, min=(double)35.432142, max=(double)3071.486303, latency=(double)16.799101, fps=(double)59.526996, frame_num=(uint)1685;
0:00:29.654742809 [32m    1[00m 0x79c908000b70 [37mTRACE  [00m [00;34m          GST_TRACER :0::[00m latency_tracer_pipeline, frame_latency=(double)42.936743, avg=(double)65.580123, min=(double)35.432142, max=(double)3071.486303, latency=(double)16.808894, fps=(double)59.492312, frame_num=(uint)1686;
0:00:29.654770061 [32m    1[00m 0x79c908000b70 [37mTRACE  [00m [00;34m          GST_TRACER :0::[00m latency_tracer_pipeline, frame_latency=(double)42.936743, avg=(double)65.566701, min=(double)35.432142, max=(double)3071.486303, latency=(double)16.798931, fps=(double)59.527599, frame_num=(uint)1687;
0:00:29.688176282 [32m    1[00m 0x79c908000b70 [37mTRACE  [00m [00;34m          GST_TRACER :0::[00m latency_tracer_pipeline, frame_latency=(double)42.836196, avg=(double)65.553235, min=(double)35.432142, max=(double)3071.486303, latency=(double)16.808785, fps=(double)59.492698, frame_num=(uint)1688;
0:00:29.688203309 [32m    1[00m 0x79c908000b70 [37mTRACE  [00m [00;34m          GST_TRACER :0::[00m latency_tracer_pipeline, frame_latency=(double)42.836196, avg=(double)65.539785, min=(double)35.432142, max=(double)3071.486303, latency=(double)16.798834, fps=(double)59.527943, frame_num=(uint)1689;
0:00:29.720523315 [32m    1[00m 0x79c908000b70 [37mTRACE  [00m [00;34m          GST_TRACER :0::[00m latency_tracer_pipeline, frame_latency=(double)41.920795, avg=(double)65.525809, min=(double)35.432142, max=(double)3071.486303, latency=(double)16.808033, fps=(double)59.495360, frame_num=(uint)1690;
0:00:29.720548606 [32m    1[00m 0x79c908000b70 [37mTRACE  [00m [00;34m          GST_TRACER :0::[00m latency_tracer_pipeline, frame_latency=(double)41.920795, avg=(double)65.511850, min=(double)35.432142, max=(double)3071.486303, latency=(double)16.798094, fps=(double)59.530564, frame_num=(uint)1691;
0:00:29.753633063 [32m    1[00m 0x79c908000b70 [37mTRACE  [00m [00;34m          GST_TRACER :0::[00m latency_tracer_pipeline, frame_latency=(double)42.194878, avg=(double)65.498069, min=(double)35.432142, max=(double)3071.486303, latency=(double)16.807734, fps=(double)59.496418, frame_num=(uint)1692;
0:00:29.753657791 [32m    1[00m 0x79c908000b70 [37mTRACE  [00m [00;34m          GST_TRACER :0::[00m latency_tracer_pipeline, frame_latency=(double)42.194878, avg=(double)65.484305, min=(double)35.432142, max=(double)3071.486303, latency=(double)16.797807, fps=(double)59.531582, frame_num=(uint)1693;
0:00:29.788214889 [32m    1[00m 0x79c908000b70 [37mTRACE  [00m [00;34m          GST_TRACER :0::[00m latency_tracer_pipeline, frame_latency=(double)43.409029, avg=(double)65.471274, min=(double)35.432142, max=(double)3071.486303, latency=(double)16.808305, fps=(double)59.494398, frame_num=(uint)1694;
0:00:29.788242548 [32m    1[00m 0x79c908000b70 [37mTRACE  [00m [00;34m          GST_TRACER :0::[00m latency_tracer_pipeline, frame_latency=(double)43.409029, avg=(double)65.458257, min=(double)35.432142, max=(double)3071.486303, latency=(double)16.798389, fps=(double)59.529519, frame_num=(uint)1695;
0:00:29.819867116 [32m    1[00m 0x79c908000b70 [37mTRACE  [00m [00;34m          GST_TRACER :0::[00m latency_tracer_pipeline, frame_latency=(double)41.548038, avg=(double)65.444159, min=(double)35.432142, max=(double)3071.486303, latency=(double)16.807146, fps=(double)59.498501, frame_num=(uint)1696;
0:00:29.819896211 [32m    1[00m 0x79c908000b70 [37mTRACE  [00m [00;34m          GST_TRACER :0::[00m latency_tracer_pipeline, frame_latency=(double)41.548038, avg=(double)65.430078, min=(double)35.432142, max=(double)3071.486303, latency=(double)16.797242, fps=(double)59.533583, frame_num=(uint)1697;
0:00:29.853281649 [32m    1[00m 0x79c908000b70 [37mTRACE  [00m [00;34m          GST_TRACER :0::[00m latency_tracer_pipeline, frame_latency=(double)41.874037, avg=(double)65.416205, min=(double)35.432142, max=(double)3071.486303, latency=(double)16.807027, fps=(double)59.498924, frame_num=(uint)1698;
0:00:29.853316186 [32m    1[00m 0x79c908000b70 [37mTRACE  [00m [00;34m          GST_TRACER :0::[00m latency_tracer_pipeline, frame_latency=(double)41.874037, avg=(double)65.402349, min=(double)35.432142, max=(double)3071.486303, latency=(double)16.797134, fps=(double)59.533965, frame_num=(uint)1699;
0:00:29.887192355 [32m    1[00m 0x79c908000b70 [37mTRACE  [00m [00;34m          GST_TRACER :0::[00m latency_tracer_pipeline, frame_latency=(double)42.695311, avg=(double)65.388992, min=(double)35.432142, max=(double)3071.486303, latency=(double)16.807203, fps=(double)59.498300, frame_num=(uint)1700;
0:00:29.887224789 [32m    1[00m 0x79c908000b70 [37mTRACE  [00m [00;34m          GST_TRACER :0::[00m latency_tracer_pipeline, frame_latency=(double)42.695311, avg=(double)65.375650, min=(double)35.432142, max=(double)3071.486303, latency=(double)16.797322, fps=(double)59.533299, frame_num=(uint)1701;
0:00:29.921634221 [32m    1[00m 0x79c908000b70 [37mTRACE  [00m [00;34m          GST_TRACER :0::[00m latency_tracer_pipeline, frame_latency=(double)43.579233, avg=(double)65.362844, min=(double)35.432142, max=(double)3071.486303, latency=(double)16.807689, fps=(double)59.496578, frame_num=(uint)1702;
0:00:29.921663917 [32m    1[00m 0x79c908000b70 [37mTRACE  [00m [00;34m          GST_TRACER :0::[00m latency_tracer_pipeline, frame_latency=(double)43.579233, avg=(double)65.350053, min=(double)35.432142, max=(double)3071.486303, latency=(double)16.797820, fps=(double)59.531535, frame_num=(uint)1703;
0:00:29.954435314 [32m    1[00m 0x79c908000b70 [37mTRACE  [00m [00;34m          GST_TRACER :0::[00m latency_tracer_pipeline, frame_latency=(double)43.000814, avg=(double)65.336937, min=(double)35.432142, max=(double)3071.486303, latency=(double)16.807211, fps=(double)59.498272, frame_num=(uint)1704;
0:00:29.954468323 [32m    1[00m 0x79c908000b70 [37mTRACE  [00m [00;34m          GST_TRACER :0::[00m latency_tracer_pipeline, frame_latency=(double)43.000814, avg=(double)65.323837, min=(double)35.432142, max=(double)3071.486303, latency=(double)16.797353, fps=(double)59.533188, frame_num=(uint)1705;
0:00:29.986334827 [32m    1[00m 0x79c908000b70 [37mTRACE  [00m [00;34m          GST_TRACER :0::[00m latency_tracer_pipeline, frame_latency=(double)41.770740, avg=(double)65.310030, min=(double)35.432142, max=(double)3071.486303, latency=(double)16.806206, fps=(double)59.501830, frame_num=(uint)1706;
0:00:29.986363182 [32m    1[00m 0x79c908000b70 [37mTRACE  [00m [00;34m          GST_TRACER :0::[00m latency_tracer_pipeline, frame_latency=(double)41.770740, avg=(double)65.296241, min=(double)35.432142, max=(double)3071.486303, latency=(double)16.796360, fps=(double)59.536708, frame_num=(uint)1707;
FpsCounter(last 1.00sec): total=30.00 fps, number-streams=1, per-stream=30.00 fps
latency: -5556.65ms
0:00:30.020359476 [32m    1[00m 0x79c908000b70 [37mTRACE  [00m [00;34m          GST_TRACER :0::[00m latency_tracer_pipeline, frame_latency=(double)42.508873, avg=(double)65.282899, min=(double)35.432142, max=(double)3071.486303, latency=(double)16.806450, fps=(double)59.500964, frame_num=(uint)1708;
0:00:30.020376396 [32m    1[00m 0x79c908000b70 [37mTRACE  [00m [00;34m          GST_TRACER :0::[00m latency_tracer_pipeline_interval, interval=(double)1000.152319, avg=(double)42.549047, min=(double)41.548038, max=(double)43.703048, latency=(double)16.669205, fps=(double)59.990862;
0:00:30.020384523 [32m    1[00m 0x79c908000b70 [37mTRACE  [00m [00;34m          GST_TRACER :0::[00m latency_tracer_pipeline, frame_latency=(double)42.508873, avg=(double)65.269573, min=(double)35.432142, max=(double)3071.486303, latency=(double)16.796616, fps=(double)59.535801, frame_num=(uint)1709;
0:00:30.053871887 [32m    1[00m 0x79c908000b70 [37mTRACE  [00m [00;34m          GST_TRACER :0::[00m latency_tracer_pipeline, frame_latency=(double)42.474879, avg=(double)65.256243, min=(double)35.432142, max=(double)3071.486303, latency=(double)16.806389, fps=(double)59.501181, frame_num=(uint)1710;
0:00:30.053899010 [32m    1[00m 0x79c908000b70 [37mTRACE  [00m [00;34m          GST_TRACER :0::[00m latency_tracer_pipeline, frame_latency=(double)42.474879, avg=(double)65.242928, min=(double)35.432142, max=(double)3071.486303, latency=(double)16.796567, fps=(double)59.535977, frame_num=(uint)1711;
0:00:30.087719102 [32m    1[00m 0x79c908000b70 [37mTRACE  [00m [00;34m          GST_TRACER :0::[00m latency_tracer_pipeline, frame_latency=(double)42.721231, avg=(double)65.229773, min=(double)35.432142, max=(double)3071.486303, latency=(double)16.806526, fps=(double)59.500697, frame_num=(uint)1712;
0:00:30.087747067 [32m    1[00m 0x79c908000b70 [37mTRACE  [00m [00;34m          GST_TRACER :0::[00m latency_tracer_pipeline, frame_latency=(double)42.721231, avg=(double)65.216633, min=(double)35.432142, max=(double)3071.486303, latency=(double)16.796715, fps=(double)59.535452, frame_num=(uint)1713;
0:00:30.119810623 [32m    1[00m 0x79c908000b70 [37mTRACE  [00m [00;34m          GST_TRACER :0::[00m latency_tracer_pipeline, frame_latency=(double)41.214734, avg=(double)65.202630, min=(double)35.432142, max=(double)3071.486303, latency=(double)16.805638, fps=(double)59.503840, frame_num=(uint)1714;
0:00:30.119842032 [32m    1[00m 0x79c908000b70 [37mTRACE  [00m [00;34m          GST_TRACER :0::[00m latency_tracer_pipeline, frame_latency=(double)41.214734, avg=(double)65.188643, min=(double)35.432142, max=(double)3071.486303, latency=(double)16.795839, fps=(double)59.538557, frame_num=(uint)1715;
0:00:30.154312157 [32m    1[00m 0x79c908000b70 [37mTRACE  [00m [00;34m          GST_TRACER :0::[00m latency_tracer_pipeline, frame_latency=(double)42.917981, avg=(double)65.175664, min=(double)35.432142, max=(double)3071.486303, latency=(double)16.806157, fps=(double)59.502002, frame_num=(uint)1716;
0:00:30.154341575 [32m    1[00m 0x79c908000b70 [37mTRACE  [00m [00;34m          GST_TRACER :0::[00m latency_tracer_pipeline, frame_latency=(double)42.917981, avg=(double)65.162701, min=(double)35.432142, max=(double)3071.486303, latency=(double)16.796369, fps=(double)59.536677, frame_num=(uint)1717;
0:00:30.187939200 [32m    1[00m 0x79c908000b70 [37mTRACE  [00m [00;34m          GST_TRACER :0::[00m latency_tracer_pipeline, frame_latency=(double)43.071516, avg=(double)65.149843, min=(double)35.432142, max=(double)3071.486303, latency=(double)16.806166, fps=(double)59.501972, frame_num=(uint)1718;
0:00:30.187969032 [32m    1[00m 0x79c908000b70 [37mTRACE  [00m [00;34m          GST_TRACER :0::[00m latency_tracer_pipeline, frame_latency=(double)43.071516, avg=(double)65.136999, min=(double)35.432142, max=(double)3071.486303, latency=(double)16.796389, fps=(double)59.536606, frame_num=(uint)1719;
0:00:30.221341764 [32m    1[00m 0x79c908000b70 [37mTRACE  [00m [00;34m          GST_TRACER :0::[00m latency_tracer_pipeline, frame_latency=(double)42.447059, avg=(double)65.123807, min=(double)35.432142, max=(double)3071.486303, latency=(double)16.806043, fps=(double)59.502405, frame_num=(uint)1720;
0:00:30.221370823 [32m    1[00m 0x79c908000b70 [37mTRACE  [00m [00;34m          GST_TRACER :0::[00m latency_tracer_pipeline, frame_latency=(double)42.447059, avg=(double)65.110631, min=(double)35.432142, max=(double)3071.486303, latency=(double)16.796278, fps=(double)59.536999, frame_num=(uint)1721;
0:00:30.253944826 [32m    1[00m 0x79c908000b70 [37mTRACE  [00m [00;34m          GST_TRACER :0::[00m latency_tracer_pipeline, frame_latency=(double)41.900843, avg=(double)65.097152, min=(double)35.432142, max=(double)3071.486303, latency=(double)16.805458, fps=(double)59.504478, frame_num=(uint)1722;
0:00:30.253972790 [32m    1[00m 0x79c908000b70 [37mTRACE  [00m [00;34m          GST_TRACER :0::[00m latency_tracer_pipeline, frame_latency=(double)41.900843, avg=(double)65.083689, min=(double)35.432142, max=(double)3071.486303, latency=(double)16.795704, fps=(double)59.539034, frame_num=(uint)1723;
0:00:30.288314988 [32m    1[00m 0x79c908000b70 [37mTRACE  [00m [00;34m          GST_TRACER :0::[00m latency_tracer_pipeline, frame_latency=(double)43.193439, avg=(double)65.070992, min=(double)35.432142, max=(double)3071.486303, latency=(double)16.805898, fps=(double)59.502918, frame_num=(uint)1724;
0:00:30.288343511 [32m    1[00m 0x79c908000b70 [37mTRACE  [00m [00;34m          GST_TRACER :0::[00m latency_tracer_pipeline, frame_latency=(double)43.193439, avg=(double)65.058309, min=(double)35.432142, max=(double)3071.486303, latency=(double)16.796156, fps=(double)59.537433, frame_num=(uint)1725;
0:00:30.321706269 [32m    1[00m 0x79c908000b70 [37mTRACE  [00m [00;34m          GST_TRACER :0::[00m latency_tracer_pipeline, frame_latency=(double)42.992274, avg=(double)65.045525, min=(double)35.432142, max=(double)3071.486303, latency=(double)16.805770, fps=(double)59.503373, frame_num=(uint)1726;
0:00:30.321734632 [32m    1[00m 0x79c908000b70 [37mTRACE  [00m [00;34m          GST_TRACER :0::[00m latency_tracer_pipeline, frame_latency=(double)42.992274, avg=(double)65.032755, min=(double)35.432142, max=(double)3071.486303, latency=(double)16.796039, fps=(double)59.537847, frame_num=(uint)1727;
0:00:30.353991411 [32m    1[00m 0x79c908000b70 [37mTRACE  [00m [00;34m          GST_TRACER :0::[00m latency_tracer_pipeline, frame_latency=(double)42.402377, avg=(double)65.019659, min=(double)35.432142, max=(double)3071.486303, latency=(double)16.805002, fps=(double)59.506093, frame_num=(uint)1728;
0:00:30.354017877 [32m    1[00m 0x79c908000b70 [37mTRACE  [00m [00;34m          GST_TRACER :0::[00m latency_tracer_pipeline, frame_latency=(double)42.402377, avg=(double)65.006578, min=(double)35.432142, max=(double)3071.486303, latency=(double)16.795282, fps=(double)59.540529, frame_num=(uint)1729;
0:00:30.387172026 [32m    1[00m 0x79c908000b70 [37mTRACE  [00m [00;34m          GST_TRACER :0::[00m latency_tracer_pipeline, frame_latency=(double)42.494833, avg=(double)64.993565, min=(double)35.432142, max=(double)3071.486303, latency=(double)16.804755, fps=(double)59.506968, frame_num=(uint)1730;
0:00:30.387204170 [32m    1[00m 0x79c908000b70 [37mTRACE  [00m [00;34m          GST_TRACER :0::[00m latency_tracer_pipeline, frame_latency=(double)42.494833, avg=(double)64.980568, min=(double)35.432142, max=(double)3071.486303, latency=(double)16.795047, fps=(double)59.541365, frame_num=(uint)1731;
0:00:30.420375739 [32m    1[00m 0x79c908000b70 [37mTRACE  [00m [00;34m          GST_TRACER :0::[00m latency_tracer_pipeline, frame_latency=(double)41.834616, avg=(double)64.967204, min=(double)35.432142, max=(double)3071.486303, latency=(double)16.804521, fps=(double)59.507797, frame_num=(uint)1732;
0:00:30.420403937 [32m    1[00m 0x79c908000b70 [37mTRACE  [00m [00;34m          GST_TRACER :0::[00m latency_tracer_pipeline, frame_latency=(double)41.834616, avg=(double)64.953856, min=(double)35.432142, max=(double)3071.486303, latency=(double)16.794824, fps=(double)59.542155, frame_num=(uint)1733;
0:00:30.453535228 [32m    1[00m 0x79c908000b70 [37mTRACE  [00m [00;34m          GST_TRACER :0::[00m latency_tracer_pipeline, frame_latency=(double)42.051968, avg=(double)64.940648, min=(double)35.432142, max=(double)3071.486303, latency=(double)16.804262, fps=(double)59.508714, frame_num=(uint)1734;
0:00:30.453593831 [32m    1[00m 0x79c908000b70 [37mTRACE  [00m [00;34m          GST_TRACER :0::[00m latency_tracer_pipeline, frame_latency=(double)42.051968, avg=(double)64.927456, min=(double)35.432142, max=(double)3071.486303, latency=(double)16.794576, fps=(double)59.543033, frame_num=(uint)1735;
0:00:30.487032611 [32m    1[00m 0x79c908000b70 [37mTRACE  [00m [00;34m          GST_TRACER :0::[00m latency_tracer_pipeline, frame_latency=(double)42.120065, avg=(double)64.914318, min=(double)35.432142, max=(double)3071.486303, latency=(double)16.804197, fps=(double)59.508942, frame_num=(uint)1736;
0:00:30.487059145 [32m    1[00m 0x79c908000b70 [37mTRACE  [00m [00;34m          GST_TRACER :0::[00m latency_tracer_pipeline, frame_latency=(double)42.120065, avg=(double)64.901195, min=(double)35.432142, max=(double)3071.486303, latency=(double)16.794523, fps=(double)59.543221, frame_num=(uint)1737;
0:00:30.520092588 [32m    1[00m 0x79c908000b70 [37mTRACE  [00m [00;34m          GST_TRACER :0::[00m latency_tracer_pipeline, frame_latency=(double)41.887016, avg=(double)64.887953, min=(double)35.432142, max=(double)3071.486303, latency=(double)16.803882, fps=(double)59.510060, frame_num=(uint)1738;
0:00:30.520119008 [32m    1[00m 0x79c908000b70 [37mTRACE  [00m [00;34m          GST_TRACER :0::[00m latency_tracer_pipeline, frame_latency=(double)41.887016, avg=(double)64.874727, min=(double)35.432142, max=(double)3071.486303, latency=(double)16.794219, fps=(double)59.544300, frame_num=(uint)1739;
0:00:30.553873325 [32m    1[00m 0x79c908000b70 [37mTRACE  [00m [00;34m          GST_TRACER :0::[00m latency_tracer_pipeline, frame_latency=(double)42.399583, avg=(double)64.861810, min=(double)35.432142, max=(double)3071.486303, latency=(double)16.803981, fps=(double)59.509708, frame_num=(uint)1740;
0:00:30.553901010 [32m    1[00m 0x79c908000b70 [37mTRACE  [00m [00;34m          GST_TRACER :0::[00m latency_tracer_pipeline, frame_latency=(double)42.399583, avg=(double)64.848908, min=(double)35.432142, max=(double)3071.486303, latency=(double)16.794329, fps=(double)59.543909, frame_num=(uint)1741;
0:00:30.587268641 [32m    1[00m 0x79c908000b70 [37mTRACE  [00m [00;34m          GST_TRACER :0::[00m latency_tracer_pipeline, frame_latency=(double)42.261379, avg=(double)64.835942, min=(double)35.432142, max=(double)3071.486303, latency=(double)16.803859, fps=(double)59.510141, frame_num=(uint)1742;
0:00:30.587296922 [32m    1[00m 0x79c908000b70 [37mTRACE  [00m [00;34m          GST_TRACER :0::[00m latency_tracer_pipeline, frame_latency=(double)42.261379, avg=(double)64.822990, min=(double)35.432142, max=(double)3071.486303, latency=(double)16.794218, fps=(double)59.544303, frame_num=(uint)1743;
0:00:30.621319694 [32m    1[00m 0x79c908000b70 [37mTRACE  [00m [00;34m          GST_TRACER :0::[00m latency_tracer_pipeline, frame_latency=(double)42.961574, avg=(double)64.810455, min=(double)35.432142, max=(double)3071.486303, latency=(double)16.804113, fps=(double)59.509241, frame_num=(uint)1744;
0:00:30.621349465 [32m    1[00m 0x79c908000b70 [37mTRACE  [00m [00;34m          GST_TRACER :0::[00m latency_tracer_pipeline, frame_latency=(double)42.961574, avg=(double)64.797934, min=(double)35.432142, max=(double)3071.486303, latency=(double)16.794483, fps=(double)59.543363, frame_num=(uint)1745;
0:00:30.653680836 [32m    1[00m 0x79c908000b70 [37mTRACE  [00m [00;34m          GST_TRACER :0::[00m latency_tracer_pipeline, frame_latency=(double)41.978657, avg=(double)64.784865, min=(double)35.432142, max=(double)3071.486303, latency=(double)16.803399, fps=(double)59.511768, frame_num=(uint)1746;
0:00:30.653707407 [32m    1[00m 0x79c908000b70 [37mTRACE  [00m [00;34m          GST_TRACER :0::[00m latency_tracer_pipeline, frame_latency=(double)41.978657, avg=(double)64.771810, min=(double)35.432142, max=(double)3071.486303, latency=(double)16.793781, fps=(double)59.545853, frame_num=(uint)1747;
0:00:30.686900598 [32m    1[00m 0x79c908000b70 [37mTRACE  [00m [00;34m          GST_TRACER :0::[00m latency_tracer_pipeline, frame_latency=(double)41.853344, avg=(double)64.758699, min=(double)35.432142, max=(double)3071.486303, latency=(double)16.803178, fps=(double)59.512553, frame_num=(uint)1748;
0:00:30.686927869 [32m    1[00m 0x79c908000b70 [37mTRACE  [00m [00;34m          GST_TRACER :0::[00m latency_tracer_pipeline, frame_latency=(double)41.853344, avg=(double)64.745603, min=(double)35.432142, max=(double)3071.486303, latency=(double)16.793570, fps=(double)59.546599, frame_num=(uint)1749;
0:00:30.720731102 [32m    1[00m 0x79c908000b70 [37mTRACE  [00m [00;34m          GST_TRACER :0::[00m latency_tracer_pipeline, frame_latency=(double)42.547918, avg=(double)64.732918, min=(double)35.432142, max=(double)3071.486303, latency=(double)16.803305, fps=(double)59.512101, frame_num=(uint)1750;
0:00:30.720759019 [32m    1[00m 0x79c908000b70 [37mTRACE  [00m [00;34m          GST_TRACER :0::[00m latency_tracer_pipeline, frame_latency=(double)42.547918, avg=(double)64.720248, min=(double)35.432142, max=(double)3071.486303, latency=(double)16.793709, fps=(double)59.546108, frame_num=(uint)1751;
0:00:30.754538741 [32m    1[00m 0x79c908000b70 [37mTRACE  [00m [00;34m          GST_TRACER :0::[00m latency_tracer_pipeline, frame_latency=(double)42.694294, avg=(double)64.707677, min=(double)35.432142, max=(double)3071.486303, latency=(double)16.803419, fps=(double)59.511697, frame_num=(uint)1752;
0:00:30.754567344 [32m    1[00m 0x79c908000b70 [37mTRACE  [00m [00;34m          GST_TRACER :0::[00m latency_tracer_pipeline, frame_latency=(double)42.694294, avg=(double)64.695119, min=(double)35.432142, max=(double)3071.486303, latency=(double)16.793834, fps=(double)59.545665, frame_num=(uint)1753;
0:00:30.787077124 [32m    1[00m 0x79c908000b70 [37mTRACE  [00m [00;34m          GST_TRACER :0::[00m latency_tracer_pipeline, frame_latency=(double)42.462839, avg=(double)64.682444, min=(double)35.432142, max=(double)3071.486303, latency=(double)16.802811, fps=(double)59.513851, frame_num=(uint)1754;
0:00:30.787105931 [32m    1[00m 0x79c908000b70 [37mTRACE  [00m [00;34m          GST_TRACER :0::[00m latency_tracer_pipeline, frame_latency=(double)42.462839, avg=(double)64.669783, min=(double)35.432142, max=(double)3071.486303, latency=(double)16.793237, fps=(double)59.547781, frame_num=(uint)1755;
0:00:30.819851370 [32m    1[00m 0x79c908000b70 [37mTRACE  [00m [00;34m          GST_TRACER :0::[00m latency_tracer_pipeline, frame_latency=(double)41.682709, avg=(double)64.656693, min=(double)35.432142, max=(double)3071.486303, latency=(double)16.802338, fps=(double)59.515528, frame_num=(uint)1756;
0:00:30.819879373 [32m    1[00m 0x79c908000b70 [37mTRACE  [00m [00;34m          GST_TRACER :0::[00m latency_tracer_pipeline, frame_latency=(double)41.682709, avg=(double)64.643617, min=(double)35.432142, max=(double)3071.486303, latency=(double)16.792775, fps=(double)59.549421, frame_num=(uint)1757;
0:00:30.854544444 [32m    1[00m 0x79c908000b70 [37mTRACE  [00m [00;34m          GST_TRACER :0::[00m latency_tracer_pipeline, frame_latency=(double)43.138583, avg=(double)64.631384, min=(double)35.432142, max=(double)3071.486303, latency=(double)16.802957, fps=(double)59.513336, frame_num=(uint)1758;
0:00:30.854571663 [32m    1[00m 0x79c908000b70 [37mTRACE  [00m [00;34m          GST_TRACER :0::[00m latency_tracer_pipeline, frame_latency=(double)43.138583, avg=(double)64.619165, min=(double)35.432142, max=(double)3071.486303, latency=(double)16.793404, fps=(double)59.547188, frame_num=(uint)1759;
0:00:30.886734449 [32m    1[00m 0x79c908000b70 [37mTRACE  [00m [00;34m          GST_TRACER :0::[00m latency_tracer_pipeline, frame_latency=(double)41.709120, avg=(double)64.606148, min=(double)35.432142, max=(double)3071.486303, latency=(double)16.802152, fps=(double)59.516186, frame_num=(uint)1760;
0:00:30.886764088 [32m    1[00m 0x79c908000b70 [37mTRACE  [00m [00;34m          GST_TRACER :0::[00m latency_tracer_pipeline, frame_latency=(double)41.709120, avg=(double)64.593146, min=(double)35.432142, max=(double)3071.486303, latency=(double)16.792611, fps=(double)59.550002, frame_num=(uint)1761;
0:00:30.920513782 [32m    1[00m 0x79c908000b70 [37mTRACE  [00m [00;34m          GST_TRACER :0::[00m latency_tracer_pipeline, frame_latency=(double)42.358125, avg=(double)64.580527, min=(double)35.432142, max=(double)3071.486303, latency=(double)16.802252, fps=(double)59.515833, frame_num=(uint)1762;
0:00:30.920537671 [32m    1[00m 0x79c908000b70 [37mTRACE  [00m [00;34m          GST_TRACER :0::[00m latency_tracer_pipeline, frame_latency=(double)42.358125, avg=(double)64.567922, min=(double)35.432142, max=(double)3071.486303, latency=(double)16.792721, fps=(double)59.549610, frame_num=(uint)1763;
0:00:30.953650776 [32m    1[00m 0x79c908000b70 [37mTRACE  [00m [00;34m          GST_TRACER :0::[00m latency_tracer_pipeline, frame_latency=(double)42.066901, avg=(double)64.555166, min=(double)35.432142, max=(double)3071.486303, latency=(double)16.801987, fps=(double)59.516771, frame_num=(uint)1764;
0:00:30.953677856 [32m    1[00m 0x79c908000b70 [37mTRACE  [00m [00;34m          GST_TRACER :0::[00m latency_tracer_pipeline, frame_latency=(double)42.066901, avg=(double)64.542425, min=(double)35.432142, max=(double)3071.486303, latency=(double)16.792467, fps=(double)59.550511, frame_num=(uint)1765;
0:00:30.986147460 [32m    1[00m 0x79c908000b70 [37mTRACE  [00m [00;34m          GST_TRACER :0::[00m latency_tracer_pipeline, frame_latency=(double)41.194798, avg=(double)64.529204, min=(double)35.432142, max=(double)3071.486303, latency=(double)16.801359, fps=(double)59.518996, frame_num=(uint)1766;
0:00:30.986176129 [32m    1[00m 0x79c908000b70 [37mTRACE  [00m [00;34m          GST_TRACER :0::[00m latency_tracer_pipeline, frame_latency=(double)41.194798, avg=(double)64.515999, min=(double)35.432142, max=(double)3071.486303, latency=(double)16.791850, fps=(double)59.552698, frame_num=(uint)1767;
FpsCounter(last 1.00sec): total=29.99 fps, number-streams=1, per-stream=29.99 fps
latency: -5756.82ms
0:00:31.020744843 [32m    1[00m 0x79c908000b70 [37mTRACE  [00m [00;34m          GST_TRACER :0::[00m latency_tracer_pipeline, frame_latency=(double)42.810606, avg=(double)64.503722, min=(double)35.432142, max=(double)3071.486303, latency=(double)16.801925, fps=(double)59.516991, frame_num=(uint)1768;
0:00:31.020760975 [32m    1[00m 0x79c908000b70 [37mTRACE  [00m [00;34m          GST_TRACER :0::[00m latency_tracer_pipeline_interval, interval=(double)1000.385817, avg=(double)42.323146, min=(double)41.194798, max=(double)43.193439, latency=(double)16.673097, fps=(double)59.976860;
0:00:31.020769529 [32m    1[00m 0x79c908000b70 [37mTRACE  [00m [00;34m          GST_TRACER :0::[00m latency_tracer_pipeline, frame_latency=(double)42.810606, avg=(double)64.491459, min=(double)35.432142, max=(double)3071.486303, latency=(double)16.792427, fps=(double)59.550654, frame_num=(uint)1769;
0:00:31.054615746 [32m    1[00m 0x79c908000b70 [37mTRACE  [00m [00;34m          GST_TRACER :0::[00m latency_tracer_pipeline, frame_latency=(double)42.871135, avg=(double)64.479244, min=(double)35.432142, max=(double)3071.486303, latency=(double)16.802072, fps=(double)59.516467, frame_num=(uint)1770;
0:00:31.054643511 [32m    1[00m 0x79c908000b70 [37mTRACE  [00m [00;34m          GST_TRACER :0::[00m latency_tracer_pipeline, frame_latency=(double)42.871135, avg=(double)64.467043, min=(double)35.432142, max=(double)3071.486303, latency=(double)16.792585, fps=(double)59.550093, frame_num=(uint)1771;
0:00:31.087076675 [32m    1[00m 0x79c908000b70 [37mTRACE  [00m [00;34m          GST_TRACER :0::[00m latency_tracer_pipeline, frame_latency=(double)41.663362, avg=(double)64.454174, min=(double)35.432142, max=(double)3071.486303, latency=(double)16.801428, fps=(double)59.518752, frame_num=(uint)1772;
0:00:31.087103727 [32m    1[00m 0x79c908000b70 [37mTRACE  [00m [00;34m          GST_TRACER :0::[00m latency_tracer_pipeline, frame_latency=(double)41.663362, avg=(double)64.441320, min=(double)35.432142, max=(double)3071.486303, latency=(double)16.791951, fps=(double)59.552341, frame_num=(uint)1773;
0:00:31.120915560 [32m    1[00m 0x79c908000b70 [37mTRACE  [00m [00;34m          GST_TRACER :0::[00m latency_tracer_pipeline, frame_latency=(double)42.770912, avg=(double)64.429104, min=(double)35.432142, max=(double)3071.486303, latency=(double)16.801560, fps=(double)59.518283, frame_num=(uint)1774;
0:00:31.120948766 [32m    1[00m 0x79c908000b70 [37mTRACE  [00m [00;34m          GST_TRACER :0::[00m latency_tracer_pipeline, frame_latency=(double)42.770912, avg=(double)64.416902, min=(double)35.432142, max=(double)3071.486303, latency=(double)16.792094, fps=(double)59.551833, frame_num=(uint)1775;
0:00:31.154699209 [32m    1[00m 0x79c908000b70 [37mTRACE  [00m [00;34m          GST_TRACER :0::[00m latency_tracer_pipeline, frame_latency=(double)42.917186, avg=(double)64.404797, min=(double)35.432142, max=(double)3071.486303, latency=(double)16.801662, fps=(double)59.517922, frame_num=(uint)1776;
0:00:31.154727878 [32m    1[00m 0x79c908000b70 [37mTRACE  [00m [00;34m          GST_TRACER :0::[00m latency_tracer_pipeline, frame_latency=(double)42.917186, avg=(double)64.392705, min=(double)35.432142, max=(double)3071.486303, latency=(double)16.792207, fps=(double)59.551435, frame_num=(uint)1777;
0:00:31.186758243 [32m    1[00m 0x79c908000b70 [37mTRACE  [00m [00;34m          GST_TRACER :0::[00m latency_tracer_pipeline, frame_latency=(double)42.205432, avg=(double)64.380226, min=(double)35.432142, max=(double)3071.486303, latency=(double)16.800794, fps=(double)59.520997, frame_num=(uint)1778;
0:00:31.186786389 [32m    1[00m 0x79c908000b70 [37mTRACE  [00m [00;34m          GST_TRACER :0::[00m latency_tracer_pipeline, frame_latency=(double)42.205432, avg=(double)64.367761, min=(double)35.432142, max=(double)3071.486303, latency=(double)16.791350, fps=(double)59.554473, frame_num=(uint)1779;
0:00:31.220506039 [32m    1[00m 0x79c908000b70 [37mTRACE  [00m [00;34m          GST_TRACER :0::[00m latency_tracer_pipeline, frame_latency=(double)42.166020, avg=(double)64.355288, min=(double)35.432142, max=(double)3071.486303, latency=(double)16.800865, fps=(double)59.520744, frame_num=(uint)1780;
0:00:31.220532125 [32m    1[00m 0x79c908000b70 [37mTRACE  [00m [00;34m          GST_TRACER :0::[00m latency_tracer_pipeline, frame_latency=(double)42.166020, avg=(double)64.342829, min=(double)35.432142, max=(double)3071.486303, latency=(double)16.791432, fps=(double)59.554183, frame_num=(uint)1781;
0:00:31.253291442 [32m    1[00m 0x79c908000b70 [37mTRACE  [00m [00;34m          GST_TRACER :0::[00m latency_tracer_pipeline, frame_latency=(double)41.771529, avg=(double)64.330163, min=(double)35.432142, max=(double)3071.486303, latency=(double)16.800419, fps=(double)59.522326, frame_num=(uint)1782;
0:00:31.253319308 [32m    1[00m 0x79c908000b70 [37mTRACE  [00m [00;34m          GST_TRACER :0::[00m latency_tracer_pipeline, frame_latency=(double)41.771529, avg=(double)64.317511, min=(double)35.432142, max=(double)3071.486303, latency=(double)16.790996, fps=(double)59.555728, frame_num=(uint)1783;
0:00:31.286853258 [32m    1[00m 0x79c908000b70 [37mTRACE  [00m [00;34m          GST_TRACER :0::[00m latency_tracer_pipeline, frame_latency=(double)42.196003, avg=(double)64.305111, min=(double)35.432142, max=(double)3071.486303, latency=(double)16.800396, fps=(double)59.522406, frame_num=(uint)1784;
0:00:31.286881816 [32m    1[00m 0x79c908000b70 [37mTRACE  [00m [00;34m          GST_TRACER :0::[00m latency_tracer_pipeline, frame_latency=(double)42.196003, avg=(double)64.292725, min=(double)35.432142, max=(double)3071.486303, latency=(double)16.790984, fps=(double)59.555770, frame_num=(uint)1785;
0:00:31.319911608 [32m    1[00m 0x79c908000b70 [37mTRACE  [00m [00;34m          GST_TRACER :0::[00m latency_tracer_pipeline, frame_latency=(double)41.804344, avg=(double)64.280134, min=(double)35.432142, max=(double)3071.486303, latency=(double)16.800092, fps=(double)59.523482, frame_num=(uint)1786;
0:00:31.319940031 [32m    1[00m 0x79c908000b70 [37mTRACE  [00m [00;34m          GST_TRACER :0::[00m latency_tracer_pipeline, frame_latency=(double)41.804344, avg=(double)64.267556, min=(double)35.432142, max=(double)3071.486303, latency=(double)16.790691, fps=(double)59.556810, frame_num=(uint)1787;
0:00:31.354788844 [32m    1[00m 0x79c908000b70 [37mTRACE  [00m [00;34m          GST_TRACER :0::[00m latency_tracer_pipeline, frame_latency=(double)43.177474, avg=(double)64.255761, min=(double)35.432142, max=(double)3071.486303, latency=(double)16.800806, fps=(double)59.520953, frame_num=(uint)1788;
0:00:31.354817785 [32m    1[00m 0x79c908000b70 [37mTRACE  [00m [00;34m          GST_TRACER :0::[00m latency_tracer_pipeline, frame_latency=(double)43.177474, avg=(double)64.243979, min=(double)35.432142, max=(double)3071.486303, latency=(double)16.791415, fps=(double)59.554242, frame_num=(uint)1789;
0:00:31.387784913 [32m    1[00m 0x79c908000b70 [37mTRACE  [00m [00;34m          GST_TRACER :0::[00m latency_tracer_pipeline, frame_latency=(double)42.132646, avg=(double)64.231626, min=(double)35.432142, max=(double)3071.486303, latency=(double)16.800469, fps=(double)59.522149, frame_num=(uint)1790;
0:00:31.387812836 [32m    1[00m 0x79c908000b70 [37mTRACE  [00m [00;34m          GST_TRACER :0::[00m latency_tracer_pipeline, frame_latency=(double)42.132646, avg=(double)64.219287, min=(double)35.432142, max=(double)3071.486303, latency=(double)16.791088, fps=(double)59.555402, frame_num=(uint)1791;
0:00:31.420354378 [32m    1[00m 0x79c908000b70 [37mTRACE  [00m [00;34m          GST_TRACER :0::[00m latency_tracer_pipeline, frame_latency=(double)41.875704, avg=(double)64.206819, min=(double)35.432142, max=(double)3071.486303, latency=(double)16.799893, fps=(double)59.524189, frame_num=(uint)1792;
0:00:31.420383355 [32m    1[00m 0x79c908000b70 [37mTRACE  [00m [00;34m          GST_TRACER :0::[00m latency_tracer_pipeline, frame_latency=(double)41.875704, avg=(double)64.194364, min=(double)35.432142, max=(double)3071.486303, latency=(double)16.790523, fps=(double)59.557406, frame_num=(uint)1793;
0:00:31.453550648 [32m    1[00m 0x79c908000b70 [37mTRACE  [00m [00;34m          GST_TRACER :0::[00m latency_tracer_pipeline, frame_latency=(double)42.282907, avg=(double)64.182150, min=(double)35.432142, max=(double)3071.486303, latency=(double)16.799668, fps=(double)59.524985, frame_num=(uint)1794;
0:00:31.453575723 [32m    1[00m 0x79c908000b70 [37mTRACE  [00m [00;34m          GST_TRACER :0::[00m latency_tracer_pipeline, frame_latency=(double)42.282907, avg=(double)64.169950, min=(double)35.432142, max=(double)3071.486303, latency=(double)16.790309, fps=(double)59.558165, frame_num=(uint)1795;
0:00:31.486235670 [32m    1[00m 0x79c908000b70 [37mTRACE  [00m [00;34m          GST_TRACER :0::[00m latency_tracer_pipeline, frame_latency=(double)41.401668, avg=(double)64.157273, min=(double)35.432142, max=(double)3071.486303, latency=(double)16.799158, fps=(double)59.526793, frame_num=(uint)1796;
0:00:31.486268258 [32m    1[00m 0x79c908000b70 [37mTRACE  [00m [00;34m          GST_TRACER :0::[00m latency_tracer_pipeline, frame_latency=(double)41.401668, avg=(double)64.144610, min=(double)35.432142, max=(double)3071.486303, latency=(double)16.789809, fps=(double)59.559937, frame_num=(uint)1797;
0:00:31.520451560 [32m    1[00m 0x79c908000b70 [37mTRACE  [00m [00;34m          GST_TRACER :0::[00m latency_tracer_pipeline, frame_latency=(double)42.491569, avg=(double)64.132567, min=(double)35.432142, max=(double)3071.486303, latency=(double)16.799502, fps=(double)59.525573, frame_num=(uint)1798;
0:00:31.520529236 [32m    1[00m 0x79c908000b70 [37mTRACE  [00m [00;34m          GST_TRACER :0::[00m latency_tracer_pipeline, frame_latency=(double)42.491569, avg=(double)64.120537, min=(double)35.432142, max=(double)3071.486303, latency=(double)16.790164, fps=(double)59.558680, frame_num=(uint)1799;
0:00:31.555543612 [32m    1[00m 0x79c908000b70 [37mTRACE  [00m [00;34m          GST_TRACER :0::[00m latency_tracer_pipeline, frame_latency=(double)44.081702, avg=(double)64.109405, min=(double)35.432142, max=(double)3071.486303, latency=(double)16.800331, fps=(double)59.522636, frame_num=(uint)1800;
0:00:31.555570381 [32m    1[00m 0x79c908000b70 [37mTRACE  [00m [00;34m          GST_TRACER :0::[00m latency_tracer_pipeline, frame_latency=(double)44.081702, avg=(double)64.098284, min=(double)35.432142, max=(double)3071.486303, latency=(double)16.791003, fps=(double)59.555704, frame_num=(uint)1801;
0:00:31.587846503 [32m    1[00m 0x79c908000b70 [37mTRACE  [00m [00;34m          GST_TRACER :0::[00m latency_tracer_pipeline, frame_latency=(double)43.109477, avg=(double)64.086637, min=(double)35.432142, max=(double)3071.486303, latency=(double)16.799612, fps=(double)59.525186, frame_num=(uint)1802;
0:00:31.587876156 [32m    1[00m 0x79c908000b70 [37mTRACE  [00m [00;34m          GST_TRACER :0::[00m latency_tracer_pipeline, frame_latency=(double)43.109477, avg=(double)64.075002, min=(double)35.432142, max=(double)3071.486303, latency=(double)16.790294, fps=(double)59.558219, frame_num=(uint)1803;
0:00:31.620629869 [32m    1[00m 0x79c908000b70 [37mTRACE  [00m [00;34m          GST_TRACER :0::[00m latency_tracer_pipeline, frame_latency=(double)42.353355, avg=(double)64.062961, min=(double)35.432142, max=(double)3071.486303, latency=(double)16.799159, fps=(double)59.526788, frame_num=(uint)1804;
0:00:31.620656068 [32m    1[00m 0x79c908000b70 [37mTRACE  [00m [00;34m          GST_TRACER :0::[00m latency_tracer_pipeline, frame_latency=(double)42.353355, avg=(double)64.050934, min=(double)35.432142, max=(double)3071.486303, latency=(double)16.789852, fps=(double)59.559785, frame_num=(uint)1805;
0:00:31.654924355 [32m    1[00m 0x79c908000b70 [37mTRACE  [00m [00;34m          GST_TRACER :0::[00m latency_tracer_pipeline, frame_latency=(double)43.175714, avg=(double)64.039375, min=(double)35.432142, max=(double)3071.486303, latency=(double)16.799545, fps=(double)59.525423, frame_num=(uint)1806;
0:00:31.654952619 [32m    1[00m 0x79c908000b70 [37mTRACE  [00m [00;34m          GST_TRACER :0::[00m latency_tracer_pipeline, frame_latency=(double)43.175714, avg=(double)64.027829, min=(double)35.432142, max=(double)3071.486303, latency=(double)16.790248, fps=(double)59.558383, frame_num=(uint)1807;
0:00:31.687889702 [32m    1[00m 0x79c908000b70 [37mTRACE  [00m [00;34m          GST_TRACER :0::[00m latency_tracer_pipeline, frame_latency=(double)42.626551, avg=(double)64.015992, min=(double)35.432142, max=(double)3071.486303, latency=(double)16.799195, fps=(double)59.526663, frame_num=(uint)1808;
0:00:31.687918659 [32m    1[00m 0x79c908000b70 [37mTRACE  [00m [00;34m          GST_TRACER :0::[00m latency_tracer_pipeline, frame_latency=(double)42.626551, avg=(double)64.004168, min=(double)35.432142, max=(double)3071.486303, latency=(double)16.789908, fps=(double)59.559587, frame_num=(uint)1809;
0:00:31.720737608 [32m    1[00m 0x79c908000b70 [37mTRACE  [00m [00;34m          GST_TRACER :0::[00m latency_tracer_pipeline, frame_latency=(double)42.092404, avg=(double)63.992062, min=(double)35.432142, max=(double)3071.486303, latency=(double)16.798779, fps=(double)59.528135, frame_num=(uint)1810;
0:00:31.720764787 [32m    1[00m 0x79c908000b70 [37mTRACE  [00m [00;34m          GST_TRACER :0::[00m latency_tracer_pipeline, frame_latency=(double)42.092404, avg=(double)63.979970, min=(double)35.432142, max=(double)3071.486303, latency=(double)16.789503, fps=(double)59.561023, frame_num=(uint)1811;
0:00:31.753357938 [32m    1[00m 0x79c908000b70 [37mTRACE  [00m [00;34m          GST_TRACER :0::[00m latency_tracer_pipeline, frame_latency=(double)41.772359, avg=(double)63.967714, min=(double)35.432142, max=(double)3071.486303, latency=(double)16.798240, fps=(double)59.530045, frame_num=(uint)1812;
0:00:31.753385949 [32m    1[00m 0x79c908000b70 [37mTRACE  [00m [00;34m          GST_TRACER :0::[00m latency_tracer_pipeline, frame_latency=(double)41.772359, avg=(double)63.955472, min=(double)35.432142, max=(double)3071.486303, latency=(double)16.788975, fps=(double)59.562899, frame_num=(uint)1813;
0:00:31.787523152 [32m    1[00m 0x79c908000b70 [37mTRACE  [00m [00;34m          GST_TRACER :0::[00m latency_tracer_pipeline, frame_latency=(double)42.705735, avg=(double)63.943757, min=(double)35.432142, max=(double)3071.486303, latency=(double)16.798554, fps=(double)59.528934, frame_num=(uint)1814;
0:00:31.787548606 [32m    1[00m 0x79c908000b70 [37mTRACE  [00m [00;34m          GST_TRACER :0::[00m latency_tracer_pipeline, frame_latency=(double)42.705735, avg=(double)63.932056, min=(double)35.432142, max=(double)3071.486303, latency=(double)16.789298, fps=(double)59.561750, frame_num=(uint)1815;
0:00:31.820000084 [32m    1[00m 0x79c908000b70 [37mTRACE  [00m [00;34m          GST_TRACER :0::[00m latency_tracer_pipeline, frame_latency=(double)41.687175, avg=(double)63.919806, min=(double)35.432142, max=(double)3071.486303, latency=(double)16.797937, fps=(double)59.531121, frame_num=(uint)1816;
0:00:31.820032567 [32m    1[00m 0x79c908000b70 [37mTRACE  [00m [00;34m          GST_TRACER :0::[00m latency_tracer_pipeline, frame_latency=(double)41.687175, avg=(double)63.907571, min=(double)35.432142, max=(double)3071.486303, latency=(double)16.788692, fps=(double)59.563903, frame_num=(uint)1817;
0:00:31.853718683 [32m    1[00m 0x79c908000b70 [37mTRACE  [00m [00;34m          GST_TRACER :0::[00m latency_tracer_pipeline, frame_latency=(double)42.254950, avg=(double)63.895660, min=(double)35.432142, max=(double)3071.486303, latency=(double)16.798004, fps=(double)59.530881, frame_num=(uint)1818;
0:00:31.853746874 [32m    1[00m 0x79c908000b70 [37mTRACE  [00m [00;34m          GST_TRACER :0::[00m latency_tracer_pipeline, frame_latency=(double)42.254950, avg=(double)63.883763, min=(double)35.432142, max=(double)3071.486303, latency=(double)16.788770, fps=(double)59.563626, frame_num=(uint)1819;
0:00:31.887554089 [32m    1[00m 0x79c908000b70 [37mTRACE  [00m [00;34m          GST_TRACER :0::[00m latency_tracer_pipeline, frame_latency=(double)42.592120, avg=(double)63.872065, min=(double)35.432142, max=(double)3071.486303, latency=(double)16.798136, fps=(double)59.530416, frame_num=(uint)1820;
0:00:31.887580460 [32m    1[00m 0x79c908000b70 [37mTRACE  [00m [00;34m          GST_TRACER :0::[00m latency_tracer_pipeline, frame_latency=(double)42.592120, avg=(double)63.860379, min=(double)35.432142, max=(double)3071.486303, latency=(double)16.788911, fps=(double)59.563125, frame_num=(uint)1821;
0:00:31.921234877 [32m    1[00m 0x79c908000b70 [37mTRACE  [00m [00;34m          GST_TRACER :0::[00m latency_tracer_pipeline, frame_latency=(double)43.040881, avg=(double)63.848952, min=(double)35.432142, max=(double)3071.486303, latency=(double)16.798183, fps=(double)59.530248, frame_num=(uint)1822;
0:00:31.921264356 [32m    1[00m 0x79c908000b70 [37mTRACE  [00m [00;34m          GST_TRACER :0::[00m latency_tracer_pipeline, frame_latency=(double)43.040881, avg=(double)63.837538, min=(double)35.432142, max=(double)3071.486303, latency=(double)16.788968, fps=(double)59.562921, frame_num=(uint)1823;
0:00:31.954105243 [32m    1[00m 0x79c908000b70 [37mTRACE  [00m [00;34m          GST_TRACER :0::[00m latency_tracer_pipeline, frame_latency=(double)42.381447, avg=(double)63.825775, min=(double)35.432142, max=(double)3071.486303, latency=(double)16.797784, fps=(double)59.531663, frame_num=(uint)1824;
0:00:31.954134627 [32m    1[00m 0x79c908000b70 [37mTRACE  [00m [00;34m          GST_TRACER :0::[00m latency_tracer_pipeline, frame_latency=(double)42.381447, avg=(double)63.814024, min=(double)35.432142, max=(double)3071.486303, latency=(double)16.788579, fps=(double)59.564301, frame_num=(uint)1825;
0:00:31.988339592 [32m    1[00m 0x79c908000b70 [37mTRACE  [00m [00;34m          GST_TRACER :0::[00m latency_tracer_pipeline, frame_latency=(double)43.805305, avg=(double)63.803067, min=(double)35.432142, max=(double)3071.486303, latency=(double)16.798134, fps=(double)59.530421, frame_num=(uint)1826;
0:00:31.988365680 [32m    1[00m 0x79c908000b70 [37mTRACE  [00m [00;34m          GST_TRACER :0::[00m latency_tracer_pipeline, frame_latency=(double)43.805305, avg=(double)63.792121, min=(double)35.432142, max=(double)3071.486303, latency=(double)16.788940, fps=(double)59.563022, frame_num=(uint)1827;
0:00:32.020347545 [32m    1[00m 0x79c908000b70 [37mTRACE  [00m [00;34m          GST_TRACER :0::[00m latency_tracer_pipeline, frame_latency=(double)41.626280, avg=(double)63.779995, min=(double)35.432142, max=(double)3071.486303, latency=(double)16.797266, fps=(double)59.533498, frame_num=(uint)1828;
0:00:32.020375031 [32m    1[00m 0x79c908000b70 [37mTRACE  [00m [00;34m          GST_TRACER :0::[00m latency_tracer_pipeline, frame_latency=(double)41.626280, avg=(double)63.767883, min=(double)35.432142, max=(double)3071.486303, latency=(double)16.788082, fps=(double)59.566066, frame_num=(uint)1829;
0:00:32.053468655 [32m    1[00m 0x79c908000b70 [37mTRACE  [00m [00;34m          GST_TRACER :0::[00m latency_tracer_pipeline, frame_latency=(double)42.029828, avg=(double)63.756004, min=(double)35.432142, max=(double)3071.486303, latency=(double)16.797009, fps=(double)59.534409, frame_num=(uint)1830;
0:00:32.053501067 [32m    1[00m 0x79c908000b70 [37mTRACE  [00m [00;34m          GST_TRACER :0::[00m latency_tracer_pipeline_interval, interval=(double)1032.723198, avg=(double)42.433986, min=(double)41.401668, max=(double)44.081702, latency=(double)16.656826, fps=(double)60.035448;
0:00:32.053510314 [32m    1[00m 0x79c908000b70 [37mTRACE  [00m [00;34m          GST_TRACER :0::[00m latency_tracer_pipeline, frame_latency=(double)42.029828, avg=(double)63.744138, min=(double)35.432142, max=(double)3071.486303, latency=(double)16.787835, fps=(double)59.566942, frame_num=(uint)1831;
FpsCounter(last 1.03sec): total=30.02 fps, number-streams=1, per-stream=30.02 fps
latency: -5960.02ms
0:00:32.086122762 [32m    1[00m 0x79c908000b70 [37mTRACE  [00m [00;34m          GST_TRACER :0::[00m latency_tracer_pipeline, frame_latency=(double)41.465836, avg=(double)63.731978, min=(double)35.432142, max=(double)3071.486303, latency=(double)16.796493, fps=(double)59.536237, frame_num=(uint)1832;
0:00:32.086154067 [32m    1[00m 0x79c908000b70 [37mTRACE  [00m [00;34m          GST_TRACER :0::[00m latency_tracer_pipeline, frame_latency=(double)41.465836, avg=(double)63.719830, min=(double)35.432142, max=(double)3071.486303, latency=(double)16.787330, fps=(double)59.568735, frame_num=(uint)1833;
0:00:32.120066501 [32m    1[00m 0x79c908000b70 [37mTRACE  [00m [00;34m          GST_TRACER :0::[00m latency_tracer_pipeline, frame_latency=(double)42.091638, avg=(double)63.708037, min=(double)35.432142, max=(double)3071.486303, latency=(double)16.796685, fps=(double)59.535557, frame_num=(uint)1834;
0:00:32.120095963 [32m    1[00m 0x79c908000b70 [37mTRACE  [00m [00;34m          GST_TRACER :0::[00m latency_tracer_pipeline, frame_latency=(double)42.091638, avg=(double)63.696257, min=(double)35.432142, max=(double)3071.486303, latency=(double)16.787531, fps=(double)59.568019, frame_num=(uint)1835;
0:00:32.153160800 [32m    1[00m 0x79c908000b70 [37mTRACE  [00m [00;34m          GST_TRACER :0::[00m latency_tracer_pipeline, frame_latency=(double)41.894532, avg=(double)63.684383, min=(double)35.432142, max=(double)3071.486303, latency=(double)16.796411, fps=(double)59.536529, frame_num=(uint)1836;
0:00:32.153195134 [32m    1[00m 0x79c908000b70 [37mTRACE  [00m [00;34m          GST_TRACER :0::[00m latency_tracer_pipeline, frame_latency=(double)41.894532, avg=(double)63.672521, min=(double)35.432142, max=(double)3071.486303, latency=(double)16.787267, fps=(double)59.568956, frame_num=(uint)1837;
0:00:32.186058326 [32m    1[00m 0x79c908000b70 [37mTRACE  [00m [00;34m          GST_TRACER :0::[00m latency_tracer_pipeline, frame_latency=(double)41.465265, avg=(double)63.660439, min=(double)35.432142, max=(double)3071.486303, latency=(double)16.796034, fps=(double)59.537863, frame_num=(uint)1838;
0:00:32.186085262 [32m    1[00m 0x79c908000b70 [37mTRACE  [00m [00;34m          GST_TRACER :0::[00m latency_tracer_pipeline, frame_latency=(double)41.465265, avg=(double)63.648370, min=(double)35.432142, max=(double)3071.486303, latency=(double)16.786901, fps=(double)59.570256, frame_num=(uint)1839;
0:00:32.219422481 [32m    1[00m 0x79c908000b70 [37mTRACE  [00m [00;34m          GST_TRACER :0::[00m latency_tracer_pipeline, frame_latency=(double)41.399514, avg=(double)63.636278, min=(double)35.432142, max=(double)3071.486303, latency=(double)16.795910, fps=(double)59.538306, frame_num=(uint)1840;
0:00:32.219450828 [32m    1[00m 0x79c908000b70 [37mTRACE  [00m [00;34m          GST_TRACER :0::[00m latency_tracer_pipeline, frame_latency=(double)41.399514, avg=(double)63.624199, min=(double)35.432142, max=(double)3071.486303, latency=(double)16.786786, fps=(double)59.570663, frame_num=(uint)1841;
0:00:32.254115152 [32m    1[00m 0x79c908000b70 [37mTRACE  [00m [00;34m          GST_TRACER :0::[00m latency_tracer_pipeline, frame_latency=(double)42.736122, avg=(double)63.612859, min=(double)35.432142, max=(double)3071.486303, latency=(double)16.796508, fps=(double)59.536183, frame_num=(uint)1842;
0:00:32.254144897 [32m    1[00m 0x79c908000b70 [37mTRACE  [00m [00;34m          GST_TRACER :0::[00m latency_tracer_pipeline, frame_latency=(double)42.736122, avg=(double)63.601532, min=(double)35.432142, max=(double)3071.486303, latency=(double)16.787395, fps=(double)59.568504, frame_num=(uint)1843;
0:00:32.287829532 [32m    1[00m 0x79c908000b70 [37mTRACE  [00m [00;34m          GST_TRACER :0::[00m latency_tracer_pipeline, frame_latency=(double)42.787812, avg=(double)63.590245, min=(double)35.432142, max=(double)3071.486303, latency=(double)16.796574, fps=(double)59.535949, frame_num=(uint)1844;
0:00:32.287858136 [32m    1[00m 0x79c908000b70 [37mTRACE  [00m [00;34m          GST_TRACER :0::[00m latency_tracer_pipeline, frame_latency=(double)42.787812, avg=(double)63.578970, min=(double)35.432142, max=(double)3071.486303, latency=(double)16.787471, fps=(double)59.568235, frame_num=(uint)1845;
0:00:32.321217556 [32m    1[00m 0x79c908000b70 [37mTRACE  [00m [00;34m          GST_TRACER :0::[00m latency_tracer_pipeline, frame_latency=(double)43.045577, avg=(double)63.567846, min=(double)35.432142, max=(double)3071.486303, latency=(double)16.796464, fps=(double)59.536342, frame_num=(uint)1846;
0:00:32.321245430 [32m    1[00m 0x79c908000b70 [37mTRACE  [00m [00;34m          GST_TRACER :0::[00m latency_tracer_pipeline, frame_latency=(double)43.045577, avg=(double)63.556735, min=(double)35.432142, max=(double)3071.486303, latency=(double)16.787370, fps=(double)59.568594, frame_num=(uint)1847;
0:00:32.353753092 [32m    1[00m 0x79c908000b70 [37mTRACE  [00m [00;34m          GST_TRACER :0::[00m latency_tracer_pipeline, frame_latency=(double)42.113411, avg=(double)63.545132, min=(double)35.432142, max=(double)3071.486303, latency=(double)16.795897, fps=(double)59.538351, frame_num=(uint)1848;
0:00:32.353766177 [32m    1[00m 0x79c908000b70 [37mTRACE  [00m [00;34m          GST_TRACER :0::[00m latency_tracer_pipeline, frame_latency=(double)42.113411, avg=(double)63.533541, min=(double)35.432142, max=(double)3071.486303, latency=(double)16.786813, fps=(double)59.570569, frame_num=(uint)1849;
0:00:32.387069245 [32m    1[00m 0x79c908000b70 [37mTRACE  [00m [00;34m          GST_TRACER :0::[00m latency_tracer_pipeline, frame_latency=(double)42.501971, avg=(double)63.522172, min=(double)35.432142, max=(double)3071.486303, latency=(double)16.795742, fps=(double)59.538901, frame_num=(uint)1850;
0:00:32.387098806 [32m    1[00m 0x79c908000b70 [37mTRACE  [00m [00;34m          GST_TRACER :0::[00m latency_tracer_pipeline, frame_latency=(double)42.501971, avg=(double)63.510816, min=(double)35.432142, max=(double)3071.486303, latency=(double)16.786668, fps=(double)59.571084, frame_num=(uint)1851;
0:00:32.420682428 [32m    1[00m 0x79c908000b70 [37mTRACE  [00m [00;34m          GST_TRACER :0::[00m latency_tracer_pipeline, frame_latency=(double)42.384193, avg=(double)63.499409, min=(double)35.432142, max=(double)3071.486303, latency=(double)16.795754, fps=(double)59.538858, frame_num=(uint)1852;
0:00:32.420708387 [32m    1[00m 0x79c908000b70 [37mTRACE  [00m [00;34m          GST_TRACER :0::[00m latency_tracer_pipeline, frame_latency=(double)42.384193, avg=(double)63.488014, min=(double)35.432142, max=(double)3071.486303, latency=(double)16.786690, fps=(double)59.571007, frame_num=(uint)1853;
0:00:32.454290526 [32m    1[00m 0x79c908000b70 [37mTRACE  [00m [00;34m          GST_TRACER :0::[00m latency_tracer_pipeline, frame_latency=(double)42.802562, avg=(double)63.476856, min=(double)35.432142, max=(double)3071.486303, latency=(double)16.795763, fps=(double)59.538825, frame_num=(uint)1854;
0:00:32.454318378 [32m    1[00m 0x79c908000b70 [37mTRACE  [00m [00;34m          GST_TRACER :0::[00m latency_tracer_pipeline, frame_latency=(double)42.802562, avg=(double)63.465711, min=(double)35.432142, max=(double)3071.486303, latency=(double)16.786709, fps=(double)59.570939, frame_num=(uint)1855;
0:00:32.487162984 [32m    1[00m 0x79c908000b70 [37mTRACE  [00m [00;34m          GST_TRACER :0::[00m latency_tracer_pipeline, frame_latency=(double)42.179658, avg=(double)63.454242, min=(double)35.432142, max=(double)3071.486303, latency=(double)16.795376, fps=(double)59.540198, frame_num=(uint)1856;
0:00:32.487190659 [32m    1[00m 0x79c908000b70 [37mTRACE  [00m [00;34m          GST_TRACER :0::[00m latency_tracer_pipeline, frame_latency=(double)42.179658, avg=(double)63.442786, min=(double)35.432142, max=(double)3071.486303, latency=(double)16.786331, fps=(double)59.572278, frame_num=(uint)1857;
0:00:32.521315205 [32m    1[00m 0x79c908000b70 [37mTRACE  [00m [00;34m          GST_TRACER :0::[00m latency_tracer_pipeline, frame_latency=(double)42.915503, avg=(double)63.431738, min=(double)35.432142, max=(double)3071.486303, latency=(double)16.795678, fps=(double)59.539128, frame_num=(uint)1858;
0:00:32.521343084 [32m    1[00m 0x79c908000b70 [37mTRACE  [00m [00;34m          GST_TRACER :0::[00m latency_tracer_pipeline, frame_latency=(double)42.915503, avg=(double)63.420702, min=(double)35.432142, max=(double)3071.486303, latency=(double)16.786643, fps=(double)59.571173, frame_num=(uint)1859;
0:00:32.554750005 [32m    1[00m 0x79c908000b70 [37mTRACE  [00m [00;34m          GST_TRACER :0::[00m latency_tracer_pipeline, frame_latency=(double)42.730758, avg=(double)63.409578, min=(double)35.432142, max=(double)3071.486303, latency=(double)16.795593, fps=(double)59.539427, frame_num=(uint)1860;
0:00:32.554777549 [32m    1[00m 0x79c908000b70 [37mTRACE  [00m [00;34m          GST_TRACER :0::[00m latency_tracer_pipeline, frame_latency=(double)42.730758, avg=(double)63.398466, min=(double)35.432142, max=(double)3071.486303, latency=(double)16.786568, fps=(double)59.571438, frame_num=(uint)1861;
0:00:32.586915391 [32m    1[00m 0x79c908000b70 [37mTRACE  [00m [00;34m          GST_TRACER :0::[00m latency_tracer_pipeline, frame_latency=(double)41.568775, avg=(double)63.386743, min=(double)35.432142, max=(double)3071.486303, latency=(double)16.794828, fps=(double)59.542142, frame_num=(uint)1862;
0:00:32.586943463 [32m    1[00m 0x79c908000b70 [37mTRACE  [00m [00;34m          GST_TRACER :0::[00m latency_tracer_pipeline, frame_latency=(double)41.568775, avg=(double)63.375031, min=(double)35.432142, max=(double)3071.486303, latency=(double)16.785813, fps=(double)59.574119, frame_num=(uint)1863;
0:00:32.620680994 [32m    1[00m 0x79c908000b70 [37mTRACE  [00m [00;34m          GST_TRACER :0::[00m latency_tracer_pipeline, frame_latency=(double)42.257517, avg=(double)63.363702, min=(double)35.432142, max=(double)3071.486303, latency=(double)16.794922, fps=(double)59.541807, frame_num=(uint)1864;
0:00:32.620708875 [32m    1[00m 0x79c908000b70 [37mTRACE  [00m [00;34m          GST_TRACER :0::[00m latency_tracer_pipeline, frame_latency=(double)42.257517, avg=(double)63.352385, min=(double)35.432142, max=(double)3071.486303, latency=(double)16.785917, fps=(double)59.573750, frame_num=(uint)1865;
0:00:32.653555631 [32m    1[00m 0x79c908000b70 [37mTRACE  [00m [00;34m          GST_TRACER :0::[00m latency_tracer_pipeline, frame_latency=(double)41.806244, avg=(double)63.340839, min=(double)35.432142, max=(double)3071.486303, latency=(double)16.794538, fps=(double)59.543168, frame_num=(uint)1866;
0:00:32.653582809 [32m    1[00m 0x79c908000b70 [37mTRACE  [00m [00;34m          GST_TRACER :0::[00m latency_tracer_pipeline, frame_latency=(double)41.806244, avg=(double)63.329304, min=(double)35.432142, max=(double)3071.486303, latency=(double)16.785543, fps=(double)59.575077, frame_num=(uint)1867;
0:00:32.687226797 [32m    1[00m 0x79c908000b70 [37mTRACE  [00m [00;34m          GST_TRACER :0::[00m latency_tracer_pipeline, frame_latency=(double)42.383590, avg=(double)63.318091, min=(double)35.432142, max=(double)3071.486303, latency=(double)16.794582, fps=(double)59.543010, frame_num=(uint)1868;
0:00:32.687254410 [32m    1[00m 0x79c908000b70 [37mTRACE  [00m [00;34m          GST_TRACER :0::[00m latency_tracer_pipeline, frame_latency=(double)42.383590, avg=(double)63.306890, min=(double)35.432142, max=(double)3071.486303, latency=(double)16.785597, fps=(double)59.574886, frame_num=(uint)1869;
0:00:32.720916902 [32m    1[00m 0x79c908000b70 [37mTRACE  [00m [00;34m          GST_TRACER :0::[00m latency_tracer_pipeline, frame_latency=(double)42.440700, avg=(double)63.295732, min=(double)35.432142, max=(double)3071.486303, latency=(double)16.794636, fps=(double)59.542819, frame_num=(uint)1870;
0:00:32.720947099 [32m    1[00m 0x79c908000b70 [37mTRACE  [00m [00;34m          GST_TRACER :0::[00m latency_tracer_pipeline, frame_latency=(double)42.440700, avg=(double)63.284586, min=(double)35.432142, max=(double)3071.486303, latency=(double)16.785660, fps=(double)59.574660, frame_num=(uint)1871;
0:00:32.754217082 [32m    1[00m 0x79c908000b70 [37mTRACE  [00m [00;34m          GST_TRACER :0::[00m latency_tracer_pipeline, frame_latency=(double)42.454265, avg=(double)63.273458, min=(double)35.432142, max=(double)3071.486303, latency=(double)16.794480, fps=(double)59.543374, frame_num=(uint)1872;
0:00:32.754250560 [32m    1[00m 0x79c908000b70 [37mTRACE  [00m [00;34m          GST_TRACER :0::[00m latency_tracer_pipeline, frame_latency=(double)42.454265, avg=(double)63.262343, min=(double)35.432142, max=(double)3071.486303, latency=(double)16.785513, fps=(double)59.575182, frame_num=(uint)1873;
0:00:32.786280942 [32m    1[00m 0x79c908000b70 [37mTRACE  [00m [00;34m          GST_TRACER :0::[00m latency_tracer_pipeline, frame_latency=(double)41.723354, avg=(double)63.250849, min=(double)35.432142, max=(double)3071.486303, latency=(double)16.793668, fps=(double)59.546252, frame_num=(uint)1874;
0:00:32.786308668 [32m    1[00m 0x79c908000b70 [37mTRACE  [00m [00;34m          GST_TRACER :0::[00m latency_tracer_pipeline, frame_latency=(double)41.723354, avg=(double)63.239368, min=(double)35.432142, max=(double)3071.486303, latency=(double)16.784712, fps=(double)59.578027, frame_num=(uint)1875;
0:00:32.821179832 [32m    1[00m 0x79c908000b70 [37mTRACE  [00m [00;34m          GST_TRACER :0::[00m latency_tracer_pipeline, frame_latency=(double)43.324995, avg=(double)63.228753, min=(double)35.432142, max=(double)3071.486303, latency=(double)16.794368, fps=(double)59.543772, frame_num=(uint)1876;
0:00:32.821207413 [32m    1[00m 0x79c908000b70 [37mTRACE  [00m [00;34m          GST_TRACER :0::[00m latency_tracer_pipeline, frame_latency=(double)43.324995, avg=(double)63.218149, min=(double)35.432142, max=(double)3071.486303, latency=(double)16.785420, fps=(double)59.575511, frame_num=(uint)1877;
0:00:32.854756801 [32m    1[00m 0x79c908000b70 [37mTRACE  [00m [00;34m          GST_TRACER :0::[00m latency_tracer_pipeline, frame_latency=(double)43.041686, avg=(double)63.207405, min=(double)35.432142, max=(double)3071.486303, latency=(double)16.794361, fps=(double)59.543795, frame_num=(uint)1878;
0:00:32.854785117 [32m    1[00m 0x79c908000b70 [37mTRACE  [00m [00;34m          GST_TRACER :0::[00m latency_tracer_pipeline, frame_latency=(double)43.041686, avg=(double)63.196673, min=(double)35.432142, max=(double)3071.486303, latency=(double)16.785423, fps=(double)59.575501, frame_num=(uint)1879;
0:00:32.887776362 [32m    1[00m 0x79c908000b70 [37mTRACE  [00m [00;34m          GST_TRACER :0::[00m latency_tracer_pipeline, frame_latency=(double)42.385307, avg=(double)63.185603, min=(double)35.432142, max=(double)3071.486303, latency=(double)16.794058, fps=(double)59.544869, frame_num=(uint)1880;
0:00:32.887804484 [32m    1[00m 0x79c908000b70 [37mTRACE  [00m [00;34m          GST_TRACER :0::[00m latency_tracer_pipeline, frame_latency=(double)42.385307, avg=(double)63.174545, min=(double)35.432142, max=(double)3071.486303, latency=(double)16.785130, fps=(double)59.576541, frame_num=(uint)1881;
0:00:32.920208806 [32m    1[00m 0x79c908000b70 [37mTRACE  [00m [00;34m          GST_TRACER :0::[00m latency_tracer_pipeline, frame_latency=(double)41.642255, avg=(double)63.163104, min=(double)35.432142, max=(double)3071.486303, latency=(double)16.793444, fps=(double)59.547046, frame_num=(uint)1882;
0:00:32.920240886 [32m    1[00m 0x79c908000b70 [37mTRACE  [00m [00;34m          GST_TRACER :0::[00m latency_tracer_pipeline, frame_latency=(double)41.642255, avg=(double)63.151675, min=(double)35.432142, max=(double)3071.486303, latency=(double)16.784526, fps=(double)59.578687, frame_num=(uint)1883;
0:00:32.953206273 [32m    1[00m 0x79c908000b70 [37mTRACE  [00m [00;34m          GST_TRACER :0::[00m latency_tracer_pipeline, frame_latency=(double)41.817432, avg=(double)63.140351, min=(double)35.432142, max=(double)3071.486303, latency=(double)16.793129, fps=(double)59.548163, frame_num=(uint)1884;
0:00:32.953242435 [32m    1[00m 0x79c908000b70 [37mTRACE  [00m [00;34m          GST_TRACER :0::[00m latency_tracer_pipeline, frame_latency=(double)41.817432, avg=(double)63.129039, min=(double)35.432142, max=(double)3071.486303, latency=(double)16.784220, fps=(double)59.579771, frame_num=(uint)1885;
0:00:32.986738391 [32m    1[00m 0x79c908000b70 [37mTRACE  [00m [00;34m          GST_TRACER :0::[00m latency_tracer_pipeline, frame_latency=(double)42.196180, avg=(double)63.117940, min=(double)35.432142, max=(double)3071.486303, latency=(double)16.793102, fps=(double)59.548259, frame_num=(uint)1886;
0:00:32.986770303 [32m    1[00m 0x79c908000b70 [37mTRACE  [00m [00;34m          GST_TRACER :0::[00m latency_tracer_pipeline, frame_latency=(double)42.196180, avg=(double)63.106853, min=(double)35.432142, max=(double)3071.486303, latency=(double)16.784203, fps=(double)59.579833, frame_num=(uint)1887;
0:00:33.020226885 [32m    1[00m 0x79c908000b70 [37mTRACE  [00m [00;34m          GST_TRACER :0::[00m latency_tracer_pipeline, frame_latency=(double)42.257666, avg=(double)63.095810, min=(double)35.432142, max=(double)3071.486303, latency=(double)16.793051, fps=(double)59.548440, frame_num=(uint)1888;
0:00:33.020253867 [32m    1[00m 0x79c908000b70 [37mTRACE  [00m [00;34m          GST_TRACER :0::[00m latency_tracer_pipeline, frame_latency=(double)42.257666, avg=(double)63.084778, min=(double)35.432142, max=(double)3071.486303, latency=(double)16.784161, fps=(double)59.579980, frame_num=(uint)1889;
0:00:33.053670879 [32m    1[00m 0x79c908000b70 [37mTRACE  [00m [00;34m          GST_TRACER :0::[00m latency_tracer_pipeline, frame_latency=(double)42.290806, avg=(double)63.073776, min=(double)35.432142, max=(double)3071.486303, latency=(double)16.792978, fps=(double)59.548701, frame_num=(uint)1890;
0:00:33.053687237 [32m    1[00m 0x79c908000b70 [37mTRACE  [00m [00;34m          GST_TRACER :0::[00m latency_tracer_pipeline_interval, interval=(double)1000.201309, avg=(double)42.265821, min=(double)41.399514, max=(double)43.324995, latency=(double)16.670022, fps=(double)59.987924;
0:00:33.053695565 [32m    1[00m 0x79c908000b70 [37mTRACE  [00m [00;34m          GST_TRACER :0::[00m latency_tracer_pipeline, frame_latency=(double)42.290806, avg=(double)63.062786, min=(double)35.432142, max=(double)3071.486303, latency=(double)16.784097, fps=(double)59.580208, frame_num=(uint)1891;
FpsCounter(last 1.00sec): total=29.99 fps, number-streams=1, per-stream=29.99 fps
latency: -6163.72ms
0:00:33.086566235 [32m    1[00m 0x79c908000b70 [37mTRACE  [00m [00;34m          GST_TRACER :0::[00m latency_tracer_pipeline, frame_latency=(double)41.930158, avg=(double)63.051616, min=(double)35.432142, max=(double)3071.486303, latency=(double)16.792611, fps=(double)59.550002, frame_num=(uint)1892;
0:00:33.086592277 [32m    1[00m 0x79c908000b70 [37mTRACE  [00m [00;34m          GST_TRACER :0::[00m latency_tracer_pipeline, frame_latency=(double)41.930158, avg=(double)63.040458, min=(double)35.432142, max=(double)3071.486303, latency=(double)16.783740, fps=(double)59.581477, frame_num=(uint)1893;
0:00:33.120616229 [32m    1[00m 0x79c908000b70 [37mTRACE  [00m [00;34m          GST_TRACER :0::[00m latency_tracer_pipeline, frame_latency=(double)42.337215, avg=(double)63.029528, min=(double)35.432142, max=(double)3071.486303, latency=(double)16.792856, fps=(double)59.549130, frame_num=(uint)1894;
0:00:33.120642398 [32m    1[00m 0x79c908000b70 [37mTRACE  [00m [00;34m          GST_TRACER :0::[00m latency_tracer_pipeline, frame_latency=(double)42.337215, avg=(double)63.018608, min=(double)35.432142, max=(double)3071.486303, latency=(double)16.783995, fps=(double)59.580571, frame_num=(uint)1895;
0:00:33.154445719 [32m    1[00m 0x79c908000b70 [37mTRACE  [00m [00;34m          GST_TRACER :0::[00m latency_tracer_pipeline, frame_latency=(double)42.868068, avg=(double)63.007980, min=(double)35.432142, max=(double)3071.486303, latency=(double)16.792984, fps=(double)59.548680, frame_num=(uint)1896;
0:00:33.154477594 [32m    1[00m 0x79c908000b70 [37mTRACE  [00m [00;34m          GST_TRACER :0::[00m latency_tracer_pipeline, frame_latency=(double)42.868068, avg=(double)62.997363, min=(double)35.432142, max=(double)3071.486303, latency=(double)16.784131, fps=(double)59.580087, frame_num=(uint)1897;
0:00:33.186061207 [32m    1[00m 0x79c908000b70 [37mTRACE  [00m [00;34m          GST_TRACER :0::[00m latency_tracer_pipeline, frame_latency=(double)41.386902, avg=(double)62.985978, min=(double)35.432142, max=(double)3071.486303, latency=(double)16.791946, fps=(double)59.552358, frame_num=(uint)1898;
0:00:33.186092513 [32m    1[00m 0x79c908000b70 [37mTRACE  [00m [00;34m          GST_TRACER :0::[00m latency_tracer_pipeline, frame_latency=(double)41.386902, avg=(double)62.974604, min=(double)35.432142, max=(double)3071.486303, latency=(double)16.783104, fps=(double)59.583734, frame_num=(uint)1899;
0:00:33.220139152 [32m    1[00m 0x79c908000b70 [37mTRACE  [00m [00;34m          GST_TRACER :0::[00m latency_tracer_pipeline, frame_latency=(double)42.291450, avg=(double)62.963718, min=(double)35.432142, max=(double)3071.486303, latency=(double)16.792205, fps=(double)59.551442, frame_num=(uint)1900;
0:00:33.220173789 [32m    1[00m 0x79c908000b70 [37mTRACE  [00m [00;34m          GST_TRACER :0::[00m latency_tracer_pipeline, frame_latency=(double)42.291450, avg=(double)62.952843, min=(double)35.432142, max=(double)3071.486303, latency=(double)16.783371, fps=(double)59.582785, frame_num=(uint)1901;
0:00:33.253571904 [32m    1[00m 0x79c908000b70 [37mTRACE  [00m [00;34m          GST_TRACER :0::[00m latency_tracer_pipeline, frame_latency=(double)42.280476, avg=(double)62.941975, min=(double)35.432142, max=(double)3071.486303, latency=(double)16.792127, fps=(double)59.551717, frame_num=(uint)1902;
0:00:33.253598175 [32m    1[00m 0x79c908000b70 [37mTRACE  [00m [00;34m          GST_TRACER :0::[00m latency_tracer_pipeline, frame_latency=(double)42.280476, avg=(double)62.931117, min=(double)35.432142, max=(double)3071.486303, latency=(double)16.783303, fps=(double)59.583027, frame_num=(uint)1903;
0:00:33.287581672 [32m    1[00m 0x79c908000b70 [37mTRACE  [00m [00;34m          GST_TRACER :0::[00m latency_tracer_pipeline, frame_latency=(double)42.952915, avg=(double)62.920625, min=(double)35.432142, max=(double)3071.486303, latency=(double)16.792351, fps=(double)59.550924, frame_num=(uint)1904;
0:00:33.287640264 [32m    1[00m 0x79c908000b70 [37mTRACE  [00m [00;34m          GST_TRACER :0::[00m latency_tracer_pipeline, frame_latency=(double)42.952915, avg=(double)62.910143, min=(double)35.432142, max=(double)3071.486303, latency=(double)16.783536, fps=(double)59.582201, frame_num=(uint)1905;
0:00:33.321065282 [32m    1[00m 0x79c908000b70 [37mTRACE  [00m [00;34m          GST_TRACER :0::[00m latency_tracer_pipeline, frame_latency=(double)42.471943, avg=(double)62.899420, min=(double)35.432142, max=(double)3071.486303, latency=(double)16.792297, fps=(double)59.551114, frame_num=(uint)1906;
0:00:33.321093787 [32m    1[00m 0x79c908000b70 [37mTRACE  [00m [00;34m          GST_TRACER :0::[00m latency_tracer_pipeline, frame_latency=(double)42.471943, avg=(double)62.888708, min=(double)35.432142, max=(double)3071.486303, latency=(double)16.783492, fps=(double)59.582358, frame_num=(uint)1907;
0:00:33.353830608 [32m    1[00m 0x79c908000b70 [37mTRACE  [00m [00;34m          GST_TRACER :0::[00m latency_tracer_pipeline, frame_latency=(double)41.628807, avg=(double)62.877565, min=(double)35.432142, max=(double)3071.486303, latency=(double)16.791868, fps=(double)59.552637, frame_num=(uint)1908;
0:00:33.353858599 [32m    1[00m 0x79c908000b70 [37mTRACE  [00m [00;34m          GST_TRACER :0::[00m latency_tracer_pipeline, frame_latency=(double)41.628807, avg=(double)62.866435, min=(double)35.432142, max=(double)3071.486303, latency=(double)16.783072, fps=(double)59.583849, frame_num=(uint)1909;
0:00:33.387509116 [32m    1[00m 0x79c908000b70 [37mTRACE  [00m [00;34m          GST_TRACER :0::[00m latency_tracer_pipeline, frame_latency=(double)42.429673, avg=(double)62.855735, min=(double)35.432142, max=(double)3071.486303, latency=(double)16.791910, fps=(double)59.552486, frame_num=(uint)1910;
0:00:33.387534103 [32m    1[00m 0x79c908000b70 [37mTRACE  [00m [00;34m          GST_TRACER :0::[00m latency_tracer_pipeline, frame_latency=(double)42.429673, avg=(double)62.845046, min=(double)35.432142, max=(double)3071.486303, latency=(double)16.783123, fps=(double)59.583665, frame_num=(uint)1911;
0:00:33.421206709 [32m    1[00m 0x79c908000b70 [37mTRACE  [00m [00;34m          GST_TRACER :0::[00m latency_tracer_pipeline, frame_latency=(double)42.930433, avg=(double)62.834630, min=(double)35.432142, max=(double)3071.486303, latency=(double)16.791977, fps=(double)59.552248, frame_num=(uint)1912;
0:00:33.421233994 [32m    1[00m 0x79c908000b70 [37mTRACE  [00m [00;34m          GST_TRACER :0::[00m latency_tracer_pipeline, frame_latency=(double)42.930433, avg=(double)62.824226, min=(double)35.432142, max=(double)3071.486303, latency=(double)16.783200, fps=(double)59.583395, frame_num=(uint)1913;
0:00:33.453343304 [32m    1[00m 0x79c908000b70 [37mTRACE  [00m [00;34m          GST_TRACER :0::[00m latency_tracer_pipeline, frame_latency=(double)41.297241, avg=(double)62.812979, min=(double)35.432142, max=(double)3071.486303, latency=(double)16.791221, fps=(double)59.554931, frame_num=(uint)1914;
0:00:33.453370854 [32m    1[00m 0x79c908000b70 [37mTRACE  [00m [00;34m          GST_TRACER :0::[00m latency_tracer_pipeline, frame_latency=(double)41.297241, avg=(double)62.801743, min=(double)35.432142, max=(double)3071.486303, latency=(double)16.782453, fps=(double)59.586046, frame_num=(uint)1915;
0:00:33.487831100 [32m    1[00m 0x79c908000b70 [37mTRACE  [00m [00;34m          GST_TRACER :0::[00m latency_tracer_pipeline, frame_latency=(double)43.026332, avg=(double)62.791422, min=(double)35.432142, max=(double)3071.486303, latency=(double)16.791694, fps=(double)59.553255, frame_num=(uint)1916;
0:00:33.487859248 [32m    1[00m 0x79c908000b70 [37mTRACE  [00m [00;34m          GST_TRACER :0::[00m latency_tracer_pipeline, frame_latency=(double)43.026332, avg=(double)62.781112, min=(double)35.432142, max=(double)3071.486303, latency=(double)16.782934, fps=(double)59.584337, frame_num=(uint)1917;
0:00:33.521249528 [32m    1[00m 0x79c908000b70 [37mTRACE  [00m [00;34m          GST_TRACER :0::[00m latency_tracer_pipeline, frame_latency=(double)42.593746, avg=(double)62.770586, min=(double)35.432142, max=(double)3071.486303, latency=(double)16.791607, fps=(double)59.553560, frame_num=(uint)1918;
0:00:33.521279528 [32m    1[00m 0x79c908000b70 [37mTRACE  [00m [00;34m          GST_TRACER :0::[00m latency_tracer_pipeline, frame_latency=(double)42.593746, avg=(double)62.760072, min=(double)35.432142, max=(double)3071.486303, latency=(double)16.782857, fps=(double)59.584610, frame_num=(uint)1919;
0:00:33.553658631 [32m    1[00m 0x79c908000b70 [37mTRACE  [00m [00;34m          GST_TRACER :0::[00m latency_tracer_pipeline, frame_latency=(double)41.872800, avg=(double)62.749193, min=(double)35.432142, max=(double)3071.486303, latency=(double)16.790994, fps=(double)59.555734, frame_num=(uint)1920;
0:00:33.553691803 [32m    1[00m 0x79c908000b70 [37mTRACE  [00m [00;34m          GST_TRACER :0::[00m latency_tracer_pipeline, frame_latency=(double)41.872800, avg=(double)62.738326, min=(double)35.432142, max=(double)3071.486303, latency=(double)16.782254, fps=(double)59.586753, frame_num=(uint)1921;
0:00:33.587420565 [32m    1[00m 0x79c908000b70 [37mTRACE  [00m [00;34m          GST_TRACER :0::[00m latency_tracer_pipeline, frame_latency=(double)42.970869, avg=(double)62.728041, min=(double)35.432142, max=(double)3071.486303, latency=(double)16.791089, fps=(double)59.555398, frame_num=(uint)1922;
0:00:33.587449224 [32m    1[00m 0x79c908000b70 [37mTRACE  [00m [00;34m          GST_TRACER :0::[00m latency_tracer_pipeline, frame_latency=(double)42.970869, avg=(double)62.717767, min=(double)35.432142, max=(double)3071.486303, latency=(double)16.782358, fps=(double)59.586384, frame_num=(uint)1923;
0:00:33.621059582 [32m    1[00m 0x79c908000b70 [37mTRACE  [00m [00;34m          GST_TRACER :0::[00m latency_tracer_pipeline, frame_latency=(double)43.127437, avg=(double)62.707585, min=(double)35.432142, max=(double)3071.486303, latency=(double)16.791119, fps=(double)59.555291, frame_num=(uint)1924;
0:00:33.621086634 [32m    1[00m 0x79c908000b70 [37mTRACE  [00m [00;34m          GST_TRACER :0::[00m latency_tracer_pipeline, frame_latency=(double)43.127437, avg=(double)62.697413, min=(double)35.432142, max=(double)3071.486303, latency=(double)16.782397, fps=(double)59.586245, frame_num=(uint)1925;
0:00:33.654533525 [32m    1[00m 0x79c908000b70 [37mTRACE  [00m [00;34m          GST_TRACER :0::[00m latency_tracer_pipeline, frame_latency=(double)42.729436, avg=(double)62.687046, min=(double)35.432142, max=(double)3071.486303, latency=(double)16.791063, fps=(double)59.555491, frame_num=(uint)1926;
0:00:33.654560249 [32m    1[00m 0x79c908000b70 [37mTRACE  [00m [00;34m          GST_TRACER :0::[00m latency_tracer_pipeline, frame_latency=(double)42.729436, avg=(double)62.676689, min=(double)35.432142, max=(double)3071.486303, latency=(double)16.782349, fps=(double)59.586413, frame_num=(uint)1927;
0:00:33.686880275 [32m    1[00m 0x79c908000b70 [37mTRACE  [00m [00;34m          GST_TRACER :0::[00m latency_tracer_pipeline, frame_latency=(double)41.672250, avg=(double)62.665794, min=(double)35.432142, max=(double)3071.486303, latency=(double)16.790422, fps=(double)59.557764, frame_num=(uint)1928;
0:00:33.686908115 [32m    1[00m 0x79c908000b70 [37mTRACE  [00m [00;34m          GST_TRACER :0::[00m latency_tracer_pipeline, frame_latency=(double)41.672250, avg=(double)62.654911, min=(double)35.432142, max=(double)3071.486303, latency=(double)16.781718, fps=(double)59.588655, frame_num=(uint)1929;
0:00:33.721174273 [32m    1[00m 0x79c908000b70 [37mTRACE  [00m [00;34m          GST_TRACER :0::[00m latency_tracer_pipeline, frame_latency=(double)43.065065, avg=(double)62.644761, min=(double)35.432142, max=(double)3071.486303, latency=(double)16.790792, fps=(double)59.556453, frame_num=(uint)1930;
0:00:33.721201802 [32m    1[00m 0x79c908000b70 [37mTRACE  [00m [00;34m          GST_TRACER :0::[00m latency_tracer_pipeline, frame_latency=(double)43.065065, avg=(double)62.634621, min=(double)35.432142, max=(double)3071.486303, latency=(double)16.782096, fps=(double)59.587312, frame_num=(uint)1931;
0:00:33.754232279 [32m    1[00m 0x79c908000b70 [37mTRACE  [00m [00;34m          GST_TRACER :0::[00m latency_tracer_pipeline, frame_latency=(double)42.206815, avg=(double)62.624048, min=(double)35.432142, max=(double)3071.486303, latency=(double)16.790521, fps=(double)59.557415, frame_num=(uint)1932;
0:00:33.754261304 [32m    1[00m 0x79c908000b70 [37mTRACE  [00m [00;34m          GST_TRACER :0::[00m latency_tracer_pipeline, frame_latency=(double)42.206815, avg=(double)62.613486, min=(double)35.432142, max=(double)3071.486303, latency=(double)16.781834, fps=(double)59.588242, frame_num=(uint)1933;
0:00:33.787191455 [32m    1[00m 0x79c908000b70 [37mTRACE  [00m [00;34m          GST_TRACER :0::[00m latency_tracer_pipeline, frame_latency=(double)42.265206, avg=(double)62.602964, min=(double)35.432142, max=(double)3071.486303, latency=(double)16.790199, fps=(double)59.558554, frame_num=(uint)1934;
0:00:33.787219585 [32m    1[00m 0x79c908000b70 [37mTRACE  [00m [00;34m          GST_TRACER :0::[00m latency_tracer_pipeline, frame_latency=(double)42.265206, avg=(double)62.592454, min=(double)35.432142, max=(double)3071.486303, latency=(double)16.781522, fps=(double)59.589350, frame_num=(uint)1935;
0:00:33.820614925 [32m    1[00m 0x79c908000b70 [37mTRACE  [00m [00;34m          GST_TRACER :0::[00m latency_tracer_pipeline, frame_latency=(double)42.018182, avg=(double)62.581827, min=(double)35.432142, max=(double)3071.486303, latency=(double)16.790118, fps=(double)59.558843, frame_num=(uint)1936;
0:00:33.820640971 [32m    1[00m 0x79c908000b70 [37mTRACE  [00m [00;34m          GST_TRACER :0::[00m latency_tracer_pipeline, frame_latency=(double)42.018182, avg=(double)62.571210, min=(double)35.432142, max=(double)3071.486303, latency=(double)16.781450, fps=(double)59.589607, frame_num=(uint)1937;
0:00:33.854505844 [32m    1[00m 0x79c908000b70 [37mTRACE  [00m [00;34m          GST_TRACER :0::[00m latency_tracer_pipeline, frame_latency=(double)42.896182, avg=(double)62.561058, min=(double)35.432142, max=(double)3071.486303, latency=(double)16.790269, fps=(double)59.558306, frame_num=(uint)1938;
0:00:33.854532301 [32m    1[00m 0x79c908000b70 [37mTRACE  [00m [00;34m          GST_TRACER :0::[00m latency_tracer_pipeline, frame_latency=(double)42.896182, avg=(double)62.550916, min=(double)35.432142, max=(double)3071.486303, latency=(double)16.781610, fps=(double)59.589038, frame_num=(uint)1939;
0:00:33.886990496 [32m    1[00m 0x79c908000b70 [37mTRACE  [00m [00;34m          GST_TRACER :0::[00m latency_tracer_pipeline, frame_latency=(double)41.659865, avg=(double)62.540148, min=(double)35.432142, max=(double)3071.486303, latency=(double)16.789714, fps=(double)59.560277, frame_num=(uint)1940;
0:00:33.887016240 [32m    1[00m 0x79c908000b70 [37mTRACE  [00m [00;34m          GST_TRACER :0::[00m latency_tracer_pipeline, frame_latency=(double)41.659865, avg=(double)62.529390, min=(double)35.432142, max=(double)3071.486303, latency=(double)16.781064, fps=(double)59.590978, frame_num=(uint)1941;
0:00:33.921182952 [32m    1[00m 0x79c908000b70 [37mTRACE  [00m [00;34m          GST_TRACER :0::[00m latency_tracer_pipeline, frame_latency=(double)42.801213, avg=(double)62.519232, min=(double)35.432142, max=(double)3071.486303, latency=(double)16.790028, fps=(double)59.559161, frame_num=(uint)1942;
0:00:33.921216040 [32m    1[00m 0x79c908000b70 [37mTRACE  [00m [00;34m          GST_TRACER :0::[00m latency_tracer_pipeline, frame_latency=(double)42.801213, avg=(double)62.509083, min=(double)35.432142, max=(double)3071.486303, latency=(double)16.781387, fps=(double)59.589830, frame_num=(uint)1943;
0:00:33.955195243 [32m    1[00m 0x79c908000b70 [37mTRACE  [00m [00;34m          GST_TRACER :0::[00m latency_tracer_pipeline, frame_latency=(double)43.645168, avg=(double)62.499380, min=(double)35.432142, max=(double)3071.486303, latency=(double)16.790252, fps=(double)59.558368, frame_num=(uint)1944;
0:00:33.955222433 [32m    1[00m 0x79c908000b70 [37mTRACE  [00m [00;34m          GST_TRACER :0::[00m latency_tracer_pipeline, frame_latency=(double)43.645168, avg=(double)62.489686, min=(double)35.432142, max=(double)3071.486303, latency=(double)16.781619, fps=(double)59.589005, frame_num=(uint)1945;
0:00:33.986517154 [32m    1[00m 0x79c908000b70 [37mTRACE  [00m [00;34m          GST_TRACER :0::[00m latency_tracer_pipeline, frame_latency=(double)41.394787, avg=(double)62.478846, min=(double)35.432142, max=(double)3071.486303, latency=(double)16.789091, fps=(double)59.562487, frame_num=(uint)1946;
0:00:33.986543873 [32m    1[00m 0x79c908000b70 [37mTRACE  [00m [00;34m          GST_TRACER :0::[00m latency_tracer_pipeline, frame_latency=(double)41.394787, avg=(double)62.468017, min=(double)35.432142, max=(double)3071.486303, latency=(double)16.780468, fps=(double)59.593095, frame_num=(uint)1947;
0:00:34.022082109 [32m    1[00m 0x79c908000b70 [37mTRACE  [00m [00;34m          GST_TRACER :0::[00m latency_tracer_pipeline, frame_latency=(double)43.912313, avg=(double)62.458491, min=(double)35.432142, max=(double)3071.486303, latency=(double)16.790110, fps=(double)59.558870, frame_num=(uint)1948;
0:00:34.022109582 [32m    1[00m 0x79c908000b70 [37mTRACE  [00m [00;34m          GST_TRACER :0::[00m latency_tracer_pipeline, frame_latency=(double)43.912313, avg=(double)62.448976, min=(double)35.432142, max=(double)3071.486303, latency=(double)16.781496, fps=(double)59.589444, frame_num=(uint)1949;
FpsCounter(last 1.00sec): total=29.96 fps, number-streams=1, per-stream=29.96 fps
latency: -6363.32ms
0:00:34.054909997 [32m    1[00m 0x79c908000b70 [37mTRACE  [00m [00;34m          GST_TRACER :0::[00m latency_tracer_pipeline, frame_latency=(double)42.891572, avg=(double)62.438946, min=(double)35.432142, max=(double)3071.486303, latency=(double)16.789727, fps=(double)59.560229, frame_num=(uint)1950;
0:00:34.054925094 [32m    1[00m 0x79c908000b70 [37mTRACE  [00m [00;34m          GST_TRACER :0::[00m latency_tracer_pipeline_interval, interval=(double)1001.240412, avg=(double)42.441805, min=(double)41.297241, max=(double)43.912313, latency=(double)16.687340, fps=(double)59.925667;
0:00:34.054933164 [32m    1[00m 0x79c908000b70 [37mTRACE  [00m [00;34m          GST_TRACER :0::[00m latency_tracer_pipeline, frame_latency=(double)42.891572, avg=(double)62.428927, min=(double)35.432142, max=(double)3071.486303, latency=(double)16.781121, fps=(double)59.590773, frame_num=(uint)1951;
0:00:34.088180439 [32m    1[00m 0x79c908000b70 [37mTRACE  [00m [00;34m          GST_TRACER :0::[00m latency_tracer_pipeline, frame_latency=(double)42.829988, avg=(double)62.418887, min=(double)35.432142, max=(double)3071.486303, latency=(double)16.789567, fps=(double)59.560798, frame_num=(uint)1952;
0:00:34.088207772 [32m    1[00m 0x79c908000b70 [37mTRACE  [00m [00;34m          GST_TRACER :0::[00m latency_tracer_pipeline, frame_latency=(double)42.829988, avg=(double)62.408856, min=(double)35.432142, max=(double)3071.486303, latency=(double)16.780970, fps=(double)59.591310, frame_num=(uint)1953;
0:00:34.120766841 [32m    1[00m 0x79c908000b70 [37mTRACE  [00m [00;34m          GST_TRACER :0::[00m latency_tracer_pipeline, frame_latency=(double)42.330272, avg=(double)62.398581, min=(double)35.432142, max=(double)3071.486303, latency=(double)16.789059, fps=(double)59.562601, frame_num=(uint)1954;
0:00:34.120795729 [32m    1[00m 0x79c908000b70 [37mTRACE  [00m [00;34m          GST_TRACER :0::[00m latency_tracer_pipeline, frame_latency=(double)42.330272, avg=(double)62.388316, min=(double)35.432142, max=(double)3071.486303, latency=(double)16.780471, fps=(double)59.593084, frame_num=(uint)1955;
0:00:34.153755386 [32m    1[00m 0x79c908000b70 [37mTRACE  [00m [00;34m          GST_TRACER :0::[00m latency_tracer_pipeline, frame_latency=(double)41.721562, avg=(double)62.377750, min=(double)35.432142, max=(double)3071.486303, latency=(double)16.788757, fps=(double)59.563670, frame_num=(uint)1956;
0:00:34.153783018 [32m    1[00m 0x79c908000b70 [37mTRACE  [00m [00;34m          GST_TRACER :0::[00m latency_tracer_pipeline, frame_latency=(double)41.721562, avg=(double)62.367195, min=(double)35.432142, max=(double)3071.486303, latency=(double)16.780178, fps=(double)59.594122, frame_num=(uint)1957;
0:00:34.188903419 [32m    1[00m 0x79c908000b70 [37mTRACE  [00m [00;34m          GST_TRACER :0::[00m latency_tracer_pipeline, frame_latency=(double)43.703562, avg=(double)62.357663, min=(double)35.432142, max=(double)3071.486303, latency=(double)16.789559, fps=(double)59.560824, frame_num=(uint)1958;
0:00:34.188931620 [32m    1[00m 0x79c908000b70 [37mTRACE  [00m [00;34m          GST_TRACER :0::[00m latency_tracer_pipeline, frame_latency=(double)43.703562, avg=(double)62.348141, min=(double)35.432142, max=(double)3071.486303, latency=(double)16.780989, fps=(double)59.591243, frame_num=(uint)1959;
0:00:34.221472830 [32m    1[00m 0x79c908000b70 [37mTRACE  [00m [00;34m          GST_TRACER :0::[00m latency_tracer_pipeline, frame_latency=(double)42.848600, avg=(double)62.338192, min=(double)35.432142, max=(double)3071.486303, latency=(double)16.789045, fps=(double)59.562651, frame_num=(uint)1960;
0:00:34.221513440 [32m    1[00m 0x79c908000b70 [37mTRACE  [00m [00;34m          GST_TRACER :0::[00m latency_tracer_pipeline, frame_latency=(double)42.848600, avg=(double)62.328253, min=(double)35.432142, max=(double)3071.486303, latency=(double)16.780483, fps=(double)59.593040, frame_num=(uint)1961;
0:00:34.254897107 [32m    1[00m 0x79c908000b70 [37mTRACE  [00m [00;34m          GST_TRACER :0::[00m latency_tracer_pipeline, frame_latency=(double)42.933277, avg=(double)62.318368, min=(double)35.432142, max=(double)3071.486303, latency=(double)16.788966, fps=(double)59.562930, frame_num=(uint)1962;
0:00:34.254925666 [32m    1[00m 0x79c908000b70 [37mTRACE  [00m [00;34m          GST_TRACER :0::[00m latency_tracer_pipeline, frame_latency=(double)42.933277, avg=(double)62.308493, min=(double)35.432142, max=(double)3071.486303, latency=(double)16.780413, fps=(double)59.593288, frame_num=(uint)1963;
0:00:34.286702474 [32m    1[00m 0x79c908000b70 [37mTRACE  [00m [00;34m          GST_TRACER :0::[00m latency_tracer_pipeline, frame_latency=(double)41.352435, avg=(double)62.297823, min=(double)35.432142, max=(double)3071.486303, latency=(double)16.788063, fps=(double)59.566133, frame_num=(uint)1964;
0:00:34.286729056 [32m    1[00m 0x79c908000b70 [37mTRACE  [00m [00;34m          GST_TRACER :0::[00m latency_tracer_pipeline, frame_latency=(double)41.352435, avg=(double)62.287163, min=(double)35.432142, max=(double)3071.486303, latency=(double)16.779520, fps=(double)59.596462, frame_num=(uint)1965;
0:00:34.321406642 [32m    1[00m 0x79c908000b70 [37mTRACE  [00m [00;34m          GST_TRACER :0::[00m latency_tracer_pipeline, frame_latency=(double)43.080854, avg=(double)62.277394, min=(double)35.432142, max=(double)3071.486303, latency=(double)16.788637, fps=(double)59.564096, frame_num=(uint)1966;
0:00:34.321435981 [32m    1[00m 0x79c908000b70 [37mTRACE  [00m [00;34m          GST_TRACER :0::[00m latency_tracer_pipeline, frame_latency=(double)43.080854, avg=(double)62.267635, min=(double)35.432142, max=(double)3071.486303, latency=(double)16.780102, fps=(double)59.594393, frame_num=(uint)1967;
0:00:34.354212087 [32m    1[00m 0x79c908000b70 [37mTRACE  [00m [00;34m          GST_TRACER :0::[00m latency_tracer_pipeline, frame_latency=(double)42.379261, avg=(double)62.257529, min=(double)35.432142, max=(double)3071.486303, latency=(double)16.788244, fps=(double)59.565492, frame_num=(uint)1968;
0:00:34.354244794 [32m    1[00m 0x79c908000b70 [37mTRACE  [00m [00;34m          GST_TRACER :0::[00m latency_tracer_pipeline, frame_latency=(double)42.379261, avg=(double)62.247433, min=(double)35.432142, max=(double)3071.486303, latency=(double)16.779717, fps=(double)59.595759, frame_num=(uint)1969;
0:00:34.386670189 [32m    1[00m 0x79c908000b70 [37mTRACE  [00m [00;34m          GST_TRACER :0::[00m latency_tracer_pipeline, frame_latency=(double)41.922664, avg=(double)62.237116, min=(double)35.432142, max=(double)3071.486303, latency=(double)16.787677, fps=(double)59.567502, frame_num=(uint)1970;
0:00:34.386698681 [32m    1[00m 0x79c908000b70 [37mTRACE  [00m [00;34m          GST_TRACER :0::[00m latency_tracer_pipeline, frame_latency=(double)41.922664, avg=(double)62.226810, min=(double)35.432142, max=(double)3071.486303, latency=(double)16.779160, fps=(double)59.597739, frame_num=(uint)1971;
0:00:34.420684392 [32m    1[00m 0x79c908000b70 [37mTRACE  [00m [00;34m          GST_TRACER :0::[00m latency_tracer_pipeline, frame_latency=(double)42.775615, avg=(double)62.216946, min=(double)35.432142, max=(double)3071.486303, latency=(double)16.787900, fps=(double)59.566712, frame_num=(uint)1972;
0:00:34.420711823 [32m    1[00m 0x79c908000b70 [37mTRACE  [00m [00;34m          GST_TRACER :0::[00m latency_tracer_pipeline, frame_latency=(double)42.775615, avg=(double)62.207092, min=(double)35.432142, max=(double)3071.486303, latency=(double)16.779391, fps=(double)59.596918, frame_num=(uint)1973;
0:00:34.454129737 [32m    1[00m 0x79c908000b70 [37mTRACE  [00m [00;34m          GST_TRACER :0::[00m latency_tracer_pipeline, frame_latency=(double)42.379272, avg=(double)62.197048, min=(double)35.432142, max=(double)3071.486303, latency=(double)16.787834, fps=(double)59.566946, frame_num=(uint)1974;
0:00:34.454158855 [32m    1[00m 0x79c908000b70 [37mTRACE  [00m [00;34m          GST_TRACER :0::[00m latency_tracer_pipeline, frame_latency=(double)42.379272, avg=(double)62.187013, min=(double)35.432142, max=(double)3071.486303, latency=(double)16.779334, fps=(double)59.597121, frame_num=(uint)1975;
0:00:34.487140273 [32m    1[00m 0x79c908000b70 [37mTRACE  [00m [00;34m          GST_TRACER :0::[00m latency_tracer_pipeline, frame_latency=(double)41.981814, avg=(double)62.176788, min=(double)35.432142, max=(double)3071.486303, latency=(double)16.787547, fps=(double)59.567963, frame_num=(uint)1976;
0:00:34.487168048 [32m    1[00m 0x79c908000b70 [37mTRACE  [00m [00;34m          GST_TRACER :0::[00m latency_tracer_pipeline, frame_latency=(double)41.981814, avg=(double)62.166573, min=(double)35.432142, max=(double)3071.486303, latency=(double)16.779056, fps=(double)59.598109, frame_num=(uint)1977;
0:00:34.520561481 [32m    1[00m 0x79c908000b70 [37mTRACE  [00m [00;34m          GST_TRACER :0::[00m latency_tracer_pipeline, frame_latency=(double)42.232414, avg=(double)62.156495, min=(double)35.432142, max=(double)3071.486303, latency=(double)16.787469, fps=(double)59.568240, frame_num=(uint)1978;
0:00:34.520588862 [32m    1[00m 0x79c908000b70 [37mTRACE  [00m [00;34m          GST_TRACER :0::[00m latency_tracer_pipeline, frame_latency=(double)42.232414, avg=(double)62.146427, min=(double)35.432142, max=(double)3071.486303, latency=(double)16.778986, fps=(double)59.598356, frame_num=(uint)1979;
0:00:34.553803139 [32m    1[00m 0x79c908000b70 [37mTRACE  [00m [00;34m          GST_TRACER :0::[00m latency_tracer_pipeline, frame_latency=(double)42.088617, avg=(double)62.136297, min=(double)35.432142, max=(double)3071.486303, latency=(double)16.787302, fps=(double)59.568835, frame_num=(uint)1980;
0:00:34.553831996 [32m    1[00m 0x79c908000b70 [37mTRACE  [00m [00;34m          GST_TRACER :0::[00m latency_tracer_pipeline, frame_latency=(double)42.088617, avg=(double)62.126177, min=(double)35.432142, max=(double)3071.486303, latency=(double)16.778827, fps=(double)59.598920, frame_num=(uint)1981;
0:00:34.587745160 [32m    1[00m 0x79c908000b70 [37mTRACE  [00m [00;34m          GST_TRACER :0::[00m latency_tracer_pipeline, frame_latency=(double)42.701549, avg=(double)62.116377, min=(double)35.432142, max=(double)3071.486303, latency=(double)16.787487, fps=(double)59.568178, frame_num=(uint)1982;
0:00:34.587773902 [32m    1[00m 0x79c908000b70 [37mTRACE  [00m [00;34m          GST_TRACER :0::[00m latency_tracer_pipeline, frame_latency=(double)42.701549, avg=(double)62.106586, min=(double)35.432142, max=(double)3071.486303, latency=(double)16.779021, fps=(double)59.598232, frame_num=(uint)1983;
0:00:34.621501728 [32m    1[00m 0x79c908000b70 [37mTRACE  [00m [00;34m          GST_TRACER :0::[00m latency_tracer_pipeline, frame_latency=(double)43.165317, avg=(double)62.097039, min=(double)35.432142, max=(double)3071.486303, latency=(double)16.787568, fps=(double)59.567888, frame_num=(uint)1984;
0:00:34.621527923 [32m    1[00m 0x79c908000b70 [37mTRACE  [00m [00;34m          GST_TRACER :0::[00m latency_tracer_pipeline, frame_latency=(double)43.165317, avg=(double)62.087502, min=(double)35.432142, max=(double)3071.486303, latency=(double)16.779111, fps=(double)59.597912, frame_num=(uint)1985;
0:00:34.654213312 [32m    1[00m 0x79c908000b70 [37mTRACE  [00m [00;34m          GST_TRACER :0::[00m latency_tracer_pipeline, frame_latency=(double)42.251821, avg=(double)62.077514, min=(double)35.432142, max=(double)3071.486303, latency=(double)16.787144, fps=(double)59.569396, frame_num=(uint)1986;
0:00:34.654241337 [32m    1[00m 0x79c908000b70 [37mTRACE  [00m [00;34m          GST_TRACER :0::[00m latency_tracer_pipeline, frame_latency=(double)42.251821, avg=(double)62.067536, min=(double)35.432142, max=(double)3071.486303, latency=(double)16.778695, fps=(double)59.599391, frame_num=(uint)1987;
0:00:34.687361062 [32m    1[00m 0x79c908000b70 [37mTRACE  [00m [00;34m          GST_TRACER :0::[00m latency_tracer_pipeline, frame_latency=(double)42.311888, avg=(double)62.057599, min=(double)35.432142, max=(double)3071.486303, latency=(double)16.786929, fps=(double)59.570157, frame_num=(uint)1988;
0:00:34.687389192 [32m    1[00m 0x79c908000b70 [37mTRACE  [00m [00;34m          GST_TRACER :0::[00m latency_tracer_pipeline, frame_latency=(double)42.311888, avg=(double)62.047671, min=(double)35.432142, max=(double)3071.486303, latency=(double)16.778489, fps=(double)59.600121, frame_num=(uint)1989;
0:00:34.721333860 [32m    1[00m 0x79c908000b70 [37mTRACE  [00m [00;34m          GST_TRACER :0::[00m latency_tracer_pipeline, frame_latency=(double)42.708178, avg=(double)62.037953, min=(double)35.432142, max=(double)3071.486303, latency=(double)16.787130, fps=(double)59.569445, frame_num=(uint)1990;
0:00:34.721362323 [32m    1[00m 0x79c908000b70 [37mTRACE  [00m [00;34m          GST_TRACER :0::[00m latency_tracer_pipeline, frame_latency=(double)42.708178, avg=(double)62.028244, min=(double)35.432142, max=(double)3071.486303, latency=(double)16.778698, fps=(double)59.599379, frame_num=(uint)1991;
0:00:34.753878264 [32m    1[00m 0x79c908000b70 [37mTRACE  [00m [00;34m          GST_TRACER :0::[00m latency_tracer_pipeline, frame_latency=(double)41.896388, avg=(double)62.018138, min=(double)35.432142, max=(double)3071.486303, latency=(double)16.786610, fps=(double)59.571288, frame_num=(uint)1992;
0:00:34.753913477 [32m    1[00m 0x79c908000b70 [37mTRACE  [00m [00;34m          GST_TRACER :0::[00m latency_tracer_pipeline, frame_latency=(double)41.896388, avg=(double)62.008042, min=(double)35.432142, max=(double)3071.486303, latency=(double)16.778188, fps=(double)59.601193, frame_num=(uint)1993;
0:00:34.786512256 [32m    1[00m 0x79c908000b70 [37mTRACE  [00m [00;34m          GST_TRACER :0::[00m latency_tracer_pipeline, frame_latency=(double)41.962900, avg=(double)61.997989, min=(double)35.432142, max=(double)3071.486303, latency=(double)16.786132, fps=(double)59.572984, frame_num=(uint)1994;
0:00:34.786569156 [32m    1[00m 0x79c908000b70 [37mTRACE  [00m [00;34m          GST_TRACER :0::[00m latency_tracer_pipeline, frame_latency=(double)41.962900, avg=(double)61.987946, min=(double)35.432142, max=(double)3071.486303, latency=(double)16.777718, fps=(double)59.602860, frame_num=(uint)1995;
0:00:34.820526466 [32m    1[00m 0x79c908000b70 [37mTRACE  [00m [00;34m          GST_TRACER :0::[00m latency_tracer_pipeline, frame_latency=(double)42.523611, avg=(double)61.978195, min=(double)35.432142, max=(double)3071.486303, latency=(double)16.786363, fps=(double)59.572167, frame_num=(uint)1996;
0:00:34.820553487 [32m    1[00m 0x79c908000b70 [37mTRACE  [00m [00;34m          GST_TRACER :0::[00m latency_tracer_pipeline, frame_latency=(double)42.523611, avg=(double)61.968453, min=(double)35.432142, max=(double)3071.486303, latency=(double)16.777957, fps=(double)59.602013, frame_num=(uint)1997;
0:00:34.854232873 [32m    1[00m 0x79c908000b70 [37mTRACE  [00m [00;34m          GST_TRACER :0::[00m latency_tracer_pipeline, frame_latency=(double)42.562729, avg=(double)61.958740, min=(double)35.432142, max=(double)3071.486303, latency=(double)16.786430, fps=(double)59.571928, frame_num=(uint)1998;
0:00:34.854260247 [32m    1[00m 0x79c908000b70 [37mTRACE  [00m [00;34m          GST_TRACER :0::[00m latency_tracer_pipeline, frame_latency=(double)42.562729, avg=(double)61.949037, min=(double)35.432142, max=(double)3071.486303, latency=(double)16.778032, fps=(double)59.601744, frame_num=(uint)1999;
0:00:34.887384212 [32m    1[00m 0x79c908000b70 [37mTRACE  [00m [00;34m          GST_TRACER :0::[00m latency_tracer_pipeline, frame_latency=(double)42.296543, avg=(double)61.939211, min=(double)35.432142, max=(double)3071.486303, latency=(double)16.786219, fps=(double)59.572676, frame_num=(uint)2000;
0:00:34.887411050 [32m    1[00m 0x79c908000b70 [37mTRACE  [00m [00;34m          GST_TRACER :0::[00m latency_tracer_pipeline, frame_latency=(double)42.296543, avg=(double)61.929395, min=(double)35.432142, max=(double)3071.486303, latency=(double)16.777830, fps=(double)59.602462, frame_num=(uint)2001;
0:00:34.920642069 [32m    1[00m 0x79c908000b70 [37mTRACE  [00m [00;34m          GST_TRACER :0::[00m latency_tracer_pipeline, frame_latency=(double)42.297591, avg=(double)61.919589, min=(double)35.432142, max=(double)3071.486303, latency=(double)16.786062, fps=(double)59.573235, frame_num=(uint)2002;
0:00:34.920668070 [32m    1[00m 0x79c908000b70 [37mTRACE  [00m [00;34m          GST_TRACER :0::[00m latency_tracer_pipeline, frame_latency=(double)42.297591, avg=(double)61.909792, min=(double)35.432142, max=(double)3071.486303, latency=(double)16.777681, fps=(double)59.602991, frame_num=(uint)2003;
0:00:34.954397086 [32m    1[00m 0x79c908000b70 [37mTRACE  [00m [00;34m          GST_TRACER :0::[00m latency_tracer_pipeline, frame_latency=(double)42.676141, avg=(double)61.900195, min=(double)35.432142, max=(double)3071.486303, latency=(double)16.786153, fps=(double)59.572912, frame_num=(uint)2004;
0:00:34.954424213 [32m    1[00m 0x79c908000b70 [37mTRACE  [00m [00;34m          GST_TRACER :0::[00m latency_tracer_pipeline, frame_latency=(double)42.676141, avg=(double)61.890607, min=(double)35.432142, max=(double)3071.486303, latency=(double)16.777781, fps=(double)59.602639, frame_num=(uint)2005;
0:00:34.987101037 [32m    1[00m 0x79c908000b70 [37mTRACE  [00m [00;34m          GST_TRACER :0::[00m latency_tracer_pipeline, frame_latency=(double)41.833431, avg=(double)61.880608, min=(double)35.432142, max=(double)3071.486303, latency=(double)16.785720, fps=(double)59.574446, frame_num=(uint)2006;
0:00:34.987129696 [32m    1[00m 0x79c908000b70 [37mTRACE  [00m [00;34m          GST_TRACER :0::[00m latency_tracer_pipeline, frame_latency=(double)41.833431, avg=(double)61.870619, min=(double)35.432142, max=(double)3071.486303, latency=(double)16.777357, fps=(double)59.604144, frame_num=(uint)2007;
0:00:35.020079289 [32m    1[00m 0x79c908000b70 [37mTRACE  [00m [00;34m          GST_TRACER :0::[00m latency_tracer_pipeline, frame_latency=(double)41.712461, avg=(double)61.860581, min=(double)35.432142, max=(double)3071.486303, latency=(double)16.785425, fps=(double)59.575496, frame_num=(uint)2008;
0:00:35.020106550 [32m    1[00m 0x79c908000b70 [37mTRACE  [00m [00;34m          GST_TRACER :0::[00m latency_tracer_pipeline, frame_latency=(double)41.712461, avg=(double)61.850552, min=(double)35.432142, max=(double)3071.486303, latency=(double)16.777069, fps=(double)59.605166, frame_num=(uint)2009;
0:00:35.053709133 [32m    1[00m 0x79c908000b70 [37mTRACE  [00m [00;34m          GST_TRACER :0::[00m latency_tracer_pipeline, frame_latency=(double)42.332285, avg=(double)61.840841, min=(double)35.432142, max=(double)3071.486303, latency=(double)16.785454, fps=(double)59.575391, frame_num=(uint)2010;
0:00:35.053736481 [32m    1[00m 0x79c908000b70 [37mTRACE  [00m [00;34m          GST_TRACER :0::[00m latency_tracer_pipeline, frame_latency=(double)42.332285, avg=(double)61.831140, min=(double)35.432142, max=(double)3071.486303, latency=(double)16.777107, fps=(double)59.605031, frame_num=(uint)2011;
FpsCounter(last 1.03sec): total=30.03 fps, number-streams=1, per-stream=30.03 fps
latency: -6566.67ms
0:00:35.087272851 [32m    1[00m 0x79c908000b70 [37mTRACE  [00m [00;34m          GST_TRACER :0::[00m latency_tracer_pipeline, frame_latency=(double)41.950340, avg=(double)61.821259, min=(double)35.432142, max=(double)3071.486303, latency=(double)16.785452, fps=(double)59.575398, frame_num=(uint)2012;
0:00:35.087289559 [32m    1[00m 0x79c908000b70 [37mTRACE  [00m [00;34m          GST_TRACER :0::[00m latency_tracer_pipeline_interval, interval=(double)1032.361833, avg=(double)42.394000, min=(double)41.352435, max=(double)43.703562, latency=(double)16.650997, fps=(double)60.056463;
0:00:35.087297796 [32m    1[00m 0x79c908000b70 [37mTRACE  [00m [00;34m          GST_TRACER :0::[00m latency_tracer_pipeline, frame_latency=(double)41.950340, avg=(double)61.811388, min=(double)35.432142, max=(double)3071.486303, latency=(double)16.777114, fps=(double)59.605008, frame_num=(uint)2013;
0:00:35.120449355 [32m    1[00m 0x79c908000b70 [37mTRACE  [00m [00;34m          GST_TRACER :0::[00m latency_tracer_pipeline, frame_latency=(double)42.305744, avg=(double)61.801703, min=(double)35.432142, max=(double)3071.486303, latency=(double)16.785255, fps=(double)59.576099, frame_num=(uint)2014;
0:00:35.120474214 [32m    1[00m 0x79c908000b70 [37mTRACE  [00m [00;34m          GST_TRACER :0::[00m latency_tracer_pipeline, frame_latency=(double)42.305744, avg=(double)61.792027, min=(double)35.432142, max=(double)3071.486303, latency=(double)16.776925, fps=(double)59.605680, frame_num=(uint)2015;
0:00:35.153945395 [32m    1[00m 0x79c908000b70 [37mTRACE  [00m [00;34m          GST_TRACER :0::[00m latency_tracer_pipeline, frame_latency=(double)42.625102, avg=(double)61.782520, min=(double)35.432142, max=(double)3071.486303, latency=(double)16.785216, fps=(double)59.576236, frame_num=(uint)2016;
0:00:35.153973659 [32m    1[00m 0x79c908000b70 [37mTRACE  [00m [00;34m          GST_TRACER :0::[00m latency_tracer_pipeline, frame_latency=(double)42.625102, avg=(double)61.773022, min=(double)35.432142, max=(double)3071.486303, latency=(double)16.776894, fps=(double)59.605787, frame_num=(uint)2017;
0:00:35.188354130 [32m    1[00m 0x79c908000b70 [37mTRACE  [00m [00;34m          GST_TRACER :0::[00m latency_tracer_pipeline, frame_latency=(double)43.813052, avg=(double)61.764122, min=(double)35.432142, max=(double)3071.486303, latency=(double)16.785633, fps=(double)59.574755, frame_num=(uint)2018;
0:00:35.188380055 [32m    1[00m 0x79c908000b70 [37mTRACE  [00m [00;34m          GST_TRACER :0::[00m latency_tracer_pipeline, frame_latency=(double)43.813052, avg=(double)61.755231, min=(double)35.432142, max=(double)3071.486303, latency=(double)16.777320, fps=(double)59.604276, frame_num=(uint)2019;
0:00:35.220764889 [32m    1[00m 0x79c908000b70 [37mTRACE  [00m [00;34m          GST_TRACER :0::[00m latency_tracer_pipeline, frame_latency=(double)42.438516, avg=(double)61.745668, min=(double)35.432142, max=(double)3071.486303, latency=(double)16.785059, fps=(double)59.576795, frame_num=(uint)2020;
0:00:35.220792154 [32m    1[00m 0x79c908000b70 [37mTRACE  [00m [00;34m          GST_TRACER :0::[00m latency_tracer_pipeline, frame_latency=(double)42.438516, avg=(double)61.736115, min=(double)35.432142, max=(double)3071.486303, latency=(double)16.776753, fps=(double)59.606289, frame_num=(uint)2021;
0:00:35.253402059 [32m    1[00m 0x79c908000b70 [37mTRACE  [00m [00;34m          GST_TRACER :0::[00m latency_tracer_pipeline, frame_latency=(double)41.669987, avg=(double)61.726191, min=(double)35.432142, max=(double)3071.486303, latency=(double)16.784598, fps=(double)59.578431, frame_num=(uint)2022;
0:00:35.253430065 [32m    1[00m 0x79c908000b70 [37mTRACE  [00m [00;34m          GST_TRACER :0::[00m latency_tracer_pipeline, frame_latency=(double)41.669987, avg=(double)61.716277, min=(double)35.432142, max=(double)3071.486303, latency=(double)16.776301, fps=(double)59.607897, frame_num=(uint)2023;
0:00:35.286613020 [32m    1[00m 0x79c908000b70 [37mTRACE  [00m [00;34m          GST_TRACER :0::[00m latency_tracer_pipeline, frame_latency=(double)41.594876, avg=(double)61.706336, min=(double)35.432142, max=(double)3071.486303, latency=(double)16.784420, fps=(double)59.579062, frame_num=(uint)2024;
0:00:35.286642049 [32m    1[00m 0x79c908000b70 [37mTRACE  [00m [00;34m          GST_TRACER :0::[00m latency_tracer_pipeline, frame_latency=(double)41.594876, avg=(double)61.696404, min=(double)35.432142, max=(double)3071.486303, latency=(double)16.776132, fps=(double)59.608498, frame_num=(uint)2025;
0:00:35.320497348 [32m    1[00m 0x79c908000b70 [37mTRACE  [00m [00;34m          GST_TRACER :0::[00m latency_tracer_pipeline, frame_latency=(double)42.134497, avg=(double)61.686749, min=(double)35.432142, max=(double)3071.486303, latency=(double)16.784573, fps=(double)59.578518, frame_num=(uint)2026;
0:00:35.320523909 [32m    1[00m 0x79c908000b70 [37mTRACE  [00m [00;34m          GST_TRACER :0::[00m latency_tracer_pipeline, frame_latency=(double)42.134497, avg=(double)61.677103, min=(double)35.432142, max=(double)3071.486303, latency=(double)16.776293, fps=(double)59.607925, frame_num=(uint)2027;
0:00:35.354259811 [32m    1[00m 0x79c908000b70 [37mTRACE  [00m [00;34m          GST_TRACER :0::[00m latency_tracer_pipeline, frame_latency=(double)42.537283, avg=(double)61.667665, min=(double)35.432142, max=(double)3071.486303, latency=(double)16.784672, fps=(double)59.578168, frame_num=(uint)2028;
0:00:35.354288464 [32m    1[00m 0x79c908000b70 [37mTRACE  [00m [00;34m          GST_TRACER :0::[00m latency_tracer_pipeline, frame_latency=(double)42.537283, avg=(double)61.658236, min=(double)35.432142, max=(double)3071.486303, latency=(double)16.776399, fps=(double)59.607546, frame_num=(uint)2029;
0:00:35.388210734 [32m    1[00m 0x79c908000b70 [37mTRACE  [00m [00;34m          GST_TRACER :0::[00m latency_tracer_pipeline, frame_latency=(double)42.931767, avg=(double)61.649011, min=(double)35.432142, max=(double)3071.486303, latency=(double)16.784859, fps=(double)59.577503, frame_num=(uint)2030;
0:00:35.388240348 [32m    1[00m 0x79c908000b70 [37mTRACE  [00m [00;34m          GST_TRACER :0::[00m latency_tracer_pipeline, frame_latency=(double)42.931767, avg=(double)61.639796, min=(double)35.432142, max=(double)3071.486303, latency=(double)16.776595, fps=(double)59.606851, frame_num=(uint)2031;
0:00:35.420545050 [32m    1[00m 0x79c908000b70 [37mTRACE  [00m [00;34m          GST_TRACER :0::[00m latency_tracer_pipeline, frame_latency=(double)41.656081, avg=(double)61.629961, min=(double)35.432142, max=(double)3071.486303, latency=(double)16.784251, fps=(double)59.579660, frame_num=(uint)2032;
0:00:35.420572831 [32m    1[00m 0x79c908000b70 [37mTRACE  [00m [00;34m          GST_TRACER :0::[00m latency_tracer_pipeline, frame_latency=(double)41.656081, avg=(double)61.620136, min=(double)35.432142, max=(double)3071.486303, latency=(double)16.775996, fps=(double)59.608981, frame_num=(uint)2033;
0:00:35.455798563 [32m    1[00m 0x79c908000b70 [37mTRACE  [00m [00;34m          GST_TRACER :0::[00m latency_tracer_pipeline, frame_latency=(double)44.320003, avg=(double)61.611631, min=(double)35.432142, max=(double)3071.486303, latency=(double)16.785080, fps=(double)59.576719, frame_num=(uint)2034;
0:00:35.455826608 [32m    1[00m 0x79c908000b70 [37mTRACE  [00m [00;34m          GST_TRACER :0::[00m latency_tracer_pipeline, frame_latency=(double)44.320003, avg=(double)61.603134, min=(double)35.432142, max=(double)3071.486303, latency=(double)16.776832, fps=(double)59.606009, frame_num=(uint)2035;
0:00:35.487555803 [32m    1[00m 0x79c908000b70 [37mTRACE  [00m [00;34m          GST_TRACER :0::[00m latency_tracer_pipeline, frame_latency=(double)42.142295, avg=(double)61.593575, min=(double)35.432142, max=(double)3071.486303, latency=(double)16.784190, fps=(double)59.579879, frame_num=(uint)2036;
0:00:35.487580610 [32m    1[00m 0x79c908000b70 [37mTRACE  [00m [00;34m          GST_TRACER :0::[00m latency_tracer_pipeline, frame_latency=(double)42.142295, avg=(double)61.584026, min=(double)35.432142, max=(double)3071.486303, latency=(double)16.775950, fps=(double)59.609142, frame_num=(uint)2037;
0:00:35.521115210 [32m    1[00m 0x79c908000b70 [37mTRACE  [00m [00;34m          GST_TRACER :0::[00m latency_tracer_pipeline, frame_latency=(double)42.497391, avg=(double)61.574661, min=(double)35.432142, max=(double)3071.486303, latency=(double)16.784184, fps=(double)59.579900, frame_num=(uint)2038;
0:00:35.521150917 [32m    1[00m 0x79c908000b70 [37mTRACE  [00m [00;34m          GST_TRACER :0::[00m latency_tracer_pipeline, frame_latency=(double)42.497391, avg=(double)61.565305, min=(double)35.432142, max=(double)3071.486303, latency=(double)16.775952, fps=(double)59.609134, frame_num=(uint)2039;
0:00:35.554574287 [32m    1[00m 0x79c908000b70 [37mTRACE  [00m [00;34m          GST_TRACER :0::[00m latency_tracer_pipeline, frame_latency=(double)42.599885, avg=(double)61.556008, min=(double)35.432142, max=(double)3071.486303, latency=(double)16.784130, fps=(double)59.580090, frame_num=(uint)2040;
0:00:35.554603562 [32m    1[00m 0x79c908000b70 [37mTRACE  [00m [00;34m          GST_TRACER :0::[00m latency_tracer_pipeline, frame_latency=(double)42.599885, avg=(double)61.546720, min=(double)35.432142, max=(double)3071.486303, latency=(double)16.775907, fps=(double)59.609296, frame_num=(uint)2041;
0:00:35.588398789 [32m    1[00m 0x79c908000b70 [37mTRACE  [00m [00;34m          GST_TRACER :0::[00m latency_tracer_pipeline, frame_latency=(double)43.770826, avg=(double)61.538015, min=(double)35.432142, max=(double)3071.486303, latency=(double)16.784257, fps=(double)59.579640, frame_num=(uint)2042;
0:00:35.588426334 [32m    1[00m 0x79c908000b70 [37mTRACE  [00m [00;34m          GST_TRACER :0::[00m latency_tracer_pipeline, frame_latency=(double)43.770826, avg=(double)61.529319, min=(double)35.432142, max=(double)3071.486303, latency=(double)16.776042, fps=(double)59.608817, frame_num=(uint)2043;
0:00:35.620688798 [32m    1[00m 0x79c908000b70 [37mTRACE  [00m [00;34m          GST_TRACER :0::[00m latency_tracer_pipeline, frame_latency=(double)42.131372, avg=(double)61.519828, min=(double)35.432142, max=(double)3071.486303, latency=(double)16.783631, fps=(double)59.581861, frame_num=(uint)2044;
0:00:35.620715685 [32m    1[00m 0x79c908000b70 [37mTRACE  [00m [00;34m          GST_TRACER :0::[00m latency_tracer_pipeline, frame_latency=(double)42.131372, avg=(double)61.510348, min=(double)35.432142, max=(double)3071.486303, latency=(double)16.775424, fps=(double)59.611011, frame_num=(uint)2045;
0:00:35.654619510 [32m    1[00m 0x79c908000b70 [37mTRACE  [00m [00;34m          GST_TRACER :0::[00m latency_tracer_pipeline, frame_latency=(double)42.818215, avg=(double)61.501212, min=(double)35.432142, max=(double)3071.486303, latency=(double)16.783809, fps=(double)59.581232, frame_num=(uint)2046;
0:00:35.654674564 [32m    1[00m 0x79c908000b70 [37mTRACE  [00m [00;34m          GST_TRACER :0::[00m latency_tracer_pipeline, frame_latency=(double)42.818215, avg=(double)61.492085, min=(double)35.432142, max=(double)3071.486303, latency=(double)16.775610, fps=(double)59.610353, frame_num=(uint)2047;
0:00:35.687258578 [32m    1[00m 0x79c908000b70 [37mTRACE  [00m [00;34m          GST_TRACER :0::[00m latency_tracer_pipeline, frame_latency=(double)42.200116, avg=(double)61.482665, min=(double)35.432142, max=(double)3071.486303, latency=(double)16.783356, fps=(double)59.582840, frame_num=(uint)2048;
0:00:35.687286072 [32m    1[00m 0x79c908000b70 [37mTRACE  [00m [00;34m          GST_TRACER :0::[00m latency_tracer_pipeline, frame_latency=(double)42.200116, avg=(double)61.473254, min=(double)35.432142, max=(double)3071.486303, latency=(double)16.775165, fps=(double)59.611934, frame_num=(uint)2049;
0:00:35.720658586 [32m    1[00m 0x79c908000b70 [37mTRACE  [00m [00;34m          GST_TRACER :0::[00m latency_tracer_pipeline, frame_latency=(double)42.393657, avg=(double)61.463947, min=(double)35.432142, max=(double)3071.486303, latency=(double)16.783274, fps=(double)59.583129, frame_num=(uint)2050;
0:00:35.720684901 [32m    1[00m 0x79c908000b70 [37mTRACE  [00m [00;34m          GST_TRACER :0::[00m latency_tracer_pipeline, frame_latency=(double)42.393657, avg=(double)61.454649, min=(double)35.432142, max=(double)3071.486303, latency=(double)16.775091, fps=(double)59.612194, frame_num=(uint)2051;
0:00:35.754875943 [32m    1[00m 0x79c908000b70 [37mTRACE  [00m [00;34m          GST_TRACER :0::[00m latency_tracer_pipeline, frame_latency=(double)43.100558, avg=(double)61.445704, min=(double)35.432142, max=(double)3071.486303, latency=(double)16.783591, fps=(double)59.582005, frame_num=(uint)2052;
0:00:35.754904560 [32m    1[00m 0x79c908000b70 [37mTRACE  [00m [00;34m          GST_TRACER :0::[00m latency_tracer_pipeline, frame_latency=(double)43.100558, avg=(double)61.436769, min=(double)35.432142, max=(double)3071.486303, latency=(double)16.775416, fps=(double)59.611041, frame_num=(uint)2053;
0:00:35.786901082 [32m    1[00m 0x79c908000b70 [37mTRACE  [00m [00;34m          GST_TRACER :0::[00m latency_tracer_pipeline, frame_latency=(double)41.877026, avg=(double)61.427246, min=(double)35.432142, max=(double)3071.486303, latency=(double)16.782841, fps=(double)59.584667, frame_num=(uint)2054;
0:00:35.786929008 [32m    1[00m 0x79c908000b70 [37mTRACE  [00m [00;34m          GST_TRACER :0::[00m latency_tracer_pipeline, frame_latency=(double)41.877026, avg=(double)61.417732, min=(double)35.432142, max=(double)3071.486303, latency=(double)16.774674, fps=(double)59.613676, frame_num=(uint)2055;
0:00:35.820397835 [32m    1[00m 0x79c908000b70 [37mTRACE  [00m [00;34m          GST_TRACER :0::[00m latency_tracer_pipeline, frame_latency=(double)41.987480, avg=(double)61.408282, min=(double)35.432142, max=(double)3071.486303, latency=(double)16.782807, fps=(double)59.584789, frame_num=(uint)2056;
0:00:35.820425884 [32m    1[00m 0x79c908000b70 [37mTRACE  [00m [00;34m          GST_TRACER :0::[00m latency_tracer_pipeline, frame_latency=(double)41.987480, avg=(double)61.398840, min=(double)35.432142, max=(double)3071.486303, latency=(double)16.774648, fps=(double)59.613770, frame_num=(uint)2057;
0:00:35.854082891 [32m    1[00m 0x79c908000b70 [37mTRACE  [00m [00;34m          GST_TRACER :0::[00m latency_tracer_pipeline, frame_latency=(double)42.546295, avg=(double)61.389680, min=(double)35.432142, max=(double)3071.486303, latency=(double)16.782865, fps=(double)59.584581, frame_num=(uint)2058;
0:00:35.854111034 [32m    1[00m 0x79c908000b70 [37mTRACE  [00m [00;34m          GST_TRACER :0::[00m latency_tracer_pipeline, frame_latency=(double)42.546295, avg=(double)61.380528, min=(double)35.432142, max=(double)3071.486303, latency=(double)16.774714, fps=(double)59.613534, frame_num=(uint)2059;
0:00:35.886725834 [32m    1[00m 0x79c908000b70 [37mTRACE  [00m [00;34m          GST_TRACER :0::[00m latency_tracer_pipeline, frame_latency=(double)41.527553, avg=(double)61.370891, min=(double)35.432142, max=(double)3071.486303, latency=(double)16.782417, fps=(double)59.586172, frame_num=(uint)2060;
0:00:35.886754655 [32m    1[00m 0x79c908000b70 [37mTRACE  [00m [00;34m          GST_TRACER :0::[00m latency_tracer_pipeline, frame_latency=(double)41.527553, avg=(double)61.361263, min=(double)35.432142, max=(double)3071.486303, latency=(double)16.774274, fps=(double)59.615098, frame_num=(uint)2061;
FpsCounter(average 1.03sec): total=30.97 fps, number-streams=1, per-stream=30.97 fps
0:00:35.920755397 [32m    1[00m 0x79c908000b70 [37mTRACE  [00m [00;34m          GST_TRACER :0::[00m latency_tracer_pipeline, frame_latency=(double)42.399657, avg=(double)61.352067, min=(double)35.432142, max=(double)3071.486303, latency=(double)16.782644, fps=(double)59.585366, frame_num=(uint)2062;
0:00:35.920772592 [32m    1[00m 0x79c908000b70 [37mTRACE  [00m [00;34m          GST_TRACER :0::[00m latency_tracer_pipeline, frame_latency=(double)42.399657, avg=(double)61.342880, min=(double)35.432142, max=(double)3071.486303, latency=(double)16.774509, fps=(double)59.614263, frame_num=(uint)2063;
0:00:35.954237899 [32m    1[00m 0x79c908000b70 [37mTRACE  [00m [00;34m          GST_TRACER :0::[00m latency_tracer_pipeline, frame_latency=(double)42.601784, avg=(double)61.333800, min=(double)35.432142, max=(double)3071.486303, latency=(double)16.782601, fps=(double)59.585519, frame_num=(uint)2064;
0:00:35.954268788 [32m    1[00m 0x79c908000b70 [37mTRACE  [00m [00;34m          GST_TRACER :0::[00m latency_tracer_pipeline, frame_latency=(double)42.601784, avg=(double)61.324729, min=(double)35.432142, max=(double)3071.486303, latency=(double)16.774474, fps=(double)59.614388, frame_num=(uint)2065;
0:00:35.987208147 [32m    1[00m 0x79c908000b70 [37mTRACE  [00m [00;34m          GST_TRACER :0::[00m latency_tracer_pipeline, frame_latency=(double)42.604939, avg=(double)61.315668, min=(double)35.432142, max=(double)3071.486303, latency=(double)16.782314, fps=(double)59.586537, frame_num=(uint)2066;
0:00:35.987235328 [32m    1[00m 0x79c908000b70 [37mTRACE  [00m [00;34m          GST_TRACER :0::[00m latency_tracer_pipeline, frame_latency=(double)42.604939, avg=(double)61.306616, min=(double)35.432142, max=(double)3071.486303, latency=(double)16.774195, fps=(double)59.615379, frame_num=(uint)2067;
0:00:36.020007263 [32m    1[00m 0x79c908000b70 [37mTRACE  [00m [00;34m          GST_TRACER :0::[00m latency_tracer_pipeline, frame_latency=(double)41.737528, avg=(double)61.297153, min=(double)35.432142, max=(double)3071.486303, latency=(double)16.781943, fps=(double)59.587854, frame_num=(uint)2068;
0:00:36.020034957 [32m    1[00m 0x79c908000b70 [37mTRACE  [00m [00;34m          GST_TRACER :0::[00m latency_tracer_pipeline, frame_latency=(double)41.737528, avg=(double)61.287700, min=(double)35.432142, max=(double)3071.486303, latency=(double)16.773832, fps=(double)59.616669, frame_num=(uint)2069;
0:00:36.052691227 [32m    1[00m 0x79c908000b70 [37mTRACE  [00m [00;34m          GST_TRACER :0::[00m latency_tracer_pipeline, frame_latency=(double)41.440619, avg=(double)61.278112, min=(double)35.432142, max=(double)3071.486303, latency=(double)16.781523, fps=(double)59.589346, frame_num=(uint)2070;
0:00:36.052706547 [32m    1[00m 0x79c908000b70 [37mTRACE  [00m [00;34m          GST_TRACER :0::[00m latency_tracer_pipeline, frame_latency=(double)41.440619, avg=(double)61.268533, min=(double)35.432142, max=(double)3071.486303, latency=(double)16.773420, fps=(double)59.618133, frame_num=(uint)2071;
0:00:36.086328579 [32m    1[00m 0x79c908000b70 [37mTRACE  [00m [00;34m          GST_TRACER :0::[00m latency_tracer_pipeline, frame_latency=(double)41.850267, avg=(double)61.259161, min=(double)35.432142, max=(double)3071.486303, latency=(double)16.781553, fps=(double)59.589241, frame_num=(uint)2072;
0:00:36.086366010 [32m    1[00m 0x79c908000b70 [37mTRACE  [00m [00;34m          GST_TRACER :0::[00m latency_tracer_pipeline, frame_latency=(double)41.850267, avg=(double)61.249798, min=(double)35.432142, max=(double)3071.486303, latency=(double)16.773458, fps=(double)59.618000, frame_num=(uint)2073;
FpsCounter(last 1.03sec): total=30.01 fps, number-streams=1, per-stream=30.01 fps
latency: -6773.41ms
0:00:36.120197788 [32m    1[00m 0x79c908000b70 [37mTRACE  [00m [00;34m          GST_TRACER :0::[00m latency_tracer_pipeline, frame_latency=(double)42.396369, avg=(double)61.240708, min=(double)35.432142, max=(double)3071.486303, latency=(double)16.781705, fps=(double)59.588701, frame_num=(uint)2074;
0:00:36.120213937 [32m    1[00m 0x79c908000b70 [37mTRACE  [00m [00;34m          GST_TRACER :0::[00m latency_tracer_pipeline_interval, interval=(double)1032.926426, avg=(double)42.400894, min=(double)41.440619, max=(double)44.320003, latency=(double)16.660104, fps=(double)60.023636;
0:00:36.120221867 [32m    1[00m 0x79c908000b70 [37mTRACE  [00m [00;34m          GST_TRACER :0::[00m latency_tracer_pipeline, frame_latency=(double)42.396369, avg=(double)61.231626, min=(double)35.432142, max=(double)3071.486303, latency=(double)16.773617, fps=(double)59.617432, frame_num=(uint)2075;
0:00:36.152994200 [32m    1[00m 0x79c908000b70 [37mTRACE  [00m [00;34m          GST_TRACER :0::[00m latency_tracer_pipeline, frame_latency=(double)41.412550, avg=(double)61.222080, min=(double)35.432142, max=(double)3071.486303, latency=(double)16.781333, fps=(double)59.590023, frame_num=(uint)2076;
0:00:36.153023264 [32m    1[00m 0x79c908000b70 [37mTRACE  [00m [00;34m          GST_TRACER :0::[00m latency_tracer_pipeline, frame_latency=(double)41.412550, avg=(double)61.212542, min=(double)35.432142, max=(double)3071.486303, latency=(double)16.773253, fps=(double)59.618728, frame_num=(uint)2077;
0:00:36.187440686 [32m    1[00m 0x79c908000b70 [37mTRACE  [00m [00;34m          GST_TRACER :0::[00m latency_tracer_pipeline, frame_latency=(double)42.605264, avg=(double)61.203588, min=(double)35.432142, max=(double)3071.486303, latency=(double)16.781759, fps=(double)59.588510, frame_num=(uint)2078;
0:00:36.187468608 [32m    1[00m 0x79c908000b70 [37mTRACE  [00m [00;34m          GST_TRACER :0::[00m latency_tracer_pipeline, frame_latency=(double)42.605264, avg=(double)61.194642, min=(double)35.432142, max=(double)3071.486303, latency=(double)16.773687, fps=(double)59.617186, frame_num=(uint)2079;
0:00:36.220691704 [32m    1[00m 0x79c908000b70 [37mTRACE  [00m [00;34m          GST_TRACER :0::[00m latency_tracer_pipeline, frame_latency=(double)42.556670, avg=(double)61.185681, min=(double)35.432142, max=(double)3071.486303, latency=(double)16.781609, fps=(double)59.589043, frame_num=(uint)2080;
0:00:36.220718164 [32m    1[00m 0x79c908000b70 [37mTRACE  [00m [00;34m          GST_TRACER :0::[00m latency_tracer_pipeline, frame_latency=(double)42.556670, avg=(double)61.176729, min=(double)35.432142, max=(double)3071.486303, latency=(double)16.773544, fps=(double)59.617692, frame_num=(uint)2081;
0:00:36.253984884 [32m    1[00m 0x79c908000b70 [37mTRACE  [00m [00;34m          GST_TRACER :0::[00m latency_tracer_pipeline, frame_latency=(double)42.191753, avg=(double)61.167611, min=(double)35.432142, max=(double)3071.486303, latency=(double)16.781479, fps=(double)59.589504, frame_num=(uint)2082;
0:00:36.254012783 [32m    1[00m 0x79c908000b70 [37mTRACE  [00m [00;34m          GST_TRACER :0::[00m latency_tracer_pipeline, frame_latency=(double)42.191753, avg=(double)61.158501, min=(double)35.432142, max=(double)3071.486303, latency=(double)16.773422, fps=(double)59.618126, frame_num=(uint)2083;
0:00:36.287464813 [32m    1[00m 0x79c908000b70 [37mTRACE  [00m [00;34m          GST_TRACER :0::[00m latency_tracer_pipeline, frame_latency=(double)42.630043, avg=(double)61.149610, min=(double)35.432142, max=(double)3071.486303, latency=(double)16.781438, fps=(double)59.589651, frame_num=(uint)2084;
0:00:36.287514059 [32m    1[00m 0x79c908000b70 [37mTRACE  [00m [00;34m          GST_TRACER :0::[00m latency_tracer_pipeline, frame_latency=(double)42.630043, avg=(double)61.140728, min=(double)35.432142, max=(double)3071.486303, latency=(double)16.773389, fps=(double)59.618245, frame_num=(uint)2085;
0:00:36.321854388 [32m    1[00m 0x79c908000b70 [37mTRACE  [00m [00;34m          GST_TRACER :0::[00m latency_tracer_pipeline, frame_latency=(double)43.724724, avg=(double)61.132379, min=(double)35.432142, max=(double)3071.486303, latency=(double)16.781834, fps=(double)59.588243, frame_num=(uint)2086;
0:00:36.321886451 [32m    1[00m 0x79c908000b70 [37mTRACE  [00m [00;34m          GST_TRACER :0::[00m latency_tracer_pipeline, frame_latency=(double)43.724724, avg=(double)61.124038, min=(double)35.432142, max=(double)3071.486303, latency=(double)16.773793, fps=(double)59.616809, frame_num=(uint)2087;
0:00:36.355612902 [32m    1[00m 0x79c908000b70 [37mTRACE  [00m [00;34m          GST_TRACER :0::[00m latency_tracer_pipeline, frame_latency=(double)44.003543, avg=(double)61.115838, min=(double)35.432142, max=(double)3071.486303, latency=(double)16.781928, fps=(double)59.587909, frame_num=(uint)2088;
0:00:36.355642126 [32m    1[00m 0x79c908000b70 [37mTRACE  [00m [00;34m          GST_TRACER :0::[00m latency_tracer_pipeline, frame_latency=(double)44.003543, avg=(double)61.107647, min=(double)35.432142, max=(double)3071.486303, latency=(double)16.773894, fps=(double)59.616448, frame_num=(uint)2089;
0:00:36.387023446 [32m    1[00m 0x79c908000b70 [37mTRACE  [00m [00;34m          GST_TRACER :0::[00m latency_tracer_pipeline, frame_latency=(double)42.351536, avg=(double)61.098673, min=(double)35.432142, max=(double)3071.486303, latency=(double)16.780898, fps=(double)59.591567, frame_num=(uint)2090;
0:00:36.387053372 [32m    1[00m 0x79c908000b70 [37mTRACE  [00m [00;34m          GST_TRACER :0::[00m latency_tracer_pipeline, frame_latency=(double)42.351536, avg=(double)61.089707, min=(double)35.432142, max=(double)3071.486303, latency=(double)16.772872, fps=(double)59.620080, frame_num=(uint)2091;
0:00:36.420412492 [32m    1[00m 0x79c908000b70 [37mTRACE  [00m [00;34m          GST_TRACER :0::[00m latency_tracer_pipeline, frame_latency=(double)42.378691, avg=(double)61.080763, min=(double)35.432142, max=(double)3071.486303, latency=(double)16.780815, fps=(double)59.591862, frame_num=(uint)2092;
0:00:36.420443438 [32m    1[00m 0x79c908000b70 [37mTRACE  [00m [00;34m          GST_TRACER :0::[00m latency_tracer_pipeline, frame_latency=(double)42.378691, avg=(double)61.071827, min=(double)35.432142, max=(double)3071.486303, latency=(double)16.772797, fps=(double)59.620348, frame_num=(uint)2093;
0:00:36.453357587 [32m    1[00m 0x79c908000b70 [37mTRACE  [00m [00;34m          GST_TRACER :0::[00m latency_tracer_pipeline, frame_latency=(double)41.977580, avg=(double)61.062709, min=(double)35.432142, max=(double)3071.486303, latency=(double)16.780521, fps=(double)59.592907, frame_num=(uint)2094;
0:00:36.453389195 [32m    1[00m 0x79c908000b70 [37mTRACE  [00m [00;34m          GST_TRACER :0::[00m latency_tracer_pipeline, frame_latency=(double)41.977580, avg=(double)61.053599, min=(double)35.432142, max=(double)3071.486303, latency=(double)16.772511, fps=(double)59.621366, frame_num=(uint)2095;
0:00:36.486269511 [32m    1[00m 0x79c908000b70 [37mTRACE  [00m [00;34m          GST_TRACER :0::[00m latency_tracer_pipeline, frame_latency=(double)41.637715, avg=(double)61.044336, min=(double)35.432142, max=(double)3071.486303, latency=(double)16.780210, fps=(double)59.594009, frame_num=(uint)2096;
0:00:36.486300733 [32m    1[00m 0x79c908000b70 [37mTRACE  [00m [00;34m          GST_TRACER :0::[00m latency_tracer_pipeline, frame_latency=(double)41.637715, avg=(double)61.035081, min=(double)35.432142, max=(double)3071.486303, latency=(double)16.772208, fps=(double)59.622442, frame_num=(uint)2097;
0:00:36.521938784 [32m    1[00m 0x79c908000b70 [37mTRACE  [00m [00;34m          GST_TRACER :0::[00m latency_tracer_pipeline, frame_latency=(double)44.032616, avg=(double)61.026977, min=(double)35.432142, max=(double)3071.486303, latency=(double)16.781217, fps=(double)59.590435, frame_num=(uint)2098;
0:00:36.521971396 [32m    1[00m 0x79c908000b70 [37mTRACE  [00m [00;34m          GST_TRACER :0::[00m latency_tracer_pipeline, frame_latency=(double)44.032616, avg=(double)61.018881, min=(double)35.432142, max=(double)3071.486303, latency=(double)16.773222, fps=(double)59.618839, frame_num=(uint)2099;
0:00:36.553760921 [32m    1[00m 0x79c908000b70 [37mTRACE  [00m [00;34m          GST_TRACER :0::[00m latency_tracer_pipeline, frame_latency=(double)42.331908, avg=(double)61.009982, min=(double)35.432142, max=(double)3071.486303, latency=(double)16.780386, fps=(double)59.593384, frame_num=(uint)2100;
0:00:36.553795181 [32m    1[00m 0x79c908000b70 [37mTRACE  [00m [00;34m          GST_TRACER :0::[00m latency_tracer_pipeline, frame_latency=(double)42.331908, avg=(double)61.001092, min=(double)35.432142, max=(double)3071.486303, latency=(double)16.772399, fps=(double)59.621762, frame_num=(uint)2101;
0:00:36.587215228 [32m    1[00m 0x79c908000b70 [37mTRACE  [00m [00;34m          GST_TRACER :0::[00m latency_tracer_pipeline, frame_latency=(double)42.511920, avg=(double)60.992296, min=(double)35.432142, max=(double)3071.486303, latency=(double)16.780336, fps=(double)59.593562, frame_num=(uint)2102;
0:00:36.587282807 [32m    1[00m 0x79c908000b70 [37mTRACE  [00m [00;34m          GST_TRACER :0::[00m latency_tracer_pipeline, frame_latency=(double)42.511920, avg=(double)60.983508, min=(double)35.432142, max=(double)3071.486303, latency=(double)16.772357, fps=(double)59.621913, frame_num=(uint)2103;
0:00:36.619576876 [32m    1[00m 0x79c908000b70 [37mTRACE  [00m [00;34m          GST_TRACER :0::[00m latency_tracer_pipeline, frame_latency=(double)41.561746, avg=(double)60.974277, min=(double)35.432142, max=(double)3071.486303, latency=(double)16.779766, fps=(double)59.595586, frame_num=(uint)2104;
0:00:36.619607823 [32m    1[00m 0x79c908000b70 [37mTRACE  [00m [00;34m          GST_TRACER :0::[00m latency_tracer_pipeline, frame_latency=(double)41.561746, avg=(double)60.965055, min=(double)35.432142, max=(double)3071.486303, latency=(double)16.771795, fps=(double)59.623911, frame_num=(uint)2105;
0:00:36.653237053 [32m    1[00m 0x79c908000b70 [37mTRACE  [00m [00;34m          GST_TRACER :0::[00m latency_tracer_pipeline, frame_latency=(double)42.032638, avg=(double)60.956066, min=(double)35.432142, max=(double)3071.486303, latency=(double)16.779815, fps=(double)59.595414, frame_num=(uint)2106;
0:00:36.653269306 [32m    1[00m 0x79c908000b70 [37mTRACE  [00m [00;34m          GST_TRACER :0::[00m latency_tracer_pipeline, frame_latency=(double)42.032638, avg=(double)60.947084, min=(double)35.432142, max=(double)3071.486303, latency=(double)16.771851, fps=(double)59.623712, frame_num=(uint)2107;
0:00:36.687589818 [32m    1[00m 0x79c908000b70 [37mTRACE  [00m [00;34m          GST_TRACER :0::[00m latency_tracer_pipeline, frame_latency=(double)42.899475, avg=(double)60.938523, min=(double)35.432142, max=(double)3071.486303, latency=(double)16.780191, fps=(double)59.594077, frame_num=(uint)2108;
0:00:36.687617370 [32m    1[00m 0x79c908000b70 [37mTRACE  [00m [00;34m          GST_TRACER :0::[00m latency_tracer_pipeline, frame_latency=(double)42.899475, avg=(double)60.929969, min=(double)35.432142, max=(double)3071.486303, latency=(double)16.772235, fps=(double)59.622347, frame_num=(uint)2109;
0:00:36.722830609 [32m    1[00m 0x79c908000b70 [37mTRACE  [00m [00;34m          GST_TRACER :0::[00m latency_tracer_pipeline, frame_latency=(double)44.751733, avg=(double)60.922302, min=(double)35.432142, max=(double)3071.486303, latency=(double)16.780987, fps=(double)59.591251, frame_num=(uint)2110;
0:00:36.722862167 [32m    1[00m 0x79c908000b70 [37mTRACE  [00m [00;34m          GST_TRACER :0::[00m latency_tracer_pipeline, frame_latency=(double)44.751733, avg=(double)60.914642, min=(double)35.432142, max=(double)3071.486303, latency=(double)16.773038, fps=(double)59.619493, frame_num=(uint)2111;
0:00:36.755316109 [32m    1[00m 0x79c908000b70 [37mTRACE  [00m [00;34m          GST_TRACER :0::[00m latency_tracer_pipeline, frame_latency=(double)43.749278, avg=(double)60.906514, min=(double)35.432142, max=(double)3071.486303, latency=(double)16.780476, fps=(double)59.593066, frame_num=(uint)2112;
0:00:36.755353658 [32m    1[00m 0x79c908000b70 [37mTRACE  [00m [00;34m          GST_TRACER :0::[00m latency_tracer_pipeline, frame_latency=(double)43.749278, avg=(double)60.898395, min=(double)35.432142, max=(double)3071.486303, latency=(double)16.772534, fps=(double)59.621282, frame_num=(uint)2113;
0:00:36.786098642 [32m    1[00m 0x79c908000b70 [37mTRACE  [00m [00;34m          GST_TRACER :0::[00m latency_tracer_pipeline, frame_latency=(double)41.431718, avg=(double)60.889186, min=(double)35.432142, max=(double)3071.486303, latency=(double)16.779163, fps=(double)59.597727, frame_num=(uint)2114;
0:00:36.786128411 [32m    1[00m 0x79c908000b70 [37mTRACE  [00m [00;34m          GST_TRACER :0::[00m latency_tracer_pipeline, frame_latency=(double)41.431718, avg=(double)60.879986, min=(double)35.432142, max=(double)3071.486303, latency=(double)16.771230, fps=(double)59.625919, frame_num=(uint)2115;
0:00:36.819512895 [32m    1[00m 0x79c908000b70 [37mTRACE  [00m [00;34m          GST_TRACER :0::[00m latency_tracer_pipeline, frame_latency=(double)41.543331, avg=(double)60.870848, min=(double)35.432142, max=(double)3071.486303, latency=(double)16.779087, fps=(double)59.597998, frame_num=(uint)2116;
0:00:36.819542656 [32m    1[00m 0x79c908000b70 [37mTRACE  [00m [00;34m          GST_TRACER :0::[00m latency_tracer_pipeline, frame_latency=(double)41.543331, avg=(double)60.861718, min=(double)35.432142, max=(double)3071.486303, latency=(double)16.771161, fps=(double)59.626163, frame_num=(uint)2117;
0:00:36.853619124 [32m    1[00m 0x79c908000b70 [37mTRACE  [00m [00;34m          GST_TRACER :0::[00m latency_tracer_pipeline, frame_latency=(double)42.439699, avg=(double)60.853021, min=(double)35.432142, max=(double)3071.486303, latency=(double)16.779348, fps=(double)59.597073, frame_num=(uint)2118;
0:00:36.853663985 [32m    1[00m 0x79c908000b70 [37mTRACE  [00m [00;34m          GST_TRACER :0::[00m latency_tracer_pipeline, frame_latency=(double)42.439699, avg=(double)60.844331, min=(double)35.432142, max=(double)3071.486303, latency=(double)16.771429, fps=(double)59.625211, frame_num=(uint)2119;
0:00:36.887144644 [32m    1[00m 0x79c908000b70 [37mTRACE  [00m [00;34m          GST_TRACER :0::[00m latency_tracer_pipeline, frame_latency=(double)42.522850, avg=(double)60.835689, min=(double)35.432142, max=(double)3071.486303, latency=(double)16.779338, fps=(double)59.597106, frame_num=(uint)2120;
0:00:36.887175094 [32m    1[00m 0x79c908000b70 [37mTRACE  [00m [00;34m          GST_TRACER :0::[00m latency_tracer_pipeline, frame_latency=(double)42.522850, avg=(double)60.827055, min=(double)35.432142, max=(double)3071.486303, latency=(double)16.771427, fps=(double)59.625218, frame_num=(uint)2121;
0:00:36.920201918 [32m    1[00m 0x79c908000b70 [37mTRACE  [00m [00;34m          GST_TRACER :0::[00m latency_tracer_pipeline, frame_latency=(double)42.152318, avg=(double)60.818254, min=(double)35.432142, max=(double)3071.486303, latency=(double)16.779101, fps=(double)59.597949, frame_num=(uint)2122;
0:00:36.920239180 [32m    1[00m 0x79c908000b70 [37mTRACE  [00m [00;34m          GST_TRACER :0::[00m latency_tracer_pipeline, frame_latency=(double)42.152318, avg=(double)60.809462, min=(double)35.432142, max=(double)3071.486303, latency=(double)16.771197, fps=(double)59.626035, frame_num=(uint)2123;
0:00:36.952972130 [32m    1[00m 0x79c908000b70 [37mTRACE  [00m [00;34m          GST_TRACER :0::[00m latency_tracer_pipeline, frame_latency=(double)41.695764, avg=(double)60.800463, min=(double)35.432142, max=(double)3071.486303, latency=(double)16.778733, fps=(double)59.599255, frame_num=(uint)2124;
0:00:36.952989891 [32m    1[00m 0x79c908000b70 [37mTRACE  [00m [00;34m          GST_TRACER :0::[00m latency_tracer_pipeline, frame_latency=(double)41.695764, avg=(double)60.791472, min=(double)35.432142, max=(double)3071.486303, latency=(double)16.770837, fps=(double)59.627315, frame_num=(uint)2125;
FpsCounter(average 2.07sec): total=30.50 fps, number-streams=1, per-stream=30.50 fps
0:00:36.986154835 [32m    1[00m 0x79c908000b70 [37mTRACE  [00m [00;34m          GST_TRACER :0::[00m latency_tracer_pipeline, frame_latency=(double)41.502981, avg=(double)60.782400, min=(double)35.432142, max=(double)3071.486303, latency=(double)16.778554, fps=(double)59.599891, frame_num=(uint)2126;
0:00:36.986189072 [32m    1[00m 0x79c908000b70 [37mTRACE  [00m [00;34m          GST_TRACER :0::[00m latency_tracer_pipeline, frame_latency=(double)41.502981, avg=(double)60.773336, min=(double)35.432142, max=(double)3071.486303, latency=(double)16.770666, fps=(double)59.627925, frame_num=(uint)2127;
0:00:37.019389837 [32m    1[00m 0x79c908000b70 [37mTRACE  [00m [00;34m          GST_TRACER :0::[00m latency_tracer_pipeline, frame_latency=(double)41.395577, avg=(double)60.764230, min=(double)35.432142, max=(double)3071.486303, latency=(double)16.778402, fps=(double)59.600430, frame_num=(uint)2128;
0:00:37.019424376 [32m    1[00m 0x79c908000b70 [37mTRACE  [00m [00;34m          GST_TRACER :0::[00m latency_tracer_pipeline, frame_latency=(double)41.395577, avg=(double)60.755132, min=(double)35.432142, max=(double)3071.486303, latency=(double)16.770521, fps=(double)59.628438, frame_num=(uint)2129;
0:00:37.053579638 [32m    1[00m 0x79c908000b70 [37mTRACE  [00m [00;34m          GST_TRACER :0::[00m latency_tracer_pipeline, frame_latency=(double)42.414851, avg=(double)60.746522, min=(double)35.432142, max=(double)3071.486303, latency=(double)16.778700, fps=(double)59.599373, frame_num=(uint)2130;
0:00:37.053610686 [32m    1[00m 0x79c908000b70 [37mTRACE  [00m [00;34m          GST_TRACER :0::[00m latency_tracer_pipeline, frame_latency=(double)42.414851, avg=(double)60.737919, min=(double)35.432142, max=(double)3071.486303, latency=(double)16.770826, fps=(double)59.627354, frame_num=(uint)2131;
0:00:37.086428455 [32m    1[00m 0x79c908000b70 [37mTRACE  [00m [00;34m          GST_TRACER :0::[00m latency_tracer_pipeline, frame_latency=(double)41.783601, avg=(double)60.729029, min=(double)35.432142, max=(double)3071.486303, latency=(double)16.778365, fps=(double)59.600561, frame_num=(uint)2132;
0:00:37.086464838 [32m    1[00m 0x79c908000b70 [37mTRACE  [00m [00;34m          GST_TRACER :0::[00m latency_tracer_pipeline, frame_latency=(double)41.783601, avg=(double)60.720147, min=(double)35.432142, max=(double)3071.486303, latency=(double)16.770499, fps=(double)59.628516, frame_num=(uint)2133;
FpsCounter(last 1.00sec): total=29.96 fps, number-streams=1, per-stream=29.96 fps
latency: -6976.95ms
0:00:37.121619619 [32m    1[00m 0x79c908000b70 [37mTRACE  [00m [00;34m          GST_TRACER :0::[00m latency_tracer_pipeline, frame_latency=(double)43.677512, avg=(double)60.712161, min=(double)35.432142, max=(double)3071.486303, latency=(double)16.779136, fps=(double)59.597823, frame_num=(uint)2134;
0:00:37.121636196 [32m    1[00m 0x79c908000b70 [37mTRACE  [00m [00;34m          GST_TRACER :0::[00m latency_tracer_pipeline_interval, interval=(double)1001.420884, avg=(double)42.442034, min=(double)41.395577, max=(double)44.751733, latency=(double)16.690348, fps=(double)59.914868;
0:00:37.121644344 [32m    1[00m 0x79c908000b70 [37mTRACE  [00m [00;34m          GST_TRACER :0::[00m latency_tracer_pipeline, frame_latency=(double)43.677512, avg=(double)60.704182, min=(double)35.432142, max=(double)3071.486303, latency=(double)16.771277, fps=(double)59.625751, frame_num=(uint)2135;
0:00:37.154893037 [32m    1[00m 0x79c908000b70 [37mTRACE  [00m [00;34m          GST_TRACER :0::[00m latency_tracer_pipeline, frame_latency=(double)43.397629, avg=(double)60.696079, min=(double)35.432142, max=(double)3071.486303, latency=(double)16.778999, fps=(double)59.598309, frame_num=(uint)2136;
0:00:37.154927564 [32m    1[00m 0x79c908000b70 [37mTRACE  [00m [00;34m          GST_TRACER :0::[00m latency_tracer_pipeline, frame_latency=(double)43.397629, avg=(double)60.687985, min=(double)35.432142, max=(double)3071.486303, latency=(double)16.771148, fps=(double)59.626211, frame_num=(uint)2137;
0:00:37.187396584 [32m    1[00m 0x79c908000b70 [37mTRACE  [00m [00;34m          GST_TRACER :0::[00m latency_tracer_pipeline, frame_latency=(double)42.623052, avg=(double)60.679535, min=(double)35.432142, max=(double)3071.486303, latency=(double)16.778504, fps=(double)59.600070, frame_num=(uint)2138;
0:00:37.187431788 [32m    1[00m 0x79c908000b70 [37mTRACE  [00m [00;34m          GST_TRACER :0::[00m latency_tracer_pipeline, frame_latency=(double)42.623052, avg=(double)60.671094, min=(double)35.432142, max=(double)3071.486303, latency=(double)16.770660, fps=(double)59.627947, frame_num=(uint)2139;
0:00:37.219550221 [32m    1[00m 0x79c908000b70 [37mTRACE  [00m [00;34m          GST_TRACER :0::[00m latency_tracer_pipeline, frame_latency=(double)41.507171, avg=(double)60.662139, min=(double)35.432142, max=(double)3071.486303, latency=(double)16.777852, fps=(double)59.602385, frame_num=(uint)2140;
0:00:37.219579085 [32m    1[00m 0x79c908000b70 [37mTRACE  [00m [00;34m          GST_TRACER :0::[00m latency_tracer_pipeline, frame_latency=(double)41.507171, avg=(double)60.653192, min=(double)35.432142, max=(double)3071.486303, latency=(double)16.770016, fps=(double)59.630237, frame_num=(uint)2141;
0:00:37.254558467 [32m    1[00m 0x79c908000b70 [37mTRACE  [00m [00;34m          GST_TRACER :0::[00m latency_tracer_pipeline, frame_latency=(double)43.346281, avg=(double)60.645112, min=(double)35.432142, max=(double)3071.486303, latency=(double)16.778530, fps=(double)59.599979, frame_num=(uint)2142;
0:00:37.254584686 [32m    1[00m 0x79c908000b70 [37mTRACE  [00m [00;34m          GST_TRACER :0::[00m latency_tracer_pipeline, frame_latency=(double)43.346281, avg=(double)60.637040, min=(double)35.432142, max=(double)3071.486303, latency=(double)16.770700, fps=(double)59.627803, frame_num=(uint)2143;
0:00:37.288689405 [32m    1[00m 0x79c908000b70 [37mTRACE  [00m [00;34m          GST_TRACER :0::[00m latency_tracer_pipeline, frame_latency=(double)43.977555, avg=(double)60.629270, min=(double)35.432142, max=(double)3071.486303, latency=(double)16.778798, fps=(double)59.599024, frame_num=(uint)2144;
0:00:37.288716986 [32m    1[00m 0x79c908000b70 [37mTRACE  [00m [00;34m          GST_TRACER :0::[00m latency_tracer_pipeline, frame_latency=(double)43.977555, avg=(double)60.621506, min=(double)35.432142, max=(double)3071.486303, latency=(double)16.770976, fps=(double)59.626822, frame_num=(uint)2145;
0:00:37.320922189 [32m    1[00m 0x79c908000b70 [37mTRACE  [00m [00;34m          GST_TRACER :0::[00m latency_tracer_pipeline, frame_latency=(double)42.617779, avg=(double)60.613117, min=(double)35.432142, max=(double)3071.486303, latency=(double)16.778180, fps=(double)59.601219, frame_num=(uint)2146;
0:00:37.320951577 [32m    1[00m 0x79c908000b70 [37mTRACE  [00m [00;34m          GST_TRACER :0::[00m latency_tracer_pipeline, frame_latency=(double)42.617779, avg=(double)60.604735, min=(double)35.432142, max=(double)3071.486303, latency=(double)16.770365, fps=(double)59.628993, frame_num=(uint)2147;
0:00:37.353517937 [32m    1[00m 0x79c908000b70 [37mTRACE  [00m [00;34m          GST_TRACER :0::[00m latency_tracer_pipeline, frame_latency=(double)42.223333, avg=(double)60.596178, min=(double)35.432142, max=(double)3071.486303, latency=(double)16.777733, fps=(double)59.602807, frame_num=(uint)2148;
0:00:37.353541946 [32m    1[00m 0x79c908000b70 [37mTRACE  [00m [00;34m          GST_TRACER :0::[00m latency_tracer_pipeline, frame_latency=(double)42.223333, avg=(double)60.587629, min=(double)35.432142, max=(double)3071.486303, latency=(double)16.769926, fps=(double)59.630555, frame_num=(uint)2149;
0:00:37.386512608 [32m    1[00m 0x79c908000b70 [37mTRACE  [00m [00;34m          GST_TRACER :0::[00m latency_tracer_pipeline, frame_latency=(double)41.753388, avg=(double)60.578868, min=(double)35.432142, max=(double)3071.486303, latency=(double)16.777461, fps=(double)59.603776, frame_num=(uint)2150;
0:00:37.386541186 [32m    1[00m 0x79c908000b70 [37mTRACE  [00m [00;34m          GST_TRACER :0::[00m latency_tracer_pipeline, frame_latency=(double)41.753388, avg=(double)60.570116, min=(double)35.432142, max=(double)3071.486303, latency=(double)16.769661, fps=(double)59.631498, frame_num=(uint)2151;
0:00:37.419919810 [32m    1[00m 0x79c908000b70 [37mTRACE  [00m [00;34m          GST_TRACER :0::[00m latency_tracer_pipeline, frame_latency=(double)41.888557, avg=(double)60.561435, min=(double)35.432142, max=(double)3071.486303, latency=(double)16.777403, fps=(double)59.603979, frame_num=(uint)2152;
0:00:37.419952913 [32m    1[00m 0x79c908000b70 [37mTRACE  [00m [00;34m          GST_TRACER :0::[00m latency_tracer_pipeline, frame_latency=(double)41.888557, avg=(double)60.552762, min=(double)35.432142, max=(double)3071.486303, latency=(double)16.769611, fps=(double)59.631676, frame_num=(uint)2153;
0:00:37.453391209 [32m    1[00m 0x79c908000b70 [37mTRACE  [00m [00;34m          GST_TRACER :0::[00m latency_tracer_pipeline, frame_latency=(double)41.955287, avg=(double)60.544129, min=(double)35.432142, max=(double)3071.486303, latency=(double)16.777364, fps=(double)59.604118, frame_num=(uint)2154;
0:00:37.453425755 [32m    1[00m 0x79c908000b70 [37mTRACE  [00m [00;34m          GST_TRACER :0::[00m latency_tracer_pipeline, frame_latency=(double)41.955287, avg=(double)60.535503, min=(double)35.432142, max=(double)3071.486303, latency=(double)16.769579, fps=(double)59.631790, frame_num=(uint)2155;
0:00:37.486367372 [32m    1[00m 0x79c908000b70 [37mTRACE  [00m [00;34m          GST_TRACER :0::[00m latency_tracer_pipeline, frame_latency=(double)41.640176, avg=(double)60.526739, min=(double)35.432142, max=(double)3071.486303, latency=(double)16.777096, fps=(double)59.605070, frame_num=(uint)2156;
0:00:37.486397783 [32m    1[00m 0x79c908000b70 [37mTRACE  [00m [00;34m          GST_TRACER :0::[00m latency_tracer_pipeline, frame_latency=(double)41.640176, avg=(double)60.517983, min=(double)35.432142, max=(double)3071.486303, latency=(double)16.769318, fps=(double)59.632716, frame_num=(uint)2157;
0:00:37.521080623 [32m    1[00m 0x79c908000b70 [37mTRACE  [00m [00;34m          GST_TRACER :0::[00m latency_tracer_pipeline, frame_latency=(double)43.011853, avg=(double)60.509870, min=(double)35.432142, max=(double)3071.486303, latency=(double)16.777633, fps=(double)59.603164, frame_num=(uint)2158;
0:00:37.521117314 [32m    1[00m 0x79c908000b70 [37mTRACE  [00m [00;34m          GST_TRACER :0::[00m latency_tracer_pipeline, frame_latency=(double)43.011853, avg=(double)60.501766, min=(double)35.432142, max=(double)3071.486303, latency=(double)16.769862, fps=(double)59.630784, frame_num=(uint)2159;
0:00:37.554300947 [32m    1[00m 0x79c908000b70 [37mTRACE  [00m [00;34m          GST_TRACER :0::[00m latency_tracer_pipeline, frame_latency=(double)42.485397, avg=(double)60.493425, min=(double)35.432142, max=(double)3071.486303, latency=(double)16.777479, fps=(double)59.603712, frame_num=(uint)2160;
0:00:37.554368854 [32m    1[00m 0x79c908000b70 [37mTRACE  [00m [00;34m          GST_TRACER :0::[00m latency_tracer_pipeline, frame_latency=(double)42.485397, avg=(double)60.485092, min=(double)35.432142, max=(double)3071.486303, latency=(double)16.769715, fps=(double)59.631306, frame_num=(uint)2161;
0:00:37.586297039 [32m    1[00m 0x79c908000b70 [37mTRACE  [00m [00;34m          GST_TRACER :0::[00m latency_tracer_pipeline, frame_latency=(double)41.538886, avg=(double)60.476328, min=(double)35.432142, max=(double)3071.486303, latency=(double)16.776757, fps=(double)59.606275, frame_num=(uint)2162;
0:00:37.586327884 [32m    1[00m 0x79c908000b70 [37mTRACE  [00m [00;34m          GST_TRACER :0::[00m latency_tracer_pipeline, frame_latency=(double)41.538886, avg=(double)60.467573, min=(double)35.432142, max=(double)3071.486303, latency=(double)16.769001, fps=(double)59.633845, frame_num=(uint)2163;
0:00:37.620133692 [32m    1[00m 0x79c908000b70 [37mTRACE  [00m [00;34m          GST_TRACER :0::[00m latency_tracer_pipeline, frame_latency=(double)41.989125, avg=(double)60.459034, min=(double)35.432142, max=(double)3071.486303, latency=(double)16.776887, fps=(double)59.605812, frame_num=(uint)2164;
0:00:37.620169702 [32m    1[00m 0x79c908000b70 [37mTRACE  [00m [00;34m          GST_TRACER :0::[00m latency_tracer_pipeline, frame_latency=(double)41.989125, avg=(double)60.450503, min=(double)35.432142, max=(double)3071.486303, latency=(double)16.769138, fps=(double)59.633356, frame_num=(uint)2165;
0:00:37.653117658 [32m    1[00m 0x79c908000b70 [37mTRACE  [00m [00;34m          GST_TRACER :0::[00m latency_tracer_pipeline, frame_latency=(double)41.674334, avg=(double)60.441834, min=(double)35.432142, max=(double)3071.486303, latency=(double)16.776625, fps=(double)59.606745, frame_num=(uint)2166;
0:00:37.653146899 [32m    1[00m 0x79c908000b70 [37mTRACE  [00m [00;34m          GST_TRACER :0::[00m latency_tracer_pipeline, frame_latency=(double)41.674334, avg=(double)60.433174, min=(double)35.432142, max=(double)3071.486303, latency=(double)16.768883, fps=(double)59.634264, frame_num=(uint)2167;
0:00:37.686123271 [32m    1[00m 0x79c908000b70 [37mTRACE  [00m [00;34m          GST_TRACER :0::[00m latency_tracer_pipeline, frame_latency=(double)41.425586, avg=(double)60.424406, min=(double)35.432142, max=(double)3071.486303, latency=(double)16.776372, fps=(double)59.607643, frame_num=(uint)2168;
0:00:37.686156600 [32m    1[00m 0x79c908000b70 [37mTRACE  [00m [00;34m          GST_TRACER :0::[00m latency_tracer_pipeline, frame_latency=(double)41.425586, avg=(double)60.415647, min=(double)35.432142, max=(double)3071.486303, latency=(double)16.768638, fps=(double)59.635137, frame_num=(uint)2169;
0:00:37.719778973 [32m    1[00m 0x79c908000b70 [37mTRACE  [00m [00;34m          GST_TRACER :0::[00m latency_tracer_pipeline, frame_latency=(double)41.790959, avg=(double)60.407064, min=(double)35.432142, max=(double)3071.486303, latency=(double)16.776419, fps=(double)59.607475, frame_num=(uint)2170;
0:00:37.719814558 [32m    1[00m 0x79c908000b70 [37mTRACE  [00m [00;34m          GST_TRACER :0::[00m latency_tracer_pipeline, frame_latency=(double)41.790959, avg=(double)60.398490, min=(double)35.432142, max=(double)3071.486303, latency=(double)16.768692, fps=(double)59.634944, frame_num=(uint)2171;
0:00:37.753341855 [32m    1[00m 0x79c908000b70 [37mTRACE  [00m [00;34m          GST_TRACER :0::[00m latency_tracer_pipeline, frame_latency=(double)41.799248, avg=(double)60.389926, min=(double)35.432142, max=(double)3071.486303, latency=(double)16.776425, fps=(double)59.607456, frame_num=(uint)2172;
0:00:37.753371798 [32m    1[00m 0x79c908000b70 [37mTRACE  [00m [00;34m          GST_TRACER :0::[00m latency_tracer_pipeline, frame_latency=(double)41.799248, avg=(double)60.381371, min=(double)35.432142, max=(double)3071.486303, latency=(double)16.768704, fps=(double)59.634899, frame_num=(uint)2173;
0:00:37.787620169 [32m    1[00m 0x79c908000b70 [37mTRACE  [00m [00;34m          GST_TRACER :0::[00m latency_tracer_pipeline, frame_latency=(double)42.924017, avg=(double)60.373341, min=(double)35.432142, max=(double)3071.486303, latency=(double)16.776758, fps=(double)59.606273, frame_num=(uint)2174;
0:00:37.787651667 [32m    1[00m 0x79c908000b70 [37mTRACE  [00m [00;34m          GST_TRACER :0::[00m latency_tracer_pipeline, frame_latency=(double)42.924017, avg=(double)60.365318, min=(double)35.432142, max=(double)3071.486303, latency=(double)16.769044, fps=(double)59.633691, frame_num=(uint)2175;
0:00:37.820117562 [32m    1[00m 0x79c908000b70 [37mTRACE  [00m [00;34m          GST_TRACER :0::[00m latency_tracer_pipeline, frame_latency=(double)42.009212, avg=(double)60.356883, min=(double)35.432142, max=(double)3071.486303, latency=(double)16.776272, fps=(double)59.607999, frame_num=(uint)2176;
0:00:37.820149736 [32m    1[00m 0x79c908000b70 [37mTRACE  [00m [00;34m          GST_TRACER :0::[00m latency_tracer_pipeline, frame_latency=(double)42.009212, avg=(double)60.348455, min=(double)35.432142, max=(double)3071.486303, latency=(double)16.768566, fps=(double)59.635392, frame_num=(uint)2177;
0:00:37.853447379 [32m    1[00m 0x79c908000b70 [37mTRACE  [00m [00;34m          GST_TRACER :0::[00m latency_tracer_pipeline, frame_latency=(double)42.210351, avg=(double)60.340127, min=(double)35.432142, max=(double)3071.486303, latency=(double)16.776170, fps=(double)59.608360, frame_num=(uint)2178;
0:00:37.853477320 [32m    1[00m 0x79c908000b70 [37mTRACE  [00m [00;34m          GST_TRACER :0::[00m latency_tracer_pipeline, frame_latency=(double)42.210351, avg=(double)60.331807, min=(double)35.432142, max=(double)3071.486303, latency=(double)16.768471, fps=(double)59.635728, frame_num=(uint)2179;
0:00:37.885671699 [32m    1[00m 0x79c908000b70 [37mTRACE  [00m [00;34m          GST_TRACER :0::[00m latency_tracer_pipeline, frame_latency=(double)40.932469, avg=(double)60.322908, min=(double)35.432142, max=(double)3071.486303, latency=(double)16.775561, fps=(double)59.610525, frame_num=(uint)2180;
0:00:37.885701982 [32m    1[00m 0x79c908000b70 [37mTRACE  [00m [00;34m          GST_TRACER :0::[00m latency_tracer_pipeline, frame_latency=(double)40.932469, avg=(double)60.314017, min=(double)35.432142, max=(double)3071.486303, latency=(double)16.767869, fps=(double)59.637869, frame_num=(uint)2181;
0:00:37.920954805 [32m    1[00m 0x79c908000b70 [37mTRACE  [00m [00;34m          GST_TRACER :0::[00m latency_tracer_pipeline, frame_latency=(double)42.919327, avg=(double)60.306045, min=(double)35.432142, max=(double)3071.486303, latency=(double)16.776355, fps=(double)59.607705, frame_num=(uint)2182;
0:00:37.920989854 [32m    1[00m 0x79c908000b70 [37mTRACE  [00m [00;34m          GST_TRACER :0::[00m latency_tracer_pipeline, frame_latency=(double)42.919327, avg=(double)60.298081, min=(double)35.432142, max=(double)3071.486303, latency=(double)16.768670, fps=(double)59.635023, frame_num=(uint)2183;
FpsCounter(average 3.07sec): total=30.32 fps, number-streams=1, per-stream=30.32 fps
0:00:37.954195495 [32m    1[00m 0x79c908000b70 [37mTRACE  [00m [00;34m          GST_TRACER :0::[00m latency_tracer_pipeline, frame_latency=(double)42.809220, avg=(double)60.290073, min=(double)35.432142, max=(double)3071.486303, latency=(double)16.776214, fps=(double)59.608206, frame_num=(uint)2184;
0:00:37.954213230 [32m    1[00m 0x79c908000b70 [37mTRACE  [00m [00;34m          GST_TRACER :0::[00m latency_tracer_pipeline, frame_latency=(double)42.809220, avg=(double)60.282073, min=(double)35.432142, max=(double)3071.486303, latency=(double)16.768536, fps=(double)59.635499, frame_num=(uint)2185;
0:00:37.986619509 [32m    1[00m 0x79c908000b70 [37mTRACE  [00m [00;34m          GST_TRACER :0::[00m latency_tracer_pipeline, frame_latency=(double)41.979362, avg=(double)60.273700, min=(double)35.432142, max=(double)3071.486303, latency=(double)16.775697, fps=(double)59.610043, frame_num=(uint)2186;
0:00:37.986646714 [32m    1[00m 0x79c908000b70 [37mTRACE  [00m [00;34m          GST_TRACER :0::[00m latency_tracer_pipeline, frame_latency=(double)41.979362, avg=(double)60.265335, min=(double)35.432142, max=(double)3071.486303, latency=(double)16.768026, fps=(double)59.637312, frame_num=(uint)2187;
0:00:38.020022999 [32m    1[00m 0x79c908000b70 [37mTRACE  [00m [00;34m          GST_TRACER :0::[00m latency_tracer_pipeline, frame_latency=(double)41.955562, avg=(double)60.256967, min=(double)35.432142, max=(double)3071.486303, latency=(double)16.775627, fps=(double)59.610291, frame_num=(uint)2188;
0:00:38.020059627 [32m    1[00m 0x79c908000b70 [37mTRACE  [00m [00;34m          GST_TRACER :0::[00m latency_tracer_pipeline, frame_latency=(double)41.955562, avg=(double)60.248606, min=(double)35.432142, max=(double)3071.486303, latency=(double)16.767963, fps=(double)59.637535, frame_num=(uint)2189;
0:00:38.053713245 [32m    1[00m 0x79c908000b70 [37mTRACE  [00m [00;34m          GST_TRACER :0::[00m latency_tracer_pipeline, frame_latency=(double)42.436894, avg=(double)60.240473, min=(double)35.432142, max=(double)3071.486303, latency=(double)16.775691, fps=(double)59.610062, frame_num=(uint)2190;
0:00:38.053746455 [32m    1[00m 0x79c908000b70 [37mTRACE  [00m [00;34m          GST_TRACER :0::[00m latency_tracer_pipeline, frame_latency=(double)42.436894, avg=(double)60.232347, min=(double)35.432142, max=(double)3071.486303, latency=(double)16.768035, fps=(double)59.637281, frame_num=(uint)2191;
0:00:38.086161848 [32m    1[00m 0x79c908000b70 [37mTRACE  [00m [00;34m          GST_TRACER :0::[00m latency_tracer_pipeline, frame_latency=(double)41.481145, avg=(double)60.223793, min=(double)35.432142, max=(double)3071.486303, latency=(double)16.775188, fps=(double)59.611852, frame_num=(uint)2192;
0:00:38.086197588 [32m    1[00m 0x79c908000b70 [37mTRACE  [00m [00;34m          GST_TRACER :0::[00m latency_tracer_pipeline, frame_latency=(double)41.481145, avg=(double)60.215246, min=(double)35.432142, max=(double)3071.486303, latency=(double)16.767538, fps=(double)59.639047, frame_num=(uint)2193;
0:00:38.120208657 [32m    1[00m 0x79c908000b70 [37mTRACE  [00m [00;34m          GST_TRACER :0::[00m latency_tracer_pipeline, frame_latency=(double)42.309956, avg=(double)60.207085, min=(double)35.432142, max=(double)3071.486303, latency=(double)16.775415, fps=(double)59.611044, frame_num=(uint)2194;
0:00:38.120243240 [32m    1[00m 0x79c908000b70 [37mTRACE  [00m [00;34m          GST_TRACER :0::[00m latency_tracer_pipeline, frame_latency=(double)42.309956, avg=(double)60.198931, min=(double)35.432142, max=(double)3071.486303, latency=(double)16.767772, fps=(double)59.638214, frame_num=(uint)2195;
FpsCounter(last 1.03sec): total=30.05 fps, number-streams=1, per-stream=30.05 fps
latency: -7180.54ms
0:00:38.153242434 [32m    1[00m 0x79c908000b70 [37mTRACE  [00m [00;34m          GST_TRACER :0::[00m latency_tracer_pipeline, frame_latency=(double)41.942466, avg=(double)60.190618, min=(double)35.432142, max=(double)3071.486303, latency=(double)16.775182, fps=(double)59.611873, frame_num=(uint)2196;
0:00:38.153260107 [32m    1[00m 0x79c908000b70 [37mTRACE  [00m [00;34m          GST_TRACER :0::[00m latency_tracer_pipeline_interval, interval=(double)1031.622110, avg=(double)42.239455, min=(double)40.932469, max=(double)43.977555, latency=(double)16.639066, fps=(double)60.099526;
0:00:38.153268105 [32m    1[00m 0x79c908000b70 [37mTRACE  [00m [00;34m          GST_TRACER :0::[00m latency_tracer_pipeline, frame_latency=(double)41.942466, avg=(double)60.182312, min=(double)35.432142, max=(double)3071.486303, latency=(double)16.767546, fps=(double)59.639018, frame_num=(uint)2197;
0:00:38.186660094 [32m    1[00m 0x79c908000b70 [37mTRACE  [00m [00;34m          GST_TRACER :0::[00m latency_tracer_pipeline, frame_latency=(double)41.954899, avg=(double)60.174019, min=(double)35.432142, max=(double)3071.486303, latency=(double)16.775119, fps=(double)59.612095, frame_num=(uint)2198;
0:00:38.186692573 [32m    1[00m 0x79c908000b70 [37mTRACE  [00m [00;34m          GST_TRACER :0::[00m latency_tracer_pipeline, frame_latency=(double)41.954899, avg=(double)60.165734, min=(double)35.432142, max=(double)3071.486303, latency=(double)16.767491, fps=(double)59.639216, frame_num=(uint)2199;
0:00:38.219376711 [32m    1[00m 0x79c908000b70 [37mTRACE  [00m [00;34m          GST_TRACER :0::[00m latency_tracer_pipeline, frame_latency=(double)41.276749, avg=(double)60.157148, min=(double)35.432142, max=(double)3071.486303, latency=(double)16.774740, fps=(double)59.613442, frame_num=(uint)2200;
0:00:38.219406998 [32m    1[00m 0x79c908000b70 [37mTRACE  [00m [00;34m          GST_TRACER :0::[00m latency_tracer_pipeline, frame_latency=(double)41.276749, avg=(double)60.148570, min=(double)35.432142, max=(double)3071.486303, latency=(double)16.767119, fps=(double)59.640539, frame_num=(uint)2201;
0:00:38.252894832 [32m    1[00m 0x79c908000b70 [37mTRACE  [00m [00;34m          GST_TRACER :0::[00m latency_tracer_pipeline, frame_latency=(double)41.615738, avg=(double)60.140154, min=(double)35.432142, max=(double)3071.486303, latency=(double)16.774726, fps=(double)59.613492, frame_num=(uint)2202;
0:00:38.252928210 [32m    1[00m 0x79c908000b70 [37mTRACE  [00m [00;34m          GST_TRACER :0::[00m latency_tracer_pipeline, frame_latency=(double)41.615738, avg=(double)60.131745, min=(double)35.432142, max=(double)3071.486303, latency=(double)16.767112, fps=(double)59.640564, frame_num=(uint)2203;
0:00:38.286508107 [32m    1[00m 0x79c908000b70 [37mTRACE  [00m [00;34m          GST_TRACER :0::[00m latency_tracer_pipeline, frame_latency=(double)41.893716, avg=(double)60.123470, min=(double)35.432142, max=(double)3071.486303, latency=(double)16.774750, fps=(double)59.613407, frame_num=(uint)2204;
0:00:38.286536919 [32m    1[00m 0x79c908000b70 [37mTRACE  [00m [00;34m          GST_TRACER :0::[00m latency_tracer_pipeline, frame_latency=(double)41.893716, avg=(double)60.115202, min=(double)35.432142, max=(double)3071.486303, latency=(double)16.767143, fps=(double)59.640454, frame_num=(uint)2205;
0:00:38.320453135 [32m    1[00m 0x79c908000b70 [37mTRACE  [00m [00;34m          GST_TRACER :0::[00m latency_tracer_pipeline, frame_latency=(double)42.518866, avg=(double)60.107226, min=(double)35.432142, max=(double)3071.486303, latency=(double)16.774934, fps=(double)59.612752, frame_num=(uint)2206;
0:00:38.320504477 [32m    1[00m 0x79c908000b70 [37mTRACE  [00m [00;34m          GST_TRACER :0::[00m latency_tracer_pipeline, frame_latency=(double)42.518866, avg=(double)60.099257, min=(double)35.432142, max=(double)3071.486303, latency=(double)16.767333, fps=(double)59.639775, frame_num=(uint)2207;
0:00:38.354464120 [32m    1[00m 0x79c908000b70 [37mTRACE  [00m [00;34m          GST_TRACER :0::[00m latency_tracer_pipeline, frame_latency=(double)43.182924, avg=(double)60.091595, min=(double)35.432142, max=(double)3071.486303, latency=(double)16.775144, fps=(double)59.612008, frame_num=(uint)2208;
0:00:38.354504265 [32m    1[00m 0x79c908000b70 [37mTRACE  [00m [00;34m          GST_TRACER :0::[00m latency_tracer_pipeline, frame_latency=(double)43.182924, avg=(double)60.083941, min=(double)35.432142, max=(double)3071.486303, latency=(double)16.767550, fps=(double)59.639007, frame_num=(uint)2209;
0:00:38.385860128 [32m    1[00m 0x79c908000b70 [37mTRACE  [00m [00;34m          GST_TRACER :0::[00m latency_tracer_pipeline, frame_latency=(double)41.226060, avg=(double)60.075408, min=(double)35.432142, max=(double)3071.486303, latency=(double)16.774168, fps=(double)59.615474, frame_num=(uint)2210;
0:00:38.385891147 [32m    1[00m 0x79c908000b70 [37mTRACE  [00m [00;34m          GST_TRACER :0::[00m latency_tracer_pipeline, frame_latency=(double)41.226060, avg=(double)60.066882, min=(double)35.432142, max=(double)3071.486303, latency=(double)16.766582, fps=(double)59.642449, frame_num=(uint)2211;
0:00:38.421474870 [32m    1[00m 0x79c908000b70 [37mTRACE  [00m [00;34m          GST_TRACER :0::[00m latency_tracer_pipeline, frame_latency=(double)43.551808, avg=(double)60.059416, min=(double)35.432142, max=(double)3071.486303, latency=(double)16.775103, fps=(double)59.612154, frame_num=(uint)2212;
0:00:38.421520408 [32m    1[00m 0x79c908000b70 [37mTRACE  [00m [00;34m          GST_TRACER :0::[00m latency_tracer_pipeline, frame_latency=(double)43.551808, avg=(double)60.051957, min=(double)35.432142, max=(double)3071.486303, latency=(double)16.767522, fps=(double)59.639103, frame_num=(uint)2213;
0:00:38.452931628 [32m    1[00m 0x79c908000b70 [37mTRACE  [00m [00;34m          GST_TRACER :0::[00m latency_tracer_pipeline, frame_latency=(double)40.874706, avg=(double)60.043295, min=(double)35.432142, max=(double)3071.486303, latency=(double)16.774157, fps=(double)59.615515, frame_num=(uint)2214;
0:00:38.452960045 [32m    1[00m 0x79c908000b70 [37mTRACE  [00m [00;34m          GST_TRACER :0::[00m latency_tracer_pipeline, frame_latency=(double)40.874706, avg=(double)60.034641, min=(double)35.432142, max=(double)3071.486303, latency=(double)16.766584, fps=(double)59.642441, frame_num=(uint)2215;
0:00:38.487530177 [32m    1[00m 0x79c908000b70 [37mTRACE  [00m [00;34m          GST_TRACER :0::[00m latency_tracer_pipeline, frame_latency=(double)42.911994, avg=(double)60.026914, min=(double)35.432142, max=(double)3071.486303, latency=(double)16.774631, fps=(double)59.613829, frame_num=(uint)2216;
0:00:38.487555074 [32m    1[00m 0x79c908000b70 [37mTRACE  [00m [00;34m          GST_TRACER :0::[00m latency_tracer_pipeline, frame_latency=(double)42.911994, avg=(double)60.019194, min=(double)35.432142, max=(double)3071.486303, latency=(double)16.767065, fps=(double)59.640730, frame_num=(uint)2217;
0:00:38.519918184 [32m    1[00m 0x79c908000b70 [37mTRACE  [00m [00;34m          GST_TRACER :0::[00m latency_tracer_pipeline, frame_latency=(double)41.570930, avg=(double)60.010877, min=(double)35.432142, max=(double)3071.486303, latency=(double)16.774108, fps=(double)59.615689, frame_num=(uint)2218;
0:00:38.519976550 [32m    1[00m 0x79c908000b70 [37mTRACE  [00m [00;34m          GST_TRACER :0::[00m latency_tracer_pipeline, frame_latency=(double)41.570930, avg=(double)60.002567, min=(double)35.432142, max=(double)3071.486303, latency=(double)16.766549, fps=(double)59.642567, frame_num=(uint)2219;
0:00:38.553924942 [32m    1[00m 0x79c908000b70 [37mTRACE  [00m [00;34m          GST_TRACER :0::[00m latency_tracer_pipeline, frame_latency=(double)42.240511, avg=(double)59.994566, min=(double)35.432142, max=(double)3071.486303, latency=(double)16.774315, fps=(double)59.614955, frame_num=(uint)2220;
0:00:38.553951988 [32m    1[00m 0x79c908000b70 [37mTRACE  [00m [00;34m          GST_TRACER :0::[00m latency_tracer_pipeline, frame_latency=(double)42.240511, avg=(double)59.986572, min=(double)35.432142, max=(double)3071.486303, latency=(double)16.766762, fps=(double)59.641808, frame_num=(uint)2221;
0:00:38.586770852 [32m    1[00m 0x79c908000b70 [37mTRACE  [00m [00;34m          GST_TRACER :0::[00m latency_tracer_pipeline, frame_latency=(double)41.709658, avg=(double)59.978347, min=(double)35.432142, max=(double)3071.486303, latency=(double)16.773999, fps=(double)59.616077, frame_num=(uint)2222;
0:00:38.586799566 [32m    1[00m 0x79c908000b70 [37mTRACE  [00m [00;34m          GST_TRACER :0::[00m latency_tracer_pipeline, frame_latency=(double)41.709658, avg=(double)59.970129, min=(double)35.432142, max=(double)3071.486303, latency=(double)16.766453, fps=(double)59.642907, frame_num=(uint)2223;
0:00:38.620392030 [32m    1[00m 0x79c908000b70 [37mTRACE  [00m [00;34m          GST_TRACER :0::[00m latency_tracer_pipeline, frame_latency=(double)42.179659, avg=(double)59.962129, min=(double)35.432142, max=(double)3071.486303, latency=(double)16.774031, fps=(double)59.615963, frame_num=(uint)2224;
0:00:38.620422432 [32m    1[00m 0x79c908000b70 [37mTRACE  [00m [00;34m          GST_TRACER :0::[00m latency_tracer_pipeline, frame_latency=(double)42.179659, avg=(double)59.954137, min=(double)35.432142, max=(double)3071.486303, latency=(double)16.766492, fps=(double)59.642768, frame_num=(uint)2225;
0:00:38.653419551 [32m    1[00m 0x79c908000b70 [37mTRACE  [00m [00;34m          GST_TRACER :0::[00m latency_tracer_pipeline, frame_latency=(double)41.720171, avg=(double)59.945946, min=(double)35.432142, max=(double)3071.486303, latency=(double)16.773797, fps=(double)59.616793, frame_num=(uint)2226;
0:00:38.653448712 [32m    1[00m 0x79c908000b70 [37mTRACE  [00m [00;34m          GST_TRACER :0::[00m latency_tracer_pipeline, frame_latency=(double)41.720171, avg=(double)59.937762, min=(double)35.432142, max=(double)3071.486303, latency=(double)16.766265, fps=(double)59.643575, frame_num=(uint)2227;
0:00:38.687539319 [32m    1[00m 0x79c908000b70 [37mTRACE  [00m [00;34m          GST_TRACER :0::[00m latency_tracer_pipeline, frame_latency=(double)42.843688, avg=(double)59.930090, min=(double)35.432142, max=(double)3071.486303, latency=(double)16.774054, fps=(double)59.615879, frame_num=(uint)2228;
0:00:38.687565213 [32m    1[00m 0x79c908000b70 [37mTRACE  [00m [00;34m          GST_TRACER :0::[00m latency_tracer_pipeline, frame_latency=(double)42.843688, avg=(double)59.922424, min=(double)35.432142, max=(double)3071.486303, latency=(double)16.766529, fps=(double)59.642637, frame_num=(uint)2229;
0:00:38.722589541 [32m    1[00m 0x79c908000b70 [37mTRACE  [00m [00;34m          GST_TRACER :0::[00m latency_tracer_pipeline, frame_latency=(double)44.168966, avg=(double)59.915360, min=(double)35.432142, max=(double)3071.486303, latency=(double)16.774728, fps=(double)59.613485, frame_num=(uint)2230;
0:00:38.722617326 [32m    1[00m 0x79c908000b70 [37mTRACE  [00m [00;34m          GST_TRACER :0::[00m latency_tracer_pipeline, frame_latency=(double)44.168966, avg=(double)59.908302, min=(double)35.432142, max=(double)3071.486303, latency=(double)16.767209, fps=(double)59.640217, frame_num=(uint)2231;
0:00:38.754391838 [32m    1[00m 0x79c908000b70 [37mTRACE  [00m [00;34m          GST_TRACER :0::[00m latency_tracer_pipeline, frame_latency=(double)42.586205, avg=(double)59.900541, min=(double)35.432142, max=(double)3071.486303, latency=(double)16.773943, fps=(double)59.616274, frame_num=(uint)2232;
0:00:38.754428206 [32m    1[00m 0x79c908000b70 [37mTRACE  [00m [00;34m          GST_TRACER :0::[00m latency_tracer_pipeline, frame_latency=(double)42.586205, avg=(double)59.892787, min=(double)35.432142, max=(double)3071.486303, latency=(double)16.766431, fps=(double)59.642984, frame_num=(uint)2233;
0:00:38.785863152 [32m    1[00m 0x79c908000b70 [37mTRACE  [00m [00;34m          GST_TRACER :0::[00m latency_tracer_pipeline, frame_latency=(double)41.246608, avg=(double)59.884441, min=(double)35.432142, max=(double)3071.486303, latency=(double)16.773015, fps=(double)59.619573, frame_num=(uint)2234;
0:00:38.785893577 [32m    1[00m 0x79c908000b70 [37mTRACE  [00m [00;34m          GST_TRACER :0::[00m latency_tracer_pipeline, frame_latency=(double)41.246608, avg=(double)59.876102, min=(double)35.432142, max=(double)3071.486303, latency=(double)16.765510, fps=(double)59.646260, frame_num=(uint)2235;
0:00:38.820251797 [32m    1[00m 0x79c908000b70 [37mTRACE  [00m [00;34m          GST_TRACER :0::[00m latency_tracer_pipeline, frame_latency=(double)42.216404, avg=(double)59.868204, min=(double)35.432142, max=(double)3071.486303, latency=(double)16.773390, fps=(double)59.618240, frame_num=(uint)2236;
0:00:38.820287700 [32m    1[00m 0x79c908000b70 [37mTRACE  [00m [00;34m          GST_TRACER :0::[00m latency_tracer_pipeline, frame_latency=(double)42.216404, avg=(double)59.860313, min=(double)35.432142, max=(double)3071.486303, latency=(double)16.765892, fps=(double)59.644903, frame_num=(uint)2237;
0:00:38.854694418 [32m    1[00m 0x79c908000b70 [37mTRACE  [00m [00;34m          GST_TRACER :0::[00m latency_tracer_pipeline, frame_latency=(double)43.420360, avg=(double)59.852967, min=(double)35.432142, max=(double)3071.486303, latency=(double)16.773792, fps=(double)59.616811, frame_num=(uint)2238;
0:00:38.854722323 [32m    1[00m 0x79c908000b70 [37mTRACE  [00m [00;34m          GST_TRACER :0::[00m latency_tracer_pipeline, frame_latency=(double)43.420360, avg=(double)59.845628, min=(double)35.432142, max=(double)3071.486303, latency=(double)16.766301, fps=(double)59.643449, frame_num=(uint)2239;
0:00:38.887965070 [32m    1[00m 0x79c908000b70 [37mTRACE  [00m [00;34m          GST_TRACER :0::[00m latency_tracer_pipeline, frame_latency=(double)43.102735, avg=(double)59.838153, min=(double)35.432142, max=(double)3071.486303, latency=(double)16.773669, fps=(double)59.617250, frame_num=(uint)2240;
0:00:38.887994790 [32m    1[00m 0x79c908000b70 [37mTRACE  [00m [00;34m          GST_TRACER :0::[00m latency_tracer_pipeline, frame_latency=(double)43.102735, avg=(double)59.830685, min=(double)35.432142, max=(double)3071.486303, latency=(double)16.766184, fps=(double)59.643865, frame_num=(uint)2241;
0:00:38.920510194 [32m    1[00m 0x79c908000b70 [37mTRACE  [00m [00;34m          GST_TRACER :0::[00m latency_tracer_pipeline, frame_latency=(double)41.674073, avg=(double)59.822587, min=(double)35.432142, max=(double)3071.486303, latency=(double)16.773212, fps=(double)59.618874, frame_num=(uint)2242;
0:00:38.920542719 [32m    1[00m 0x79c908000b70 [37mTRACE  [00m [00;34m          GST_TRACER :0::[00m latency_tracer_pipeline, frame_latency=(double)41.674073, avg=(double)59.814496, min=(double)35.432142, max=(double)3071.486303, latency=(double)16.765734, fps=(double)59.645466, frame_num=(uint)2243;
0:00:38.953474246 [32m    1[00m 0x79c908000b70 [37mTRACE  [00m [00;34m          GST_TRACER :0::[00m latency_tracer_pipeline, frame_latency=(double)41.805914, avg=(double)59.806471, min=(double)35.432142, max=(double)3071.486303, latency=(double)16.772962, fps=(double)59.619762, frame_num=(uint)2244;
0:00:38.953513828 [32m    1[00m 0x79c908000b70 [37mTRACE  [00m [00;34m          GST_TRACER :0::[00m latency_tracer_pipeline, frame_latency=(double)41.805914, avg=(double)59.798453, min=(double)35.432142, max=(double)3071.486303, latency=(double)16.765491, fps=(double)59.646330, frame_num=(uint)2245;
0:00:38.987058347 [32m    1[00m 0x79c908000b70 [37mTRACE  [00m [00;34m          GST_TRACER :0::[00m latency_tracer_pipeline, frame_latency=(double)42.437896, avg=(double)59.790723, min=(double)35.432142, max=(double)3071.486303, latency=(double)16.772982, fps=(double)59.619692, frame_num=(uint)2246;
0:00:38.987075094 [32m    1[00m 0x79c908000b70 [37mTRACE  [00m [00;34m          GST_TRACER :0::[00m latency_tracer_pipeline, frame_latency=(double)42.437896, avg=(double)59.783000, min=(double)35.432142, max=(double)3071.486303, latency=(double)16.765517, fps=(double)59.646237, frame_num=(uint)2247;
FpsCounter(average 4.10sec): total=30.25 fps, number-streams=1, per-stream=30.25 fps
0:00:39.020068172 [32m    1[00m 0x79c908000b70 [37mTRACE  [00m [00;34m          GST_TRACER :0::[00m latency_tracer_pipeline, frame_latency=(double)42.005029, avg=(double)59.775092, min=(double)35.432142, max=(double)3071.486303, latency=(double)16.772740, fps=(double)59.620551, frame_num=(uint)2248;
0:00:39.020102804 [32m    1[00m 0x79c908000b70 [37mTRACE  [00m [00;34m          GST_TRACER :0::[00m latency_tracer_pipeline, frame_latency=(double)42.005029, avg=(double)59.767191, min=(double)35.432142, max=(double)3071.486303, latency=(double)16.765282, fps=(double)59.647073, frame_num=(uint)2249;
0:00:39.053679892 [32m    1[00m 0x79c908000b70 [37mTRACE  [00m [00;34m          GST_TRACER :0::[00m latency_tracer_pipeline, frame_latency=(double)42.389406, avg=(double)59.759467, min=(double)35.432142, max=(double)3071.486303, latency=(double)16.772770, fps=(double)59.620446, frame_num=(uint)2250;
0:00:39.053711993 [32m    1[00m 0x79c908000b70 [37mTRACE  [00m [00;34m          GST_TRACER :0::[00m latency_tracer_pipeline, frame_latency=(double)42.389406, avg=(double)59.751751, min=(double)35.432142, max=(double)3071.486303, latency=(double)16.765318, fps=(double)59.646944, frame_num=(uint)2251;
0:00:39.086225927 [32m    1[00m 0x79c908000b70 [37mTRACE  [00m [00;34m          GST_TRACER :0::[00m latency_tracer_pipeline, frame_latency=(double)41.474414, avg=(double)59.743635, min=(double)35.432142, max=(double)3071.486303, latency=(double)16.772326, fps=(double)59.622024, frame_num=(uint)2252;
0:00:39.086261115 [32m    1[00m 0x79c908000b70 [37mTRACE  [00m [00;34m          GST_TRACER :0::[00m latency_tracer_pipeline, frame_latency=(double)41.474414, avg=(double)59.735526, min=(double)35.432142, max=(double)3071.486303, latency=(double)16.764881, fps=(double)59.648499, frame_num=(uint)2253;
0:00:39.120689990 [32m    1[00m 0x79c908000b70 [37mTRACE  [00m [00;34m          GST_TRACER :0::[00m latency_tracer_pipeline, frame_latency=(double)42.537930, avg=(double)59.727896, min=(double)35.432142, max=(double)3071.486303, latency=(double)16.772734, fps=(double)59.620573, frame_num=(uint)2254;
0:00:39.120718033 [32m    1[00m 0x79c908000b70 [37mTRACE  [00m [00;34m          GST_TRACER :0::[00m latency_tracer_pipeline, frame_latency=(double)42.537930, avg=(double)59.720273, min=(double)35.432142, max=(double)3071.486303, latency=(double)16.765296, fps=(double)59.647024, frame_num=(uint)2255;
FpsCounter(last 1.00sec): total=29.97 fps, number-streams=1, per-stream=29.97 fps
latency: -7383.65ms
0:00:39.154359460 [32m    1[00m 0x79c908000b70 [37mTRACE  [00m [00;34m          GST_TRACER :0::[00m latency_tracer_pipeline, frame_latency=(double)43.047354, avg=(double)59.712882, min=(double)35.432142, max=(double)3071.486303, latency=(double)16.772791, fps=(double)59.620370, frame_num=(uint)2256;
0:00:39.154377231 [32m    1[00m 0x79c908000b70 [37mTRACE  [00m [00;34m          GST_TRACER :0::[00m latency_tracer_pipeline_interval, interval=(double)1001.116817, avg=(double)42.227764, min=(double)40.874706, max=(double)44.168966, latency=(double)16.685280, fps=(double)59.933066;
0:00:39.154385223 [32m    1[00m 0x79c908000b70 [37mTRACE  [00m [00;34m          GST_TRACER :0::[00m latency_tracer_pipeline, frame_latency=(double)43.047354, avg=(double)59.705498, min=(double)35.432142, max=(double)3071.486303, latency=(double)16.765359, fps=(double)59.646798, frame_num=(uint)2257;
0:00:39.186236175 [32m    1[00m 0x79c908000b70 [37mTRACE  [00m [00;34m          GST_TRACER :0::[00m latency_tracer_pipeline, frame_latency=(double)41.569321, avg=(double)59.697466, min=(double)35.432142, max=(double)3071.486303, latency=(double)16.772050, fps=(double)59.623004, frame_num=(uint)2258;
0:00:39.186270554 [32m    1[00m 0x79c908000b70 [37mTRACE  [00m [00;34m          GST_TRACER :0::[00m latency_tracer_pipeline, frame_latency=(double)41.569321, avg=(double)59.689442, min=(double)35.432142, max=(double)3071.486303, latency=(double)16.764625, fps=(double)59.649410, frame_num=(uint)2259;
0:00:39.220128131 [32m    1[00m 0x79c908000b70 [37mTRACE  [00m [00;34m          GST_TRACER :0::[00m latency_tracer_pipeline, frame_latency=(double)42.139179, avg=(double)59.681676, min=(double)35.432142, max=(double)3071.486303, latency=(double)16.772203, fps=(double)59.622461, frame_num=(uint)2260;
0:00:39.220165766 [32m    1[00m 0x79c908000b70 [37mTRACE  [00m [00;34m          GST_TRACER :0::[00m latency_tracer_pipeline, frame_latency=(double)42.139179, avg=(double)59.673917, min=(double)35.432142, max=(double)3071.486303, latency=(double)16.764785, fps=(double)59.648842, frame_num=(uint)2261;
0:00:39.253092537 [32m    1[00m 0x79c908000b70 [37mTRACE  [00m [00;34m          GST_TRACER :0::[00m latency_tracer_pipeline, frame_latency=(double)41.719149, avg=(double)59.665980, min=(double)35.432142, max=(double)3071.486303, latency=(double)16.771947, fps=(double)59.623369, frame_num=(uint)2262;
0:00:39.253126977 [32m    1[00m 0x79c908000b70 [37mTRACE  [00m [00;34m          GST_TRACER :0::[00m latency_tracer_pipeline, frame_latency=(double)41.719149, avg=(double)59.658049, min=(double)35.432142, max=(double)3071.486303, latency=(double)16.764536, fps=(double)59.649728, frame_num=(uint)2263;
0:00:39.285960260 [32m    1[00m 0x79c908000b70 [37mTRACE  [00m [00;34m          GST_TRACER :0::[00m latency_tracer_pipeline, frame_latency=(double)41.288501, avg=(double)59.649935, min=(double)35.432142, max=(double)3071.486303, latency=(double)16.771648, fps=(double)59.624433, frame_num=(uint)2264;
0:00:39.285992247 [32m    1[00m 0x79c908000b70 [37mTRACE  [00m [00;34m          GST_TRACER :0::[00m latency_tracer_pipeline, frame_latency=(double)41.288501, avg=(double)59.641829, min=(double)35.432142, max=(double)3071.486303, latency=(double)16.764243, fps=(double)59.650768, frame_num=(uint)2265;
0:00:39.319266364 [32m    1[00m 0x79c908000b70 [37mTRACE  [00m [00;34m          GST_TRACER :0::[00m latency_tracer_pipeline, frame_latency=(double)41.274795, avg=(double)59.633723, min=(double)35.432142, max=(double)3071.486303, latency=(double)16.771544, fps=(double)59.624803, frame_num=(uint)2266;
0:00:39.319299719 [32m    1[00m 0x79c908000b70 [37mTRACE  [00m [00;34m          GST_TRACER :0::[00m latency_tracer_pipeline, frame_latency=(double)41.274795, avg=(double)59.625625, min=(double)35.432142, max=(double)3071.486303, latency=(double)16.764146, fps=(double)59.651116, frame_num=(uint)2267;
0:00:39.353743967 [32m    1[00m 0x79c908000b70 [37mTRACE  [00m [00;34m          GST_TRACER :0::[00m latency_tracer_pipeline, frame_latency=(double)42.456644, avg=(double)59.618055, min=(double)35.432142, max=(double)3071.486303, latency=(double)16.771955, fps=(double)59.623340, frame_num=(uint)2268;
0:00:39.353777520 [32m    1[00m 0x79c908000b70 [37mTRACE  [00m [00;34m          GST_TRACER :0::[00m latency_tracer_pipeline, frame_latency=(double)42.456644, avg=(double)59.610491, min=(double)35.432142, max=(double)3071.486303, latency=(double)16.764564, fps=(double)59.649629, frame_num=(uint)2269;
0:00:39.387173647 [32m    1[00m 0x79c908000b70 [37mTRACE  [00m [00;34m          GST_TRACER :0::[00m latency_tracer_pipeline, frame_latency=(double)42.461158, avg=(double)59.602937, min=(double)35.432142, max=(double)3071.486303, latency=(double)16.771905, fps=(double)59.623518, frame_num=(uint)2270;
0:00:39.387205506 [32m    1[00m 0x79c908000b70 [37mTRACE  [00m [00;34m          GST_TRACER :0::[00m latency_tracer_pipeline, frame_latency=(double)42.461158, avg=(double)59.595389, min=(double)35.432142, max=(double)3071.486303, latency=(double)16.764520, fps=(double)59.649784, frame_num=(uint)2271;
0:00:39.419569188 [32m    1[00m 0x79c908000b70 [37mTRACE  [00m [00;34m          GST_TRACER :0::[00m latency_tracer_pipeline, frame_latency=(double)41.569060, avg=(double)59.587454, min=(double)35.432142, max=(double)3071.486303, latency=(double)16.771401, fps=(double)59.625312, frame_num=(uint)2272;
0:00:39.419596558 [32m    1[00m 0x79c908000b70 [37mTRACE  [00m [00;34m          GST_TRACER :0::[00m latency_tracer_pipeline, frame_latency=(double)41.569060, avg=(double)59.579527, min=(double)35.432142, max=(double)3071.486303, latency=(double)16.764022, fps=(double)59.651555, frame_num=(uint)2273;
0:00:39.453158152 [32m    1[00m 0x79c908000b70 [37mTRACE  [00m [00;34m          GST_TRACER :0::[00m latency_tracer_pipeline, frame_latency=(double)41.950562, avg=(double)59.571775, min=(double)35.432142, max=(double)3071.486303, latency=(double)16.771420, fps=(double)59.625242, frame_num=(uint)2274;
0:00:39.453191614 [32m    1[00m 0x79c908000b70 [37mTRACE  [00m [00;34m          GST_TRACER :0::[00m latency_tracer_pipeline, frame_latency=(double)41.950562, avg=(double)59.564029, min=(double)35.432142, max=(double)3071.486303, latency=(double)16.764048, fps=(double)59.651462, frame_num=(uint)2275;
0:00:39.486837503 [32m    1[00m 0x79c908000b70 [37mTRACE  [00m [00;34m          GST_TRACER :0::[00m latency_tracer_pipeline, frame_latency=(double)41.891859, avg=(double)59.556265, min=(double)35.432142, max=(double)3071.486303, latency=(double)16.771480, fps=(double)59.625030, frame_num=(uint)2276;
0:00:39.486864294 [32m    1[00m 0x79c908000b70 [37mTRACE  [00m [00;34m          GST_TRACER :0::[00m latency_tracer_pipeline, frame_latency=(double)41.891859, avg=(double)59.548507, min=(double)35.432142, max=(double)3071.486303, latency=(double)16.764115, fps=(double)59.651227, frame_num=(uint)2277;
0:00:39.520833805 [32m    1[00m 0x79c908000b70 [37mTRACE  [00m [00;34m          GST_TRACER :0::[00m latency_tracer_pipeline, frame_latency=(double)42.325061, avg=(double)59.540946, min=(double)35.432142, max=(double)3071.486303, latency=(double)16.771680, fps=(double)59.624320, frame_num=(uint)2278;
0:00:39.520869644 [32m    1[00m 0x79c908000b70 [37mTRACE  [00m [00;34m          GST_TRACER :0::[00m latency_tracer_pipeline, frame_latency=(double)42.325061, avg=(double)59.533392, min=(double)35.432142, max=(double)3071.486303, latency=(double)16.764321, fps=(double)59.650494, frame_num=(uint)2279;
0:00:39.554511102 [32m    1[00m 0x79c908000b70 [37mTRACE  [00m [00;34m          GST_TRACER :0::[00m latency_tracer_pipeline, frame_latency=(double)43.028580, avg=(double)59.526153, min=(double)35.432142, max=(double)3071.486303, latency=(double)16.771730, fps=(double)59.624140, frame_num=(uint)2280;
0:00:39.554539245 [32m    1[00m 0x79c908000b70 [37mTRACE  [00m [00;34m          GST_TRACER :0::[00m latency_tracer_pipeline, frame_latency=(double)43.028580, avg=(double)59.518921, min=(double)35.432142, max=(double)3071.486303, latency=(double)16.764378, fps=(double)59.650291, frame_num=(uint)2281;
0:00:39.586525225 [32m    1[00m 0x79c908000b70 [37mTRACE  [00m [00;34m          GST_TRACER :0::[00m latency_tracer_pipeline, frame_latency=(double)41.883097, avg=(double)59.511192, min=(double)35.432142, max=(double)3071.486303, latency=(double)16.771068, fps=(double)59.626494, frame_num=(uint)2282;
0:00:39.586591542 [32m    1[00m 0x79c908000b70 [37mTRACE  [00m [00;34m          GST_TRACER :0::[00m latency_tracer_pipeline, frame_latency=(double)41.883097, avg=(double)59.503471, min=(double)35.432142, max=(double)3071.486303, latency=(double)16.763722, fps=(double)59.652623, frame_num=(uint)2283;
0:00:39.619879454 [32m    1[00m 0x79c908000b70 [37mTRACE  [00m [00;34m          GST_TRACER :0::[00m latency_tracer_pipeline, frame_latency=(double)41.789941, avg=(double)59.495715, min=(double)35.432142, max=(double)3071.486303, latency=(double)16.770985, fps=(double)59.626790, frame_num=(uint)2284;
0:00:39.619915076 [32m    1[00m 0x79c908000b70 [37mTRACE  [00m [00;34m          GST_TRACER :0::[00m latency_tracer_pipeline, frame_latency=(double)41.789941, avg=(double)59.487967, min=(double)35.432142, max=(double)3071.486303, latency=(double)16.763645, fps=(double)59.652896, frame_num=(uint)2285;
0:00:39.653553472 [32m    1[00m 0x79c908000b70 [37mTRACE  [00m [00;34m          GST_TRACER :0::[00m latency_tracer_pipeline, frame_latency=(double)42.173536, avg=(double)59.480393, min=(double)35.432142, max=(double)3071.486303, latency=(double)16.771044, fps=(double)59.626579, frame_num=(uint)2286;
0:00:39.653581327 [32m    1[00m 0x79c908000b70 [37mTRACE  [00m [00;34m          GST_TRACER :0::[00m latency_tracer_pipeline, frame_latency=(double)42.173536, avg=(double)59.472825, min=(double)35.432142, max=(double)3071.486303, latency=(double)16.763711, fps=(double)59.652662, frame_num=(uint)2287;
0:00:39.686363701 [32m    1[00m 0x79c908000b70 [37mTRACE  [00m [00;34m          GST_TRACER :0::[00m latency_tracer_pipeline, frame_latency=(double)41.691801, avg=(double)59.465054, min=(double)35.432142, max=(double)3071.486303, latency=(double)16.770724, fps=(double)59.627719, frame_num=(uint)2288;
0:00:39.686392621 [32m    1[00m 0x79c908000b70 [37mTRACE  [00m [00;34m          GST_TRACER :0::[00m latency_tracer_pipeline, frame_latency=(double)41.691801, avg=(double)59.457289, min=(double)35.432142, max=(double)3071.486303, latency=(double)16.763397, fps=(double)59.653780, frame_num=(uint)2289;
0:00:39.720396151 [32m    1[00m 0x79c908000b70 [37mTRACE  [00m [00;34m          GST_TRACER :0::[00m latency_tracer_pipeline, frame_latency=(double)42.377904, avg=(double)59.449831, min=(double)35.432142, max=(double)3071.486303, latency=(double)16.770938, fps=(double)59.626957, frame_num=(uint)2290;
0:00:39.720429574 [32m    1[00m 0x79c908000b70 [37mTRACE  [00m [00;34m          GST_TRACER :0::[00m latency_tracer_pipeline, frame_latency=(double)42.377904, avg=(double)59.442379, min=(double)35.432142, max=(double)3071.486303, latency=(double)16.763618, fps=(double)59.652995, frame_num=(uint)2291;
0:00:39.753418659 [32m    1[00m 0x79c908000b70 [37mTRACE  [00m [00;34m          GST_TRACER :0::[00m latency_tracer_pipeline, frame_latency=(double)41.837617, avg=(double)59.434698, min=(double)35.432142, max=(double)3071.486303, latency=(double)16.770710, fps=(double)59.627767, frame_num=(uint)2292;
0:00:39.753451415 [32m    1[00m 0x79c908000b70 [37mTRACE  [00m [00;34m          GST_TRACER :0::[00m latency_tracer_pipeline, frame_latency=(double)41.837617, avg=(double)59.427024, min=(double)35.432142, max=(double)3071.486303, latency=(double)16.763396, fps=(double)59.653783, frame_num=(uint)2293;
0:00:39.786167615 [32m    1[00m 0x79c908000b70 [37mTRACE  [00m [00;34m          GST_TRACER :0::[00m latency_tracer_pipeline, frame_latency=(double)41.414114, avg=(double)59.419172, min=(double)35.432142, max=(double)3071.486303, latency=(double)16.770366, fps=(double)59.628991, frame_num=(uint)2294;
0:00:39.786199578 [32m    1[00m 0x79c908000b70 [37mTRACE  [00m [00;34m          GST_TRACER :0::[00m latency_tracer_pipeline, frame_latency=(double)41.414114, avg=(double)59.411326, min=(double)35.432142, max=(double)3071.486303, latency=(double)16.763059, fps=(double)59.654984, frame_num=(uint)2295;
0:00:39.820054310 [32m    1[00m 0x79c908000b70 [37mTRACE  [00m [00;34m          GST_TRACER :0::[00m latency_tracer_pipeline, frame_latency=(double)41.996163, avg=(double)59.403741, min=(double)35.432142, max=(double)3071.486303, latency=(double)16.770516, fps=(double)59.628458, frame_num=(uint)2296;
0:00:39.820088546 [32m    1[00m 0x79c908000b70 [37mTRACE  [00m [00;34m          GST_TRACER :0::[00m latency_tracer_pipeline, frame_latency=(double)41.996163, avg=(double)59.396163, min=(double)35.432142, max=(double)3071.486303, latency=(double)16.763215, fps=(double)59.654428, frame_num=(uint)2297;
0:00:39.853608527 [32m    1[00m 0x79c908000b70 [37mTRACE  [00m [00;34m          GST_TRACER :0::[00m latency_tracer_pipeline, frame_latency=(double)42.166227, avg=(double)59.388665, min=(double)35.432142, max=(double)3071.486303, latency=(double)16.770522, fps=(double)59.628436, frame_num=(uint)2298;
0:00:39.853640553 [32m    1[00m 0x79c908000b70 [37mTRACE  [00m [00;34m          GST_TRACER :0::[00m latency_tracer_pipeline, frame_latency=(double)42.166227, avg=(double)59.381174, min=(double)35.432142, max=(double)3071.486303, latency=(double)16.763227, fps=(double)59.654384, frame_num=(uint)2299;
0:00:39.886336771 [32m    1[00m 0x79c908000b70 [37mTRACE  [00m [00;34m          GST_TRACER :0::[00m latency_tracer_pipeline, frame_latency=(double)41.422452, avg=(double)59.373366, min=(double)35.432142, max=(double)3071.486303, latency=(double)16.770169, fps=(double)59.629690, frame_num=(uint)2300;
0:00:39.886366181 [32m    1[00m 0x79c908000b70 [37mTRACE  [00m [00;34m          GST_TRACER :0::[00m latency_tracer_pipeline, frame_latency=(double)41.422452, avg=(double)59.365564, min=(double)35.432142, max=(double)3071.486303, latency=(double)16.762881, fps=(double)59.655616, frame_num=(uint)2301;
0:00:39.921116198 [32m    1[00m 0x79c908000b70 [37mTRACE  [00m [00;34m          GST_TRACER :0::[00m latency_tracer_pipeline, frame_latency=(double)43.045041, avg=(double)59.358475, min=(double)35.432142, max=(double)3071.486303, latency=(double)16.770707, fps=(double)59.627778, frame_num=(uint)2302;
0:00:39.921149524 [32m    1[00m 0x79c908000b70 [37mTRACE  [00m [00;34m          GST_TRACER :0::[00m latency_tracer_pipeline, frame_latency=(double)43.045041, avg=(double)59.351391, min=(double)35.432142, max=(double)3071.486303, latency=(double)16.763425, fps=(double)59.653681, frame_num=(uint)2303;
0:00:39.953647020 [32m    1[00m 0x79c908000b70 [37mTRACE  [00m [00;34m          GST_TRACER :0::[00m latency_tracer_pipeline, frame_latency=(double)42.399480, avg=(double)59.344033, min=(double)35.432142, max=(double)3071.486303, latency=(double)16.770269, fps=(double)59.629337, frame_num=(uint)2304;
0:00:39.953676605 [32m    1[00m 0x79c908000b70 [37mTRACE  [00m [00;34m          GST_TRACER :0::[00m latency_tracer_pipeline, frame_latency=(double)42.399480, avg=(double)59.336682, min=(double)35.432142, max=(double)3071.486303, latency=(double)16.762993, fps=(double)59.655218, frame_num=(uint)2305;
0:00:39.986809107 [32m    1[00m 0x79c908000b70 [37mTRACE  [00m [00;34m          GST_TRACER :0::[00m latency_tracer_pipeline, frame_latency=(double)42.273919, avg=(double)59.329283, min=(double)35.432142, max=(double)3071.486303, latency=(double)16.770105, fps=(double)59.629918, frame_num=(uint)2306;
0:00:39.986837734 [32m    1[00m 0x79c908000b70 [37mTRACE  [00m [00;34m          GST_TRACER :0::[00m latency_tracer_pipeline, frame_latency=(double)42.273919, avg=(double)59.321890, min=(double)35.432142, max=(double)3071.486303, latency=(double)16.762836, fps=(double)59.655776, frame_num=(uint)2307;
FpsCounter(average 5.13sec): total=30.20 fps, number-streams=1, per-stream=30.20 fps
0:00:40.020350233 [32m    1[00m 0x79c908000b70 [37mTRACE  [00m [00;34m          GST_TRACER :0::[00m latency_tracer_pipeline, frame_latency=(double)42.045744, avg=(double)59.314405, min=(double)35.432142, max=(double)3071.486303, latency=(double)16.770107, fps=(double)59.629910, frame_num=(uint)2308;
0:00:40.020365758 [32m    1[00m 0x79c908000b70 [37mTRACE  [00m [00;34m          GST_TRACER :0::[00m latency_tracer_pipeline, frame_latency=(double)42.045744, avg=(double)59.306926, min=(double)35.432142, max=(double)3071.486303, latency=(double)16.762844, fps=(double)59.655747, frame_num=(uint)2309;
0:00:40.054034656 [32m    1[00m 0x79c908000b70 [37mTRACE  [00m [00;34m          GST_TRACER :0::[00m latency_tracer_pipeline, frame_latency=(double)42.482179, avg=(double)59.299642, min=(double)35.432142, max=(double)3071.486303, latency=(double)16.770168, fps=(double)59.629694, frame_num=(uint)2310;
0:00:40.054062087 [32m    1[00m 0x79c908000b70 [37mTRACE  [00m [00;34m          GST_TRACER :0::[00m latency_tracer_pipeline, frame_latency=(double)42.482179, avg=(double)59.292365, min=(double)35.432142, max=(double)3071.486303, latency=(double)16.762911, fps=(double)59.655508, frame_num=(uint)2311;
0:00:40.087477720 [32m    1[00m 0x79c908000b70 [37mTRACE  [00m [00;34m          GST_TRACER :0::[00m latency_tracer_pipeline, frame_latency=(double)42.307724, avg=(double)59.285019, min=(double)35.432142, max=(double)3071.486303, latency=(double)16.770126, fps=(double)59.629843, frame_num=(uint)2312;
0:00:40.087522929 [32m    1[00m 0x79c908000b70 [37mTRACE  [00m [00;34m          GST_TRACER :0::[00m latency_tracer_pipeline, frame_latency=(double)42.307724, avg=(double)59.277679, min=(double)35.432142, max=(double)3071.486303, latency=(double)16.762876, fps=(double)59.655635, frame_num=(uint)2313;
0:00:40.120432589 [32m    1[00m 0x79c908000b70 [37mTRACE  [00m [00;34m          GST_TRACER :0::[00m latency_tracer_pipeline, frame_latency=(double)41.891649, avg=(double)59.270166, min=(double)35.432142, max=(double)3071.486303, latency=(double)16.769873, fps=(double)59.630742, frame_num=(uint)2314;
0:00:40.120458686 [32m    1[00m 0x79c908000b70 [37mTRACE  [00m [00;34m          GST_TRACER :0::[00m latency_tracer_pipeline, frame_latency=(double)41.891649, avg=(double)59.262659, min=(double)35.432142, max=(double)3071.486303, latency=(double)16.762629, fps=(double)59.656512, frame_num=(uint)2315;
0:00:40.153606816 [32m    1[00m 0x79c908000b70 [37mTRACE  [00m [00;34m          GST_TRACER :0::[00m latency_tracer_pipeline, frame_latency=(double)42.021721, avg=(double)59.255214, min=(double)35.432142, max=(double)3071.486303, latency=(double)16.769715, fps=(double)59.631306, frame_num=(uint)2316;
0:00:40.153634835 [32m    1[00m 0x79c908000b70 [37mTRACE  [00m [00;34m          GST_TRACER :0::[00m latency_tracer_pipeline, frame_latency=(double)42.021721, avg=(double)59.247777, min=(double)35.432142, max=(double)3071.486303, latency=(double)16.762477, fps=(double)59.657053, frame_num=(uint)2317;
0:00:40.186479266 [32m    1[00m 0x79c908000b70 [37mTRACE  [00m [00;34m          GST_TRACER :0::[00m latency_tracer_pipeline, frame_latency=(double)41.520451, avg=(double)59.240129, min=(double)35.432142, max=(double)3071.486303, latency=(double)16.769429, fps=(double)59.632321, frame_num=(uint)2318;
0:00:40.186510775 [32m    1[00m 0x79c908000b70 [37mTRACE  [00m [00;34m          GST_TRACER :0::[00m latency_tracer_pipeline_interval, interval=(double)1032.121122, avg=(double)42.038003, min=(double)41.274795, max=(double)43.047354, latency=(double)16.647115, fps=(double)60.070469;
0:00:40.186520231 [32m    1[00m 0x79c908000b70 [37mTRACE  [00m [00;34m          GST_TRACER :0::[00m latency_tracer_pipeline, frame_latency=(double)41.520451, avg=(double)59.232488, min=(double)35.432142, max=(double)3071.486303, latency=(double)16.762198, fps=(double)59.658047, frame_num=(uint)2319;
FpsCounter(last 1.03sec): total=30.04 fps, number-streams=1, per-stream=30.04 fps
latency: -7587.31ms
0:00:40.220106144 [32m    1[00m 0x79c908000b70 [37mTRACE  [00m [00;34m          GST_TRACER :0::[00m latency_tracer_pipeline, frame_latency=(double)42.054239, avg=(double)59.225083, min=(double)35.432142, max=(double)3071.486303, latency=(double)16.769465, fps=(double)59.632195, frame_num=(uint)2320;
0:00:40.220139042 [32m    1[00m 0x79c908000b70 [37mTRACE  [00m [00;34m          GST_TRACER :0::[00m latency_tracer_pipeline, frame_latency=(double)42.054239, avg=(double)59.217685, min=(double)35.432142, max=(double)3071.486303, latency=(double)16.762240, fps=(double)59.657898, frame_num=(uint)2321;
0:00:40.253293345 [32m    1[00m 0x79c908000b70 [37mTRACE  [00m [00;34m          GST_TRACER :0::[00m latency_tracer_pipeline, frame_latency=(double)41.875237, avg=(double)59.210217, min=(double)35.432142, max=(double)3071.486303, latency=(double)16.769314, fps=(double)59.632732, frame_num=(uint)2322;
0:00:40.253321315 [32m    1[00m 0x79c908000b70 [37mTRACE  [00m [00;34m          GST_TRACER :0::[00m latency_tracer_pipeline, frame_latency=(double)41.875237, avg=(double)59.202754, min=(double)35.432142, max=(double)3071.486303, latency=(double)16.762095, fps=(double)59.658414, frame_num=(uint)2323;
0:00:40.286178921 [32m    1[00m 0x79c908000b70 [37mTRACE  [00m [00;34m          GST_TRACER :0::[00m latency_tracer_pipeline, frame_latency=(double)41.505012, avg=(double)59.195139, min=(double)35.432142, max=(double)3071.486303, latency=(double)16.769035, fps=(double)59.633725, frame_num=(uint)2324;
0:00:40.286198571 [32m    1[00m 0x79c908000b70 [37mTRACE  [00m [00;34m          GST_TRACER :0::[00m latency_tracer_pipeline, frame_latency=(double)41.505012, avg=(double)59.187530, min=(double)35.432142, max=(double)3071.486303, latency=(double)16.761822, fps=(double)59.659385, frame_num=(uint)2325;
0:00:40.320057473 [32m    1[00m 0x79c908000b70 [37mTRACE  [00m [00;34m          GST_TRACER :0::[00m latency_tracer_pipeline, frame_latency=(double)42.032629, avg=(double)59.180155, min=(double)35.432142, max=(double)3071.486303, latency=(double)16.769179, fps=(double)59.633213, frame_num=(uint)2326;
0:00:40.320085957 [32m    1[00m 0x79c908000b70 [37mTRACE  [00m [00;34m          GST_TRACER :0::[00m latency_tracer_pipeline, frame_latency=(double)42.032629, avg=(double)59.172786, min=(double)35.432142, max=(double)3071.486303, latency=(double)16.761972, fps=(double)59.658851, frame_num=(uint)2327;
0:00:40.354180425 [32m    1[00m 0x79c908000b70 [37mTRACE  [00m [00;34m          GST_TRACER :0::[00m latency_tracer_pipeline, frame_latency=(double)42.652993, avg=(double)59.165690, min=(double)35.432142, max=(double)3071.486303, latency=(double)16.769429, fps=(double)59.632323, frame_num=(uint)2328;
0:00:40.354212699 [32m    1[00m 0x79c908000b70 [37mTRACE  [00m [00;34m          GST_TRACER :0::[00m latency_tracer_pipeline, frame_latency=(double)42.652993, avg=(double)59.158600, min=(double)35.432142, max=(double)3071.486303, latency=(double)16.762229, fps=(double)59.657938, frame_num=(uint)2329;
0:00:40.386532527 [32m    1[00m 0x79c908000b70 [37mTRACE  [00m [00;34m          GST_TRACER :0::[00m latency_tracer_pipeline, frame_latency=(double)41.718993, avg=(double)59.151115, min=(double)35.432142, max=(double)3071.486303, latency=(double)16.768920, fps=(double)59.634133, frame_num=(uint)2330;
0:00:40.386562536 [32m    1[00m 0x79c908000b70 [37mTRACE  [00m [00;34m          GST_TRACER :0::[00m latency_tracer_pipeline, frame_latency=(double)41.718993, avg=(double)59.143637, min=(double)35.432142, max=(double)3071.486303, latency=(double)16.761726, fps=(double)59.659727, frame_num=(uint)2331;
0:00:40.420541146 [32m    1[00m 0x79c908000b70 [37mTRACE  [00m [00;34m          GST_TRACER :0::[00m latency_tracer_pipeline, frame_latency=(double)42.463398, avg=(double)59.136484, min=(double)35.432142, max=(double)3071.486303, latency=(double)16.769123, fps=(double)59.633411, frame_num=(uint)2332;
0:00:40.420567624 [32m    1[00m 0x79c908000b70 [37mTRACE  [00m [00;34m          GST_TRACER :0::[00m latency_tracer_pipeline, frame_latency=(double)42.463398, avg=(double)59.129337, min=(double)35.432142, max=(double)3071.486303, latency=(double)16.761935, fps=(double)59.658983, frame_num=(uint)2333;
0:00:40.454750432 [32m    1[00m 0x79c908000b70 [37mTRACE  [00m [00;34m          GST_TRACER :0::[00m latency_tracer_pipeline, frame_latency=(double)43.300661, avg=(double)59.122556, min=(double)35.432142, max=(double)3071.486303, latency=(double)16.769410, fps=(double)59.632389, frame_num=(uint)2334;
0:00:40.454779320 [32m    1[00m 0x79c908000b70 [37mTRACE  [00m [00;34m          GST_TRACER :0::[00m latency_tracer_pipeline, frame_latency=(double)43.300661, avg=(double)59.115780, min=(double)35.432142, max=(double)3071.486303, latency=(double)16.762229, fps=(double)59.657938, frame_num=(uint)2335;
0:00:40.488363433 [32m    1[00m 0x79c908000b70 [37mTRACE  [00m [00;34m          GST_TRACER :0::[00m latency_tracer_pipeline, frame_latency=(double)43.249339, avg=(double)59.108988, min=(double)35.432142, max=(double)3071.486303, latency=(double)16.769441, fps=(double)59.632278, frame_num=(uint)2336;
0:00:40.488397493 [32m    1[00m 0x79c908000b70 [37mTRACE  [00m [00;34m          GST_TRACER :0::[00m latency_tracer_pipeline, frame_latency=(double)43.249339, avg=(double)59.102201, min=(double)35.432142, max=(double)3071.486303, latency=(double)16.762266, fps=(double)59.657806, frame_num=(uint)2337;
0:00:40.520201744 [32m    1[00m 0x79c908000b70 [37mTRACE  [00m [00;34m          GST_TRACER :0::[00m latency_tracer_pipeline, frame_latency=(double)41.527687, avg=(double)59.094684, min=(double)35.432142, max=(double)3071.486303, latency=(double)16.768715, fps=(double)59.634861, frame_num=(uint)2338;
0:00:40.520229503 [32m    1[00m 0x79c908000b70 [37mTRACE  [00m [00;34m          GST_TRACER :0::[00m latency_tracer_pipeline, frame_latency=(double)41.527687, avg=(double)59.087174, min=(double)35.432142, max=(double)3071.486303, latency=(double)16.761546, fps=(double)59.660368, frame_num=(uint)2339;
0:00:40.553168377 [32m    1[00m 0x79c908000b70 [37mTRACE  [00m [00;34m          GST_TRACER :0::[00m latency_tracer_pipeline, frame_latency=(double)41.774175, avg=(double)59.079775, min=(double)35.432142, max=(double)3071.486303, latency=(double)16.768469, fps=(double)59.635735, frame_num=(uint)2340;
0:00:40.553204910 [32m    1[00m 0x79c908000b70 [37mTRACE  [00m [00;34m          GST_TRACER :0::[00m latency_tracer_pipeline, frame_latency=(double)41.774175, avg=(double)59.072383, min=(double)35.432142, max=(double)3071.486303, latency=(double)16.761307, fps=(double)59.661220, frame_num=(uint)2341;
0:00:40.585888245 [32m    1[00m 0x79c908000b70 [37mTRACE  [00m [00;34m          GST_TRACER :0::[00m latency_tracer_pipeline, frame_latency=(double)41.388171, avg=(double)59.064832, min=(double)35.432142, max=(double)3071.486303, latency=(double)16.768122, fps=(double)59.636972, frame_num=(uint)2342;
0:00:40.585919148 [32m    1[00m 0x79c908000b70 [37mTRACE  [00m [00;34m          GST_TRACER :0::[00m latency_tracer_pipeline, frame_latency=(double)41.388171, avg=(double)59.057287, min=(double)35.432142, max=(double)3071.486303, latency=(double)16.760965, fps=(double)59.662436, frame_num=(uint)2343;
0:00:40.619891028 [32m    1[00m 0x79c908000b70 [37mTRACE  [00m [00;34m          GST_TRACER :0::[00m latency_tracer_pipeline, frame_latency=(double)42.028256, avg=(double)59.050022, min=(double)35.432142, max=(double)3071.486303, latency=(double)16.768320, fps=(double)59.636267, frame_num=(uint)2344;
0:00:40.619925246 [32m    1[00m 0x79c908000b70 [37mTRACE  [00m [00;34m          GST_TRACER :0::[00m latency_tracer_pipeline, frame_latency=(double)42.028256, avg=(double)59.042764, min=(double)35.432142, max=(double)3071.486303, latency=(double)16.761169, fps=(double)59.661709, frame_num=(uint)2345;
0:00:40.653386141 [32m    1[00m 0x79c908000b70 [37mTRACE  [00m [00;34m          GST_TRACER :0::[00m latency_tracer_pipeline, frame_latency=(double)42.188607, avg=(double)59.035579, min=(double)35.432142, max=(double)3071.486303, latency=(double)16.768303, fps=(double)59.636327, frame_num=(uint)2346;
0:00:40.653457306 [32m    1[00m 0x79c908000b70 [37mTRACE  [00m [00;34m          GST_TRACER :0::[00m latency_tracer_pipeline, frame_latency=(double)42.188607, avg=(double)59.028401, min=(double)35.432142, max=(double)3071.486303, latency=(double)16.761158, fps=(double)59.661747, frame_num=(uint)2347;
0:00:40.686392255 [32m    1[00m 0x79c908000b70 [37mTRACE  [00m [00;34m          GST_TRACER :0::[00m latency_tracer_pipeline, frame_latency=(double)41.712628, avg=(double)59.021027, min=(double)35.432142, max=(double)3071.486303, latency=(double)16.768077, fps=(double)59.637131, frame_num=(uint)2348;
0:00:40.686419961 [32m    1[00m 0x79c908000b70 [37mTRACE  [00m [00;34m          GST_TRACER :0::[00m latency_tracer_pipeline, frame_latency=(double)41.712628, avg=(double)59.013658, min=(double)35.432142, max=(double)3071.486303, latency=(double)16.760939, fps=(double)59.662530, frame_num=(uint)2349;
0:00:40.720871153 [32m    1[00m 0x79c908000b70 [37mTRACE  [00m [00;34m          GST_TRACER :0::[00m latency_tracer_pipeline, frame_latency=(double)42.719392, avg=(double)59.006725, min=(double)35.432142, max=(double)3071.486303, latency=(double)16.768478, fps=(double)59.635705, frame_num=(uint)2350;
0:00:40.720901203 [32m    1[00m 0x79c908000b70 [37mTRACE  [00m [00;34m          GST_TRACER :0::[00m latency_tracer_pipeline, frame_latency=(double)42.719392, avg=(double)58.999797, min=(double)35.432142, max=(double)3071.486303, latency=(double)16.761345, fps=(double)59.661082, frame_num=(uint)2351;
0:00:40.754091856 [32m    1[00m 0x79c908000b70 [37mTRACE  [00m [00;34m          GST_TRACER :0::[00m latency_tracer_pipeline, frame_latency=(double)42.645079, avg=(double)58.992843, min=(double)35.432142, max=(double)3071.486303, latency=(double)16.768342, fps=(double)59.636188, frame_num=(uint)2352;
0:00:40.754128160 [32m    1[00m 0x79c908000b70 [37mTRACE  [00m [00;34m          GST_TRACER :0::[00m latency_tracer_pipeline, frame_latency=(double)42.645079, avg=(double)58.985896, min=(double)35.432142, max=(double)3071.486303, latency=(double)16.761216, fps=(double)59.661544, frame_num=(uint)2353;
0:00:40.786678126 [32m    1[00m 0x79c908000b70 [37mTRACE  [00m [00;34m          GST_TRACER :0::[00m latency_tracer_pipeline, frame_latency=(double)42.126275, avg=(double)58.978733, min=(double)35.432142, max=(double)3071.486303, latency=(double)16.767940, fps=(double)59.637619, frame_num=(uint)2354;
0:00:40.786708725 [32m    1[00m 0x79c908000b70 [37mTRACE  [00m [00;34m          GST_TRACER :0::[00m latency_tracer_pipeline, frame_latency=(double)42.126275, avg=(double)58.971577, min=(double)35.432142, max=(double)3071.486303, latency=(double)16.760820, fps=(double)59.662953, frame_num=(uint)2355;
0:00:40.819553334 [32m    1[00m 0x79c908000b70 [37mTRACE  [00m [00;34m          GST_TRACER :0::[00m latency_tracer_pipeline, frame_latency=(double)41.428326, avg=(double)58.964131, min=(double)35.432142, max=(double)3071.486303, latency=(double)16.767657, fps=(double)59.638623, frame_num=(uint)2356;
0:00:40.819587230 [32m    1[00m 0x79c908000b70 [37mTRACE  [00m [00;34m          GST_TRACER :0::[00m latency_tracer_pipeline, frame_latency=(double)41.428326, avg=(double)58.956691, min=(double)35.432142, max=(double)3071.486303, latency=(double)16.760544, fps=(double)59.663936, frame_num=(uint)2357;
0:00:40.852869106 [32m    1[00m 0x79c908000b70 [37mTRACE  [00m [00;34m          GST_TRACER :0::[00m latency_tracer_pipeline, frame_latency=(double)41.725535, avg=(double)58.949384, min=(double)35.432142, max=(double)3071.486303, latency=(double)16.767567, fps=(double)59.638945, frame_num=(uint)2358;
0:00:40.852899078 [32m    1[00m 0x79c908000b70 [37mTRACE  [00m [00;34m          GST_TRACER :0::[00m latency_tracer_pipeline, frame_latency=(double)41.725535, avg=(double)58.942082, min=(double)35.432142, max=(double)3071.486303, latency=(double)16.760459, fps=(double)59.664237, frame_num=(uint)2359;
0:00:40.886395307 [32m    1[00m 0x79c908000b70 [37mTRACE  [00m [00;34m          GST_TRACER :0::[00m latency_tracer_pipeline, frame_latency=(double)41.717907, avg=(double)58.934784, min=(double)35.432142, max=(double)3071.486303, latency=(double)16.767562, fps=(double)59.638962, frame_num=(uint)2360;
0:00:40.886424874 [32m    1[00m 0x79c908000b70 [37mTRACE  [00m [00;34m          GST_TRACER :0::[00m latency_tracer_pipeline, frame_latency=(double)41.717907, avg=(double)58.927492, min=(double)35.432142, max=(double)3071.486303, latency=(double)16.760460, fps=(double)59.664233, frame_num=(uint)2361;
0:00:40.920034602 [32m    1[00m 0x79c908000b70 [37mTRACE  [00m [00;34m          GST_TRACER :0::[00m latency_tracer_pipeline, frame_latency=(double)42.037142, avg=(double)58.920341, min=(double)35.432142, max=(double)3071.486303, latency=(double)16.767606, fps=(double)59.638804, frame_num=(uint)2362;
0:00:40.920070635 [32m    1[00m 0x79c908000b70 [37mTRACE  [00m [00;34m          GST_TRACER :0::[00m latency_tracer_pipeline, frame_latency=(double)42.037142, avg=(double)58.913196, min=(double)35.432142, max=(double)3071.486303, latency=(double)16.760511, fps=(double)59.664054, frame_num=(uint)2363;
0:00:40.953345714 [32m    1[00m 0x79c908000b70 [37mTRACE  [00m [00;34m          GST_TRACER :0::[00m latency_tracer_pipeline, frame_latency=(double)42.007840, avg=(double)58.906045, min=(double)35.432142, max=(double)3071.486303, latency=(double)16.767511, fps=(double)59.639143, frame_num=(uint)2364;
0:00:40.953380804 [32m    1[00m 0x79c908000b70 [37mTRACE  [00m [00;34m          GST_TRACER :0::[00m latency_tracer_pipeline, frame_latency=(double)42.007840, avg=(double)58.898900, min=(double)35.432142, max=(double)3071.486303, latency=(double)16.760421, fps=(double)59.664371, frame_num=(uint)2365;
0:00:40.987321816 [32m    1[00m 0x79c908000b70 [37mTRACE  [00m [00;34m          GST_TRACER :0::[00m latency_tracer_pipeline, frame_latency=(double)42.737619, avg=(double)58.892069, min=(double)35.432142, max=(double)3071.486303, latency=(double)16.767698, fps=(double)59.638480, frame_num=(uint)2366;
0:00:40.987356793 [32m    1[00m 0x79c908000b70 [37mTRACE  [00m [00;34m          GST_TRACER :0::[00m latency_tracer_pipeline, frame_latency=(double)42.737619, avg=(double)58.885244, min=(double)35.432142, max=(double)3071.486303, latency=(double)16.760614, fps=(double)59.663686, frame_num=(uint)2367;
FpsCounter(average 6.13sec): total=30.16 fps, number-streams=1, per-stream=30.16 fps
0:00:41.021102625 [32m    1[00m 0x79c908000b70 [37mTRACE  [00m [00;34m          GST_TRACER :0::[00m latency_tracer_pipeline, frame_latency=(double)43.143662, avg=(double)58.878597, min=(double)35.432142, max=(double)3071.486303, latency=(double)16.767803, fps=(double)59.638104, frame_num=(uint)2368;
0:00:41.021120297 [32m    1[00m 0x79c908000b70 [37mTRACE  [00m [00;34m          GST_TRACER :0::[00m latency_tracer_pipeline, frame_latency=(double)43.143662, avg=(double)58.871955, min=(double)35.432142, max=(double)3071.486303, latency=(double)16.760725, fps=(double)59.663289, frame_num=(uint)2369;
0:00:41.054428881 [32m    1[00m 0x79c908000b70 [37mTRACE  [00m [00;34m          GST_TRACER :0::[00m latency_tracer_pipeline, frame_latency=(double)42.956038, avg=(double)58.865239, min=(double)35.432142, max=(double)3071.486303, latency=(double)16.767714, fps=(double)59.638421, frame_num=(uint)2370;
0:00:41.054456029 [32m    1[00m 0x79c908000b70 [37mTRACE  [00m [00;34m          GST_TRACER :0::[00m latency_tracer_pipeline, frame_latency=(double)42.956038, avg=(double)58.858529, min=(double)35.432142, max=(double)3071.486303, latency=(double)16.760642, fps=(double)59.663584, frame_num=(uint)2371;
0:00:41.085732684 [32m    1[00m 0x79c908000b70 [37mTRACE  [00m [00;34m          GST_TRACER :0::[00m latency_tracer_pipeline, frame_latency=(double)41.051965, avg=(double)58.851022, min=(double)35.432142, max=(double)3071.486303, latency=(double)16.766771, fps=(double)59.641777, frame_num=(uint)2372;
0:00:41.085766912 [32m    1[00m 0x79c908000b70 [37mTRACE  [00m [00;34m          GST_TRACER :0::[00m latency_tracer_pipeline, frame_latency=(double)41.051965, avg=(double)58.843522, min=(double)35.432142, max=(double)3071.486303, latency=(double)16.759705, fps=(double)59.666921, frame_num=(uint)2373;
0:00:41.121518252 [32m    1[00m 0x79c908000b70 [37mTRACE  [00m [00;34m          GST_TRACER :0::[00m latency_tracer_pipeline, frame_latency=(double)43.625920, avg=(double)58.837112, min=(double)35.432142, max=(double)3071.486303, latency=(double)16.767714, fps=(double)59.638422, frame_num=(uint)2374;
0:00:41.121545975 [32m    1[00m 0x79c908000b70 [37mTRACE  [00m [00;34m          GST_TRACER :0::[00m latency_tracer_pipeline, frame_latency=(double)43.625920, avg=(double)58.830707, min=(double)35.432142, max=(double)3071.486303, latency=(double)16.760654, fps=(double)59.663544, frame_num=(uint)2375;
0:00:41.154162446 [32m    1[00m 0x79c908000b70 [37mTRACE  [00m [00;34m          GST_TRACER :0::[00m latency_tracer_pipeline, frame_latency=(double)42.636936, avg=(double)58.823891, min=(double)35.432142, max=(double)3071.486303, latency=(double)16.767346, fps=(double)59.639732, frame_num=(uint)2376;
0:00:41.154196012 [32m    1[00m 0x79c908000b70 [37mTRACE  [00m [00;34m          GST_TRACER :0::[00m latency_tracer_pipeline, frame_latency=(double)42.636936, avg=(double)58.817081, min=(double)35.432142, max=(double)3071.486303, latency=(double)16.760292, fps=(double)59.664833, frame_num=(uint)2377;
0:00:41.186517775 [32m    1[00m 0x79c908000b70 [37mTRACE  [00m [00;34m          GST_TRACER :0::[00m latency_tracer_pipeline, frame_latency=(double)41.839776, avg=(double)58.809942, min=(double)35.432142, max=(double)3071.486303, latency=(double)16.766853, fps=(double)59.641486, frame_num=(uint)2378;
0:00:41.186534032 [32m    1[00m 0x79c908000b70 [37mTRACE  [00m [00;34m          GST_TRACER :0::[00m latency_tracer_pipeline_interval, interval=(double)1000.038150, avg=(double)42.190392, min=(double)41.051965, max=(double)43.625920, latency=(double)16.667302, fps=(double)59.997711;
0:00:41.186542987 [32m    1[00m 0x79c908000b70 [37mTRACE  [00m [00;34m          GST_TRACER :0::[00m latency_tracer_pipeline, frame_latency=(double)41.839776, avg=(double)58.802809, min=(double)35.432142, max=(double)3071.486303, latency=(double)16.759805, fps=(double)59.666566, frame_num=(uint)2379;
FpsCounter(last 1.00sec): total=30.00 fps, number-streams=1, per-stream=30.00 fps
latency: -7790.58ms
0:00:41.220082742 [32m    1[00m 0x79c908000b70 [37mTRACE  [00m [00;34m          GST_TRACER :0::[00m latency_tracer_pipeline, frame_latency=(double)42.122650, avg=(double)58.795800, min=(double)35.432142, max=(double)3071.486303, latency=(double)16.766862, fps=(double)59.641452, frame_num=(uint)2380;
0:00:41.220116718 [32m    1[00m 0x79c908000b70 [37mTRACE  [00m [00;34m          GST_TRACER :0::[00m latency_tracer_pipeline, frame_latency=(double)42.122650, avg=(double)58.788798, min=(double)35.432142, max=(double)3071.486303, latency=(double)16.759820, fps=(double)59.666511, frame_num=(uint)2381;
0:00:41.253526497 [32m    1[00m 0x79c908000b70 [37mTRACE  [00m [00;34m          GST_TRACER :0::[00m latency_tracer_pipeline, frame_latency=(double)42.199540, avg=(double)58.781833, min=(double)35.432142, max=(double)3071.486303, latency=(double)16.766826, fps=(double)59.641579, frame_num=(uint)2382;
0:00:41.253553722 [32m    1[00m 0x79c908000b70 [37mTRACE  [00m [00;34m          GST_TRACER :0::[00m latency_tracer_pipeline, frame_latency=(double)42.199540, avg=(double)58.774875, min=(double)35.432142, max=(double)3071.486303, latency=(double)16.759790, fps=(double)59.666618, frame_num=(uint)2383;
*** longjmp causes uninitialized stack frame ***: terminated
*** longjmp causes uninitialized stack frame ***: terminated
*** longjmp causes uninitialized stack frame ***: terminated
*** longjmp causes uninitialized stack frame ***: terminated
*** longjmp causes uninitialized stack frame ***: terminated
*** longjmp causes uninitialized stack frame ***: terminated
*** longjmp causes uninitialized stack frame ***: terminated
*** longjmp causes uninitialized stack frame ***: terminated
*** longjmp causes uninitialized stack frame ***: terminated
*** longjmp causes uninitialized stack frame ***: terminated
*** longjmp causes uninitialized stack frame ***: terminated
*** longjmp causes uninitialized stack frame ***: terminated
*** longjmp causes uninitialized stack frame ***: terminated
*** longjmp causes uninitialized stack frame ***: terminated
*** longjmp causes uninitialized stack frame ***: terminated
*** longjmp causes uninitialized stack frame ***: terminated
*** longjmp causes uninitialized stack frame ***: terminated
*** longjmp causes uninitialized stack frame ***: terminated
*** longjmp causes uninitialized stack frame ***: terminated
*** longjmp causes uninitialized stack frame ***: terminated
*** longjmp causes uninitialized stack frame ***: terminated
*** longjmp causes uninitialized stack frame ***: terminated
*** longjmp causes uninitialized stack frame ***: terminated
*** longjmp causes uninitialized stack frame ***: terminated
*** longjmp causes uninitialized stack frame ***: terminated
*** longjmp causes uninitialized stack frame ***: terminated
*** longjmp causes uninitialized stack frame ***: terminated
*** longjmp causes uninitialized stack frame ***: terminated
*** longjmp causes uninitialized stack frame ***: terminated
*** longjmp causes uninitialized stack frame ***: terminated
*** longjmp causes uninitialized stack frame ***: terminated
*** longjmp causes uninitialized stack frame ***: terminated
*** longjmp causes uninitialized stack frame ***: terminated
*** longjmp causes uninitialized stack frame ***: terminated
*** longjmp causes uninitialized stack frame ***: terminated
*** longjmp causes uninitialized stack frame ***: terminated
*** longjmp causes uninitialized stack frame ***: terminated
*** longjmp causes uninitialized stack frame ***: terminated
*** longjmp causes uninitialized stack frame ***: terminated
*** longjmp causes uninitialized stack frame ***: terminated
*** longjmp causes uninitialized stack frame ***: terminated
*** longjmp causes uninitialized stack frame ***: terminated
*** longjmp causes uninitialized stack frame ***: terminated
*** longjmp causes uninitialized stack frame ***: terminated
*** longjmp causes uninitialized stack frame ***: terminated
*** longjmp causes uninitialized stack frame ***: terminated
*** longjmp causes uninitialized stack frame ***: terminated
*** longjmp causes uninitialized stack frame ***: terminated
*** longjmp causes uninitialized stack frame ***: terminated
*** longjmp causes uninitialized stack frame ***: terminated
*** longjmp causes uninitialized stack frame ***: terminated
*** longjmp causes uninitialized stack frame ***: terminated
*** longjmp causes uninitialized stack frame ***: terminated
*** longjmp causes uninitialized stack frame ***: terminated
*** longjmp causes uninitialized stack frame ***: terminated
*** longjmp causes uninitialized stack frame ***: terminated
*** longjmp causes uninitialized stack frame ***: terminated
*** longjmp causes uninitialized stack frame ***: terminated
*** longjmp causes uninitialized stack frame ***: terminated
*** longjmp causes uninitialized stack frame ***: terminated
*** longjmp causes uninitialized stack frame ***: terminated
*** longjmp causes uninitialized stack frame ***: terminated
*** longjmp causes uninitialized stack frame ***: terminated
*** longjmp causes uninitialized stack frame ***: terminated
*** longjmp causes uninitialized stack frame ***: terminated
*** longjmp causes uninitialized stack frame ***: terminated
*** longjmp causes uninitialized stack frame ***: terminated
*** longjmp causes uninitialized stack frame ***: terminated
*** longjmp causes uninitialized stack frame ***: terminated
*** longjmp causes uninitialized stack frame ***: terminated
*** longjmp causes uninitialized stack frame ***: terminated
*** longjmp causes uninitialized stack frame ***: terminated
*** longjmp causes uninitialized stack frame ***: terminated
*** longjmp causes uninitialized stack frame ***: terminated
*** longjmp causes uninitialized stack frame ***: terminated
*** longjmp causes uninitialized stack frame ***: terminated
*** longjmp causes uninitialized stack frame ***: terminated
*** longjmp causes uninitialized stack frame ***: terminated
*** longjmp causes uninitialized stack frame ***: terminated
*** longjmp causes uninitialized stack frame ***: terminated
*** longjmp causes uninitialized stack frame ***: terminated
*** longjmp causes uninitialized stack frame ***: terminated
*** longjmp causes uninitialized stack frame ***: terminated
*** longjmp causes uninitialized stack frame ***: terminated
*** longjmp causes uninitialized stack frame ***: terminated
*** longjmp causes uninitialized stack frame ***: terminated
*** longjmp causes uninitialized stack frame ***: terminated
*** longjmp causes uninitialized stack frame ***: terminated
*** longjmp causes uninitialized stack frame ***: terminated
*** longjmp causes uninitialized stack frame ***: terminated
*** longjmp causes uninitialized stack frame ***: terminated
*** longjmp causes uninitialized stack frame ***: terminated
*** longjmp causes uninitialized stack frame ***: terminated
*** longjmp causes uninitialized stack frame ***: terminated
*** longjmp causes uninitialized stack frame ***: terminated
*** longjmp causes uninitialized stack frame ***: terminated
*** longjmp causes uninitialized stack frame ***: terminated
*** longjmp causes uninitialized stack frame ***: terminated
*** longjmp causes uninitialized stack frame ***: terminated
*** longjmp causes uninitialized stack frame ***: terminated
*** longjmp causes uninitialized stack frame ***: terminated
*** longjmp causes uninitialized stack frame ***: terminated
*** longjmp causes uninitialized stack frame ***: terminated
*** longjmp causes uninitialized stack frame ***: terminated
*** longjmp causes uninitialized stack frame ***: terminated
*** longjmp causes uninitialized stack frame ***: terminated
*** longjmp causes uninitialized stack frame ***: terminated
*** longjmp causes uninitialized stack frame ***: terminated
*** longjmp causes uninitialized stack frame ***: terminated
*** longjmp causes uninitialized stack frame ***: terminated
*** longjmp causes uninitialized stack frame ***: terminated
*** longjmp causes uninitialized stack frame ***: terminated
*** longjmp causes uninitialized stack frame ***: terminated
*** longjmp causes uninitialized stack frame ***: terminated
*** longjmp causes uninitialized stack frame ***: terminated
*** longjmp causes uninitialized stack frame ***: terminated
*** longjmp causes uninitialized stack frame ***: terminated
*** longjmp causes uninitialized stack frame ***: terminated
*** longjmp causes uninitialized stack frame ***: terminated
*** longjmp causes uninitialized stack frame ***: terminated
*** longjmp causes uninitialized stack frame ***: terminated
*** longjmp causes uninitialized stack frame ***: terminated
*** longjmp causes uninitialized stack frame ***: terminated
*** longjmp causes uninitialized stack frame ***: terminated
*** longjmp causes uninitialized stack frame ***: terminated
*** longjmp causes uninitialized stack frame ***: terminated
*** longjmp causes uninitialized stack frame ***: terminated
*** longjmp causes uninitialized stack frame ***: terminated
*** longjmp causes uninitialized stack frame ***: terminated
*** longjmp causes uninitialized stack frame ***: terminated
*** longjmp causes uninitialized stack frame ***: terminated
*** longjmp causes uninitialized stack frame ***: terminated
*** longjmp causes uninitialized stack frame ***: terminated
*** longjmp causes uninitialized stack frame ***: terminated
*** longjmp causes uninitialized stack frame ***: terminated
*** longjmp causes uninitialized stack frame ***: terminated
*** longjmp causes uninitialized stack frame ***: terminated
*** longjmp causes uninitialized stack frame ***: terminated
*** longjmp causes uninitialized stack frame ***: terminated
*** longjmp causes uninitialized stack frame ***: terminated
*** longjmp causes uninitialized stack frame ***: terminated
*** longjmp causes uninitialized stack frame ***: terminated
*** longjmp causes uninitialized stack frame ***: terminated
*** longjmp causes uninitialized stack frame ***: terminated
*** longjmp causes uninitialized stack frame ***: terminated
*** longjmp causes uninitialized stack frame ***: terminated
*** longjmp causes uninitialized stack frame ***: terminated
*** longjmp causes uninitialized stack frame ***: terminated
*** longjmp causes uninitialized stack frame ***: terminated
*** longjmp causes uninitialized stack frame ***: terminated
*** longjmp causes uninitialized stack frame ***: terminated
*** longjmp causes uninitialized stack frame ***: terminated
*** longjmp causes uninitialized stack frame ***: terminated
*** longjmp causes uninitialized stack frame ***: terminated
*** longjmp causes uninitialized stack frame ***: terminated
*** longjmp causes uninitialized stack frame ***: terminated
*** longjmp causes uninitialized stack frame ***: terminated
*** longjmp causes uninitialized stack frame ***: terminated
*** longjmp causes uninitialized stack frame ***: terminated
*** longjmp causes uninitialized stack frame ***: terminated
*** longjmp causes uninitialized stack frame ***: terminated
*** longjmp causes uninitialized stack frame ***: terminated
*** longjmp causes uninitialized stack frame ***: terminated
*** longjmp causes uninitialized stack frame ***: terminated
*** longjmp causes uninitialized stack frame ***: terminated
*** longjmp causes uninitialized stack frame ***: terminated
*** longjmp causes uninitialized stack frame ***: terminated
*** longjmp causes uninitialized stack frame ***: terminated
*** longjmp causes uninitialized stack frame ***: terminated
*** longjmp causes uninitialized stack frame ***: terminated
*** longjmp causes uninitialized stack frame ***: terminated
*** longjmp causes uninitialized stack frame ***: terminated
*** longjmp causes uninitialized stack frame ***: terminated
*** longjmp causes uninitialized stack frame ***: terminated
*** longjmp causes uninitialized stack frame ***: terminated
*** longjmp causes uninitialized stack frame ***: terminated
*** longjmp causes uninitialized stack frame ***: terminated
*** longjmp causes uninitialized stack frame ***: terminated
*** longjmp causes uninitialized stack frame ***: terminated
*** longjmp causes uninitialized stack frame ***: terminated
*** longjmp causes uninitialized stack frame ***: terminated
*** longjmp causes uninitialized stack frame ***: terminated
*** longjmp causes uninitialized stack frame ***: terminated
*** longjmp causes uninitialized stack frame ***: terminated
*** longjmp causes uninitialized stack frame ***: terminated
*** longjmp causes uninitialized stack frame ***: terminated
*** longjmp causes uninitialized stack frame ***: terminated
*** longjmp causes uninitialized stack frame ***: terminated
*** longjmp causes uninitialized stack frame ***: terminated
*** longjmp causes uninitialized stack frame ***: terminated
*** longjmp causes uninitialized stack frame ***: terminated
*** longjmp causes uninitialized stack frame ***: terminated
*** longjmp causes uninitialized stack frame ***: terminated
*** longjmp causes uninitialized stack frame ***: terminated
*** longjmp causes uninitialized stack frame ***: terminated
*** longjmp causes uninitialized stack frame ***: terminated
*** longjmp causes uninitialized stack frame ***: terminated
*** longjmp causes uninitialized stack frame ***: terminated
*** longjmp causes uninitialized stack frame ***: terminated
*** longjmp causes uninitialized stack frame ***: terminated
*** longjmp causes uninitialized stack frame ***: terminated
*** longjmp causes uninitialized stack frame ***: terminated
*** longjmp causes uninitialized stack frame ***: terminated
*** longjmp causes uninitialized stack frame ***: terminated
*** longjmp causes uninitialized stack frame ***: terminated
*** longjmp causes uninitialized stack frame ***: terminated
*** longjmp causes uninitialized stack frame ***: terminated
*** longjmp causes uninitialized stack frame ***: terminated
*** longjmp causes uninitialized stack frame ***: terminated
*** longjmp causes uninitialized stack frame ***: terminated
*** longjmp causes uninitialized stack frame ***: terminated
*** longjmp causes uninitialized stack frame ***: terminated
*** longjmp causes uninitialized stack frame ***: terminated
*** longjmp causes uninitialized stack frame ***: terminated
*** longjmp causes uninitialized stack frame ***: terminated
*** longjmp causes uninitialized stack frame ***: terminated
*** longjmp causes uninitialized stack frame ***: terminated
*** longjmp causes uninitialized stack frame ***: terminated
*** longjmp causes uninitialized stack frame ***: terminated
*** longjmp causes uninitialized stack frame ***: terminated
*** longjmp causes uninitialized stack frame ***: terminated
*** longjmp causes uninitialized stack frame ***: terminated
*** longjmp causes uninitialized stack frame ***: terminated
*** longjmp causes uninitialized stack frame ***: terminated
*** longjmp causes uninitialized stack frame ***: terminated
*** longjmp causes uninitialized stack frame ***: terminated
*** longjmp causes uninitialized stack frame ***: terminated
*** longjmp causes uninitialized stack frame ***: terminated
*** longjmp causes uninitialized stack frame ***: terminated
*** longjmp causes uninitialized stack frame ***: terminated
*** longjmp causes uninitialized stack frame ***: terminated
*** longjmp causes uninitialized stack frame ***: terminated
*** longjmp causes uninitialized stack frame ***: terminated
*** longjmp causes uninitialized stack frame ***: terminated
*** longjmp causes uninitialized stack frame ***: terminated
*** longjmp causes uninitialized stack frame ***: terminated
*** longjmp causes uninitialized stack frame ***: terminated
*** longjmp causes uninitialized stack frame ***: terminated
*** longjmp causes uninitialized stack frame ***: terminated
*** longjmp causes uninitialized stack frame ***: terminated
*** longjmp causes uninitialized stack frame ***: terminated
*** longjmp causes uninitialized stack frame ***: terminated
*** longjmp causes uninitialized stack frame ***: terminated
*** longjmp causes uninitialized stack frame ***: terminated
*** longjmp causes uninitialized stack frame ***: terminated
*** longjmp causes uninitialized stack frame ***: terminated
*** longjmp causes uninitialized stack frame ***: terminated
*** longjmp causes uninitialized stack frame ***: terminated
*** longjmp causes uninitialized stack frame ***: terminated
*** longjmp causes uninitialized stack frame ***: terminated
*** longjmp causes uninitialized stack frame ***: terminated
*** longjmp causes uninitialized stack frame ***: terminated
*** longjmp causes uninitialized stack frame ***: terminated
*** longjmp causes uninitialized stack frame ***: terminated
*** longjmp causes uninitialized stack frame ***: terminated
*** longjmp causes uninitialized stack frame ***: terminated
*** longjmp causes uninitialized stack frame ***: terminated
*** longjmp causes uninitialized stack frame ***: terminated
*** longjmp causes uninitialized stack frame ***: terminated
*** longjmp causes uninitialized stack frame ***: terminated
*** longjmp causes uninitialized stack frame ***: terminated
*** longjmp causes uninitialized stack frame ***: terminated
*** longjmp causes uninitialized stack frame ***: terminated
*** longjmp causes uninitialized stack frame ***: terminated
*** longjmp causes uninitialized stack frame ***: terminated
*** longjmp causes uninitialized stack frame ***: terminated
*** longjmp causes uninitialized stack frame ***: terminated
*** longjmp causes uninitialized stack frame ***: terminated
*** longjmp causes uninitialized stack frame ***: terminated
*** longjmp causes uninitialized stack frame ***: terminated
*** longjmp causes uninitialized stack frame ***: terminated
*** longjmp causes uninitialized stack frame ***: terminated
*** longjmp causes uninitialized stack frame ***: terminated
*** longjmp causes uninitialized stack frame ***: terminated
*** longjmp causes uninitialized stack frame ***: terminated
*** longjmp causes uninitialized stack frame ***: terminated
*** longjmp causes uninitialized stack frame ***: terminated
*** longjmp causes uninitialized stack frame ***: terminated
*** longjmp causes uninitialized stack frame ***: terminated
*** longjmp causes uninitialized stack frame ***: terminated
*** longjmp causes uninitialized stack frame ***: terminated
*** longjmp causes uninitialized stack frame ***: terminated
*** longjmp causes uninitialized stack frame ***: terminated
*** longjmp causes uninitialized stack frame ***: terminated
*** longjmp causes uninitialized stack frame ***: terminated
*** longjmp causes uninitialized stack frame ***: terminated
*** longjmp causes uninitialized stack frame ***: terminated
*** longjmp causes uninitialized stack frame ***: terminated
*** longjmp causes uninitialized stack frame ***: terminated
*** longjmp causes uninitialized stack frame ***: terminated
*** longjmp causes uninitialized stack frame ***: terminated
*** longjmp causes uninitialized stack frame ***: terminated
*** longjmp causes uninitialized stack frame ***: terminated
*** longjmp causes uninitialized stack frame ***: terminated
*** longjmp causes uninitialized stack frame ***: terminated
*** longjmp causes uninitialized stack frame ***: terminated
*** longjmp causes uninitialized stack frame ***: terminated
*** longjmp causes uninitialized stack frame ***: terminated
*** longjmp causes uninitialized stack frame ***: terminated
*** longjmp causes uninitialized stack frame ***: terminated
*** longjmp causes uninitialized stack frame ***: terminated
*** longjmp causes uninitialized stack frame ***: terminated
*** longjmp causes uninitialized stack frame ***: terminated
*** longjmp causes uninitialized stack frame ***: terminated
*** longjmp causes uninitialized stack frame ***: terminated
*** longjmp causes uninitialized stack frame ***: terminated
*** longjmp causes uninitialized stack frame ***: terminated
*** longjmp causes uninitialized stack frame ***: terminated
*** longjmp causes uninitialized stack frame ***: terminated
*** longjmp causes uninitialized stack frame ***: terminated
*** longjmp causes uninitialized stack frame ***: terminated
*** longjmp causes uninitialized stack frame ***: terminated
*** longjmp causes uninitialized stack frame ***: terminated
*** longjmp causes uninitialized stack frame ***: terminated
*** longjmp causes uninitialized stack frame ***: terminated
*** longjmp causes uninitialized stack frame ***: terminated
*** longjmp causes uninitialized stack frame ***: terminated
*** longjmp causes uninitialized stack frame ***: terminated
*** longjmp causes uninitialized stack frame ***: terminated
*** longjmp causes uninitialized stack frame ***: terminated
*** longjmp causes uninitialized stack frame ***: terminated
*** longjmp causes uninitialized stack frame ***: terminated
*** longjmp causes uninitialized stack frame ***: terminated
*** longjmp causes uninitialized stack frame ***: terminated
*** longjmp causes uninitialized stack frame ***: terminated
*** longjmp causes uninitialized stack frame ***: terminated
*** longjmp causes uninitialized stack frame ***: terminated
*** longjmp causes uninitialized stack frame ***: terminated
*** longjmp causes uninitialized stack frame ***: terminated
*** longjmp causes uninitialized stack frame ***: terminated
*** longjmp causes uninitialized stack frame ***: terminated
*** longjmp causes uninitialized stack frame ***: terminated
*** longjmp causes uninitialized stack frame ***: terminated
*** longjmp causes uninitialized stack frame ***: terminated
*** longjmp causes uninitialized stack frame ***: terminated
*** longjmp causes uninitialized stack frame ***: terminated
*** longjmp causes uninitialized stack frame ***: terminated
*** longjmp causes uninitialized stack frame ***: terminated
*** longjmp causes uninitialized stack frame ***: terminated
*** longjmp causes uninitialized stack frame ***: terminated
*** longjmp causes uninitialized stack frame ***: terminated
*** longjmp causes uninitialized stack frame ***: terminated
*** longjmp causes uninitialized stack frame ***: terminated
*** longjmp causes uninitialized stack frame ***: terminated
*** longjmp causes uninitialized stack frame ***: terminated
*** longjmp causes uninitialized stack frame ***: terminated
*** longjmp causes uninitialized stack frame ***: terminated
*** longjmp causes uninitialized stack frame ***: terminated
*** longjmp causes uninitialized stack frame ***: terminated
*** longjmp causes uninitialized stack frame ***: terminated
*** longjmp causes uninitialized stack frame ***: terminated
*** longjmp causes uninitialized stack frame ***: terminated
*** longjmp causes uninitialized stack frame ***: terminated
*** longjmp causes uninitialized stack frame ***: terminated
*** longjmp causes uninitialized stack frame ***: terminated
*** longjmp causes uninitialized stack frame ***: terminated
*** longjmp causes uninitialized stack frame ***: terminated
*** longjmp causes uninitialized stack frame ***: terminated
*** longjmp causes uninitialized stack frame ***: terminated
*** longjmp causes uninitialized stack frame ***: terminated
*** longjmp causes uninitialized stack frame ***: terminated
*** longjmp causes uninitialized stack frame ***: terminated
*** longjmp causes uninitialized stack frame ***: terminated
*** longjmp causes uninitialized stack frame ***: terminated
*** longjmp causes uninitialized stack frame ***: terminated
*** longjmp causes uninitialized stack frame ***: terminated
*** longjmp causes uninitialized stack frame ***: terminated
*** longjmp causes uninitialized stack frame ***: terminated
*** longjmp causes uninitialized stack frame ***: terminated
*** longjmp causes uninitialized stack frame ***: terminated
*** longjmp causes uninitialized stack frame ***: terminated
*** longjmp causes uninitialized stack frame ***: terminated
*** longjmp causes uninitialized stack frame ***: terminated
*** longjmp causes uninitialized stack frame ***: terminated
*** longjmp causes uninitialized stack frame ***: terminated
*** longjmp causes uninitialized stack frame ***: terminated
*** longjmp causes uninitialized stack frame ***: terminated
*** longjmp causes uninitialized stack frame ***: terminated
*** longjmp causes uninitialized stack frame ***: terminated
*** longjmp causes uninitialized stack frame ***: terminated
*** longjmp causes uninitialized stack frame ***: terminated
*** longjmp causes uninitialized stack frame ***: terminated
*** longjmp causes uninitialized stack frame ***: terminated
*** longjmp causes uninitialized stack frame ***: terminated
*** longjmp causes uninitialized stack frame ***: terminated
*** longjmp causes uninitialized stack frame ***: terminated
*** longjmp causes uninitialized stack frame ***: terminated
*** longjmp causes uninitialized stack frame ***: terminated
*** longjmp causes uninitialized stack frame ***: terminated
*** longjmp causes uninitialized stack frame ***: terminated
*** longjmp causes uninitialized stack frame ***: terminated
*** longjmp causes uninitialized stack frame ***: terminated
*** longjmp causes uninitialized stack frame ***: terminated
*** longjmp causes uninitialized stack frame ***: terminated
*** longjmp causes uninitialized stack frame ***: terminated
*** longjmp causes uninitialized stack frame ***: terminated
*** longjmp causes uninitialized stack frame ***: terminated
*** longjmp causes uninitialized stack frame ***: terminated
*** longjmp causes uninitialized stack frame ***: terminated
*** longjmp causes uninitialized stack frame ***: terminated
*** longjmp causes uninitialized stack frame ***: terminated
*** longjmp causes uninitialized stack frame ***: terminated
*** longjmp causes uninitialized stack frame ***: terminated
*** longjmp causes uninitialized stack frame ***: terminated
*** longjmp causes uninitialized stack frame ***: terminated
*** longjmp causes uninitialized stack frame ***: terminated
*** longjmp causes uninitialized stack frame ***: terminated
*** longjmp causes uninitialized stack frame ***: terminated
*** longjmp causes uninitialized stack frame ***: terminated
*** longjmp causes uninitialized stack frame ***: terminated
*** longjmp causes uninitialized stack frame ***: terminated
*** longjmp causes uninitialized stack frame ***: terminated
*** longjmp causes uninitialized stack frame ***: terminated
*** longjmp causes uninitialized stack frame ***: terminated
*** longjmp causes uninitialized stack frame ***: terminated
*** longjmp causes uninitialized stack frame ***: terminated
*** longjmp causes uninitialized stack frame ***: terminated
*** longjmp causes uninitialized stack frame ***: terminated
*** longjmp causes uninitialized stack frame ***: terminated
*** longjmp causes uninitialized stack frame ***: terminated
*** longjmp causes uninitialized stack frame ***: terminated
*** longjmp causes uninitialized stack frame ***: terminated
*** longjmp causes uninitialized stack frame ***: terminated
*** longjmp causes uninitialized stack frame ***: terminated
*** longjmp causes uninitialized stack frame ***: terminated
*** longjmp causes uninitialized stack frame ***: terminated
*** longjmp causes uninitialized stack frame ***: terminated
*** longjmp causes uninitialized stack frame ***: terminated
*** longjmp causes uninitialized stack frame ***: terminated
*** longjmp causes uninitialized stack frame ***: terminated
*** longjmp causes uninitialized stack frame ***: terminated
*** longjmp causes uninitialized stack frame ***: terminated
*** longjmp causes uninitialized stack frame ***: terminated
*** longjmp causes uninitialized stack frame ***: terminated
*** longjmp causes uninitialized stack frame ***: terminated
*** longjmp causes uninitialized stack frame ***: terminated
*** longjmp causes uninitialized stack frame ***: terminated
*** longjmp causes uninitialized stack frame ***: terminated
*** longjmp causes uninitialized stack frame ***: terminated
*** longjmp causes uninitialized stack frame ***: terminated
*** longjmp causes uninitialized stack frame ***: terminated
*** longjmp causes uninitialized stack frame ***: terminated
*** longjmp causes uninitialized stack frame ***: terminated
*** longjmp causes uninitialized stack frame ***: terminated
*** longjmp causes uninitialized stack frame ***: terminated
*** longjmp causes uninitialized stack frame ***: terminated
*** longjmp causes uninitialized stack frame ***: terminated
*** longjmp causes uninitialized stack frame ***: terminated
*** longjmp causes uninitialized stack frame ***: terminated
*** longjmp causes uninitialized stack frame ***: terminated
*** longjmp causes uninitialized stack frame ***: terminated
*** longjmp causes uninitialized stack frame ***: terminated
*** longjmp causes uninitialized stack frame ***: terminated
*** longjmp causes uninitialized stack frame ***: terminated
*** longjmp causes uninitialized stack frame ***: terminated
*** longjmp causes uninitialized stack frame ***: terminated
*** longjmp causes uninitialized stack frame ***: terminated
*** longjmp causes uninitialized stack frame ***: terminated
*** longjmp causes uninitialized stack frame ***: terminated
*** longjmp causes uninitialized stack frame ***: terminated
*** longjmp causes uninitialized stack frame ***: terminated
*** longjmp causes uninitialized stack frame ***: terminated
*** longjmp causes uninitialized stack frame ***: terminated
*** longjmp causes uninitialized stack frame ***: terminated
*** longjmp causes uninitialized stack frame ***: terminated
*** longjmp causes uninitialized stack frame ***: terminated
*** longjmp causes uninitialized stack frame ***: terminated
*** longjmp causes uninitialized stack frame ***: terminated
*** longjmp causes uninitialized stack frame ***: terminated
*** longjmp causes uninitialized stack frame ***: terminated
*** longjmp causes uninitialized stack frame ***: terminated
*** longjmp causes uninitialized stack frame ***: terminated
*** longjmp causes uninitialized stack frame ***: terminated
*** longjmp causes uninitialized stack frame ***: terminated
*** longjmp causes uninitialized stack frame ***: terminated
*** longjmp causes uninitialized stack frame ***: terminated
*** longjmp causes uninitialized stack frame ***: terminated
*** longjmp causes uninitialized stack frame ***: terminated
*** longjmp causes uninitialized stack frame ***: terminated
*** longjmp causes uninitialized stack frame ***: terminated
*** longjmp causes uninitialized stack frame ***: terminated
*** longjmp causes uninitialized stack frame ***: terminated
*** longjmp causes uninitialized stack frame ***: terminated
*** longjmp causes uninitialized stack frame ***: terminated
*** longjmp causes uninitialized stack frame ***: terminated
*** longjmp causes uninitialized stack frame ***: terminated
*** longjmp causes uninitialized stack frame ***: terminated
*** longjmp causes uninitialized stack frame ***: terminated
*** longjmp causes uninitialized stack frame ***: terminated
*** longjmp causes uninitialized stack frame ***: terminated
*** longjmp causes uninitialized stack frame ***: terminated
*** longjmp causes uninitialized stack frame ***: terminated
*** longjmp causes uninitialized stack frame ***: terminated
*** longjmp causes uninitialized stack frame ***: terminated
*** longjmp causes uninitialized stack frame ***: terminated
*** longjmp causes uninitialized stack frame ***: terminated
*** longjmp causes uninitialized stack frame ***: terminated
*** longjmp causes uninitialized stack frame ***: terminated
*** longjmp causes uninitialized stack frame ***: terminated
*** longjmp causes uninitialized stack frame ***: terminated
*** longjmp causes uninitialized stack frame ***: terminated
*** longjmp causes uninitialized stack frame ***: terminated
*** longjmp causes uninitialized stack frame ***: terminated
*** longjmp causes uninitialized stack frame ***: terminated
*** longjmp causes uninitialized stack frame ***: terminated
*** longjmp causes uninitialized stack frame ***: terminated
*** longjmp causes uninitialized stack frame ***: terminated
*** longjmp causes uninitialized stack frame ***: terminated
*** longjmp causes uninitialized stack frame ***: terminated
*** longjmp causes uninitialized stack frame ***: terminated
*** longjmp causes uninitialized stack frame ***: terminated
*** longjmp causes uninitialized stack frame ***: terminated
*** longjmp causes uninitialized stack frame ***: terminated
*** longjmp causes uninitialized stack frame ***: terminated
*** longjmp causes uninitialized stack frame ***: terminated
*** longjmp causes uninitialized stack frame ***: terminated
*** longjmp causes uninitialized stack frame ***: terminated
*** longjmp causes uninitialized stack frame ***: terminated
*** longjmp causes uninitialized stack frame ***: terminated
*** longjmp causes uninitialized stack frame ***: terminated
*** longjmp causes uninitialized stack frame ***: terminated
*** longjmp causes uninitialized stack frame ***: terminated
*** longjmp causes uninitialized stack frame ***: terminated
*** longjmp causes uninitialized stack frame ***: terminated
*** longjmp causes uninitialized stack frame ***: terminated
*** longjmp causes uninitialized stack frame ***: terminated
*** longjmp causes uninitialized stack frame ***: terminated
*** longjmp causes uninitialized stack frame ***: terminated
*** longjmp causes uninitialized stack frame ***: terminated
*** longjmp causes uninitialized stack frame ***: terminated
*** longjmp causes uninitialized stack frame ***: terminated
*** longjmp causes uninitialized stack frame ***: terminated
*** longjmp causes uninitialized stack frame ***: terminated
*** longjmp causes uninitialized stack frame ***: terminated
*** longjmp causes uninitialized stack frame ***: terminated
*** longjmp causes uninitialized stack frame ***: terminated
*** longjmp causes uninitialized stack frame ***: terminated
*** longjmp causes uninitialized stack frame ***: terminated
*** longjmp causes uninitialized stack frame ***: terminated
*** longjmp causes uninitialized stack frame ***: terminated
*** longjmp causes uninitialized stack frame ***: terminated
*** longjmp causes uninitialized stack frame ***: terminated
*** longjmp causes uninitialized stack frame ***: terminated
*** longjmp causes uninitialized stack frame ***: terminated
*** longjmp causes uninitialized stack frame ***: terminated
*** longjmp causes uninitialized stack frame ***: terminated
*** longjmp causes uninitialized stack frame ***: terminated
*** longjmp causes uninitialized stack frame ***: terminated
*** longjmp causes uninitialized stack frame ***: terminated
*** longjmp causes uninitialized stack frame ***: terminated
*** longjmp causes uninitialized stack frame ***: terminated
*** longjmp causes uninitialized stack frame ***: terminated
*** longjmp causes uninitialized stack frame ***: terminated
*** longjmp causes uninitialized stack frame ***: terminated
*** longjmp causes uninitialized stack frame ***: terminated
*** longjmp causes uninitialized stack frame ***: terminated
*** longjmp causes uninitialized stack frame ***: terminated
*** longjmp causes uninitialized stack frame ***: terminated
*** longjmp causes uninitialized stack frame ***: terminated
*** longjmp causes uninitialized stack frame ***: terminated
*** longjmp causes uninitialized stack frame ***: terminated
*** longjmp causes uninitialized stack frame ***: terminated
*** longjmp causes uninitialized stack frame ***: terminated
*** longjmp causes uninitialized stack frame ***: terminated
*** longjmp causes uninitialized stack frame ***: terminated
*** longjmp causes uninitialized stack frame ***: terminated
*** longjmp causes uninitialized stack frame ***: terminated
*** longjmp causes uninitialized stack frame ***: terminated
*** longjmp causes uninitialized stack frame ***: terminated
*** longjmp causes uninitialized stack frame ***: terminated
*** longjmp causes uninitialized stack frame ***: terminated
*** longjmp causes uninitialized stack frame ***: terminated
*** longjmp causes uninitialized stack frame ***: terminated
*** longjmp causes uninitialized stack frame ***: terminated
*** longjmp causes uninitialized stack frame ***: terminated
*** longjmp causes uninitialized stack frame ***: terminated
*** longjmp causes uninitialized stack frame ***: terminated
*** longjmp causes uninitialized stack frame ***: terminated
*** longjmp causes uninitialized stack frame ***: terminated
*** longjmp causes uninitialized stack frame ***: terminated
*** longjmp causes uninitialized stack frame ***: terminated
*** longjmp causes uninitialized stack frame ***: terminated
*** longjmp causes uninitialized stack frame ***: terminated
*** longjmp causes uninitialized stack frame ***: terminated
*** longjmp causes uninitialized stack frame ***: terminated
*** longjmp causes uninitialized stack frame ***: terminated
*** longjmp causes uninitialized stack frame ***: terminated
*** longjmp causes uninitialized stack frame ***: terminated
*** longjmp causes uninitialized stack frame ***: terminated
*** longjmp causes uninitialized stack frame ***: terminated
*** longjmp causes uninitialized stack frame ***: terminated
*** longjmp causes uninitialized stack frame ***: terminated
*** longjmp causes uninitialized stack frame ***: terminated
*** longjmp causes uninitialized stack frame ***: terminated
*** longjmp causes uninitialized stack frame ***: terminated
*** longjmp causes uninitialized stack frame ***: terminated
*** longjmp causes uninitialized stack frame ***: terminated
*** longjmp causes uninitialized stack frame ***: terminated
*** longjmp causes uninitialized stack frame ***: terminated
*** longjmp causes uninitialized stack frame ***: terminated
*** longjmp causes uninitialized stack frame ***: terminated
*** longjmp causes uninitialized stack frame ***: terminated
*** longjmp causes uninitialized stack frame ***: terminated
*** longjmp causes uninitialized stack frame ***: terminated
*** longjmp causes uninitialized stack frame ***: terminated
*** longjmp causes uninitialized stack frame ***: terminated
*** longjmp causes uninitialized stack frame ***: terminated
*** longjmp causes uninitialized stack frame ***: terminated
*** longjmp causes uninitialized stack frame ***: terminated
*** longjmp causes uninitialized stack frame ***: terminated
*** longjmp causes uninitialized stack frame ***: terminated
*** longjmp causes uninitialized stack frame ***: terminated
*** longjmp causes uninitialized stack frame ***: terminated
*** longjmp causes uninitialized stack frame ***: terminated
*** longjmp causes uninitialized stack frame ***: terminated
*** longjmp causes uninitialized stack frame ***: terminated
*** longjmp causes uninitialized stack frame ***: terminated
*** longjmp causes uninitialized stack frame ***: terminated
*** longjmp causes uninitialized stack frame ***: terminated
*** longjmp causes uninitialized stack frame ***: terminated
*** longjmp causes uninitialized stack frame ***: terminated
*** longjmp causes uninitialized stack frame ***: terminated
*** longjmp causes uninitialized stack frame ***: terminated
*** longjmp causes uninitialized stack frame ***: terminated
*** longjmp causes uninitialized stack frame ***: terminated
*** longjmp causes uninitialized stack frame ***: terminated
*** longjmp causes uninitialized stack frame ***: terminated
*** longjmp causes uninitialized stack frame ***: terminated
*** longjmp causes uninitialized stack frame ***: terminated
*** longjmp causes uninitialized stack frame ***: terminated
*** longjmp causes uninitialized stack frame ***: terminated
*** longjmp causes uninitialized stack frame ***: terminated
*** longjmp causes uninitialized stack frame ***: terminated
*** longjmp causes uninitialized stack frame ***: terminated
*** longjmp causes uninitialized stack frame ***: terminated
*** longjmp causes uninitialized stack frame ***: terminated
*** longjmp causes uninitialized stack frame ***: terminated
*** longjmp causes uninitialized stack frame ***: terminated
*** longjmp causes uninitialized stack frame ***: terminated
*** longjmp causes uninitialized stack frame ***: terminated
*** longjmp causes uninitialized stack frame ***: terminated
*** longjmp causes uninitialized stack frame ***: terminated
*** longjmp causes uninitialized stack frame ***: terminated
*** longjmp causes uninitialized stack frame ***: terminated
*** longjmp causes uninitialized stack frame ***: terminated
*** longjmp causes uninitialized stack frame ***: terminated
*** longjmp causes uninitialized stack frame ***: terminated
*** longjmp causes uninitialized stack frame ***: terminated
*** longjmp causes uninitialized stack frame ***: terminated
*** longjmp causes uninitialized stack frame ***: terminated
*** longjmp causes uninitialized stack frame ***: terminated
*** longjmp causes uninitialized stack frame ***: terminated
*** longjmp causes uninitialized stack frame ***: terminated
*** longjmp causes uninitialized stack frame ***: terminated
*** longjmp causes uninitialized stack frame ***: terminated
*** longjmp causes uninitialized stack frame ***: terminated
*** longjmp causes uninitialized stack frame ***: terminated
*** longjmp causes uninitialized stack frame ***: terminated
*** longjmp causes uninitialized stack frame ***: terminated
*** longjmp causes uninitialized stack frame ***: terminated
*** longjmp causes uninitialized stack frame ***: terminated
*** longjmp causes uninitialized stack frame ***: terminated
*** longjmp causes uninitialized stack frame ***: terminated
*** longjmp causes uninitialized stack frame ***: terminated
*** longjmp causes uninitialized stack frame ***: terminated
*** longjmp causes uninitialized stack frame ***: terminated
*** longjmp causes uninitialized stack frame ***: terminated
*** longjmp causes uninitialized stack frame ***: terminated
*** longjmp causes uninitialized stack frame ***: terminated
*** longjmp causes uninitialized stack frame ***: terminated
*** longjmp causes uninitialized stack frame ***: terminated
*** longjmp causes uninitialized stack frame ***: terminated
*** longjmp causes uninitialized stack frame ***: terminated
*** longjmp causes uninitialized stack frame ***: terminated
*** longjmp causes uninitialized stack frame ***: terminated
*** longjmp causes uninitialized stack frame ***: terminated
*** longjmp causes uninitialized stack frame ***: terminated
*** longjmp causes uninitialized stack frame ***: terminated
*** longjmp causes uninitialized stack frame ***: terminated
*** longjmp causes uninitialized stack frame ***: terminated
*** longjmp causes uninitialized stack frame ***: terminated
*** longjmp causes uninitialized stack frame ***: terminated
*** longjmp causes uninitialized stack frame ***: terminated
*** longjmp causes uninitialized stack frame ***: terminated
*** longjmp causes uninitialized stack frame ***: terminated
*** longjmp causes uninitialized stack frame ***: terminated
*** longjmp causes uninitialized stack frame ***: terminated
*** longjmp causes uninitialized stack frame ***: terminated
*** longjmp causes uninitialized stack frame ***: terminated
*** longjmp causes uninitialized stack frame ***: terminated
*** longjmp causes uninitialized stack frame ***: terminated
*** longjmp causes uninitialized stack frame ***: terminated
*** longjmp causes uninitialized stack frame ***: terminated
*** longjmp causes uninitialized stack frame ***: terminated
*** longjmp causes uninitialized stack frame ***: terminated
*** longjmp causes uninitialized stack frame ***: terminated
*** longjmp causes uninitialized stack frame ***: terminated
*** longjmp causes uninitialized stack frame ***: terminated
*** longjmp causes uninitialized stack frame ***: terminated
*** longjmp causes uninitialized stack frame ***: terminated
*** longjmp causes uninitialized stack frame ***: terminated
*** longjmp causes uninitialized stack frame ***: terminated
*** longjmp causes uninitialized stack frame ***: terminated
*** longjmp causes uninitialized stack frame ***: terminated
*** longjmp causes uninitialized stack frame ***: terminated
*** longjmp causes uninitialized stack frame ***: terminated
*** longjmp causes uninitialized stack frame ***: terminated
*** longjmp causes uninitialized stack frame ***: terminated
*** longjmp causes uninitialized stack frame ***: terminated
*** longjmp causes uninitialized stack frame ***: terminated
*** longjmp causes uninitialized stack frame ***: terminated
*** longjmp causes uninitialized stack frame ***: terminated
*** longjmp causes uninitialized stack frame ***: terminated
*** longjmp causes uninitialized stack frame ***: terminated
*** longjmp causes uninitialized stack frame ***: terminated
*** longjmp causes uninitialized stack frame ***: terminated
*** longjmp causes uninitialized stack frame ***: terminated
*** longjmp causes uninitialized stack frame ***: terminated
*** longjmp causes uninitialized stack frame ***: terminated
*** longjmp causes uninitialized stack frame ***: terminated
*** longjmp causes uninitialized stack frame ***: terminated
*** longjmp causes uninitialized stack frame ***: terminated
*** longjmp causes uninitialized stack frame ***: terminated
*** longjmp causes uninitialized stack frame ***: terminated
*** longjmp causes uninitialized stack frame ***: terminated
*** longjmp causes uninitialized stack frame ***: terminated
*** longjmp causes uninitialized stack frame ***: terminated
*** longjmp causes uninitialized stack frame ***: terminated
*** longjmp causes uninitialized stack frame ***: terminated
*** longjmp causes uninitialized stack frame ***: terminated
*** longjmp causes uninitialized stack frame ***: terminated
*** longjmp causes uninitialized stack frame ***: terminated
*** longjmp causes uninitialized stack frame ***: terminated
*** longjmp causes uninitialized stack frame ***: terminated
*** longjmp causes uninitialized stack frame ***: terminated
*** longjmp causes uninitialized stack frame ***: terminated
*** longjmp causes uninitialized stack frame ***: terminated
*** longjmp causes uninitialized stack frame ***: terminated
*** longjmp causes uninitialized stack frame ***: terminated
*** longjmp causes uninitialized stack frame ***: terminated
*** longjmp causes uninitialized stack frame ***: terminated
*** longjmp causes uninitialized stack frame ***: terminated
*** longjmp causes uninitialized stack frame ***: terminated
*** longjmp causes uninitialized stack frame ***: terminated
*** longjmp causes uninitialized stack frame ***: terminated
*** longjmp causes uninitialized stack frame ***: terminated
*** longjmp causes uninitialized stack frame ***: terminated
*** longjmp causes uninitialized stack frame ***: terminated
*** longjmp causes uninitialized stack frame ***: terminated
*** longjmp causes uninitialized stack frame ***: terminated
*** longjmp causes uninitialized stack frame ***: terminated
*** longjmp causes uninitialized stack frame ***: terminated
*** longjmp causes uninitialized stack frame ***: terminated
*** longjmp causes uninitialized stack frame ***: terminated
*** longjmp causes uninitialized stack frame ***: terminated
*** longjmp causes uninitialized stack frame ***: terminated
*** longjmp causes uninitialized stack frame ***: terminated
*** longjmp causes uninitialized stack frame ***: terminated
*** longjmp causes uninitialized stack frame ***: terminated
*** longjmp causes uninitialized stack frame ***: terminated
*** longjmp causes uninitialized stack frame ***: terminated
*** longjmp causes uninitialized stack frame ***: terminated
*** longjmp causes uninitialized stack frame ***: terminated
*** longjmp causes uninitialized stack frame ***: terminated
*** longjmp causes uninitialized stack frame ***: terminated
*** longjmp causes uninitialized stack frame ***: terminated
*** longjmp causes uninitialized stack frame ***: terminated
*** longjmp causes uninitialized stack frame ***: terminated
*** longjmp causes uninitialized stack frame ***: terminated
*** longjmp causes uninitialized stack frame ***: terminated
*** longjmp causes uninitialized stack frame ***: terminated
*** longjmp causes uninitialized stack frame ***: terminated
*** longjmp causes uninitialized stack frame ***: terminated
*** longjmp causes uninitialized stack frame ***: terminated
*** longjmp causes uninitialized stack frame ***: terminated
*** longjmp causes uninitialized stack frame ***: terminated
*** longjmp causes uninitialized stack frame ***: terminated
*** longjmp causes uninitialized stack frame ***: terminated
*** longjmp causes uninitialized stack frame ***: terminated
*** longjmp causes uninitialized stack frame ***: terminated
*** longjmp causes uninitialized stack frame ***: terminated
*** longjmp causes uninitialized stack frame ***: terminated
*** longjmp causes uninitialized stack frame ***: terminated
*** longjmp causes uninitialized stack frame ***: terminated
*** longjmp causes uninitialized stack frame ***: terminated
*** longjmp causes uninitialized stack frame ***: terminated
*** longjmp causes uninitialized stack frame ***: terminated
*** longjmp causes uninitialized stack frame ***: terminated
*** longjmp causes uninitialized stack frame ***: terminated
*** longjmp causes uninitialized stack frame ***: terminated
*** longjmp causes uninitialized stack frame ***: terminated
*** longjmp causes uninitialized stack frame ***: terminated
*** longjmp causes uninitialized stack frame ***: terminated
*** longjmp causes uninitialized stack frame ***: terminated
*** longjmp causes uninitialized stack frame ***: terminated
*** longjmp causes uninitialized stack frame ***: terminated
*** longjmp causes uninitialized stack frame ***: terminated
*** longjmp causes uninitialized stack frame ***: terminated
*** longjmp causes uninitialized stack frame ***: terminated
*** longjmp causes uninitialized stack frame ***: terminated
*** longjmp causes uninitialized stack frame ***: terminated
*** longjmp causes uninitialized stack frame ***: terminated
*** longjmp causes uninitialized stack frame ***: terminated
*** longjmp causes uninitialized stack frame ***: terminated
*** longjmp causes uninitialized stack frame ***: terminated
*** longjmp causes uninitialized stack frame ***: terminated
*** longjmp causes uninitialized stack frame ***: terminated
*** longjmp causes uninitialized stack frame ***: terminated
*** longjmp causes uninitialized stack frame ***: terminated
*** longjmp causes uninitialized stack frame ***: terminated
*** longjmp causes uninitialized stack frame ***: terminated
*** longjmp causes uninitialized stack frame ***: terminated
*** longjmp causes uninitialized stack frame ***: terminated
*** longjmp causes uninitialized stack frame ***: terminated
*** longjmp causes uninitialized stack frame ***: terminated
*** longjmp causes uninitialized stack frame ***: terminated
*** longjmp causes uninitialized stack frame ***: terminated
*** longjmp causes uninitialized stack frame ***: terminated
*** longjmp causes uninitialized stack frame ***: terminated
*** longjmp causes uninitialized stack frame ***: terminated
*** longjmp causes uninitialized stack frame ***: terminated
*** longjmp causes uninitialized stack frame ***: terminated
*** longjmp causes uninitialized stack frame ***: terminated
*** longjmp causes uninitialized stack frame ***: terminated
*** longjmp causes uninitialized stack frame ***: terminated
*** longjmp causes uninitialized stack frame ***: terminated
*** longjmp causes uninitialized stack frame ***: terminated
*** longjmp causes uninitialized stack frame ***: terminated
*** longjmp causes uninitialized stack frame ***: terminated
*** longjmp causes uninitialized stack frame ***: terminated
*** longjmp causes uninitialized stack frame ***: terminated
*** longjmp causes uninitialized stack frame ***: terminated
*** longjmp causes uninitialized stack frame ***: terminated
*** longjmp causes uninitialized stack frame ***: terminated
*** longjmp causes uninitialized stack frame ***: terminated
*** longjmp causes uninitialized stack frame ***: terminated
*** longjmp causes uninitialized stack frame ***: terminated
*** longjmp causes uninitialized stack frame ***: terminated
*** longjmp causes uninitialized stack frame ***: terminated
*** longjmp causes uninitialized stack frame ***: terminated
*** longjmp causes uninitialized stack frame ***: terminated
*** longjmp causes uninitialized stack frame ***: terminated
*** longjmp causes uninitialized stack frame ***: terminated
*** longjmp causes uninitialized stack frame ***: terminated
*** longjmp causes uninitialized stack frame ***: terminated
*** longjmp causes uninitialized stack frame ***: terminated
*** longjmp causes uninitialized stack frame ***: terminated
*** longjmp causes uninitialized stack frame ***: terminated
*** longjmp causes uninitialized stack frame ***: terminated
*** longjmp causes uninitialized stack frame ***: terminated
*** longjmp causes uninitialized stack frame ***: terminated
*** longjmp causes uninitialized stack frame ***: terminated
*** longjmp causes uninitialized stack frame ***: terminated
*** longjmp causes uninitialized stack frame ***: terminated
*** longjmp causes uninitialized stack frame ***: terminated
*** longjmp causes uninitialized stack frame ***: terminated
*** longjmp causes uninitialized stack frame ***: terminated
*** longjmp causes uninitialized stack frame ***: terminated
*** longjmp causes uninitialized stack frame ***: terminated
*** longjmp causes uninitialized stack frame ***: terminated
*** longjmp causes uninitialized stack frame ***: terminated
*** longjmp causes uninitialized stack frame ***: terminated
*** longjmp causes uninitialized stack frame ***: terminated
*** longjmp causes uninitialized stack frame ***: terminated
*** longjmp causes uninitialized stack frame ***: terminated
*** longjmp causes uninitialized stack frame ***: terminated
*** longjmp causes uninitialized stack frame ***: terminated
*** longjmp causes uninitialized stack frame ***: terminated
*** longjmp causes uninitialized stack frame ***: terminated
*** longjmp causes uninitialized stack frame ***: terminated
*** longjmp causes uninitialized stack frame ***: terminated
*** longjmp causes uninitialized stack frame ***: terminated
*** longjmp causes uninitialized stack frame ***: terminated
*** longjmp causes uninitialized stack frame ***: terminated
*** longjmp causes uninitialized stack frame ***: terminated
*** longjmp causes uninitialized stack frame ***: terminated
*** longjmp causes uninitialized stack frame ***: terminated
*** longjmp causes uninitialized stack frame ***: terminated
*** longjmp causes uninitialized stack frame ***: terminated
*** longjmp causes uninitialized stack frame ***: terminated
*** longjmp causes uninitialized stack frame ***: terminated
*** longjmp causes uninitialized stack frame ***: terminated
*** longjmp causes uninitialized stack frame ***: terminated
*** longjmp causes uninitialized stack frame ***: terminated
*** longjmp causes uninitialized stack frame ***: terminated
*** longjmp causes uninitialized stack frame ***: terminated
*** longjmp causes uninitialized stack frame ***: terminated
*** longjmp causes uninitialized stack frame ***: terminated
*** longjmp causes uninitialized stack frame ***: terminated
*** longjmp causes uninitialized stack frame ***: terminated
*** longjmp causes uninitialized stack frame ***: terminated
*** longjmp causes uninitialized stack frame ***: terminated
*** longjmp causes uninitialized stack frame ***: terminated
*** longjmp causes uninitialized stack frame ***: terminated
*** longjmp causes uninitialized stack frame ***: terminated
*** longjmp causes uninitialized stack frame ***: terminated
*** longjmp causes uninitialized stack frame ***: terminated
*** longjmp causes uninitialized stack frame ***: terminated
*** longjmp causes uninitialized stack frame ***: terminated
*** longjmp causes uninitialized stack frame ***: terminated
*** longjmp causes uninitialized stack frame ***: terminated
*** longjmp causes uninitialized stack frame ***: terminated
*** longjmp causes uninitialized stack frame ***: terminated
*** longjmp causes uninitialized stack frame ***: terminated
*** longjmp causes uninitialized stack frame ***: terminated
*** longjmp causes uninitialized stack frame ***: terminated
*** longjmp causes uninitialized stack frame ***: terminated
*** longjmp causes uninitialized stack frame ***: terminated
*** longjmp causes uninitialized stack frame ***: terminated
*** longjmp causes uninitialized stack frame ***: terminated
*** longjmp causes uninitialized stack frame ***: terminated
*** longjmp causes uninitialized stack frame ***: terminated
*** longjmp causes uninitialized stack frame ***: terminated
*** longjmp causes uninitialized stack frame ***: terminated
*** longjmp causes uninitialized stack frame ***: terminated
*** longjmp causes uninitialized stack frame ***: terminated
*** longjmp causes uninitialized stack frame ***: terminated
*** longjmp causes uninitialized stack frame ***: terminated
*** longjmp causes uninitialized stack frame ***: terminated
*** longjmp causes uninitialized stack frame ***: terminated
*** longjmp causes uninitialized stack frame ***: terminated
*** longjmp causes uninitialized stack frame ***: terminated
*** longjmp causes uninitialized stack frame ***: terminated
*** longjmp causes uninitialized stack frame ***: terminated
*** longjmp causes uninitialized stack frame ***: terminated
*** longjmp causes uninitialized stack frame ***: terminated
*** longjmp causes uninitialized stack frame ***: terminated
*** longjmp causes uninitialized stack frame ***: terminated
*** longjmp causes uninitialized stack frame ***: terminated
*** longjmp causes uninitialized stack frame ***: terminated
*** longjmp causes uninitialized stack frame ***: terminated
*** longjmp causes uninitialized stack frame ***: terminated
*** longjmp causes uninitialized stack frame ***: terminated
*** longjmp causes uninitialized stack frame ***: terminated
*** longjmp causes uninitialized stack frame ***: terminated
*** longjmp causes uninitialized stack frame ***: terminated
*** longjmp causes uninitialized stack frame ***: terminated
*** longjmp causes uninitialized stack frame ***: terminated
*** longjmp causes uninitialized stack frame ***: terminated
*** longjmp causes uninitialized stack frame ***: terminated
*** longjmp causes uninitialized stack frame ***: terminated
*** longjmp causes uninitialized stack frame ***: terminated
*** longjmp causes uninitialized stack frame ***: terminated
*** longjmp causes uninitialized stack frame ***: terminated
*** longjmp causes uninitialized stack frame ***: terminated
*** longjmp causes uninitialized stack frame ***: terminated
*** longjmp causes uninitialized stack frame ***: terminated
*** longjmp causes uninitialized stack frame ***: terminated
*** longjmp causes uninitialized stack frame ***: terminated
*** longjmp causes uninitialized stack frame ***: terminated
*** longjmp causes uninitialized stack frame ***: terminated
*** longjmp causes uninitialized stack frame ***: terminated
*** longjmp causes uninitialized stack frame ***: terminated
*** longjmp causes uninitialized stack frame ***: terminated
*** longjmp causes uninitialized stack frame ***: terminated
*** longjmp causes uninitialized stack frame ***: terminated
*** longjmp causes uninitialized stack frame ***: terminated
*** longjmp causes uninitialized stack frame ***: terminated
*** longjmp causes uninitialized stack frame ***: terminated
*** longjmp causes uninitialized stack frame ***: terminated
*** longjmp causes uninitialized stack frame ***: terminated
*** longjmp causes uninitialized stack frame ***: terminated
*** longjmp causes uninitialized stack frame ***: terminated
*** longjmp causes uninitialized stack frame ***: terminated
*** longjmp causes uninitialized stack frame ***: terminated
*** longjmp causes uninitialized stack frame ***: terminated
*** longjmp causes uninitialized stack frame ***: terminated
*** longjmp causes uninitialized stack frame ***: terminated
*** longjmp causes uninitialized stack frame ***: terminated
*** longjmp causes uninitialized stack frame ***: terminated
*** longjmp causes uninitialized stack frame ***: terminated
*** longjmp causes uninitialized stack frame ***: terminated
*** longjmp causes uninitialized stack frame ***: terminated
*** longjmp causes uninitialized stack frame ***: terminated
*** longjmp causes uninitialized stack frame ***: terminated
*** longjmp causes uninitialized stack frame ***: terminated
*** longjmp causes uninitialized stack frame ***: terminated
*** longjmp causes uninitialized stack frame ***: terminated
*** longjmp causes uninitialized stack frame ***: terminated
*** longjmp causes uninitialized stack frame ***: terminated
*** longjmp causes uninitialized stack frame ***: terminated
*** longjmp causes uninitialized stack frame ***: terminated
*** longjmp causes uninitialized stack frame ***: terminated
*** longjmp causes uninitialized stack frame ***: terminated
*** longjmp causes uninitialized stack frame ***: terminated
*** longjmp causes uninitialized stack frame ***: terminated
*** longjmp causes uninitialized stack frame ***: terminated
*** longjmp causes uninitialized stack frame ***: terminated
*** longjmp causes uninitialized stack frame ***: terminated
*** longjmp causes uninitialized stack frame ***: terminated
*** longjmp causes uninitialized stack frame ***: terminated
*** longjmp causes uninitialized stack frame ***: terminated
*** longjmp causes uninitialized stack frame ***: terminated
*** longjmp causes uninitialized stack frame ***: terminated
*** longjmp causes uninitialized stack frame ***: terminated
*** longjmp causes uninitialized stack frame ***: terminated
*** longjmp causes uninitialized stack frame ***: terminated
*** longjmp causes uninitialized stack frame ***: terminated
*** longjmp causes uninitialized stack frame ***: terminated
*** longjmp causes uninitialized stack frame ***: terminated
*** longjmp causes uninitialized stack frame ***: terminated
*** longjmp causes uninitialized stack frame ***: terminated
*** longjmp causes uninitialized stack frame ***: terminated
*** longjmp causes uninitialized stack frame ***: terminated
*** longjmp causes uninitialized stack frame ***: terminated
*** longjmp causes uninitialized stack frame ***: terminated
*** longjmp causes uninitialized stack frame ***: terminated
*** longjmp causes uninitialized stack frame ***: terminated
*** longjmp causes uninitialized stack frame ***: terminated
*** longjmp causes uninitialized stack frame ***: terminated
*** longjmp causes uninitialized stack frame ***: terminated
*** longjmp causes uninitialized stack frame ***: terminated
*** longjmp causes uninitialized stack frame ***: terminated
*** longjmp causes uninitialized stack frame ***: terminated
*** longjmp causes uninitialized stack frame ***: terminated
*** longjmp causes uninitialized stack frame ***: terminated
*** longjmp causes uninitialized stack frame ***: terminated
*** longjmp causes uninitialized stack frame ***: terminated
*** longjmp causes uninitialized stack frame ***: terminated
*** longjmp causes uninitialized stack frame ***: terminated
*** longjmp causes uninitialized stack frame ***: terminated
*** longjmp causes uninitialized stack frame ***: terminated
*** longjmp causes uninitialized stack frame ***: terminated
*** longjmp causes uninitialized stack frame ***: terminated
*** longjmp causes uninitialized stack frame ***: terminated
*** longjmp causes uninitialized stack frame ***: terminated
*** longjmp causes uninitialized stack frame ***: terminated
*** longjmp causes uninitialized stack frame ***: terminated
*** longjmp causes uninitialized stack frame ***: terminated
*** longjmp causes uninitialized stack frame ***: terminated
*** longjmp causes uninitialized stack frame ***: terminated
*** longjmp causes uninitialized stack frame ***: terminated
*** longjmp causes uninitialized stack frame ***: terminated
*** longjmp causes uninitialized stack frame ***: terminated
*** longjmp causes uninitialized stack frame ***: terminated
*** longjmp causes uninitialized stack frame ***: terminated
*** longjmp causes uninitialized stack frame ***: terminated
*** longjmp causes uninitialized stack frame ***: terminated
*** longjmp causes uninitialized stack frame ***: terminated
*** longjmp causes uninitialized stack frame ***: terminated
*** longjmp causes uninitialized stack frame ***: terminated
*** longjmp causes uninitialized stack frame ***: terminated
*** longjmp causes uninitialized stack frame ***: terminated
*** longjmp causes uninitialized stack frame ***: terminated
*** longjmp causes uninitialized stack frame ***: terminated
*** longjmp causes uninitialized stack frame ***: terminated
*** longjmp causes uninitialized stack frame ***: terminated
*** longjmp causes uninitialized stack frame ***: terminated
*** longjmp causes uninitialized stack frame ***: terminated
*** longjmp causes uninitialized stack frame ***: terminated
*** longjmp causes uninitialized stack frame ***: terminated
*** longjmp causes uninitialized stack frame ***: terminated
*** longjmp causes uninitialized stack frame ***: terminated
*** longjmp causes uninitialized stack frame ***: terminated
*** longjmp causes uninitialized stack frame ***: terminated
*** longjmp causes uninitialized stack frame ***: terminated
*** longjmp causes uninitialized stack frame ***: terminated
*** longjmp causes uninitialized stack frame ***: terminated
*** longjmp causes uninitialized stack frame ***: terminated
*** longjmp causes uninitialized stack frame ***: terminated
*** longjmp causes uninitialized stack frame ***: terminated
*** longjmp causes uninitialized stack frame ***: terminated
*** longjmp causes uninitialized stack frame ***: terminated
*** longjmp causes uninitialized stack frame ***: terminated
*** longjmp causes uninitialized stack frame ***: terminated
*** longjmp causes uninitialized stack frame ***: terminated
*** longjmp causes uninitialized stack frame ***: terminated
*** longjmp causes uninitialized stack frame ***: terminated
*** longjmp causes uninitialized stack frame ***: terminated
*** longjmp causes uninitialized stack frame ***: terminated
*** longjmp causes uninitialized stack frame ***: terminated
*** longjmp causes uninitialized stack frame ***: terminated
*** longjmp causes uninitialized stack frame ***: terminated
*** longjmp causes uninitialized stack frame ***: terminated
*** longjmp causes uninitialized stack frame ***: terminated
*** longjmp causes uninitialized stack frame ***: terminated
*** longjmp causes uninitialized stack frame ***: terminated
*** longjmp causes uninitialized stack frame ***: terminated
*** longjmp causes uninitialized stack frame ***: terminated
*** longjmp causes uninitialized stack frame ***: terminated
*** longjmp causes uninitialized stack frame ***: terminated
*** longjmp causes uninitialized stack frame ***: terminated
*** longjmp causes uninitialized stack frame ***: terminated
*** longjmp causes uninitialized stack frame ***: terminated
*** longjmp causes uninitialized stack frame ***: terminated
*** longjmp causes uninitialized stack frame ***: terminated
*** longjmp causes uninitialized stack frame ***: terminated
*** longjmp causes uninitialized stack frame ***: terminated
*** longjmp causes uninitialized stack frame ***: terminated
*** longjmp causes uninitialized stack frame ***: terminated
*** longjmp causes uninitialized stack frame ***: terminated
*** longjmp causes uninitialized stack frame ***: terminated
*** longjmp causes uninitialized stack frame ***: terminated
*** longjmp causes uninitialized stack frame ***: terminated
*** longjmp causes uninitialized stack frame ***: terminated
*** longjmp causes uninitialized stack frame ***: terminated
*** longjmp causes uninitialized stack frame ***: terminated
*** longjmp causes uninitialized stack frame ***: terminated
*** longjmp causes uninitialized stack frame ***: terminated
*** longjmp causes uninitialized stack frame ***: terminated
*** longjmp causes uninitialized stack frame ***: terminated
*** longjmp causes uninitialized stack frame ***: terminated
*** longjmp causes uninitialized stack frame ***: terminated
*** longjmp causes uninitialized stack frame ***: terminated
*** longjmp causes uninitialized stack frame ***: terminated
*** longjmp causes uninitialized stack frame ***: terminated
*** longjmp causes uninitialized stack frame ***: terminated
*** longjmp causes uninitialized stack frame ***: terminated
*** longjmp causes uninitialized stack frame ***: terminated
*** longjmp causes uninitialized stack frame ***: terminated
*** longjmp causes uninitialized stack frame ***: terminated
*** longjmp causes uninitialized stack frame ***: terminated
*** longjmp causes uninitialized stack frame ***: terminated
*** longjmp causes uninitialized stack frame ***: terminated
*** longjmp causes uninitialized stack frame ***: terminated
*** longjmp causes uninitialized stack frame ***: terminated
*** longjmp causes uninitialized stack frame ***: terminated
*** longjmp causes uninitialized stack frame ***: terminated
*** longjmp causes uninitialized stack frame ***: terminated
*** longjmp causes uninitialized stack frame ***: terminated
*** longjmp causes uninitialized stack frame ***: terminated
*** longjmp causes uninitialized stack frame ***: terminated
*** longjmp causes uninitialized stack frame ***: terminated
*** longjmp causes uninitialized stack frame ***: terminated
*** longjmp causes uninitialized stack frame ***: terminated
*** longjmp causes uninitialized stack frame ***: terminated
*** longjmp causes uninitialized stack frame ***: terminated
*** longjmp causes uninitialized stack frame ***: terminated
*** longjmp causes uninitialized stack frame ***: terminated
*** longjmp causes uninitialized stack frame ***: terminated
*** longjmp causes uninitialized stack frame ***: terminated
*** longjmp causes uninitialized stack frame ***: terminated
*** longjmp causes uninitialized stack frame ***: terminated
*** longjmp causes uninitialized stack frame ***: terminated
*** longjmp causes uninitialized stack frame ***: terminated
*** longjmp causes uninitialized stack frame ***: terminated
*** longjmp causes uninitialized stack frame ***: terminated
*** longjmp causes uninitialized stack frame ***: terminated
*** longjmp causes uninitialized stack frame ***: terminated
*** longjmp causes uninitialized stack frame ***: terminated
*** longjmp causes uninitialized stack frame ***: terminated
*** longjmp causes uninitialized stack frame ***: terminated
*** longjmp causes uninitialized stack frame ***: terminated
*** longjmp causes uninitialized stack frame ***: terminated
*** longjmp causes uninitialized stack frame ***: terminated
*** longjmp causes uninitialized stack frame ***: terminated
*** longjmp causes uninitialized stack frame ***: terminated
*** longjmp causes uninitialized stack frame ***: terminated
*** longjmp causes uninitialized stack frame ***: terminated
*** longjmp causes uninitialized stack frame ***: terminated
*** longjmp causes uninitialized stack frame ***: terminated
*** longjmp causes uninitialized stack frame ***: terminated
*** longjmp causes uninitialized stack frame ***: terminated
*** longjmp causes uninitialized stack frame ***: terminated
*** longjmp causes uninitialized stack frame ***: terminated
*** longjmp causes uninitialized stack frame ***: terminated
*** longjmp causes uninitialized stack frame ***: terminated
*** longjmp causes uninitialized stack frame ***: terminated
*** longjmp causes uninitialized stack frame ***: terminated
*** longjmp causes uninitialized stack frame ***: terminated
*** longjmp causes uninitialized stack frame ***: terminated
*** longjmp causes uninitialized stack frame ***: terminated
*** longjmp causes uninitialized stack frame ***: terminated
*** longjmp causes uninitialized stack frame ***: terminated
*** longjmp causes uninitialized stack frame ***: terminated
*** longjmp causes uninitialized stack frame ***: terminated
*** longjmp causes uninitialized stack frame ***: terminated
*** longjmp causes uninitialized stack frame ***: terminated
*** longjmp causes uninitialized stack frame ***: terminated
*** longjmp causes uninitialized stack frame ***: terminated
*** longjmp causes uninitialized stack frame ***: terminated
*** longjmp causes uninitialized stack frame ***: terminated
*** longjmp causes uninitialized stack frame ***: terminated
*** longjmp causes uninitialized stack frame ***: terminated
*** longjmp causes uninitialized stack frame ***: terminated
*** longjmp causes uninitialized stack frame ***: terminated
*** longjmp causes uninitialized stack frame ***: terminated
*** longjmp causes uninitialized stack frame ***: terminated
*** longjmp causes uninitialized stack frame ***: terminated
*** longjmp causes uninitialized stack frame ***: terminated
*** longjmp causes uninitialized stack frame ***: terminated
*** longjmp causes uninitialized stack frame ***: terminated
*** longjmp causes uninitialized stack frame ***: terminated
*** longjmp causes uninitialized stack frame ***: terminated
*** longjmp causes uninitialized stack frame ***: terminated
*** longjmp causes uninitialized stack frame ***: terminated
*** longjmp causes uninitialized stack frame ***: terminated
*** longjmp causes uninitialized stack frame ***: terminated
*** longjmp causes uninitialized stack frame ***: terminated
*** longjmp causes uninitialized stack frame ***: terminated
*** longjmp causes uninitialized stack frame ***: terminated
*** longjmp causes uninitialized stack frame ***: terminated
*** longjmp causes uninitialized stack frame ***: terminated
*** longjmp causes uninitialized stack frame ***: terminated
*** longjmp causes uninitialized stack frame ***: terminated
*** longjmp causes uninitialized stack frame ***: terminated
*** longjmp causes uninitialized stack frame ***: terminated
*** longjmp causes uninitialized stack frame ***: terminated
*** longjmp causes uninitialized stack frame ***: terminated
*** longjmp causes uninitialized stack frame ***: terminated
*** longjmp causes uninitialized stack frame ***: terminated
*** longjmp causes uninitialized stack frame ***: terminated
*** longjmp causes uninitialized stack frame ***: terminated
*** longjmp causes uninitialized stack frame ***: terminated
*** longjmp causes uninitialized stack frame ***: terminated
*** longjmp causes uninitialized stack frame ***: terminated
*** longjmp causes uninitialized stack frame ***: terminated
*** longjmp causes uninitialized stack frame ***: terminated
*** longjmp causes uninitialized stack frame ***: terminated
*** longjmp causes uninitialized stack frame ***: terminated
*** longjmp causes uninitialized stack frame ***: terminated
*** longjmp causes uninitialized stack frame ***: terminated
*** longjmp causes uninitialized stack frame ***: terminated
*** longjmp causes uninitialized stack frame ***: terminated
*** longjmp causes uninitialized stack frame ***: terminated
*** longjmp causes uninitialized stack frame ***: terminated
*** longjmp causes uninitialized stack frame ***: terminated
*** longjmp causes uninitialized stack frame ***: terminated
*** longjmp causes uninitialized stack frame ***: terminated
*** longjmp causes uninitialized stack frame ***: terminated
*** longjmp causes uninitialized stack frame ***: terminated
*** longjmp causes uninitialized stack frame ***: terminated
*** longjmp causes uninitialized stack frame ***: terminated
*** longjmp causes uninitialized stack frame ***: terminated
*** longjmp causes uninitialized stack frame ***: terminated
*** longjmp causes uninitialized stack frame ***: terminated
*** longjmp causes uninitialized stack frame ***: terminated
*** longjmp causes uninitialized stack frame ***: terminated
*** longjmp causes uninitialized stack frame ***: terminated
*** longjmp causes uninitialized stack frame ***: terminated
*** longjmp causes uninitialized stack frame ***: terminated
*** longjmp causes uninitialized stack frame ***: terminated
*** longjmp causes uninitialized stack frame ***: terminated
*** longjmp causes uninitialized stack frame ***: terminated
*** longjmp causes uninitialized stack frame ***: terminated
*** longjmp causes uninitialized stack frame ***: terminated
*** longjmp causes uninitialized stack frame ***: terminated
*** longjmp causes uninitialized stack frame ***: terminated
*** longjmp causes uninitialized stack frame ***: terminated
*** longjmp causes uninitialized stack frame ***: terminated
*** longjmp causes uninitialized stack frame ***: terminated
*** longjmp causes uninitialized stack frame ***: terminated
*** longjmp causes uninitialized stack frame ***: terminated
*** longjmp causes uninitialized stack frame ***: terminated
*** longjmp causes uninitialized stack frame ***: terminated
*** longjmp causes uninitialized stack frame ***: terminated
*** longjmp causes uninitialized stack frame ***: terminated
*** longjmp causes uninitialized stack frame ***: terminated
*** longjmp causes uninitialized stack frame ***: terminated
*** longjmp causes uninitialized stack frame ***: terminated
*** longjmp causes uninitialized stack frame ***: terminated
*** longjmp causes uninitialized stack frame ***: terminated
*** longjmp causes uninitialized stack frame ***: terminated
*** longjmp causes uninitialized stack frame ***: terminated
*** longjmp causes uninitialized stack frame ***: terminated
*** longjmp causes uninitialized stack frame ***: terminated
*** longjmp causes uninitialized stack frame ***: terminated
*** longjmp causes uninitialized stack frame ***: terminated
*** longjmp causes uninitialized stack frame ***: terminated
*** longjmp causes uninitialized stack frame ***: terminated
*** longjmp causes uninitialized stack frame ***: terminated
*** longjmp causes uninitialized stack frame ***: terminated
*** longjmp causes uninitialized stack frame ***: terminated
*** longjmp causes uninitialized stack frame ***: terminated
*** longjmp causes uninitialized stack frame ***: terminated
*** longjmp causes uninitialized stack frame ***: terminated
*** longjmp causes uninitialized stack frame ***: terminated
*** longjmp causes uninitialized stack frame ***: terminated
*** longjmp causes uninitialized stack frame ***: terminated
*** longjmp causes uninitialized stack frame ***: terminated
*** longjmp causes uninitialized stack frame ***: terminated
*** longjmp causes uninitialized stack frame ***: terminated
*** longjmp causes uninitialized stack frame ***: terminated
*** longjmp causes uninitialized stack frame ***: terminated
*** longjmp causes uninitialized stack frame ***: terminated
*** longjmp causes uninitialized stack frame ***: terminated
*** longjmp causes uninitialized stack frame ***: terminated
*** longjmp causes uninitialized stack frame ***: terminated
*** longjmp causes uninitialized stack frame ***: terminated
*** longjmp causes uninitialized stack frame ***: terminated
*** longjmp causes uninitialized stack frame ***: terminated
*** longjmp causes uninitialized stack frame ***: terminated
*** longjmp causes uninitialized stack frame ***: terminated
*** longjmp causes uninitialized stack frame ***: terminated
*** longjmp causes uninitialized stack frame ***: terminated
*** longjmp causes uninitialized stack frame ***: terminated
*** longjmp causes uninitialized stack frame ***: terminated
*** longjmp causes uninitialized stack frame ***: terminated
*** longjmp causes uninitialized stack frame ***: terminated
*** longjmp causes uninitialized stack frame ***: terminated
*** longjmp causes uninitialized stack frame ***: terminated
*** longjmp causes uninitialized stack frame ***: terminated
*** longjmp causes uninitialized stack frame ***: terminated
*** longjmp causes uninitialized stack frame ***: terminated
*** longjmp causes uninitialized stack frame ***: terminated
*** longjmp causes uninitialized stack frame ***: terminated
*** longjmp causes uninitialized stack frame ***: terminated
*** longjmp causes uninitialized stack frame ***: terminated
*** longjmp causes uninitialized stack frame ***: terminated
*** longjmp causes uninitialized stack frame ***: terminated
*** longjmp causes uninitialized stack frame ***: terminated
*** longjmp causes uninitialized stack frame ***: terminated
*** longjmp causes uninitialized stack frame ***: terminated
*** longjmp causes uninitialized stack frame ***: terminated
*** longjmp causes uninitialized stack frame ***: terminated
*** longjmp causes uninitialized stack frame ***: terminated
*** longjmp causes uninitialized stack frame ***: terminated
*** longjmp causes uninitialized stack frame ***: terminated
*** longjmp causes uninitialized stack frame ***: terminated
*** longjmp causes uninitialized stack frame ***: terminated
*** longjmp causes uninitialized stack frame ***: terminated
*** longjmp causes uninitialized stack frame ***: terminated
*** longjmp causes uninitialized stack frame ***: terminated
*** longjmp causes uninitialized stack frame ***: terminated
*** longjmp causes uninitialized stack frame ***: terminated
*** longjmp causes uninitialized stack frame ***: terminated
*** longjmp causes uninitialized stack frame ***: terminated
*** longjmp causes uninitialized stack frame ***: terminated
*** longjmp causes uninitialized stack frame ***: terminated
*** longjmp causes uninitialized stack frame ***: terminated
*** longjmp causes uninitialized stack frame ***: terminated
*** longjmp causes uninitialized stack frame ***: terminated
*** longjmp causes uninitialized stack frame ***: terminated
*** longjmp causes uninitialized stack frame ***: terminated
*** longjmp causes uninitialized stack frame ***: terminated
*** longjmp causes uninitialized stack frame ***: terminated
*** longjmp causes uninitialized stack frame ***: terminated
*** longjmp causes uninitialized stack frame ***: terminated
*** longjmp causes uninitialized stack frame ***: terminated
*** longjmp causes uninitialized stack frame ***: terminated
*** longjmp causes uninitialized stack frame ***: terminated
*** longjmp causes uninitialized stack frame ***: terminated
*** longjmp causes uninitialized stack frame ***: terminated
*** longjmp causes uninitialized stack frame ***: terminated
*** longjmp causes uninitialized stack frame ***: terminated
*** longjmp causes uninitialized stack frame ***: terminated
*** longjmp causes uninitialized stack frame ***: terminated
*** longjmp causes uninitialized stack frame ***: terminated
*** longjmp causes uninitialized stack frame ***: terminated
*** longjmp causes uninitialized stack frame ***: terminated
*** longjmp causes uninitialized stack frame ***: terminated
*** longjmp causes uninitialized stack frame ***: terminated
*** longjmp causes uninitialized stack frame ***: terminated
*** longjmp causes uninitialized stack frame ***: terminated
*** longjmp causes uninitialized stack frame ***: terminated
*** longjmp causes uninitialized stack frame ***: terminated
*** longjmp causes uninitialized stack frame ***: terminated
*** longjmp causes uninitialized stack frame ***: terminated
*** longjmp causes uninitialized stack frame ***: terminated
*** longjmp causes uninitialized stack frame ***: terminated
*** longjmp causes uninitialized stack frame ***: terminated
*** longjmp causes uninitialized stack frame ***: terminated
*** longjmp causes uninitialized stack frame ***: terminated
*** longjmp causes uninitialized stack frame ***: terminated
*** longjmp causes uninitialized stack frame ***: terminated
*** longjmp causes uninitialized stack frame ***: terminated
*** longjmp causes uninitialized stack frame ***: terminated
*** longjmp causes uninitialized stack frame ***: terminated
*** longjmp causes uninitialized stack frame ***: terminated
*** longjmp causes uninitialized stack frame ***: terminated
*** longjmp causes uninitialized stack frame ***: terminated
*** longjmp causes uninitialized stack frame ***: terminated
*** longjmp causes uninitialized stack frame ***: terminated
*** longjmp causes uninitialized stack frame ***: terminated
*** longjmp causes uninitialized stack frame ***: terminated
*** longjmp causes uninitialized stack frame ***: terminated
*** longjmp causes uninitialized stack frame ***: terminated
*** longjmp causes uninitialized stack frame ***: terminated
*** longjmp causes uninitialized stack frame ***: terminated
*** longjmp causes uninitialized stack frame ***: terminated
*** longjmp causes uninitialized stack frame ***: terminated
*** longjmp causes uninitialized stack frame ***: terminated
*** longjmp causes uninitialized stack frame ***: terminated
*** longjmp causes uninitialized stack frame ***: terminated
*** longjmp causes uninitialized stack frame ***: terminated
*** longjmp causes uninitialized stack frame ***: terminated
*** longjmp causes uninitialized stack frame ***: terminated
*** longjmp causes uninitialized stack frame ***: terminated
*** longjmp causes uninitialized stack frame ***: terminated
*** longjmp causes uninitialized stack frame ***: terminated
*** longjmp causes uninitialized stack frame ***: terminated
*** longjmp causes uninitialized stack frame ***: terminated
*** longjmp causes uninitialized stack frame ***: terminated
*** longjmp causes uninitialized stack frame ***: terminated
*** longjmp causes uninitialized stack frame ***: terminated
*** longjmp causes uninitialized stack frame ***: terminated
*** longjmp causes uninitialized stack frame ***: terminated
*** longjmp causes uninitialized stack frame ***: terminated
*** longjmp causes uninitialized stack frame ***: terminated
*** longjmp causes uninitialized stack frame ***: terminated
*** longjmp causes uninitialized stack frame ***: terminated
*** longjmp causes uninitialized stack frame ***: terminated
*** longjmp causes uninitialized stack frame ***: terminated
*** longjmp causes uninitialized stack frame ***: terminated
*** longjmp causes uninitialized stack frame ***: terminated
*** longjmp causes uninitialized stack frame ***: terminated
*** longjmp causes uninitialized stack frame ***: terminated
*** longjmp causes uninitialized stack frame ***: terminated
*** longjmp causes uninitialized stack frame ***: terminated
*** longjmp causes uninitialized stack frame ***: terminated
*** longjmp causes uninitialized stack frame ***: terminated
*** longjmp causes uninitialized stack frame ***: terminated
*** longjmp causes uninitialized stack frame ***: terminated
*** longjmp causes uninitialized stack frame ***: terminated
*** longjmp causes uninitialized stack frame ***: terminated
*** longjmp causes uninitialized stack frame ***: terminated
*** longjmp causes uninitialized stack frame ***: terminated
*** longjmp causes uninitialized stack frame ***: terminated
*** longjmp causes uninitialized stack frame ***: terminated
*** longjmp causes uninitialized stack frame ***: terminated
*** longjmp causes uninitialized stack frame ***: terminated
*** longjmp causes uninitialized stack frame ***: terminated
*** longjmp causes uninitialized stack frame ***: terminated
*** longjmp causes uninitialized stack frame ***: terminated
*** longjmp causes uninitialized stack frame ***: terminated
*** longjmp causes uninitialized stack frame ***: terminated
*** longjmp causes uninitialized stack frame ***: terminated
*** longjmp causes uninitialized stack frame ***: terminated
*** longjmp causes uninitialized stack frame ***: terminated
*** longjmp causes uninitialized stack frame ***: terminated
*** longjmp causes uninitialized stack frame ***: terminated
*** longjmp causes uninitialized stack frame ***: terminated
*** longjmp causes uninitialized stack frame ***: terminated
*** longjmp causes uninitialized stack frame ***: terminated
*** longjmp causes uninitialized stack frame ***: terminated
*** longjmp causes uninitialized stack frame ***: terminated
*** longjmp causes uninitialized stack frame ***: terminated
*** longjmp causes uninitialized stack frame ***: terminated
*** longjmp causes uninitialized stack frame ***: terminated
*** longjmp causes uninitialized stack frame ***: terminated
*** longjmp causes uninitialized stack frame ***: terminated
*** longjmp causes uninitialized stack frame ***: terminated
*** longjmp causes uninitialized stack frame ***: terminated
*** longjmp causes uninitialized stack frame ***: terminated
*** longjmp causes uninitialized stack frame ***: terminated
*** longjmp causes uninitialized stack frame ***: terminated
*** longjmp causes uninitialized stack frame ***: terminated
*** longjmp causes uninitialized stack frame ***: terminated
*** longjmp causes uninitialized stack frame ***: terminated
*** longjmp causes uninitialized stack frame ***: terminated
*** longjmp causes uninitialized stack frame ***: terminated
*** longjmp causes uninitialized stack frame ***: terminated
*** longjmp causes uninitialized stack frame ***: terminated
*** longjmp causes uninitialized stack frame ***: terminated
*** longjmp causes uninitialized stack frame ***: terminated
*** longjmp causes uninitialized stack frame ***: terminated
*** longjmp causes uninitialized stack frame ***: terminated
*** longjmp causes uninitialized stack frame ***: terminated
*** longjmp causes uninitialized stack frame ***: terminated
*** longjmp causes uninitialized stack frame ***: terminated
*** longjmp causes uninitialized stack frame ***: terminated
*** longjmp causes uninitialized stack frame ***: terminated
*** longjmp causes uninitialized stack frame ***: terminated
*** longjmp causes uninitialized stack frame ***: terminated
*** longjmp causes uninitialized stack frame ***: terminated
*** longjmp causes uninitialized stack frame ***: terminated
*** longjmp causes uninitialized stack frame ***: terminated
*** longjmp causes uninitialized stack frame ***: terminated
*** longjmp causes uninitialized stack frame ***: terminated
*** longjmp causes uninitialized stack frame ***: terminated
*** longjmp causes uninitialized stack frame ***: terminated
*** longjmp causes uninitialized stack frame ***: terminated
*** longjmp causes uninitialized stack frame ***: terminated
*** longjmp causes uninitialized stack frame ***: terminated
*** longjmp causes uninitialized stack frame ***: terminated
*** longjmp causes uninitialized stack frame ***: terminated
*** longjmp causes uninitialized stack frame ***: terminated
*** longjmp causes uninitialized stack frame ***: terminated
*** longjmp causes uninitialized stack frame ***: terminated
*** longjmp causes uninitialized stack frame ***: terminated
*** longjmp causes uninitialized stack frame ***: terminated
*** longjmp causes uninitialized stack frame ***: terminated
*** longjmp causes uninitialized stack frame ***: terminated
*** longjmp causes uninitialized stack frame ***: terminated
*** longjmp causes uninitialized stack frame ***: terminated
*** longjmp causes uninitialized stack frame ***: terminated
*** longjmp causes uninitialized stack frame ***: terminated
*** longjmp causes uninitialized stack frame ***: terminated
*** longjmp causes uninitialized stack frame ***: terminated
*** longjmp causes uninitialized stack frame ***: terminated
*** longjmp causes uninitialized stack frame ***: terminated
*** longjmp causes uninitialized stack frame ***: terminated
*** longjmp causes uninitialized stack frame ***: terminated
*** longjmp causes uninitialized stack frame ***: terminated
*** longjmp causes uninitialized stack frame ***: terminated
*** longjmp causes uninitialized stack frame ***: terminated
*** longjmp causes uninitialized stack frame ***: terminated
*** longjmp causes uninitialized stack frame ***: terminated
*** longjmp causes uninitialized stack frame ***: terminated
*** longjmp causes uninitialized stack frame ***: terminated
*** longjmp causes uninitialized stack frame ***: terminated
*** longjmp causes uninitialized stack frame ***: terminated
*** longjmp causes uninitialized stack frame ***: terminated
*** longjmp causes uninitialized stack frame ***: terminated
*** longjmp causes uninitialized stack frame ***: terminated
*** longjmp causes uninitialized stack frame ***: terminated
*** longjmp causes uninitialized stack frame ***: terminated
*** longjmp causes uninitialized stack frame ***: terminated
*** longjmp causes uninitialized stack frame ***: terminated
*** longjmp causes uninitialized stack frame ***: terminated
*** longjmp causes uninitialized stack frame ***: terminated
*** longjmp causes uninitialized stack frame ***: terminated
*** longjmp causes uninitialized stack frame ***: terminated
*** longjmp causes uninitialized stack frame ***: terminated
*** longjmp causes uninitialized stack frame ***: terminated
*** longjmp causes uninitialized stack frame ***: terminated
*** longjmp causes uninitialized stack frame ***: terminated
*** longjmp causes uninitialized stack frame ***: terminated
*** longjmp causes uninitialized stack frame ***: terminated
*** longjmp causes uninitialized stack frame ***: terminated
*** longjmp causes uninitialized stack frame ***: terminated
*** longjmp causes uninitialized stack frame ***: terminated
*** longjmp causes uninitialized stack frame ***: terminated
*** longjmp causes uninitialized stack frame ***: terminated
*** longjmp causes uninitialized stack frame ***: terminated
*** longjmp causes uninitialized stack frame ***: terminated
*** longjmp causes uninitialized stack frame ***: terminated
*** longjmp causes uninitialized stack frame ***: terminated
*** longjmp causes uninitialized stack frame ***: terminated
*** longjmp causes uninitialized stack frame ***: terminated
*** longjmp causes uninitialized stack frame ***: terminated
*** longjmp causes uninitialized stack frame ***: terminated
*** longjmp causes uninitialized stack frame ***: terminated
*** longjmp causes uninitialized stack frame ***: terminated
*** longjmp causes uninitialized stack frame ***: terminated
*** longjmp causes uninitialized stack frame ***: terminated
*** longjmp causes uninitialized stack frame ***: terminated
*** longjmp causes uninitialized stack frame ***: terminated
*** longjmp causes uninitialized stack frame ***: terminated
*** longjmp causes uninitialized stack frame ***: terminated
*** longjmp causes uninitialized stack frame ***: terminated
*** longjmp causes uninitialized stack frame ***: terminated
*** longjmp causes uninitialized stack frame ***: terminated
*** longjmp causes uninitialized stack frame ***: terminated
*** longjmp causes uninitialized stack frame ***: terminated
*** longjmp causes uninitialized stack frame ***: terminated
*** longjmp causes uninitialized stack frame ***: terminated
*** longjmp causes uninitialized stack frame ***: terminated
*** longjmp causes uninitialized stack frame ***: terminated
*** longjmp causes uninitialized stack frame ***: terminated
*** longjmp causes uninitialized stack frame ***: terminated
*** longjmp causes uninitialized stack frame ***: terminated
*** longjmp causes uninitialized stack frame ***: terminated
*** longjmp causes uninitialized stack frame ***: terminated
*** longjmp causes uninitialized stack frame ***: terminated
*** longjmp causes uninitialized stack frame ***: terminated
*** longjmp causes uninitialized stack frame ***: terminated
*** longjmp causes uninitialized stack frame ***: terminated
*** longjmp causes uninitialized stack frame ***: terminated
*** longjmp causes uninitialized stack frame ***: terminated
*** longjmp causes uninitialized stack frame ***: terminated
*** longjmp causes uninitialized stack frame ***: terminated
*** longjmp causes uninitialized stack frame ***: terminated
*** longjmp causes uninitialized stack frame ***: terminated
*** longjmp causes uninitialized stack frame ***: terminated
*** longjmp causes uninitialized stack frame ***: terminated
*** longjmp causes uninitialized stack frame ***: terminated
*** longjmp causes uninitialized stack frame ***: terminated
*** longjmp causes uninitialized stack frame ***: terminated
*** longjmp causes uninitialized stack frame ***: terminated
*** longjmp causes uninitialized stack frame ***: terminated
*** longjmp causes uninitialized stack frame ***: terminated
*** longjmp causes uninitialized stack frame ***: terminated
*** longjmp causes uninitialized stack frame ***: terminated
*** longjmp causes uninitialized stack frame ***: terminated
*** longjmp causes uninitialized stack frame ***: terminated
*** longjmp causes uninitialized stack frame ***: terminated
*** longjmp causes uninitialized stack frame ***: terminated
*** longjmp causes uninitialized stack frame ***: terminated
*** longjmp causes uninitialized stack frame ***: terminated
*** longjmp causes uninitialized stack frame ***: terminated
*** longjmp causes uninitialized stack frame ***: terminated
*** longjmp causes uninitialized stack frame ***: terminated
*** longjmp causes uninitialized stack frame ***: terminated
*** longjmp causes uninitialized stack frame ***: terminated
*** longjmp causes uninitialized stack frame ***: terminated
*** longjmp causes uninitialized stack frame ***: terminated
*** longjmp causes uninitialized stack frame ***: terminated
*** longjmp causes uninitialized stack frame ***: terminated
*** longjmp causes uninitialized stack frame ***: terminated
*** longjmp causes uninitialized stack frame ***: terminated
*** longjmp causes uninitialized stack frame ***: terminated
*** longjmp causes uninitialized stack frame ***: terminated
*** longjmp causes uninitialized stack frame ***: terminated
*** longjmp causes uninitialized stack frame ***: terminated
*** longjmp causes uninitialized stack frame ***: terminated
*** longjmp causes uninitialized stack frame ***: terminated
*** longjmp causes uninitialized stack frame ***: terminated
*** longjmp causes uninitialized stack frame ***: terminated
*** longjmp causes uninitialized stack frame ***: terminated
*** longjmp causes uninitialized stack frame ***: terminated
*** longjmp causes uninitialized stack frame ***: terminated
*** longjmp causes uninitialized stack frame ***: terminated
*** longjmp causes uninitialized stack frame ***: terminated
*** longjmp causes uninitialized stack frame ***: terminated
*** longjmp causes uninitialized stack frame ***: terminated
*** longjmp causes uninitialized stack frame ***: terminated
*** longjmp causes uninitialized stack frame ***: terminated
*** longjmp causes uninitialized stack frame ***: terminated
*** longjmp causes uninitialized stack frame ***: terminated
*** longjmp causes uninitialized stack frame ***: terminated
*** longjmp causes uninitialized stack frame ***: terminated
*** longjmp causes uninitialized stack frame ***: terminated
*** longjmp causes uninitialized stack frame ***: terminated
*** longjmp causes uninitialized stack frame ***: terminated
*** longjmp causes uninitialized stack frame ***: terminated
*** longjmp causes uninitialized stack frame ***: terminated
*** longjmp causes uninitialized stack frame ***: terminated
*** longjmp causes uninitialized stack frame ***: terminated
*** longjmp causes uninitialized stack frame ***: terminated
*** longjmp causes uninitialized stack frame ***: terminated
*** longjmp causes uninitialized stack frame ***: terminated
*** longjmp causes uninitialized stack frame ***: terminated
*** longjmp causes uninitialized stack frame ***: terminated
*** longjmp causes uninitialized stack frame ***: terminated
*** longjmp causes uninitialized stack frame ***: terminated
*** longjmp causes uninitialized stack frame ***: terminated
*** longjmp causes uninitialized stack frame ***: terminated
*** longjmp causes uninitialized stack frame ***: terminated
*** longjmp causes uninitialized stack frame ***: terminated
*** longjmp causes uninitialized stack frame ***: terminated
*** longjmp causes uninitialized stack frame ***: terminated
*** longjmp causes uninitialized stack frame ***: terminated
*** longjmp causes uninitialized stack frame ***: terminated
*** longjmp causes uninitialized stack frame ***: terminated
*** longjmp causes uninitialized stack frame ***: terminated
*** longjmp causes uninitialized stack frame ***: terminated
*** longjmp causes uninitialized stack frame ***: terminated
*** longjmp causes uninitialized stack frame ***: terminated
*** longjmp causes uninitialized stack frame ***: terminated
*** longjmp causes uninitialized stack frame ***: terminated
*** longjmp causes uninitialized stack frame ***: terminated
*** longjmp causes uninitialized stack frame ***: terminated
*** longjmp causes uninitialized stack frame ***: terminated
*** longjmp causes uninitialized stack frame ***: terminated
*** longjmp causes uninitialized stack frame ***: terminated
*** longjmp causes uninitialized stack frame ***: terminated
*** longjmp causes uninitialized stack frame ***: terminated
*** longjmp causes uninitialized stack frame ***: terminated
*** longjmp causes uninitialized stack frame ***: terminated
*** longjmp causes uninitialized stack frame ***: terminated
*** longjmp causes uninitialized stack frame ***: terminated
*** longjmp causes uninitialized stack frame ***: terminated
*** longjmp causes uninitialized stack frame ***: terminated
*** longjmp causes uninitialized stack frame ***: terminated
*** longjmp causes uninitialized stack frame ***: terminated
*** longjmp causes uninitialized stack frame ***: terminated
*** longjmp causes uninitialized stack frame ***: terminated
*** longjmp causes uninitialized stack frame ***: terminated
*** longjmp causes uninitialized stack frame ***: terminated
*** longjmp causes uninitialized stack frame ***: terminated
*** longjmp causes uninitialized stack frame ***: terminated
*** longjmp causes uninitialized stack frame ***: terminated
*** longjmp causes uninitialized stack frame ***: terminated
*** longjmp causes uninitialized stack frame ***: terminated
*** longjmp causes uninitialized stack frame ***: terminated
*** longjmp causes uninitialized stack frame ***: terminated
*** longjmp causes uninitialized stack frame ***: terminated
*** longjmp causes uninitialized stack frame ***: terminated
*** longjmp causes uninitialized stack frame ***: terminated
*** longjmp causes uninitialized stack frame ***: terminated
*** longjmp causes uninitialized stack frame ***: terminated
*** longjmp causes uninitialized stack frame ***: terminated
*** longjmp causes uninitialized stack frame ***: terminated
*** longjmp causes uninitialized stack frame ***: terminated
*** longjmp causes uninitialized stack frame ***: terminated
*** longjmp causes uninitialized stack frame ***: terminated
*** longjmp causes uninitialized stack frame ***: terminated
*** longjmp causes uninitialized stack frame ***: terminated
*** longjmp causes uninitialized stack frame ***: terminated
*** longjmp causes uninitialized stack frame ***: terminated
*** longjmp causes uninitialized stack frame ***: terminated
*** longjmp causes uninitialized stack frame ***: terminated
*** longjmp causes uninitialized stack frame ***: terminated
*** longjmp causes uninitialized stack frame ***: terminated
*** longjmp causes uninitialized stack frame ***: terminated
*** longjmp causes uninitialized stack frame ***: terminated
*** longjmp causes uninitialized stack frame ***: terminated
*** longjmp causes uninitialized stack frame ***: terminated
*** longjmp causes uninitialized stack frame ***: terminated
*** longjmp causes uninitialized stack frame ***: terminated
*** longjmp causes uninitialized stack frame ***: terminated
*** longjmp causes uninitialized stack frame ***: terminated
*** longjmp causes uninitialized stack frame ***: terminated
*** longjmp causes uninitialized stack frame ***: terminated
*** longjmp causes uninitialized stack frame ***: terminated
*** longjmp causes uninitialized stack frame ***: terminated
*** longjmp causes uninitialized stack frame ***: terminated
*** longjmp causes uninitialized stack frame ***: terminated
*** longjmp causes uninitialized stack frame ***: terminated
*** longjmp causes uninitialized stack frame ***: terminated
*** longjmp causes uninitialized stack frame ***: terminated
*** longjmp causes uninitialized stack frame ***: terminated
*** longjmp causes uninitialized stack frame ***: terminated
*** longjmp causes uninitialized stack frame ***: terminated
*** longjmp causes uninitialized stack frame ***: terminated
*** longjmp causes uninitialized stack frame ***: terminated
*** longjmp causes uninitialized stack frame ***: terminated
*** longjmp causes uninitialized stack frame ***: terminated
*** longjmp causes uninitialized stack frame ***: terminated
*** longjmp causes uninitialized stack frame ***: terminated
*** longjmp causes uninitialized stack frame ***: terminated
*** longjmp causes uninitialized stack frame ***: terminated
*** longjmp causes uninitialized stack frame ***: terminated
*** longjmp causes uninitialized stack frame ***: terminated
*** longjmp causes uninitialized stack frame ***: terminated
*** longjmp causes uninitialized stack frame ***: terminated
*** longjmp causes uninitialized stack frame ***: terminated
*** longjmp causes uninitialized stack frame ***: terminated
*** longjmp causes uninitialized stack frame ***: terminated
*** longjmp causes uninitialized stack frame ***: terminated
*** longjmp causes uninitialized stack frame ***: terminated
*** longjmp causes uninitialized stack frame ***: terminated
*** longjmp causes uninitialized stack frame ***: terminated
*** longjmp causes uninitialized stack frame ***: terminated
*** longjmp causes uninitialized stack frame ***: terminated
*** longjmp causes uninitialized stack frame ***: terminated
*** longjmp causes uninitialized stack frame ***: terminated
*** longjmp causes uninitialized stack frame ***: terminated
*** longjmp causes uninitialized stack frame ***: terminated
*** longjmp causes uninitialized stack frame ***: terminated
*** longjmp causes uninitialized stack frame ***: terminated
*** longjmp causes uninitialized stack frame ***: terminated
*** longjmp causes uninitialized stack frame ***: terminated
*** longjmp causes uninitialized stack frame ***: terminated
*** longjmp causes uninitialized stack frame ***: terminated
*** longjmp causes uninitialized stack frame ***: terminated
*** longjmp causes uninitialized stack frame ***: terminated
*** longjmp causes uninitialized stack frame ***: terminated
*** longjmp causes uninitialized stack frame ***: terminated
*** longjmp causes uninitialized stack frame ***: terminated
*** longjmp causes uninitialized stack frame ***: terminated
*** longjmp causes uninitialized stack frame ***: terminated
*** longjmp causes uninitialized stack frame ***: terminated
*** longjmp causes uninitialized stack frame ***: terminated
*** longjmp causes uninitialized stack frame ***: terminated
*** longjmp causes uninitialized stack frame ***: terminated
*** longjmp causes uninitialized stack frame ***: terminated
*** longjmp causes uninitialized stack frame ***: terminated
*** longjmp causes uninitialized stack frame ***: terminated
*** longjmp causes uninitialized stack frame ***: terminated
*** longjmp causes uninitialized stack frame ***: terminated
*** longjmp causes uninitialized stack frame ***: terminated
*** longjmp causes uninitialized stack frame ***: terminated
*** longjmp causes uninitialized stack frame ***: terminated
*** longjmp causes uninitialized stack frame ***: terminated
*** longjmp causes uninitialized stack frame ***: terminated
*** longjmp causes uninitialized stack frame ***: terminated
*** longjmp causes uninitialized stack frame ***: terminated
*** longjmp causes uninitialized stack frame ***: terminated
*** longjmp causes uninitialized stack frame ***: terminated
*** longjmp causes uninitialized stack frame ***: terminated
*** longjmp causes uninitialized stack frame ***: terminated
*** longjmp causes uninitialized stack frame ***: terminated
*** longjmp causes uninitialized stack frame ***: terminated
*** longjmp causes uninitialized stack frame ***: terminated
*** longjmp causes uninitialized stack frame ***: terminated
*** longjmp causes uninitialized stack frame ***: terminated
*** longjmp causes uninitialized stack frame ***: terminated
*** longjmp causes uninitialized stack frame ***: terminated
*** longjmp causes uninitialized stack frame ***: terminated
*** longjmp causes uninitialized stack frame ***: terminated
*** longjmp causes uninitialized stack frame ***: terminated
*** longjmp causes uninitialized stack frame ***: terminated
*** longjmp causes uninitialized stack frame ***: terminated
*** longjmp causes uninitialized stack frame ***: terminated
*** longjmp causes uninitialized stack frame ***: terminated
*** longjmp causes uninitialized stack frame ***: terminated
*** longjmp causes uninitialized stack frame ***: terminated
*** longjmp causes uninitialized stack frame ***: terminated
*** longjmp causes uninitialized stack frame ***: terminated
*** longjmp causes uninitialized stack frame ***: terminated
*** longjmp causes uninitialized stack frame ***: terminated
*** longjmp causes uninitialized stack frame ***: terminated
*** longjmp causes uninitialized stack frame ***: terminated
*** longjmp causes uninitialized stack frame ***: terminated
*** longjmp causes uninitialized stack frame ***: terminated
*** longjmp causes uninitialized stack frame ***: terminated
*** longjmp causes uninitialized stack frame ***: terminated
*** longjmp causes uninitialized stack frame ***: terminated
*** longjmp causes uninitialized stack frame ***: terminated
*** longjmp causes uninitialized stack frame ***: terminated
*** longjmp causes uninitialized stack frame ***: terminated
*** longjmp causes uninitialized stack frame ***: terminated
*** longjmp causes uninitialized stack frame ***: terminated
*** longjmp causes uninitialized stack frame ***: terminated
*** longjmp causes uninitialized stack frame ***: terminated
*** longjmp causes uninitialized stack frame ***: terminated
*** longjmp causes uninitialized stack frame ***: terminated
*** longjmp causes uninitialized stack frame ***: terminated
*** longjmp causes uninitialized stack frame ***: terminated
*** longjmp causes uninitialized stack frame ***: terminated
*** longjmp causes uninitialized stack frame ***: terminated
*** longjmp causes uninitialized stack frame ***: terminated
*** longjmp causes uninitialized stack frame ***: terminated
*** longjmp causes uninitialized stack frame ***: terminated
*** longjmp causes uninitialized stack frame ***: terminated
*** longjmp causes uninitialized stack frame ***: terminated
*** longjmp causes uninitialized stack frame ***: terminated
*** longjmp causes uninitialized stack frame ***: terminated
*** longjmp causes uninitialized stack frame ***: terminated
*** longjmp causes uninitialized stack frame ***: terminated
*** longjmp causes uninitialized stack frame ***: terminated
*** longjmp causes uninitialized stack frame ***: terminated
*** longjmp causes uninitialized stack frame ***: terminated
*** longjmp causes uninitialized stack frame ***: terminated
*** longjmp causes uninitialized stack frame ***: terminated
*** longjmp causes uninitialized stack frame ***: terminated
*** longjmp causes uninitialized stack frame ***: terminated
*** longjmp causes uninitialized stack frame ***: terminated
*** longjmp causes uninitialized stack frame ***: terminated
*** longjmp causes uninitialized stack frame ***: terminated
*** longjmp causes uninitialized stack frame ***: terminated
*** longjmp causes uninitialized stack frame ***: terminated
*** longjmp causes uninitialized stack frame ***: terminated
*** longjmp causes uninitialized stack frame ***: terminated
*** longjmp causes uninitialized stack frame ***: terminated
*** longjmp causes uninitialized stack frame ***: terminated
*** longjmp causes uninitialized stack frame ***: terminated
*** longjmp causes uninitialized stack frame ***: terminated
*** longjmp causes uninitialized stack frame ***: terminated
*** longjmp causes uninitialized stack frame ***: terminated
*** longjmp causes uninitialized stack frame ***: terminated
*** longjmp causes uninitialized stack frame ***: terminated
*** longjmp causes uninitialized stack frame ***: terminated
*** longjmp causes uninitialized stack frame ***: terminated
*** longjmp causes uninitialized stack frame ***: terminated
*** longjmp causes uninitialized stack frame ***: terminated
*** longjmp causes uninitialized stack frame ***: terminated
*** longjmp causes uninitialized stack frame ***: terminated
*** longjmp causes uninitialized stack frame ***: terminated
*** longjmp causes uninitialized stack frame ***: terminated
*** longjmp causes uninitialized stack frame ***: terminated
*** longjmp causes uninitialized stack frame ***: terminated
*** longjmp causes uninitialized stack frame ***: terminated
*** longjmp causes uninitialized stack frame ***: terminated
*** longjmp causes uninitialized stack frame ***: terminated
*** longjmp causes uninitialized stack frame ***: terminated
*** longjmp causes uninitialized stack frame ***: terminated
*** longjmp causes uninitialized stack frame ***: terminated
*** longjmp causes uninitialized stack frame ***: terminated
*** longjmp causes uninitialized stack frame ***: terminated
*** longjmp causes uninitialized stack frame ***: terminated
*** longjmp causes uninitialized stack frame ***: terminated
*** longjmp causes uninitialized stack frame ***: terminated
*** longjmp causes uninitialized stack frame ***: terminated
*** longjmp causes uninitialized stack frame ***: terminated
*** longjmp causes uninitialized stack frame ***: terminated
*** longjmp causes uninitialized stack frame ***: terminated
*** longjmp causes uninitialized stack frame ***: terminated
*** longjmp causes uninitialized stack frame ***: terminated
*** longjmp causes uninitialized stack frame ***: terminated
*** longjmp causes uninitialized stack frame ***: terminated
*** longjmp causes uninitialized stack frame ***: terminated
*** longjmp causes uninitialized stack frame ***: terminated
*** longjmp causes uninitialized stack frame ***: terminated
*** longjmp causes uninitialized stack frame ***: terminated
*** longjmp causes uninitialized stack frame ***: terminated
*** longjmp causes uninitialized stack frame ***: terminated
*** longjmp causes uninitialized stack frame ***: terminated
*** longjmp causes uninitialized stack frame ***: terminated
*** longjmp causes uninitialized stack frame ***: terminated
*** longjmp causes uninitialized stack frame ***: terminated
*** longjmp causes uninitialized stack frame ***: terminated
*** longjmp causes uninitialized stack frame ***: terminated
*** longjmp causes uninitialized stack frame ***: terminated
*** longjmp causes uninitialized stack frame ***: terminated
*** longjmp causes uninitialized stack frame ***: terminated
*** longjmp causes uninitialized stack frame ***: terminated
*** longjmp causes uninitialized stack frame ***: terminated
*** longjmp causes uninitialized stack frame ***: terminated
*** longjmp causes uninitialized stack frame ***: terminated
*** longjmp causes uninitialized stack frame ***: terminated
*** longjmp causes uninitialized stack frame ***: terminated
*** longjmp causes uninitialized stack frame ***: terminated
*** longjmp causes uninitialized stack frame ***: terminated
*** longjmp causes uninitialized stack frame ***: terminated
*** longjmp causes uninitialized stack frame ***: terminated
*** longjmp causes uninitialized stack frame ***: terminated
*** longjmp causes uninitialized stack frame ***: terminated
*** longjmp causes uninitialized stack frame ***: terminated
*** longjmp causes uninitialized stack frame ***: terminated
*** longjmp causes uninitialized stack frame ***: terminated
*** longjmp causes uninitialized stack frame ***: terminated
*** longjmp causes uninitialized stack frame ***: terminated
*** longjmp causes uninitialized stack frame ***: terminated
*** longjmp causes uninitialized stack frame ***: terminated
*** longjmp causes uninitialized stack frame ***: terminated
*** longjmp causes uninitialized stack frame ***: terminated
*** longjmp causes uninitialized stack frame ***: terminated
*** longjmp causes uninitialized stack frame ***: terminated
*** longjmp causes uninitialized stack frame ***: terminated
*** longjmp causes uninitialized stack frame ***: terminated
*** longjmp causes uninitialized stack frame ***: terminated
*** longjmp causes uninitialized stack frame ***: terminated
*** longjmp causes uninitialized stack frame ***: terminated
*** longjmp causes uninitialized stack frame ***: terminated
*** longjmp causes uninitialized stack frame ***: terminated
*** longjmp causes uninitialized stack frame ***: terminated
*** longjmp causes uninitialized stack frame ***: terminated
*** longjmp causes uninitialized stack frame ***: terminated
*** longjmp causes uninitialized stack frame ***: terminated
*** longjmp causes uninitialized stack frame ***: terminated
*** longjmp causes uninitialized stack frame ***: terminated
*** longjmp causes uninitialized stack frame ***: terminated
*** longjmp causes uninitialized stack frame ***: terminated
*** longjmp causes uninitialized stack frame ***: terminated
*** longjmp causes uninitialized stack frame ***: terminated
*** longjmp causes uninitialized stack frame ***: terminated
*** longjmp causes uninitialized stack frame ***: terminated
*** longjmp causes uninitialized stack frame ***: terminated
*** longjmp causes uninitialized stack frame ***: terminated
*** longjmp causes uninitialized stack frame ***: terminated
*** longjmp causes uninitialized stack frame ***: terminated
*** longjmp causes uninitialized stack frame ***: terminated
*** longjmp causes uninitialized stack frame ***: terminated
*** longjmp causes uninitialized stack frame ***: terminated
*** longjmp causes uninitialized stack frame ***: terminated
*** longjmp causes uninitialized stack frame ***: terminated
*** longjmp causes uninitialized stack frame ***: terminated
*** longjmp causes uninitialized stack frame ***: terminated
*** longjmp causes uninitialized stack frame ***: terminated
*** longjmp causes uninitialized stack frame ***: terminated
*** longjmp causes uninitialized stack frame ***: terminated
*** longjmp causes uninitialized stack frame ***: terminated
*** longjmp causes uninitialized stack frame ***: terminated
*** longjmp causes uninitialized stack frame ***: terminated
*** longjmp causes uninitialized stack frame ***: terminated
*** longjmp causes uninitialized stack frame ***: terminated
*** longjmp causes uninitialized stack frame ***: terminated
*** longjmp causes uninitialized stack frame ***: terminated
*** longjmp causes uninitialized stack frame ***: terminated
*** longjmp causes uninitialized stack frame ***: terminated
*** longjmp causes uninitialized stack frame ***: terminated
*** longjmp causes uninitialized stack frame ***: terminated
*** longjmp causes uninitialized stack frame ***: terminated
*** longjmp causes uninitialized stack frame ***: terminated
*** longjmp causes uninitialized stack frame ***: terminated
*** longjmp causes uninitialized stack frame ***: terminated
*** longjmp causes uninitialized stack frame ***: terminated
*** longjmp causes uninitialized stack frame ***: terminated
*** longjmp causes uninitialized stack frame ***: terminated
*** longjmp causes uninitialized stack frame ***: terminated
*** longjmp causes uninitialized stack frame ***: terminated
*** longjmp causes uninitialized stack frame ***: terminated
*** longjmp causes uninitialized stack frame ***: terminated
*** longjmp causes uninitialized stack frame ***: terminated
*** longjmp causes uninitialized stack frame ***: terminated
*** longjmp causes uninitialized stack frame ***: terminated
*** longjmp causes uninitialized stack frame ***: terminated
*** longjmp causes uninitialized stack frame ***: terminated
*** longjmp causes uninitialized stack frame ***: terminated
*** longjmp causes uninitialized stack frame ***: terminated
*** longjmp causes uninitialized stack frame ***: terminated
*** longjmp causes uninitialized stack frame ***: terminated
*** longjmp causes uninitialized stack frame ***: terminated
*** longjmp causes uninitialized stack frame ***: terminated
*** longjmp causes uninitialized stack frame ***: terminated
*** longjmp causes uninitialized stack frame ***: terminated
*** longjmp causes uninitialized stack frame ***: terminated
*** longjmp causes uninitialized stack frame ***: terminated
*** longjmp causes uninitialized stack frame ***: terminated
*** longjmp causes uninitialized stack frame ***: terminated
*** longjmp causes uninitialized stack frame ***: terminated
*** longjmp causes uninitialized stack frame ***: terminated
*** longjmp causes uninitialized stack frame ***: terminated
*** longjmp causes uninitialized stack frame ***: terminated
*** longjmp causes uninitialized stack frame ***: terminated
*** longjmp causes uninitialized stack frame ***: terminated
*** longjmp causes uninitialized stack frame ***: terminated
*** longjmp causes uninitialized stack frame ***: terminated
*** longjmp causes uninitialized stack frame ***: terminated
*** longjmp causes uninitialized stack frame ***: terminated
*** longjmp causes uninitialized stack frame ***: terminated
*** longjmp causes uninitialized stack frame ***: terminated
*** longjmp causes uninitialized stack frame ***: terminated
*** longjmp causes uninitialized stack frame ***: terminated
*** longjmp causes uninitialized stack frame ***: terminated
*** longjmp causes uninitialized stack frame ***: terminated
*** longjmp causes uninitialized stack frame ***: terminated
*** longjmp causes uninitialized stack frame ***: terminated
*** longjmp causes uninitialized stack frame ***: terminated
*** longjmp causes uninitialized stack frame ***: terminated
*** longjmp causes uninitialized stack frame ***: terminated
*** longjmp causes uninitialized stack frame ***: terminated
*** longjmp causes uninitialized stack frame ***: terminated
*** longjmp causes uninitialized stack frame ***: terminated
*** longjmp causes uninitialized stack frame ***: terminated
*** longjmp causes uninitialized stack frame ***: terminated
*** longjmp causes uninitialized stack frame ***: terminated
*** longjmp causes uninitialized stack frame ***: terminated
*** longjmp causes uninitialized stack frame ***: terminated
*** longjmp causes uninitialized stack frame ***: terminated
*** longjmp causes uninitialized stack frame ***: terminated
*** longjmp causes uninitialized stack frame ***: terminated
*** longjmp causes uninitialized stack frame ***: terminated
*** longjmp causes uninitialized stack frame ***: terminated
*** longjmp causes uninitialized stack frame ***: terminated
*** longjmp causes uninitialized stack frame ***: terminated
*** longjmp causes uninitialized stack frame ***: terminated
*** longjmp causes uninitialized stack frame ***: terminated
*** longjmp causes uninitialized stack frame ***: terminated
*** longjmp causes uninitialized stack frame ***: terminated
*** longjmp causes uninitialized stack frame ***: terminated
*** longjmp causes uninitialized stack frame ***: terminated
*** longjmp causes uninitialized stack frame ***: terminated
*** longjmp causes uninitialized stack frame ***: terminated
*** longjmp causes uninitialized stack frame ***: terminated
*** longjmp causes uninitialized stack frame ***: terminated
*** longjmp causes uninitialized stack frame ***: terminated
*** longjmp causes uninitialized stack frame ***: terminated
*** longjmp causes uninitialized stack frame ***: terminated
*** longjmp causes uninitialized stack frame ***: terminated
*** longjmp causes uninitialized stack frame ***: terminated
*** longjmp causes uninitialized stack frame ***: terminated
*** longjmp causes uninitialized stack frame ***: terminated
*** longjmp causes uninitialized stack frame ***: terminated
*** longjmp causes uninitialized stack frame ***: terminated
*** longjmp causes uninitialized stack frame ***: terminated
*** longjmp causes uninitialized stack frame ***: terminated
*** longjmp causes uninitialized stack frame ***: terminated
*** longjmp causes uninitialized stack frame ***: terminated
*** longjmp causes uninitialized stack frame ***: terminated
*** longjmp causes uninitialized stack frame ***: terminated
*** longjmp causes uninitialized stack frame ***: terminated
*** longjmp causes uninitialized stack frame ***: terminated
*** longjmp causes uninitialized stack frame ***: terminated
*** longjmp causes uninitialized stack frame ***: terminated
*** longjmp causes uninitialized stack frame ***: terminated
*** longjmp causes uninitialized stack frame ***: terminated
*** longjmp causes uninitialized stack frame ***: terminated
*** longjmp causes uninitialized stack frame ***: terminated
*** longjmp causes uninitialized stack frame ***: terminated
*** longjmp causes uninitialized stack frame ***: terminated
*** longjmp causes uninitialized stack frame ***: terminated
*** longjmp causes uninitialized stack frame ***: terminated
*** longjmp causes uninitialized stack frame ***: terminated
*** longjmp causes uninitialized stack frame ***: terminated
*** longjmp causes uninitialized stack frame ***: terminated
*** longjmp causes uninitialized stack frame ***: terminated
*** longjmp causes uninitialized stack frame ***: terminated
*** longjmp causes uninitialized stack frame ***: terminated
*** longjmp causes uninitialized stack frame ***: terminated
*** longjmp causes uninitialized stack frame ***: terminated
*** longjmp causes uninitialized stack frame ***: terminated
*** longjmp causes uninitialized stack frame ***: terminated
*** longjmp causes uninitialized stack frame ***: terminated
*** longjmp causes uninitialized stack frame ***: terminated
*** longjmp causes uninitialized stack frame ***: terminated
*** longjmp causes uninitialized stack frame ***: terminated
*** longjmp causes uninitialized stack frame ***: terminated
*** longjmp causes uninitialized stack frame ***: terminated
*** longjmp causes uninitialized stack frame ***: terminated
*** longjmp causes uninitialized stack frame ***: terminated
*** longjmp causes uninitialized stack frame ***: terminated
*** longjmp causes uninitialized stack frame ***: terminated
*** longjmp causes uninitialized stack frame ***: terminated
*** longjmp causes uninitialized stack frame ***: terminated
*** longjmp causes uninitialized stack frame ***: terminated
*** longjmp causes uninitialized stack frame ***: terminated
*** longjmp causes uninitialized stack frame ***: terminated
*** longjmp causes uninitialized stack frame ***: terminated
*** longjmp causes uninitialized stack frame ***: terminated
*** longjmp causes uninitialized stack frame ***: terminated
*** longjmp causes uninitialized stack frame ***: terminated
*** longjmp causes uninitialized stack frame ***: terminated
*** longjmp causes uninitialized stack frame ***: terminated
*** longjmp causes uninitialized stack frame ***: terminated
*** longjmp causes uninitialized stack frame ***: terminated
*** longjmp causes uninitialized stack frame ***: terminated
*** longjmp causes uninitialized stack frame ***: terminated
*** longjmp causes uninitialized stack frame ***: terminated
*** longjmp causes uninitialized stack frame ***: terminated
*** longjmp causes uninitialized stack frame ***: terminated
*** longjmp causes uninitialized stack frame ***: terminated
*** longjmp causes uninitialized stack frame ***: terminated
*** longjmp causes uninitialized stack frame ***: terminated
*** longjmp causes uninitialized stack frame ***: terminated
*** longjmp causes uninitialized stack frame ***: terminated
*** longjmp causes uninitialized stack frame ***: terminated
*** longjmp causes uninitialized stack frame ***: terminated
*** longjmp causes uninitialized stack frame ***: terminated
*** longjmp causes uninitialized stack frame ***: terminated
*** longjmp causes uninitialized stack frame ***: terminated
*** longjmp causes uninitialized stack frame ***: terminated
*** longjmp causes uninitialized stack frame ***: terminated
*** longjmp causes uninitialized stack frame ***: terminated
*** longjmp causes uninitialized stack frame ***: terminated
*** longjmp causes uninitialized stack frame ***: terminated
*** longjmp causes uninitialized stack frame ***: terminated
*** longjmp causes uninitialized stack frame ***: terminated
*** longjmp causes uninitialized stack frame ***: terminated
*** longjmp causes uninitialized stack frame ***: terminated
*** longjmp causes uninitialized stack frame ***: terminated
*** longjmp causes uninitialized stack frame ***: terminated
*** longjmp causes uninitialized stack frame ***: terminated
*** longjmp causes uninitialized stack frame ***: terminated
*** longjmp causes uninitialized stack frame ***: terminated
*** longjmp causes uninitialized stack frame ***: terminated
*** longjmp causes uninitialized stack frame ***: terminated
*** longjmp causes uninitialized stack frame ***: terminated
*** longjmp causes uninitialized stack frame ***: terminated
*** longjmp causes uninitialized stack frame ***: terminated
*** longjmp causes uninitialized stack frame ***: terminated
*** longjmp causes uninitialized stack frame ***: terminated
*** longjmp causes uninitialized stack frame ***: terminated
*** longjmp causes uninitialized stack frame ***: terminated
*** longjmp causes uninitialized stack frame ***: terminated
*** longjmp causes uninitialized stack frame ***: terminated
*** longjmp causes uninitialized stack frame ***: terminated
*** longjmp causes uninitialized stack frame ***: terminated
*** longjmp causes uninitialized stack frame ***: terminated
*** longjmp causes uninitialized stack frame ***: terminated
*** longjmp causes uninitialized stack frame ***: terminated
*** longjmp causes uninitialized stack frame ***: terminated
*** longjmp causes uninitialized stack frame ***: terminated
*** longjmp causes uninitialized stack frame ***: terminated
*** longjmp causes uninitialized stack frame ***: terminated
*** longjmp causes uninitialized stack frame ***: terminated
*** longjmp causes uninitialized stack frame ***: terminated
*** longjmp causes uninitialized stack frame ***: terminated
*** longjmp causes uninitialized stack frame ***: terminated
*** longjmp causes uninitialized stack frame ***: terminated
*** longjmp causes uninitialized stack frame ***: terminated
*** longjmp causes uninitialized stack frame ***: terminated
*** longjmp causes uninitialized stack frame ***: terminated
*** longjmp causes uninitialized stack frame ***: terminated
*** longjmp causes uninitialized stack frame ***: terminated
*** longjmp causes uninitialized stack frame ***: terminated
*** longjmp causes uninitialized stack frame ***: terminated
*** longjmp causes uninitialized stack frame ***: terminated
*** longjmp causes uninitialized stack frame ***: terminated
*** longjmp causes uninitialized stack frame ***: terminated
*** longjmp causes uninitialized stack frame ***: terminated
*** longjmp causes uninitialized stack frame ***: terminated
*** longjmp causes uninitialized stack frame ***: terminated
*** longjmp causes uninitialized stack frame ***: terminated
*** longjmp causes uninitialized stack frame ***: terminated
*** longjmp causes uninitialized stack frame ***: terminated
*** longjmp causes uninitialized stack frame ***: terminated
*** longjmp causes uninitialized stack frame ***: terminated
*** longjmp causes uninitialized stack frame ***: terminated
*** longjmp causes uninitialized stack frame ***: terminated
*** longjmp causes uninitialized stack frame ***: terminated
*** longjmp causes uninitialized stack frame ***: terminated
*** longjmp causes uninitialized stack frame ***: terminated
*** longjmp causes uninitialized stack frame ***: terminated
*** longjmp causes uninitialized stack frame ***: terminated
*** longjmp causes uninitialized stack frame ***: terminated
*** longjmp causes uninitialized stack frame ***: terminated
*** longjmp causes uninitialized stack frame ***: terminated
*** longjmp causes uninitialized stack frame ***: terminated
*** longjmp causes uninitialized stack frame ***: terminated
*** longjmp causes uninitialized stack frame ***: terminated
*** longjmp causes uninitialized stack frame ***: terminated
*** longjmp causes uninitialized stack frame ***: terminated
*** longjmp causes uninitialized stack frame ***: terminated
*** longjmp causes uninitialized stack frame ***: terminated
*** longjmp causes uninitialized stack frame ***: terminated
*** longjmp causes uninitialized stack frame ***: terminated
*** longjmp causes uninitialized stack frame ***: terminated
*** longjmp causes uninitialized stack frame ***: terminated
*** longjmp causes uninitialized stack frame ***: terminated
*** longjmp causes uninitialized stack frame ***: terminated
*** longjmp causes uninitialized stack frame ***: terminated
*** longjmp causes uninitialized stack frame ***: terminated
*** longjmp causes uninitialized stack frame ***: terminated
*** longjmp causes uninitialized stack frame ***: terminated
*** longjmp causes uninitialized stack frame ***: terminated
*** longjmp causes uninitialized stack frame ***: terminated
*** longjmp causes uninitialized stack frame ***: terminated
*** longjmp causes uninitialized stack frame ***: terminated
*** longjmp causes uninitialized stack frame ***: terminated
*** longjmp causes uninitialized stack frame ***: terminated
*** longjmp causes uninitialized stack frame ***: terminated
*** longjmp causes uninitialized stack frame ***: terminated
*** longjmp causes uninitialized stack frame ***: terminated
*** longjmp causes uninitialized stack frame ***: terminated
*** longjmp causes uninitialized stack frame ***: terminated
*** longjmp causes uninitialized stack frame ***: terminated
*** longjmp causes uninitialized stack frame ***: terminated
*** longjmp causes uninitialized stack frame ***: terminated
*** longjmp causes uninitialized stack frame ***: terminated
*** longjmp causes uninitialized stack frame ***: terminated
*** longjmp causes uninitialized stack frame ***: terminated
*** longjmp causes uninitialized stack frame ***: terminated
*** longjmp causes uninitialized stack frame ***: terminated
*** longjmp causes uninitialized stack frame ***: terminated
*** longjmp causes uninitialized stack frame ***: terminated
*** longjmp causes uninitialized stack frame ***: terminated
*** longjmp causes uninitialized stack frame ***: terminated
*** longjmp causes uninitialized stack frame ***: terminated
*** longjmp causes uninitialized stack frame ***: terminated
*** longjmp causes uninitialized stack frame ***: terminated
*** longjmp causes uninitialized stack frame ***: terminated
*** longjmp causes uninitialized stack frame ***: terminated
*** longjmp causes uninitialized stack frame ***: terminated
*** longjmp causes uninitialized stack frame ***: terminated
*** longjmp causes uninitialized stack frame ***: terminated
*** longjmp causes uninitialized stack frame ***: terminated
*** longjmp causes uninitialized stack frame ***: terminated
*** longjmp causes uninitialized stack frame ***: terminated
*** longjmp causes uninitialized stack frame ***: terminated
*** longjmp causes uninitialized stack frame ***: terminated
*** longjmp causes uninitialized stack frame ***: terminated
*** longjmp causes uninitialized stack frame ***: terminated
*** longjmp causes uninitialized stack frame ***: terminated
*** longjmp causes uninitialized stack frame ***: terminated
*** longjmp causes uninitialized stack frame ***: terminated
*** longjmp causes uninitialized stack frame ***: terminated
*** longjmp causes uninitialized stack frame ***: terminated
*** longjmp causes uninitialized stack frame ***: terminated
*** longjmp causes uninitialized stack frame ***: terminated
*** longjmp causes uninitialized stack frame ***: terminated
*** longjmp causes uninitialized stack frame ***: terminated
*** longjmp causes uninitialized stack frame ***: terminated
*** longjmp causes uninitialized stack frame ***: terminated
*** longjmp causes uninitialized stack frame ***: terminated
*** longjmp causes uninitialized stack frame ***: terminated
*** longjmp causes uninitialized stack frame ***: terminated
*** longjmp causes uninitialized stack frame ***: terminated
*** longjmp causes uninitialized stack frame ***: terminated
*** longjmp causes uninitialized stack frame ***: terminated
*** longjmp causes uninitialized stack frame ***: terminated
*** longjmp causes uninitialized stack frame ***: terminated
*** longjmp causes uninitialized stack frame ***: terminated
*** longjmp causes uninitialized stack frame ***: terminated
*** longjmp causes uninitialized stack frame ***: terminated
*** longjmp causes uninitialized stack frame ***: terminated
*** longjmp causes uninitialized stack frame ***: terminated
*** longjmp causes uninitialized stack frame ***: terminated
*** longjmp causes uninitialized stack frame ***: terminated
*** longjmp causes uninitialized stack frame ***: terminated
*** longjmp causes uninitialized stack frame ***: terminated
*** longjmp causes uninitialized stack frame ***: terminated
*** longjmp causes uninitialized stack frame ***: terminated
*** longjmp causes uninitialized stack frame ***: terminated
*** longjmp causes uninitialized stack frame ***: terminated
*** longjmp causes uninitialized stack frame ***: terminated
*** longjmp causes uninitialized stack frame ***: terminated
*** longjmp causes uninitialized stack frame ***: terminated
*** longjmp causes uninitialized stack frame ***: terminated
*** longjmp causes uninitialized stack frame ***: terminated
*** longjmp causes uninitialized stack frame ***: terminated
*** longjmp causes uninitialized stack frame ***: terminated
*** longjmp causes uninitialized stack frame ***: terminated
*** longjmp causes uninitialized stack frame ***: terminated
*** longjmp causes uninitialized stack frame ***: terminated
*** longjmp causes uninitialized stack frame ***: terminated
*** longjmp causes uninitialized stack frame ***: terminated
*** longjmp causes uninitialized stack frame ***: terminated
*** longjmp causes uninitialized stack frame ***: terminated
*** longjmp causes uninitialized stack frame ***: terminated
*** longjmp causes uninitialized stack frame ***: terminated
*** longjmp causes uninitialized stack frame ***: terminated
*** longjmp causes uninitialized stack frame ***: terminated
*** longjmp causes uninitialized stack frame ***: terminated
*** longjmp causes uninitialized stack frame ***: terminated
*** longjmp causes uninitialized stack frame ***: terminated
*** longjmp causes uninitialized stack frame ***: terminated
*** longjmp causes uninitialized stack frame ***: terminated
*** longjmp causes uninitialized stack frame ***: terminated
*** longjmp causes uninitialized stack frame ***: terminated
*** longjmp causes uninitialized stack frame ***: terminated
*** longjmp causes uninitialized stack frame ***: terminated
*** longjmp causes uninitialized stack frame ***: terminated
*** longjmp causes uninitialized stack frame ***: terminated
*** longjmp causes uninitialized stack frame ***: terminated
*** longjmp causes uninitialized stack frame ***: terminated
*** longjmp causes uninitialized stack frame ***: terminated
*** longjmp causes uninitialized stack frame ***: terminated
*** longjmp causes uninitialized stack frame ***: terminated
*** longjmp causes uninitialized stack frame ***: terminated
*** longjmp causes uninitialized stack frame ***: terminated
*** longjmp causes uninitialized stack frame ***: terminated
*** longjmp causes uninitialized stack frame ***: terminated
*** longjmp causes uninitialized stack frame ***: terminated
*** longjmp causes uninitialized stack frame ***: terminated
*** longjmp causes uninitialized stack frame ***: terminated
*** longjmp causes uninitialized stack frame ***: terminated
*** longjmp causes uninitialized stack frame ***: terminated
*** longjmp causes uninitialized stack frame ***: terminated
*** longjmp causes uninitialized stack frame ***: terminated
*** longjmp causes uninitialized stack frame ***: terminated
*** longjmp causes uninitialized stack frame ***: terminated
*** longjmp causes uninitialized stack frame ***: terminated
*** longjmp causes uninitialized stack frame ***: terminated
*** longjmp causes uninitialized stack frame ***: terminated
*** longjmp causes uninitialized stack frame ***: terminated
*** longjmp causes uninitialized stack frame ***: terminated
*** longjmp causes uninitialized stack frame ***: terminated
*** longjmp causes uninitialized stack frame ***: terminated
*** longjmp causes uninitialized stack frame ***: terminated
*** longjmp causes uninitialized stack frame ***: terminated
*** longjmp causes uninitialized stack frame ***: terminated
*** longjmp causes uninitialized stack frame ***: terminated
*** longjmp causes uninitialized stack frame ***: terminated
*** longjmp causes uninitialized stack frame ***: terminated
*** longjmp causes uninitialized stack frame ***: terminated
*** longjmp causes uninitialized stack frame ***: terminated
*** longjmp causes uninitialized stack frame ***: terminated
*** longjmp causes uninitialized stack frame ***: terminated
*** longjmp causes uninitialized stack frame ***: terminated
*** longjmp causes uninitialized stack frame ***: terminated
*** longjmp causes uninitialized stack frame ***: terminated
*** longjmp causes uninitialized stack frame ***: terminated
*** longjmp causes uninitialized stack frame ***: terminated
*** longjmp causes uninitialized stack frame ***: terminated
*** longjmp causes uninitialized stack frame ***: terminated
*** longjmp causes uninitialized stack frame ***: terminated
*** longjmp causes uninitialized stack frame ***: terminated
*** longjmp causes uninitialized stack frame ***: terminated
*** longjmp causes uninitialized stack frame ***: terminated
*** longjmp causes uninitialized stack frame ***: terminated
*** longjmp causes uninitialized stack frame ***: terminated
*** longjmp causes uninitialized stack frame ***: terminated
*** longjmp causes uninitialized stack frame ***: terminated
*** longjmp causes uninitialized stack frame ***: terminated
*** longjmp causes uninitialized stack frame ***: terminated
*** longjmp causes uninitialized stack frame ***: terminated
*** longjmp causes uninitialized stack frame ***: terminated
*** longjmp causes uninitialized stack frame ***: terminated
*** longjmp causes uninitialized stack frame ***: terminated
*** longjmp causes uninitialized stack frame ***: terminated
*** longjmp causes uninitialized stack frame ***: terminated
*** longjmp causes uninitialized stack frame ***: terminated
*** longjmp causes uninitialized stack frame ***: terminated
*** longjmp causes uninitialized stack frame ***: terminated
*** longjmp causes uninitialized stack frame ***: terminated
*** longjmp causes uninitialized stack frame ***: terminated
*** longjmp causes uninitialized stack frame ***: terminated
*** longjmp causes uninitialized stack frame ***: terminated
*** longjmp causes uninitialized stack frame ***: terminated
*** longjmp causes uninitialized stack frame ***: terminated
*** longjmp causes uninitialized stack frame ***: terminated
*** longjmp causes uninitialized stack frame ***: terminated
*** longjmp causes uninitialized stack frame ***: terminated
*** longjmp causes uninitialized stack frame ***: terminated
*** longjmp causes uninitialized stack frame ***: terminated
*** longjmp causes uninitialized stack frame ***: terminated
*** longjmp causes uninitialized stack frame ***: terminated
*** longjmp causes uninitialized stack frame ***: terminated
*** longjmp causes uninitialized stack frame ***: terminated
*** longjmp causes uninitialized stack frame ***: terminated
*** longjmp causes uninitialized stack frame ***: terminated
*** longjmp causes uninitialized stack frame ***: terminated
*** longjmp causes uninitialized stack frame ***: terminated
*** longjmp causes uninitialized stack frame ***: terminated
*** longjmp causes uninitialized stack frame ***: terminated
*** longjmp causes uninitialized stack frame ***: terminated
*** longjmp causes uninitialized stack frame ***: terminated
*** longjmp causes uninitialized stack frame ***: terminated
*** longjmp causes uninitialized stack frame ***: terminated
*** longjmp causes uninitialized stack frame ***: terminated
*** longjmp causes uninitialized stack frame ***: terminated
*** longjmp causes uninitialized stack frame ***: terminated
*** longjmp causes uninitialized stack frame ***: terminated
*** longjmp causes uninitialized stack frame ***: terminated
*** longjmp causes uninitialized stack frame ***: terminated
*** longjmp causes uninitialized stack frame ***: terminated
*** longjmp causes uninitialized stack frame ***: terminated
*** longjmp causes uninitialized stack frame ***: terminated
*** longjmp causes uninitialized stack frame ***: terminated
*** longjmp causes uninitialized stack frame ***: terminated
*** longjmp causes uninitialized stack frame ***: terminated
*** longjmp causes uninitialized stack frame ***: terminated
*** longjmp causes uninitialized stack frame ***: terminated
*** longjmp causes uninitialized stack frame ***: terminated
*** longjmp causes uninitialized stack frame ***: terminated
*** longjmp causes uninitialized stack frame ***: terminated
*** longjmp causes uninitialized stack frame ***: terminated
*** longjmp causes uninitialized stack frame ***: terminated
*** longjmp causes uninitialized stack frame ***: terminated
*** longjmp causes uninitialized stack frame ***: terminated
*** longjmp causes uninitialized stack frame ***: terminated
*** longjmp causes uninitialized stack frame ***: terminated
*** longjmp causes uninitialized stack frame ***: terminated
*** longjmp causes uninitialized stack frame ***: terminated
*** longjmp causes uninitialized stack frame ***: terminated
*** longjmp causes uninitialized stack frame ***: terminated
*** longjmp causes uninitialized stack frame ***: terminated
*** longjmp causes uninitialized stack frame ***: terminated
*** longjmp causes uninitialized stack frame ***: terminated
*** longjmp causes uninitialized stack frame ***: terminated
*** longjmp causes uninitialized stack frame ***: terminated
*** longjmp causes uninitialized stack frame ***: terminated
*** longjmp causes uninitialized stack frame ***: terminated
*** longjmp causes uninitialized stack frame ***: terminated
*** longjmp causes uninitialized stack frame ***: terminated
*** longjmp causes uninitialized stack frame ***: terminated
*** longjmp causes uninitialized stack frame ***: terminated
*** longjmp causes uninitialized stack frame ***: terminated
*** longjmp causes uninitialized stack frame ***: terminated
*** longjmp causes uninitialized stack frame ***: terminated
*** longjmp causes uninitialized stack frame ***: terminated
*** longjmp causes uninitialized stack frame ***: terminated
*** longjmp causes uninitialized stack frame ***: terminated
*** longjmp causes uninitialized stack frame ***: terminated
*** longjmp causes uninitialized stack frame ***: terminated
*** longjmp causes uninitialized stack frame ***: terminated
*** longjmp causes uninitialized stack frame ***: terminated
*** longjmp causes uninitialized stack frame ***: terminated
*** longjmp causes uninitialized stack frame ***: terminated
*** longjmp causes uninitialized stack frame ***: terminated
*** longjmp causes uninitialized stack frame ***: terminated
*** longjmp causes uninitialized stack frame ***: terminated
*** longjmp causes uninitialized stack frame ***: terminated
*** longjmp causes uninitialized stack frame ***: terminated
*** longjmp causes uninitialized stack frame ***: terminated
*** longjmp causes uninitialized stack frame ***: terminated
*** longjmp causes uninitialized stack frame ***: terminated
*** longjmp causes uninitialized stack frame ***: terminated
*** longjmp causes uninitialized stack frame ***: terminated
*** longjmp causes uninitialized stack frame ***: terminated
*** longjmp causes uninitialized stack frame ***: terminated
*** longjmp causes uninitialized stack frame ***: terminated
*** longjmp causes uninitialized stack frame ***: terminated
*** longjmp causes uninitialized stack frame ***: terminated
*** longjmp causes uninitialized stack frame ***: terminated
*** longjmp causes uninitialized stack frame ***: terminated
*** longjmp causes uninitialized stack frame ***: terminated
*** longjmp causes uninitialized stack frame ***: terminated
*** longjmp causes uninitialized stack frame ***: terminated
*** longjmp causes uninitialized stack frame ***: terminated
*** longjmp causes uninitialized stack frame ***: terminated
*** longjmp causes uninitialized stack frame ***: terminated
*** longjmp causes uninitialized stack frame ***: terminated
*** longjmp causes uninitialized stack frame ***: terminated
*** longjmp causes uninitialized stack frame ***: terminated
*** longjmp causes uninitialized stack frame ***: terminated
*** longjmp causes uninitialized stack frame ***: terminated
*** longjmp causes uninitialized stack frame ***: terminated
*** longjmp causes uninitialized stack frame ***: terminated
*** longjmp causes uninitialized stack frame ***: terminated
*** longjmp causes uninitialized stack frame ***: terminated
*** longjmp causes uninitialized stack frame ***: terminated
*** longjmp causes uninitialized stack frame ***: terminated
*** longjmp causes uninitialized stack frame ***: terminated
*** longjmp causes uninitialized stack frame ***: terminated
*** longjmp causes uninitialized stack frame ***: terminated
*** longjmp causes uninitialized stack frame ***: terminated
*** longjmp causes uninitialized stack frame ***: terminated
*** longjmp causes uninitialized stack frame ***: terminated
*** longjmp causes uninitialized stack frame ***: terminated
*** longjmp causes uninitialized stack frame ***: terminated
*** longjmp causes uninitialized stack frame ***: terminated
*** longjmp causes uninitialized stack frame ***: terminated
*** longjmp causes uninitialized stack frame ***: terminated
*** longjmp causes uninitialized stack frame ***: terminated
*** longjmp causes uninitialized stack frame ***: terminated
*** longjmp causes uninitialized stack frame ***: terminated
*** longjmp causes uninitialized stack frame ***: terminated
*** longjmp causes uninitialized stack frame ***: terminated
*** longjmp causes uninitialized stack frame ***: terminated
*** longjmp causes uninitialized stack frame ***: terminated
*** longjmp causes uninitialized stack frame ***: terminated
*** longjmp causes uninitialized stack frame ***: terminated
*** longjmp causes uninitialized stack frame ***: terminated
*** longjmp causes uninitialized stack frame ***: terminated
*** longjmp causes uninitialized stack frame ***: terminated
*** longjmp causes uninitialized stack frame ***: terminated
*** longjmp causes uninitialized stack frame ***: terminated
*** longjmp causes uninitialized stack frame ***: terminated
*** longjmp causes uninitialized stack frame ***: terminated
*** longjmp causes uninitialized stack frame ***: terminated
*** longjmp causes uninitialized stack frame ***: terminated
*** longjmp causes uninitialized stack frame ***: terminated
*** longjmp causes uninitialized stack frame ***: terminated
*** longjmp causes uninitialized stack frame ***: terminated
*** longjmp causes uninitialized stack frame ***: terminated
*** longjmp causes uninitialized stack frame ***: terminated
*** longjmp causes uninitialized stack frame ***: terminated
*** longjmp causes uninitialized stack frame ***: terminated
*** longjmp causes uninitialized stack frame ***: terminated
*** longjmp causes uninitialized stack frame ***: terminated
*** longjmp causes uninitialized stack frame ***: terminated
*** longjmp causes uninitialized stack frame ***: terminated
*** longjmp causes uninitialized stack frame ***: terminated
*** longjmp causes uninitialized stack frame ***: terminated
*** longjmp causes uninitialized stack frame ***: terminated
*** longjmp causes uninitialized stack frame ***: terminated
*** longjmp causes uninitialized stack frame ***: terminated
*** longjmp causes uninitialized stack frame ***: terminated
*** longjmp causes uninitialized stack frame ***: terminated
*** longjmp causes uninitialized stack frame ***: terminated
*** longjmp causes uninitialized stack frame ***: terminated
*** longjmp causes uninitialized stack frame ***: terminated
*** longjmp causes uninitialized stack frame ***: terminated
*** longjmp causes uninitialized stack frame ***: terminated
*** longjmp causes uninitialized stack frame ***: terminated
*** longjmp causes uninitialized stack frame ***: terminated
*** longjmp causes uninitialized stack frame ***: terminated
*** longjmp causes uninitialized stack frame ***: terminated
*** longjmp causes uninitialized stack frame ***: terminated
*** longjmp causes uninitialized stack frame ***: terminated
*** longjmp causes uninitialized stack frame ***: terminated
*** longjmp causes uninitialized stack frame ***: terminated
*** longjmp causes uninitialized stack frame ***: terminated
*** longjmp causes uninitialized stack frame ***: terminated
*** longjmp causes uninitialized stack frame ***: terminated
*** longjmp causes uninitialized stack frame ***: terminated
*** longjmp causes uninitialized stack frame ***: terminated
*** longjmp causes uninitialized stack frame ***: terminated
*** longjmp causes uninitialized stack frame ***: terminated
*** longjmp causes uninitialized stack frame ***: terminated
*** longjmp causes uninitialized stack frame ***: terminated
*** longjmp causes uninitialized stack frame ***: terminated
*** longjmp causes uninitialized stack frame ***: terminated
*** longjmp causes uninitialized stack frame ***: terminated
*** longjmp causes uninitialized stack frame ***: terminated
*** longjmp causes uninitialized stack frame ***: terminated
*** longjmp causes uninitialized stack frame ***: terminated
*** longjmp causes uninitialized stack frame ***: terminated
*** longjmp causes uninitialized stack frame ***: terminated
*** longjmp causes uninitialized stack frame ***: terminated
*** longjmp causes uninitialized stack frame ***: terminated
*** longjmp causes uninitialized stack frame ***: terminated
*** longjmp causes uninitialized stack frame ***: terminated
*** longjmp causes uninitialized stack frame ***: terminated
*** longjmp causes uninitialized stack frame ***: terminated
*** longjmp causes uninitialized stack frame ***: terminated
*** longjmp causes uninitialized stack frame ***: terminated
*** longjmp causes uninitialized stack frame ***: terminated
*** longjmp causes uninitialized stack frame ***: terminated
*** longjmp causes uninitialized stack frame ***: terminated
*** longjmp causes uninitialized stack frame ***: terminated
*** longjmp causes uninitialized stack frame ***: terminated
*** longjmp causes uninitialized stack frame ***: terminated
*** longjmp causes uninitialized stack frame ***: terminated
*** longjmp causes uninitialized stack frame ***: terminated
*** longjmp causes uninitialized stack frame ***: terminated
*** longjmp causes uninitialized stack frame ***: terminated
*** longjmp causes uninitialized stack frame ***: terminated
*** longjmp causes uninitialized stack frame ***: terminated
*** longjmp causes uninitialized stack frame ***: terminated
*** longjmp causes uninitialized stack frame ***: terminated
*** longjmp causes uninitialized stack frame ***: terminated
*** longjmp causes uninitialized stack frame ***: terminated
*** longjmp causes uninitialized stack frame ***: terminated
*** longjmp causes uninitialized stack frame ***: terminated
*** longjmp causes uninitialized stack frame ***: terminated
*** longjmp causes uninitialized stack frame ***: terminated
*** longjmp causes uninitialized stack frame ***: terminated
*** longjmp causes uninitialized stack frame ***: terminated
*** longjmp causes uninitialized stack frame ***: terminated
*** longjmp causes uninitialized stack frame ***: terminated
*** longjmp causes uninitialized stack frame ***: terminated
*** longjmp causes uninitialized stack frame ***: terminated
*** longjmp causes uninitialized stack frame ***: terminated
*** longjmp causes uninitialized stack frame ***: terminated
*** longjmp causes uninitialized stack frame ***: terminated
*** longjmp causes uninitialized stack frame ***: terminated
*** longjmp causes uninitialized stack frame ***: terminated
*** longjmp causes uninitialized stack frame ***: terminated
*** longjmp causes uninitialized stack frame ***: terminated
*** longjmp causes uninitialized stack frame ***: terminated
*** longjmp causes uninitialized stack frame ***: terminated
*** longjmp causes uninitialized stack frame ***: terminated
*** longjmp causes uninitialized stack frame ***: terminated
*** longjmp causes uninitialized stack frame ***: terminated
*** longjmp causes uninitialized stack frame ***: terminated
*** longjmp causes uninitialized stack frame ***: terminated
*** longjmp causes uninitialized stack frame ***: terminated
*** longjmp causes uninitialized stack frame ***: terminated
*** longjmp causes uninitialized stack frame ***: terminated
*** longjmp causes uninitialized stack frame ***: terminated
*** longjmp causes uninitialized stack frame ***: terminated
*** longjmp causes uninitialized stack frame ***: terminated
*** longjmp causes uninitialized stack frame ***: terminated
*** longjmp causes uninitialized stack frame ***: terminated
*** longjmp causes uninitialized stack frame ***: terminated
*** longjmp causes uninitialized stack frame ***: terminated
*** longjmp causes uninitialized stack frame ***: terminated
*** longjmp causes uninitialized stack frame ***: terminated
*** longjmp causes uninitialized stack frame ***: terminated
*** longjmp causes uninitialized stack frame ***: terminated
*** longjmp causes uninitialized stack frame ***: terminated
*** longjmp causes uninitialized stack frame ***: terminated
*** longjmp causes uninitialized stack frame ***: terminated
*** longjmp causes uninitialized stack frame ***: terminated
*** longjmp causes uninitialized stack frame ***: terminated
*** longjmp causes uninitialized stack frame ***: terminated
*** longjmp causes uninitialized stack frame ***: terminated
*** longjmp causes uninitialized stack frame ***: terminated
*** longjmp causes uninitialized stack frame ***: terminated
*** longjmp causes uninitialized stack frame ***: terminated
*** longjmp causes uninitialized stack frame ***: terminated
*** longjmp causes uninitialized stack frame ***: terminated
*** longjmp causes uninitialized stack frame ***: terminated
*** longjmp causes uninitialized stack frame ***: terminated
*** longjmp causes uninitialized stack frame ***: terminated
*** longjmp causes uninitialized stack frame ***: terminated
*** longjmp causes uninitialized stack frame ***: terminated
*** longjmp causes uninitialized stack frame ***: terminated
*** longjmp causes uninitialized stack frame ***: terminated
*** longjmp causes uninitialized stack frame ***: terminated
*** longjmp causes uninitialized stack frame ***: terminated
*** longjmp causes uninitialized stack frame ***: terminated
*** longjmp causes uninitialized stack frame ***: terminated
*** longjmp causes uninitialized stack frame ***: terminated
*** longjmp causes uninitialized stack frame ***: terminated
*** longjmp causes uninitialized stack frame ***: terminated
*** longjmp causes uninitialized stack frame ***: terminated
*** longjmp causes uninitialized stack frame ***: terminated
*** longjmp causes uninitialized stack frame ***: terminated
*** longjmp causes uninitialized stack frame ***: terminated
*** longjmp causes uninitialized stack frame ***: terminated
*** longjmp causes uninitialized stack frame ***: terminated
*** longjmp causes uninitialized stack frame ***: terminated
*** longjmp causes uninitialized stack frame ***: terminated
*** longjmp causes uninitialized stack frame ***: terminated
*** longjmp causes uninitialized stack frame ***: terminated
*** longjmp causes uninitialized stack frame ***: terminated
*** longjmp causes uninitialized stack frame ***: terminated
*** longjmp causes uninitialized stack frame ***: terminated
*** longjmp causes uninitialized stack frame ***: terminated
*** longjmp causes uninitialized stack frame ***: terminated
*** longjmp causes uninitialized stack frame ***: terminated
*** longjmp causes uninitialized stack frame ***: terminated
*** longjmp causes uninitialized stack frame ***: terminated
*** longjmp causes uninitialized stack frame ***: terminated
*** longjmp causes uninitialized stack frame ***: terminated
*** longjmp causes uninitialized stack frame ***: terminated
*** longjmp causes uninitialized stack frame ***: terminated
*** longjmp causes uninitialized stack frame ***: terminated
*** longjmp causes uninitialized stack frame ***: terminated
*** longjmp causes uninitialized stack frame ***: terminated
*** longjmp causes uninitialized stack frame ***: terminated
*** longjmp causes uninitialized stack frame ***: terminated
*** longjmp causes uninitialized stack frame ***: terminated
*** longjmp causes uninitialized stack frame ***: terminated
*** longjmp causes uninitialized stack frame ***: terminated
*** longjmp causes uninitialized stack frame ***: terminated
*** longjmp causes uninitialized stack frame ***: terminated
*** longjmp causes uninitialized stack frame ***: terminated
*** longjmp causes uninitialized stack frame ***: terminated
*** longjmp causes uninitialized stack frame ***: terminated
*** longjmp causes uninitialized stack frame ***: terminated
*** longjmp causes uninitialized stack frame ***: terminated
*** longjmp causes uninitialized stack frame ***: terminated
*** longjmp causes uninitialized stack frame ***: terminated
*** longjmp causes uninitialized stack frame ***: terminated
*** longjmp causes uninitialized stack frame ***: terminated
*** longjmp causes uninitialized stack frame ***: terminated
*** longjmp causes uninitialized stack frame ***: terminated
*** longjmp causes uninitialized stack frame ***: terminated
*** longjmp causes uninitialized stack frame ***: terminated
*** longjmp causes uninitialized stack frame ***: terminated
*** longjmp causes uninitialized stack frame ***: terminated
*** longjmp causes uninitialized stack frame ***: terminated
*** longjmp causes uninitialized stack frame ***: terminated
*** longjmp causes uninitialized stack frame ***: terminated
*** longjmp causes uninitialized stack frame ***: terminated
*** longjmp causes uninitialized stack frame ***: terminated
*** longjmp causes uninitialized stack frame ***: terminated
*** longjmp causes uninitialized stack frame ***: terminated
*** longjmp causes uninitialized stack frame ***: terminated
*** longjmp causes uninitialized stack frame ***: terminated
*** longjmp causes uninitialized stack frame ***: terminated
*** longjmp causes uninitialized stack frame ***: terminated
*** longjmp causes uninitialized stack frame ***: terminated
*** longjmp causes uninitialized stack frame ***: terminated
*** longjmp causes uninitialized stack frame ***: terminated
*** longjmp causes uninitialized stack frame ***: terminated
*** longjmp causes uninitialized stack frame ***: terminated
*** longjmp causes uninitialized stack frame ***: terminated
*** longjmp causes uninitialized stack frame ***: terminated
*** longjmp causes uninitialized stack frame ***: terminated
*** longjmp causes uninitialized stack frame ***: terminated
*** longjmp causes uninitialized stack frame ***: terminated
*** longjmp causes uninitialized stack frame ***: terminated
*** longjmp causes uninitialized stack frame ***: terminated
*** longjmp causes uninitialized stack frame ***: terminated
*** longjmp causes uninitialized stack frame ***: terminated
*** longjmp causes uninitialized stack frame ***: terminated
*** longjmp causes uninitialized stack frame ***: terminated
*** longjmp causes uninitialized stack frame ***: terminated
*** longjmp causes uninitialized stack frame ***: terminated
*** longjmp causes uninitialized stack frame ***: terminated
*** longjmp causes uninitialized stack frame ***: terminated
*** longjmp causes uninitialized stack frame ***: terminated
*** longjmp causes uninitialized stack frame ***: terminated
*** longjmp causes uninitialized stack frame ***: terminated
*** longjmp causes uninitialized stack frame ***: terminated
*** longjmp causes uninitialized stack frame ***: terminated
*** longjmp causes uninitialized stack frame ***: terminated
*** longjmp causes uninitialized stack frame ***: terminated
*** longjmp causes uninitialized stack frame ***: terminated
*** longjmp causes uninitialized stack frame ***: terminated
*** longjmp causes uninitialized stack frame ***: terminated
*** longjmp causes uninitialized stack frame ***: terminated
*** longjmp causes uninitialized stack frame ***: terminated
*** longjmp causes uninitialized stack frame ***: terminated
*** longjmp causes uninitialized stack frame ***: terminated
*** longjmp causes uninitialized stack frame ***: terminated
*** longjmp causes uninitialized stack frame ***: terminated
*** longjmp causes uninitialized stack frame ***: terminated
*** longjmp causes uninitialized stack frame ***: terminated
*** longjmp causes uninitialized stack frame ***: terminated
*** longjmp causes uninitialized stack frame ***: terminated
*** longjmp causes uninitialized stack frame ***: terminated
*** longjmp causes uninitialized stack frame ***: terminated
*** longjmp causes uninitialized stack frame ***: terminated
*** longjmp causes uninitialized stack frame ***: terminated
*** longjmp causes uninitialized stack frame ***: terminated
*** longjmp causes uninitialized stack frame ***: terminated
*** longjmp causes uninitialized stack frame ***: terminated
*** longjmp causes uninitialized stack frame ***: terminated
*** longjmp causes uninitialized stack frame ***: terminated
*** longjmp causes uninitialized stack frame ***: terminated
*** longjmp causes uninitialized stack frame ***: terminated
*** longjmp causes uninitialized stack frame ***: terminated
*** longjmp causes uninitialized stack frame ***: terminated
*** longjmp causes uninitialized stack frame ***: terminated
*** longjmp causes uninitialized stack frame ***: terminated
*** longjmp causes uninitialized stack frame ***: terminated
*** longjmp causes uninitialized stack frame ***: terminated
*** longjmp causes uninitialized stack frame ***: terminated
*** longjmp causes uninitialized stack frame ***: terminated
*** longjmp causes uninitialized stack frame ***: terminated
*** longjmp causes uninitialized stack frame ***: terminated
*** longjmp causes uninitialized stack frame ***: terminated
*** longjmp causes uninitialized stack frame ***: terminated
*** longjmp causes uninitialized stack frame ***: terminated
*** longjmp causes uninitialized stack frame ***: terminated
*** longjmp causes uninitialized stack frame ***: terminated
*** longjmp causes uninitialized stack frame ***: terminated
*** longjmp causes uninitialized stack frame ***: terminated
*** longjmp causes uninitialized stack frame ***: terminated
*** longjmp causes uninitialized stack frame ***: terminated
*** longjmp causes uninitialized stack frame ***: terminated
*** longjmp causes uninitialized stack frame ***: terminated
*** longjmp causes uninitialized stack frame ***: terminated
*** longjmp causes uninitialized stack frame ***: terminated
*** longjmp causes uninitialized stack frame ***: terminated
*** longjmp causes uninitialized stack frame ***: terminated
*** longjmp causes uninitialized stack frame ***: terminated
*** longjmp causes uninitialized stack frame ***: terminated
*** longjmp causes uninitialized stack frame ***: terminated
*** longjmp causes uninitialized stack frame ***: terminated
*** longjmp causes uninitialized stack frame ***: terminated
*** longjmp causes uninitialized stack frame ***: terminated
